algorithm,max_a,max_b,block_size,block_amount,r,elapsed
Lis,1000,1000,10,10,1,
Lars1,1000,1000,2,2,1,
Lars2,1000,1000,2,2,1,86.0
Lis,1000,1000,2,2,1,
Gupta,1000,1000,2,2,1,
Lis,1000,1000,4,4,1,
Lis,1000,1000,6,6,1,
Lis,1000,1000,8,8,1,
Lis,1000,100,10,10,1,
Lars1,1000,100,2,2,1,
Lars2,1000,100,2,2,1,83.0
Lis,1000,100,2,2,1,
Gupta,1000,100,2,2,1,
Lis,1000,100,4,4,1,
Lis,1000,100,6,6,1,
Lis,1000,100,8,8,1,
Lis,1000,10,10,10,1,
Lars1,1000,10,2,2,1,
Lars2,1000,10,2,2,1,75.0
Lis,1000,10,2,2,1,
Gupta,1000,10,2,2,1,2320.0
Lars1,1000,10,4,4,1,
Lars2,1000,10,4,4,1,9981.0
Lis,1000,10,4,4,1,
Gupta,1000,10,4,4,1,
Lars1,1000,10,6,6,1,
Lars2,1000,10,6,6,1,
Lis,1000,10,6,6,1,
Gupta,1000,10,6,6,1,
Lis,1000,10,8,8,1,
Lars1,1000,1,10,10,1,
Lars2,1000,1,10,10,1,
Lis,1000,1,10,10,1,
Gupta,1000,1,10,10,1,
Lars1,1000,1,2,2,1,
Lars2,1000,1,2,2,1,83.0
Lis,1000,1,2,2,1,
Gupta,1000,1,2,2,1,2492.0
Lars1,1000,1,4,4,1,
Lars2,1000,1,4,4,1,8188.0
Lis,1000,1,4,4,1,
Gupta,1000,1,4,4,1,
Lis,1000,1,6,6,1,
Lars1,1000,1,8,8,1,
Lars2,1000,1,8,8,1,
Lis,1000,1,8,8,1,
Gupta,1000,1,8,8,1,
Lis,1000,20,10,10,1,
Lars1,1000,20,2,2,1,
Lars2,1000,20,2,2,1,68.0
Lis,1000,20,2,2,1,
Gupta,1000,20,2,2,1,8295.0
Lars1,1000,20,4,4,1,
Lars2,1000,20,4,4,1,7755.0
Lis,1000,20,4,4,1,
Gupta,1000,20,4,4,1,
Lis,1000,20,6,6,1,
Lis,1000,20,8,8,1,
Lars1,1000,2,10,10,1,
Lars2,1000,2,10,10,1,
Lis,1000,2,10,10,1,
Gupta,1000,2,10,10,1,
Lars1,1000,2,2,2,1,
Lars2,1000,2,2,2,1,79.0
Lis,1000,2,2,2,1,
Gupta,1000,2,2,2,1,2359.0
Lars1,1000,2,4,4,1,
Lars2,1000,2,4,4,1,8439.0
Lis,1000,2,4,4,1,
Gupta,1000,2,4,4,1,
Lars1,1000,2,6,6,1,
Lars2,1000,2,6,6,1,
Lis,1000,2,6,6,1,
Gupta,1000,2,6,6,1,
Lars1,1000,2,8,8,1,
Lars2,1000,2,8,8,1,
Lis,1000,2,8,8,1,
Gupta,1000,2,8,8,1,
Lis,1000,3,10,10,1,
Lars1,1000,3,2,2,1,
Lars2,1000,3,2,2,1,76.0
Lis,1000,3,2,2,1,
Gupta,1000,3,2,2,1,1710.0
Lars1,1000,3,4,4,1,
Lars2,1000,3,4,4,1,7869.0
Lis,1000,3,4,4,1,
Gupta,1000,3,4,4,1,
Lis,1000,3,6,6,1,
Lis,1000,3,8,8,1,
Lis,1000,40,10,10,1,
Lars1,1000,40,2,2,1,
Lars2,1000,40,2,2,1,81.0
Lis,1000,40,2,2,1,
Gupta,1000,40,2,2,1,8358.0
Lars1,1000,40,4,4,1,
Lars2,1000,40,4,4,1,11298.0
Lis,1000,40,4,4,1,
Gupta,1000,40,4,4,1,
Lis,1000,40,6,6,1,
Lis,1000,40,8,8,1,
Lars1,1000,4,10,10,1,
Lars2,1000,4,10,10,1,
Lis,1000,4,10,10,1,
Gupta,1000,4,10,10,1,
Lars1,1000,4,2,2,1,
Lars2,1000,4,2,2,1,71.0
Lis,1000,4,2,2,1,
Gupta,1000,4,2,2,1,2466.0
Lars1,1000,4,4,4,1,
Lars2,1000,4,4,4,1,4777.0
Lis,1000,4,4,4,1,
Gupta,1000,4,4,4,1,
Lis,1000,4,6,6,1,
Lis,1000,4,8,8,1,
Lis,1000,500,10,10,1,
Lars1,1000,500,2,2,1,
Lars2,1000,500,2,2,1,71.0
Lis,1000,500,2,2,1,
Gupta,1000,500,2,2,1,
Lars1,1000,500,4,4,1,
Lars2,1000,500,4,4,1,10802.0
Lis,1000,500,4,4,1,
Gupta,1000,500,4,4,1,
Lars1,1000,500,6,6,1,
Lars2,1000,500,6,6,1,
Lis,1000,500,6,6,1,
Gupta,1000,500,6,6,1,
Lis,1000,500,8,8,1,
Lars1,1000,5,10,10,1,
Lars2,1000,5,10,10,1,
Lis,1000,5,10,10,1,
Gupta,1000,5,10,10,1,
Lars1,1000,5,2,2,1,
Lars2,1000,5,2,2,1,63.0
Lis,1000,5,2,2,1,
Gupta,1000,5,2,2,1,1906.0
Lars1,1000,5,4,4,1,
Lars2,1000,5,4,4,1,5705.0
Lis,1000,5,4,4,1,
Gupta,1000,5,4,4,1,
Lars1,1000,5,6,6,1,
Lars2,1000,5,6,6,1,
Lis,1000,5,6,6,1,
Gupta,1000,5,6,6,1,
Lis,1000,5,8,8,1,
Lis,1000,60,10,10,1,
Lars1,1000,60,2,2,1,
Lars2,1000,60,2,2,1,71.0
Lis,1000,60,2,2,1,
Gupta,1000,60,2,2,1,18303.0
Lars1,1000,60,4,4,1,
Lars2,1000,60,4,4,1,12603.0
Lis,1000,60,4,4,1,
Gupta,1000,60,4,4,1,
Lis,1000,60,6,6,1,
Lis,1000,60,8,8,1,
Lis,1000,6,10,10,1,
Lars1,1000,6,2,2,1,
Lars2,1000,6,2,2,1,69.0
Lis,1000,6,2,2,1,
Gupta,1000,6,2,2,1,2210.0
Lars1,1000,6,4,4,1,
Lars2,1000,6,4,4,1,8058.0
Lis,1000,6,4,4,1,
Gupta,1000,6,4,4,1,
Lars1,1000,6,6,6,1,
Lars2,1000,6,6,6,1,
Lis,1000,6,6,6,1,
Gupta,1000,6,6,6,1,
Lars1,1000,6,8,8,1,
Lars2,1000,6,8,8,1,
Lis,1000,6,8,8,1,
Gupta,1000,6,8,8,1,
Lars1,1000,7,10,10,1,
Lars2,1000,7,10,10,1,
Lis,1000,7,10,10,1,
Gupta,1000,7,10,10,1,
Lars1,1000,7,2,2,1,
Lars2,1000,7,2,2,1,69.0
Lis,1000,7,2,2,1,
Gupta,1000,7,2,2,1,2260.0
Lars1,1000,7,4,4,1,
Lars2,1000,7,4,4,1,8524.0
Lis,1000,7,4,4,1,
Gupta,1000,7,4,4,1,
Lars1,1000,7,6,6,1,
Lars2,1000,7,6,6,1,
Lis,1000,7,6,6,1,
Gupta,1000,7,6,6,1,
Lars1,1000,7,8,8,1,
Lars2,1000,7,8,8,1,
Lis,1000,7,8,8,1,
Gupta,1000,7,8,8,1,
Lis,1000,80,10,10,1,
Lars1,1000,80,2,2,1,
Lars2,1000,80,2,2,1,67.0
Lis,1000,80,2,2,1,
Gupta,1000,80,2,2,1,22711.0
Lars1,1000,80,4,4,1,
Lars2,1000,80,4,4,1,9470.0
Lis,1000,80,4,4,1,
Gupta,1000,80,4,4,1,
Lars1,1000,80,6,6,1,
Lars2,1000,80,6,6,1,
Lis,1000,80,6,6,1,
Gupta,1000,80,6,6,1,
Lis,1000,80,8,8,1,
Lars1,1000,8,10,10,1,
Lars2,1000,8,10,10,1,
Lis,1000,8,10,10,1,
Gupta,1000,8,10,10,1,
Lars1,1000,8,2,2,1,
Lars2,1000,8,2,2,1,67.0
Lis,1000,8,2,2,1,
Gupta,1000,8,2,2,1,2709.0
Lars1,1000,8,4,4,1,
Lars2,1000,8,4,4,1,15564.0
Lis,1000,8,4,4,1,
Gupta,1000,8,4,4,1,
Lis,1000,8,6,6,1,
Lars1,1000,8,8,8,1,
Lars2,1000,8,8,8,1,
Lis,1000,8,8,8,1,
Gupta,1000,8,8,8,1,
Lis,1000,9,10,10,1,
Lars1,1000,9,2,2,1,
Lars2,1000,9,2,2,1,72.0
Lis,1000,9,2,2,1,
Gupta,1000,9,2,2,1,2619.0
Lars1,1000,9,4,4,1,
Lars2,1000,9,4,4,1,15729.0
Lis,1000,9,4,4,1,
Gupta,1000,9,4,4,1,
Lars1,1000,9,6,6,1,
Lars2,1000,9,6,6,1,
Lis,1000,9,6,6,1,
Gupta,1000,9,6,6,1,
Lars1,1000,9,8,8,1,
Lars2,1000,9,8,8,1,
Lis,1000,9,8,8,1,
Gupta,1000,9,8,8,1,
Lis,100,1000,10,10,1,
Lars1,100,1000,2,2,1,1297.0
Lars2,100,1000,2,2,1,81.0
Lis,100,1000,2,2,1,
Gupta,100,1000,2,2,1,
Lars1,100,1000,4,4,1,
Lars2,100,1000,4,4,1,1315.0
Lis,100,1000,4,4,1,
Gupta,100,1000,4,4,1,
Lars1,100,1000,6,6,1,
Lars2,100,1000,6,6,1,8442.0
Lis,100,1000,6,6,1,
Gupta,100,1000,6,6,1,
Lis,100,1000,8,8,1,
Lis,100,100,10,10,1,
Lars1,100,100,2,2,1,147.0
Lars2,100,100,2,2,1,71.0
Lis,100,100,2,2,1,
Gupta,100,100,2,2,1,2421.0
Lis,100,100,4,4,1,
Lis,100,100,6,6,1,
Lis,100,100,8,8,1,
Lars1,100,10,10,10,1,
Lars2,100,10,10,10,1,
Lis,100,10,10,10,1,
Gupta,100,10,10,10,1,
Lars1,100,10,2,2,1,140.0
Lars2,100,10,2,2,1,56.0
Lis,100,10,2,2,1,
Gupta,100,10,2,2,1,446.0
Lars1,100,10,4,4,1,
Lars2,100,10,4,4,1,1061.0
Lis,100,10,4,4,1,
Gupta,100,10,4,4,1,4922.0
Lars1,100,10,6,6,1,
Lars2,100,10,6,6,1,6897.0
Lis,100,10,6,6,1,
Gupta,100,10,6,6,1,39990.0
Lars1,100,10,8,8,1,
Lars2,100,10,8,8,1,
Lis,100,10,8,8,1,
Gupta,100,10,8,8,1,
Lars1,100,1,10,10,1,
Lars2,100,1,10,10,1,
Lis,100,1,10,10,1,
Gupta,100,1,10,10,1,
Lars1,100,1,2,2,1,74.0
Lars2,100,1,2,2,1,73.0
Lis,100,1,2,2,1,
Gupta,100,1,2,2,1,277.0
Lars1,100,1,4,4,1,
Lars2,100,1,4,4,1,1144.0
Lis,100,1,4,4,1,
Gupta,100,1,4,4,1,4110.0
Lars1,100,1,6,6,1,
Lars2,100,1,6,6,1,5880.0
Lis,100,1,6,6,1,
Gupta,100,1,6,6,1,31959.0
Lars1,100,1,8,8,1,
Lars2,100,1,8,8,1,
Lis,100,1,8,8,1,
Gupta,100,1,8,8,1,
Lis,100,20,10,10,1,
Lars1,100,20,2,2,1,138.0
Lars2,100,20,2,2,1,69.0
Lis,100,20,2,2,1,
Gupta,100,20,2,2,1,657.0
Lars1,100,20,4,4,1,
Lars2,100,20,4,4,1,1222.0
Lis,100,20,4,4,1,
Gupta,100,20,4,4,1,10744.0
Lars1,100,20,6,6,1,
Lars2,100,20,6,6,1,4602.0
Lis,100,20,6,6,1,
Gupta,100,20,6,6,1,47181.0
Lis,100,20,8,8,1,
Lars1,100,2,10,10,1,
Lars2,100,2,10,10,1,
Lis,100,2,10,10,1,
Gupta,100,2,10,10,1,
Lars1,100,2,2,2,1,102.0
Lars2,100,2,2,2,1,60.0
Lis,100,2,2,2,1,
Gupta,100,2,2,2,1,427.0
Lars1,100,2,4,4,1,
Lars2,100,2,4,4,1,1302.0
Lis,100,2,4,4,1,
Gupta,100,2,4,4,1,4585.0
Lars1,100,2,6,6,1,
Lars2,100,2,6,6,1,4626.0
Lis,100,2,6,6,1,
Gupta,100,2,6,6,1,27899.0
Lars1,100,2,8,8,1,
Lars2,100,2,8,8,1,
Lis,100,2,8,8,1,
Gupta,100,2,8,8,1,
Lars1,100,3,10,10,1,
Lars2,100,3,10,10,1,
Lis,100,3,10,10,1,
Gupta,100,3,10,10,1,
Lars1,100,3,2,2,1,230.0
Lars2,100,3,2,2,1,74.0
Lis,100,3,2,2,1,
Gupta,100,3,2,2,1,581.0
Lars1,100,3,4,4,1,
Lars2,100,3,4,4,1,681.0
Lis,100,3,4,4,1,
Gupta,100,3,4,4,1,3023.0
Lars1,100,3,6,6,1,
Lars2,100,3,6,6,1,10084.0
Lis,100,3,6,6,1,
Gupta,100,3,6,6,1,
Lars1,100,3,8,8,1,
Lars2,100,3,8,8,1,
Lis,100,3,8,8,1,
Gupta,100,3,8,8,1,
Lars1,100,40,10,10,1,
Lars2,100,40,10,10,1,
Lis,100,40,10,10,1,
Gupta,100,40,10,10,1,
Lars1,100,40,2,2,1,496.0
Lars2,100,40,2,2,1,82.0
Lis,100,40,2,2,1,
Gupta,100,40,2,2,1,1779.0
Lars1,100,40,4,4,1,
Lars2,100,40,4,4,1,2025.0
Lis,100,40,4,4,1,
Gupta,100,40,4,4,1,9616.0
Lars1,100,40,6,6,1,
Lars2,100,40,6,6,1,7702.0
Lis,100,40,6,6,1,
Gupta,100,40,6,6,1,
Lars1,100,40,8,8,1,
Lars2,100,40,8,8,1,
Lis,100,40,8,8,1,
Gupta,100,40,8,8,1,
Lis,100,4,10,10,1,
Lars1,100,4,2,2,1,194.0
Lars2,100,4,2,2,1,72.0
Lis,100,4,2,2,1,
Gupta,100,4,2,2,1,551.0
Lars1,100,4,4,4,1,
Lars2,100,4,4,4,1,1217.0
Lis,100,4,4,4,1,
Gupta,100,4,4,4,1,5956.0
Lars1,100,4,6,6,1,
Lars2,100,4,6,6,1,6819.0
Lis,100,4,6,6,1,
Gupta,100,4,6,6,1,38700.0
Lars1,100,4,8,8,1,
Lars2,100,4,8,8,1,
Lis,100,4,8,8,1,
Gupta,100,4,8,8,1,
Lis,100,500,10,10,1,
Lars1,100,500,2,2,1,171.0
Lars2,100,500,2,2,1,73.0
Lis,100,500,2,2,1,
Gupta,100,500,2,2,1,8096.0
Lis,100,500,4,4,1,
Lis,100,500,6,6,1,
Lis,100,500,8,8,1,
Lis,100,5,10,10,1,
Lars1,100,5,2,2,1,180.0
Lars2,100,5,2,2,1,73.0
Lis,100,5,2,2,1,
Gupta,100,5,2,2,1,597.0
Lars1,100,5,4,4,1,
Lars2,100,5,4,4,1,1191.0
Lis,100,5,4,4,1,
Gupta,100,5,4,4,1,4877.0
Lars1,100,5,6,6,1,
Lars2,100,5,6,6,1,5636.0
Lis,100,5,6,6,1,
Gupta,100,5,6,6,1,
Lars1,100,5,8,8,1,
Lars2,100,5,8,8,1,
Lis,100,5,8,8,1,
Gupta,100,5,8,8,1,
Lars1,100,60,10,10,1,
Lars2,100,60,10,10,1,
Lis,100,60,10,10,1,
Gupta,100,60,10,10,1,
Lars1,100,60,2,2,1,380.0
Lars2,100,60,2,2,1,76.0
Lis,100,60,2,2,1,
Gupta,100,60,2,2,1,1487.0
Lars1,100,60,4,4,1,
Lars2,100,60,4,4,1,1823.0
Lis,100,60,4,4,1,
Gupta,100,60,4,4,1,22663.0
Lars1,100,60,6,6,1,
Lars2,100,60,6,6,1,6319.0
Lis,100,60,6,6,1,
Gupta,100,60,6,6,1,
Lis,100,60,8,8,1,
Lis,100,6,10,10,1,
Lars1,100,6,2,2,1,134.0
Lars2,100,6,2,2,1,77.0
Lis,100,6,2,2,1,
Gupta,100,6,2,2,1,615.0
Lars1,100,6,4,4,1,
Lars2,100,6,4,4,1,1322.0
Lis,100,6,4,4,1,
Gupta,100,6,4,4,1,6206.0
Lars1,100,6,6,6,1,
Lars2,100,6,6,6,1,6989.0
Lis,100,6,6,6,1,
Gupta,100,6,6,6,1,
Lars1,100,6,8,8,1,
Lars2,100,6,8,8,1,
Lis,100,6,8,8,1,
Lis,100,7,10,10,1,
Lars1,100,7,2,2,1,128.0
Lars2,100,7,2,2,1,71.0
Lis,100,7,2,2,1,
Gupta,100,7,2,2,1,694.0
Lars1,100,7,4,4,1,
Lars2,100,7,4,4,1,1079.0
Lis,100,7,4,4,1,
Gupta,100,7,4,4,1,5142.0
Lars1,100,7,6,6,1,
Lars2,100,7,6,6,1,8737.0
Lis,100,7,6,6,1,
Gupta,100,7,6,6,1,51557.0
Lis,100,7,8,8,1,
Lis,100,80,10,10,1,
Lars1,100,80,2,2,1,41.0
Lars2,100,80,2,2,1,63.0
Lis,100,80,2,2,1,
Gupta,100,80,2,2,1,3502.0
Lars1,100,80,4,4,1,
Lars2,100,80,4,4,1,1031.0
Lis,100,80,4,4,1,
Gupta,100,80,4,4,1,39177.0
Lars1,100,80,6,6,1,
Lars2,100,80,6,6,1,7574.0
Lis,100,80,6,6,1,
Gupta,100,80,6,6,1,
Lis,100,80,8,8,1,
Lars1,100,8,10,10,1,
Lars2,100,8,10,10,1,
Lis,100,8,10,10,1,
Gupta,100,8,10,10,1,
Lars1,100,8,2,2,1,323.0
Lars2,100,8,2,2,1,86.0
Lis,100,8,2,2,1,
Gupta,100,8,2,2,1,706.0
Lars1,100,8,4,4,1,
Lars2,100,8,4,4,1,1301.0
Lis,100,8,4,4,1,
Gupta,100,8,4,4,1,6643.0
Lars1,100,8,6,6,1,
Lars2,100,8,6,6,1,8977.0
Lis,100,8,6,6,1,
Gupta,100,8,6,6,1,49661.0
Lars1,100,8,8,8,1,
Lars2,100,8,8,8,1,
Lis,100,8,8,8,1,
Gupta,100,8,8,8,1,
Lis,100,9,10,10,1,
Lars1,100,9,2,2,1,116.0
Lars2,100,9,2,2,1,76.0
Lis,100,9,2,2,1,
Gupta,100,9,2,2,1,652.0
Lars1,100,9,4,4,1,
Lars2,100,9,4,4,1,849.0
Lis,100,9,4,4,1,
Gupta,100,9,4,4,1,4411.0
Lars1,100,9,6,6,1,
Lars2,100,9,6,6,1,7866.0
Lis,100,9,6,6,1,
Gupta,100,9,6,6,1,45301.0
Lars1,100,9,8,8,1,
Lars2,100,9,8,8,1,
Lis,100,9,8,8,1,
Gupta,100,9,8,8,1,
Lars1,10,1000,10,10,1,
Lars2,10,1000,10,10,1,
Lis,10,1000,10,10,1,7192046.0
Gupta,10,1000,10,10,1,
Lars1,10,1000,2,2,1,101698.0
Lars2,10,1000,2,2,1,657.0
Lis,10,1000,2,2,1,6850.0
Gupta,10,1000,2,2,1,1627.0
Lars1,10,1000,4,4,1,
Lars2,10,1000,4,4,1,677.0
Lis,10,1000,4,4,1,935729.0
Gupta,10,1000,4,4,1,
Lars1,10,1000,6,6,1,
Lars2,10,1000,6,6,1,1263.0
Lis,10,1000,6,6,1,2919577.0
Gupta,10,1000,6,6,1,
Lars1,10,1000,8,8,1,
Lars2,10,1000,8,8,1,
Lis,10,1000,8,8,1,6907094.0
Gupta,10,1000,8,8,1,
Lars1,10,100,10,10,1,
Lars2,10,100,10,10,1,2712.0
Lis,10,100,10,10,1,3382198.0
Gupta,10,100,10,10,1,
Lars1,10,100,2,2,1,7425.0
Lars2,10,100,2,2,1,99.0
Lis,10,100,2,2,1,2286.0
Gupta,10,100,2,2,1,298.0
Lars1,10,100,4,4,1,
Lars2,10,100,4,4,1,259.0
Lis,10,100,4,4,1,120318.0
Gupta,10,100,4,4,1,1811.0
Lars1,10,100,6,6,1,
Lars2,10,100,6,6,1,969.0
Lis,10,100,6,6,1,860082.0
Gupta,10,100,6,6,1,7081.0
Lars1,10,100,8,8,1,
Lars2,10,100,8,8,1,2461.0
Lis,10,100,8,8,1,1824973.0
Gupta,10,100,8,8,1,
Lars1,10,10,10,10,1,
Lars2,10,10,10,10,1,7488.0
Lis,10,10,10,10,1,2037829.0
Gupta,10,10,10,10,1,25358.0
Lars1,10,10,2,2,1,36.0
Lars2,10,10,2,2,1,68.0
Lis,10,10,2,2,1,320.0
Gupta,10,10,2,2,1,145.0
Lars1,10,10,4,4,1,
Lars2,10,10,4,4,1,279.0
Lis,10,10,4,4,1,32295.0
Gupta,10,10,4,4,1,1025.0
Lars1,10,10,6,6,1,
Lars2,10,10,6,6,1,1258.0
Lis,10,10,6,6,1,231642.0
Gupta,10,10,6,6,1,2949.0
Lars1,10,10,8,8,1,
Lars2,10,10,8,8,1,2677.0
Lis,10,10,8,8,1,564061.0
Gupta,10,10,8,8,1,8754.0
Lars1,10,1,10,10,1,
Lars2,10,1,10,10,1,3737.0
Lis,10,1,10,10,1,809568.0
Gupta,10,1,10,10,1,11976.0
Lars1,10,1,2,2,1,72.0
Lars2,10,1,2,2,1,69.0
Lis,10,1,2,2,1,254.0
Gupta,10,1,2,2,1,116.0
Lars1,10,1,4,4,1,
Lars2,10,1,4,4,1,171.0
Lis,10,1,4,4,1,9285.0
Gupta,10,1,4,4,1,351.0
Lars1,10,1,6,6,1,
Lars2,10,1,6,6,1,1066.0
Lis,10,1,6,6,1,178308.0
Gupta,10,1,6,6,1,2071.0
Lars1,10,1,8,8,1,
Lars2,10,1,8,8,1,2555.0
Lis,10,1,8,8,1,727985.0
Gupta,10,1,8,8,1,7510.0
Lars1,10,20,10,10,1,
Lars2,10,20,10,10,1,5954.0
Lis,10,20,10,10,1,1867403.0
Gupta,10,20,10,10,1,24744.0
Lars1,10,20,2,2,1,70.0
Lars2,10,20,2,2,1,75.0
Lis,10,20,2,2,1,541.0
Gupta,10,20,2,2,1,181.0
Lars1,10,20,4,4,1,
Lars2,10,20,4,4,1,273.0
Lis,10,20,4,4,1,50282.0
Gupta,10,20,4,4,1,861.0
Lars1,10,20,6,6,1,
Lars2,10,20,6,6,1,772.0
Lis,10,20,6,6,1,276312.0
Gupta,10,20,6,6,1,2901.0
Lars1,10,20,8,8,1,
Lars2,10,20,8,8,1,2784.0
Lis,10,20,8,8,1,928194.0
Gupta,10,20,8,8,1,9912.0
Lars1,10,2,10,10,1,
Lars2,10,2,10,10,1,6400.0
Lis,10,2,10,10,1,1395801.0
Gupta,10,2,10,10,1,21575.0
Lars1,10,2,2,2,1,58.0
Lars2,10,2,2,2,1,71.0
Lis,10,2,2,2,1,310.0
Gupta,10,2,2,2,1,118.0
Lars1,10,2,4,4,1,
Lars2,10,2,4,4,1,262.0
Lis,10,2,4,4,1,17785.0
Gupta,10,2,4,4,1,744.0
Lars1,10,2,6,6,1,
Lars2,10,2,6,6,1,790.0
Lis,10,2,6,6,1,142136.0
Gupta,10,2,6,6,1,1899.0
Lars1,10,2,8,8,1,
Lars2,10,2,8,8,1,1981.0
Lis,10,2,8,8,1,493764.0
Gupta,10,2,8,8,1,5810.0
Lars1,10,3,10,10,1,
Lars2,10,3,10,10,1,4732.0
Lis,10,3,10,10,1,1379020.0
Gupta,10,3,10,10,1,17241.0
Lars1,10,3,2,2,1,49.0
Lars2,10,3,2,2,1,69.0
Lis,10,3,2,2,1,302.0
Gupta,10,3,2,2,1,147.0
Lars1,10,3,4,4,1,
Lars2,10,3,4,4,1,273.0
Lis,10,3,4,4,1,24661.0
Gupta,10,3,4,4,1,785.0
Lars1,10,3,6,6,1,
Lars2,10,3,6,6,1,708.0
Lis,10,3,6,6,1,160713.0
Gupta,10,3,6,6,1,1652.0
Lars1,10,3,8,8,1,
Lars2,10,3,8,8,1,2792.0
Lis,10,3,8,8,1,784116.0
Gupta,10,3,8,8,1,8151.0
Lars1,10,40,10,10,1,
Lars2,10,40,10,10,1,5133.0
Lis,10,40,10,10,1,2250141.0
Gupta,10,40,10,10,1,26999.0
Lars1,10,40,2,2,1,66.0
Lars2,10,40,2,2,1,70.0
Lis,10,40,2,2,1,1120.0
Gupta,10,40,2,2,1,219.0
Lars1,10,40,4,4,1,
Lars2,10,40,4,4,1,224.0
Lis,10,40,4,4,1,102194.0
Gupta,10,40,4,4,1,1227.0
Lars1,10,40,6,6,1,
Lars2,10,40,6,6,1,1342.0
Lis,10,40,6,6,1,538668.0
Gupta,10,40,6,6,1,4212.0
Lis,10,40,8,8,1,
Lars1,10,4,10,10,1,
Lars2,10,4,10,10,1,6020.0
Lis,10,4,10,10,1,
Gupta,10,4,10,10,1,21457.0
Lars1,10,4,2,2,1,157.0
Lars2,10,4,2,2,1,76.0
Lis,10,4,2,2,1,370.0
Gupta,10,4,2,2,1,139.0
Lars1,10,4,4,4,1,
Lars2,10,4,4,4,1,265.0
Lis,10,4,4,4,1,38492.0
Gupta,10,4,4,4,1,838.0
Lars1,10,4,6,6,1,
Lars2,10,4,6,6,1,1006.0
Lis,10,4,6,6,1,212088.0
Gupta,10,4,6,6,1,2436.0
Lars1,10,4,8,8,1,
Lars2,10,4,8,8,1,1664.0
Lis,10,4,8,8,1,337366.0
Gupta,10,4,8,8,1,4819.0
Lars1,10,500,10,10,1,
Lars2,10,500,10,10,1,
Lis,10,500,10,10,1,4806774.0
Gupta,10,500,10,10,1,
Lars1,10,500,2,2,1,5452.0
Lars2,10,500,2,2,1,156.0
Lis,10,500,2,2,1,4479.0
Gupta,10,500,2,2,1,932.0
Lars1,10,500,4,4,1,
Lars2,10,500,4,4,1,1146.0
Lis,10,500,4,4,1,493719.0
Gupta,10,500,4,4,1,6748.0
Lars1,10,500,6,6,1,
Lars2,10,500,6,6,1,2054.0
Lis,10,500,6,6,1,2929191.0
Gupta,10,500,6,6,1,
Lars1,10,500,8,8,1,
Lars2,10,500,8,8,1,3388.0
Lis,10,500,8,8,1,2936879.0
Gupta,10,500,8,8,1,
Lars1,10,5,10,10,1,
Lars2,10,5,10,10,1,3308.0
Lis,10,5,10,10,1,876297.0
Gupta,10,5,10,10,1,12369.0
Lars1,10,5,2,2,1,2143.0
Lars2,10,5,2,2,1,1249.0
Lis,10,5,2,2,1,4694.0
Gupta,10,5,2,2,1,2128.0
Lars1,10,5,4,4,1,
Lars2,10,5,4,4,1,4343.0
Lis,10,5,4,4,1,503694.0
Gupta,10,5,4,4,1,13816.0
Lars1,10,5,6,6,1,
Lars2,10,5,6,6,1,12148.0
Lis,10,5,6,6,1,1569049.0
Gupta,10,5,6,6,1,29764.0
Lars1,10,5,8,8,1,
Lars2,10,5,8,8,1,2244.0
Lis,10,5,8,8,1,497928.0
Gupta,10,5,8,8,1,6371.0
Lars1,10,60,10,10,1,
Lars2,10,60,10,10,1,7769.0
Lis,10,60,10,10,1,1940853.0
Gupta,10,60,10,10,1,
Lars1,10,60,2,2,1,210.0
Lars2,10,60,2,2,1,95.0
Lis,10,60,2,2,1,948.0
Gupta,10,60,2,2,1,276.0
Lars1,10,60,4,4,1,
Lars2,10,60,4,4,1,224.0
Lis,10,60,4,4,1,100980.0
Gupta,10,60,4,4,1,1316.0
Lars1,10,60,6,6,1,
Lars2,10,60,6,6,1,1357.0
Lis,10,60,6,6,1,387820.0
Gupta,10,60,6,6,1,4215.0
Lars1,10,60,8,8,1,
Lars2,10,60,8,8,1,2240.0
Lis,10,60,8,8,1,1493017.0
Gupta,10,60,8,8,1,13705.0
Lars1,10,6,10,10,1,
Lars2,10,6,10,10,1,5072.0
Lis,10,6,10,10,1,1461859.0
Gupta,10,6,10,10,1,18198.0
Lars1,10,6,2,2,1,202.0
Lars2,10,6,2,2,1,69.0
Lis,10,6,2,2,1,299.0
Gupta,10,6,2,2,1,126.0
Lars1,10,6,4,4,1,
Lars2,10,6,4,4,1,296.0
Lis,10,6,4,4,1,27360.0
Gupta,10,6,4,4,1,867.0
Lars1,10,6,6,6,1,
Lars2,10,6,6,6,1,1294.0
Lis,10,6,6,6,1,396075.0
Gupta,10,6,6,6,1,3702.0
Lars1,10,6,8,8,1,
Lars2,10,6,8,8,1,2877.0
Lis,10,6,8,8,1,678769.0
Gupta,10,6,8,8,1,8492.0
Lars1,10,7,10,10,1,
Lars2,10,7,10,10,1,5117.0
Lis,10,7,10,10,1,1397700.0
Gupta,10,7,10,10,1,18923.0
Lars1,10,7,2,2,1,57.0
Lars2,10,7,2,2,1,70.0
Lis,10,7,2,2,1,318.0
Gupta,10,7,2,2,1,146.0
Lars1,10,7,4,4,1,
Lars2,10,7,4,4,1,5156.0
Lis,10,7,4,4,1,639247.0
Gupta,10,7,4,4,1,14028.0
Lars1,10,7,6,6,1,
Lars2,10,7,6,6,1,22170.0
Lis,10,7,6,6,1,5561062.0
Gupta,10,7,6,6,1,53954.0
Lars1,10,7,8,8,1,
Lars2,10,7,8,8,1,3133.0
Lis,10,7,8,8,1,912186.0
Gupta,10,7,8,8,1,9991.0
Lars1,10,80,10,10,1,
Lars2,10,80,10,10,1,5455.0
Lis,10,80,10,10,1,2765475.0
Gupta,10,80,10,10,1,
Lars1,10,80,2,2,1,158.0
Lars2,10,80,2,2,1,88.0
Lis,10,80,2,2,1,2986.0
Gupta,10,80,2,2,1,356.0
Lars1,10,80,4,4,1,
Lars2,10,80,4,4,1,260.0
Lis,10,80,4,4,1,74520.0
Gupta,10,80,4,4,1,1594.0
Lars1,10,80,6,6,1,
Lars2,10,80,6,6,1,916.0
Lis,10,80,6,6,1,513055.0
Gupta,10,80,6,6,1,5237.0
Lars1,10,80,8,8,1,
Lars2,10,80,8,8,1,2242.0
Lis,10,80,8,8,1,1475298.0
Gupta,10,80,8,8,1,15544.0
Lars1,10,8,10,10,1,
Lars2,10,8,10,10,1,3368.0
Lis,10,8,10,10,1,894675.0
Gupta,10,8,10,10,1,12799.0
Lars1,10,8,2,2,1,74.0
Lars2,10,8,2,2,1,71.0
Lis,10,8,2,2,1,326.0
Gupta,10,8,2,2,1,166.0
Lars1,10,8,4,4,1,
Lars2,10,8,4,4,1,252.0
Lis,10,8,4,4,1,29039.0
Gupta,10,8,4,4,1,846.0
Lars1,10,8,6,6,1,
Lars2,10,8,6,6,1,827.0
Lis,10,8,6,6,1,193295.0
Gupta,10,8,6,6,1,2703.0
Lars1,10,8,8,8,1,
Lars2,10,8,8,8,1,1278.0
Lis,10,8,8,8,1,282264.0
Gupta,10,8,8,8,1,4430.0
Lars1,10,9,10,10,1,
Lars2,10,9,10,10,1,5443.0
Lis,10,9,10,10,1,
Gupta,10,9,10,10,1,20537.0
Lars1,10,9,2,2,1,64.0
Lars2,10,9,2,2,1,69.0
Lis,10,9,2,2,1,385.0
Gupta,10,9,2,2,1,162.0
Lars1,10,9,4,4,1,
Lars2,10,9,4,4,1,262.0
Lis,10,9,4,4,1,25724.0
Gupta,10,9,4,4,1,829.0
Lars1,10,9,6,6,1,
Lars2,10,9,6,6,1,1093.0
Lis,10,9,6,6,1,247685.0
Gupta,10,9,6,6,1,2987.0
Lars1,10,9,8,8,1,
Lars2,10,9,8,8,1,2684.0
Lis,10,9,8,8,1,769910.0
Gupta,10,9,8,8,1,8242.0
Lars1,1,1000,2,2,1,270.0
Lars2,1,1000,2,2,1,277.0
Lis,1,1000,2,2,1,102.0
Gupta,1,1000,2,2,1,372.0
Lars1,1,100,2,2,1,54.0
Lars2,1,100,2,2,1,125.0
Lis,1,100,2,2,1,79.0
Gupta,1,100,2,2,1,130.0
Lars1,1,10,2,2,1,31.0
Lars2,1,10,2,2,1,67.0
Lis,1,10,2,2,1,61.0
Gupta,1,10,2,2,1,81.0
Lars1,1,1,2,2,1,31.0
Lars2,1,1,2,2,1,64.0
Lis,1,1,2,2,1,50.0
Gupta,1,1,2,2,1,70.0
Lars1,1,20,2,2,1,42.0
Lars2,1,20,2,2,1,81.0
Lis,1,20,2,2,1,64.0
Gupta,1,20,2,2,1,88.0
Lars1,1,2,2,2,1,28.0
Lars2,1,2,2,2,1,65.0
Lis,1,2,2,2,1,58.0
Gupta,1,2,2,2,1,73.0
Lars1,1,3,2,2,1,32.0
Lars2,1,3,2,2,1,57.0
Lis,1,3,2,2,1,49.0
Gupta,1,3,2,2,1,67.0
Lars1,1,40,2,2,1,53.0
Lars2,1,40,2,2,1,91.0
Lis,1,40,2,2,1,64.0
Gupta,1,40,2,2,1,113.0
Lars1,1,4,2,2,1,33.0
Lars2,1,4,2,2,1,62.0
Lis,1,4,2,2,1,48.0
Gupta,1,4,2,2,1,72.0
Lars1,1,500,2,2,1,82.0
Lars2,1,500,2,2,1,201.0
Lis,1,500,2,2,1,95.0
Gupta,1,500,2,2,1,232.0
Lars1,1,5,2,2,1,36.0
Lars2,1,5,2,2,1,71.0
Lis,1,5,2,2,1,47.0
Gupta,1,5,2,2,1,72.0
Lars1,1,60,2,2,1,46.0
Lars2,1,60,2,2,1,90.0
Lis,1,60,2,2,1,82.0
Gupta,1,60,2,2,1,124.0
Lars1,1,6,2,2,1,39.0
Lars2,1,6,2,2,1,68.0
Lis,1,6,2,2,1,48.0
Gupta,1,6,2,2,1,77.0
Lars1,1,7,2,2,1,31.0
Lars2,1,7,2,2,1,65.0
Lis,1,7,2,2,1,52.0
Gupta,1,7,2,2,1,72.0
Lars1,1,80,2,2,1,56.0
Lars2,1,80,2,2,1,125.0
Lis,1,80,2,2,1,94.0
Gupta,1,80,2,2,1,155.0
Lars1,1,8,2,2,1,35.0
Lars2,1,8,2,2,1,65.0
Lis,1,8,2,2,1,54.0
Gupta,1,8,2,2,1,83.0
Lars1,1,9,2,2,1,42.0
Lars2,1,9,2,2,1,69.0
Lis,1,9,2,2,1,50.0
Gupta,1,9,2,2,1,76.0
Lis,20,1000,10,10,1,
Lars1,20,1000,2,2,1,1742.0
Lars2,20,1000,2,2,1,87.0
Lis,20,1000,2,2,1,64875.0
Gupta,20,1000,2,2,1,2467.0
Lars1,20,1000,4,4,1,
Lars2,20,1000,4,4,1,785.0
Lis,20,1000,4,4,1,14357480.0
Gupta,20,1000,4,4,1,
Lis,20,1000,6,6,1,
Lis,20,1000,8,8,1,
Lis,20,100,10,10,1,
Lars1,20,100,2,2,1,1581.0
Lars2,20,100,2,2,1,1341.0
Lis,20,100,2,2,1,97855.0
Gupta,20,100,2,2,1,8112.0
Lars1,20,100,4,4,1,
Lars2,20,100,4,4,1,445.0
Lis,20,100,4,4,1,1817929.0
Gupta,20,100,4,4,1,2982.0
Lis,20,100,6,6,1,
Lis,20,100,8,8,1,
Lars1,20,10,10,10,1,
Lars2,20,10,10,10,1,8051.0
Lis,20,10,10,10,1,14081617.0
Gupta,20,10,10,10,1,
Lars1,20,10,2,2,1,97.0
Lars2,20,10,2,2,1,73.0
Lis,20,10,2,2,1,903.0
Gupta,20,10,2,2,1,238.0
Lars1,20,10,4,4,1,
Lars2,20,10,4,4,1,541.0
Lis,20,10,4,4,1,261744.0
Gupta,20,10,4,4,1,1521.0
Lars1,20,10,6,6,1,
Lars2,20,10,6,6,1,1516.0
Lis,20,10,6,6,1,1587751.0
Gupta,20,10,6,6,1,5729.0
Lars1,20,10,8,8,1,
Lars2,20,10,8,8,1,5485.0
Lis,20,10,8,8,1,11981148.0
Gupta,20,10,8,8,1,18384.0
Lars1,20,1,10,10,1,
Lars2,20,1,10,10,1,11195.0
Lis,20,1,10,10,1,
Gupta,20,1,10,10,1,
Lars1,20,1,2,2,1,67.0
Lars2,20,1,2,2,1,68.0
Lis,20,1,2,2,1,499.0
Gupta,20,1,2,2,1,135.0
Lars1,20,1,4,4,1,
Lars2,20,1,4,4,1,458.0
Lis,20,1,4,4,1,273183.0
Gupta,20,1,4,4,1,1125.0
Lars1,20,1,6,6,1,
Lars2,20,1,6,6,1,1591.0
Lis,20,1,6,6,1,2277185.0
Gupta,20,1,6,6,1,4890.0
Lars1,20,1,8,8,1,
Lars2,20,1,8,8,1,5752.0
Lis,20,1,8,8,1,11067178.0
Gupta,20,1,8,8,1,18092.0
Lis,20,20,10,10,1,
Lars1,20,20,2,2,1,60.0
Lars2,20,20,2,2,1,70.0
Lis,20,20,2,2,1,2881.0
Gupta,20,20,2,2,1,298.0
Lars1,20,20,4,4,1,
Lars2,20,20,4,4,1,240.0
Lis,20,20,4,4,1,437722.0
Gupta,20,20,4,4,1,1644.0
Lars1,20,20,6,6,1,
Lars2,20,20,6,6,1,1425.0
Lis,20,20,6,6,1,2838073.0
Gupta,20,20,6,6,1,5268.0
Lars1,20,20,8,8,1,
Lars2,20,20,8,8,1,2957.0
Lis,20,20,8,8,1,9739329.0
Gupta,20,20,8,8,1,18931.0
Lis,20,2,10,10,1,
Lars1,20,2,2,2,1,42.0
Lars2,20,2,2,2,1,56.0
Lis,20,2,2,2,1,532.0
Gupta,20,2,2,2,1,145.0
Lars1,20,2,4,4,1,
Lars2,20,2,4,4,1,377.0
Lis,20,2,4,4,1,143398.0
Gupta,20,2,4,4,1,980.0
Lars1,20,2,6,6,1,
Lars2,20,2,6,6,1,1637.0
Lis,20,2,6,6,1,2465372.0
Gupta,20,2,6,6,1,4800.0
Lars1,20,2,8,8,1,
Lars2,20,2,8,8,1,3921.0
Lis,20,2,8,8,1,5755216.0
Gupta,20,2,8,8,1,13381.0
Lis,20,3,10,10,1,
Lars1,20,3,2,2,1,130.0
Lars2,20,3,2,2,1,61.0
Lis,20,3,2,2,1,667.0
Gupta,20,3,2,2,1,157.0
Lars1,20,3,4,4,1,
Lars2,20,3,4,4,1,297.0
Lis,20,3,4,4,1,133643.0
Gupta,20,3,4,4,1,812.0
Lars1,20,3,6,6,1,
Lars2,20,3,6,6,1,1766.0
Lis,20,3,6,6,1,1705138.0
Gupta,20,3,6,6,1,5415.0
Lars1,20,3,8,8,1,
Lars2,20,3,8,8,1,4111.0
Lis,20,3,8,8,1,6614977.0
Gupta,20,3,8,8,1,12953.0
Lis,20,40,10,10,1,
Lars1,20,40,2,2,1,104.0
Lars2,20,40,2,2,1,75.0
Lis,20,40,2,2,1,6358.0
Gupta,20,40,2,2,1,405.0
Lars1,20,40,4,4,1,
Lars2,20,40,4,4,1,282.0
Lis,20,40,4,4,1,1874818.0
Gupta,20,40,4,4,1,2571.0
Lars1,20,40,6,6,1,
Lars2,20,40,6,6,1,1333.0
Lis,20,40,6,6,1,8157267.0
Gupta,20,40,6,6,1,8462.0
Lis,20,40,8,8,1,
Lis,20,4,10,10,1,
Lars1,20,4,2,2,1,93.0
Lars2,20,4,2,2,1,74.0
Lis,20,4,2,2,1,870.0
Gupta,20,4,2,2,1,218.0
Lars1,20,4,4,4,1,
Lars2,20,4,4,4,1,221.0
Lis,20,4,4,4,1,41935.0
Gupta,20,4,4,4,1,771.0
Lars1,20,4,6,6,1,
Lars2,20,4,6,6,1,1279.0
Lis,20,4,6,6,1,1216517.0
Gupta,20,4,6,6,1,4340.0
Lars1,20,4,8,8,1,
Lars2,20,4,8,8,1,2998.0
Lis,20,4,8,8,1,5104862.0
Gupta,20,4,8,8,1,9423.0
Lis,20,500,10,10,1,
Lars1,20,500,2,2,1,266.0
Lars2,20,500,2,2,1,80.0
Lis,20,500,2,2,1,18520.0
Gupta,20,500,2,2,1,1462.0
Lars1,20,500,4,4,1,
Lars2,20,500,4,4,1,496.0
Lis,20,500,4,4,1,7882766.0
Gupta,20,500,4,4,1,
Lis,20,500,6,6,1,
Lis,20,500,8,8,1,
Lis,20,5,10,10,1,
Lars1,20,5,2,2,1,1326.0
Lars2,20,5,2,2,1,1177.0
Lis,20,5,2,2,1,10674.0
Gupta,20,5,2,2,1,3093.0
Lars1,20,5,4,4,1,
Lars2,20,5,4,4,1,4769.0
Lis,20,5,4,4,1,1462136.0
Gupta,20,5,4,4,1,16300.0
Lars1,20,5,6,6,1,
Lars2,20,5,6,6,1,1493.0
Lis,20,5,6,6,1,1701550.0
Gupta,20,5,6,6,1,4446.0
Lars1,20,5,8,8,1,
Lars2,20,5,8,8,1,4501.0
Lis,20,5,8,8,1,7867394.0
Gupta,20,5,8,8,1,16236.0
Lis,20,60,10,10,1,
Lars1,20,60,2,2,1,68.0
Lars2,20,60,2,2,1,72.0
Lis,20,60,2,2,1,12410.0
Gupta,20,60,2,2,1,537.0
Lars1,20,60,4,4,1,
Lars2,20,60,4,4,1,473.0
Lis,20,60,4,4,1,1064910.0
Gupta,20,60,4,4,1,2282.0
Lars1,20,60,6,6,1,
Lars2,20,60,6,6,1,1228.0
Lis,20,60,6,6,1,
Gupta,20,60,6,6,1,11590.0
Lars1,20,60,8,8,1,
Lars2,20,60,8,8,1,6848.0
Lis,20,60,8,8,1,
Gupta,20,60,8,8,1,26194.0
Lis,20,6,10,10,1,
Lars1,20,6,2,2,1,48.0
Lars2,20,6,2,2,1,59.0
Lis,20,6,2,2,1,617.0
Gupta,20,6,2,2,1,148.0
Lars1,20,6,4,4,1,
Lars2,20,6,4,4,1,376.0
Lis,20,6,4,4,1,124820.0
Gupta,20,6,4,4,1,1184.0
Lars1,20,6,6,6,1,
Lars2,20,6,6,6,1,1311.0
Lis,20,6,6,6,1,1677268.0
Gupta,20,6,6,6,1,4454.0
Lars1,20,6,8,8,1,
Lars2,20,6,8,8,1,2633.0
Lis,20,6,8,8,1,3526610.0
Gupta,20,6,8,8,1,9896.0
Lis,20,7,10,10,1,
Lars1,20,7,2,2,1,851.0
Lars2,20,7,2,2,1,1145.0
Lis,20,7,2,2,1,15274.0
Gupta,20,7,2,2,1,3286.0
Lars1,20,7,4,4,1,
Lars2,20,7,4,4,1,6950.0
Lis,20,7,4,4,1,1912586.0
Gupta,20,7,4,4,1,18381.0
Lars1,20,7,6,6,1,
Lars2,20,7,6,6,1,1313.0
Lis,20,7,6,6,1,1110200.0
Gupta,20,7,6,6,1,3963.0
Lars1,20,7,8,8,1,
Lars2,20,7,8,8,1,5949.0
Lis,20,7,8,8,1,11662628.0
Gupta,20,7,8,8,1,20634.0
Lis,20,80,10,10,1,
Lars1,20,80,2,2,1,140.0
Lars2,20,80,2,2,1,76.0
Lis,20,80,2,2,1,6043.0
Gupta,20,80,2,2,1,430.0
Lars1,20,80,4,4,1,
Lars2,20,80,4,4,1,386.0
Lis,20,80,4,4,1,1597394.0
Gupta,20,80,4,4,1,2862.0
Lars1,20,80,6,6,1,
Lars2,20,80,6,6,1,1244.0
Lis,20,80,6,6,1,16221337.0
Gupta,20,80,6,6,1,11861.0
Lis,20,80,8,8,1,
Lis,20,8,10,10,1,
Lars1,20,8,2,2,1,47.0
Lars2,20,8,2,2,1,64.0
Lis,20,8,2,2,1,595.0
Gupta,20,8,2,2,1,166.0
Lars1,20,8,4,4,1,
Lars2,20,8,4,4,1,339.0
Lis,20,8,4,4,1,111822.0
Gupta,20,8,4,4,1,1340.0
Lars1,20,8,6,6,1,
Lars2,20,8,6,6,1,1284.0
Lis,20,8,6,6,1,1268388.0
Gupta,20,8,6,6,1,4230.0
Lars1,20,8,8,8,1,
Lars2,20,8,8,8,1,6515.0
Lis,20,8,8,8,1,10810881.0
Gupta,20,8,8,8,1,20715.0
Lars1,20,9,10,10,1,
Lars2,20,9,10,10,1,9029.0
Lis,20,9,10,10,1,
Gupta,20,9,10,10,1,
Lars1,20,9,2,2,1,101.0
Lars2,20,9,2,2,1,76.0
Lis,20,9,2,2,1,964.0
Gupta,20,9,2,2,1,255.0
Lars1,20,9,4,4,1,
Lars2,20,9,4,4,1,308.0
Lis,20,9,4,4,1,111189.0
Gupta,20,9,4,4,1,1282.0
Lars1,20,9,6,6,1,
Lars2,20,9,6,6,1,1317.0
Lis,20,9,6,6,1,1645761.0
Gupta,20,9,6,6,1,4458.0
Lars1,20,9,8,8,1,
Lars2,20,9,8,8,1,3127.0
Lis,20,9,8,8,1,4268914.0
Gupta,20,9,8,8,1,11883.0
Lars1,2,1000,2,2,1,740.0
Lars2,2,1000,2,2,1,355.0
Lis,2,1000,2,2,1,284.0
Gupta,2,1000,2,2,1,465.0
Lars1,2,100,2,2,1,109.0
Lars2,2,100,2,2,1,109.0
Lis,2,100,2,2,1,140.0
Gupta,2,100,2,2,1,165.0
Lars1,2,10,2,2,1,59.0
Lars2,2,10,2,2,1,60.0
Lis,2,10,2,2,1,68.0
Gupta,2,10,2,2,1,88.0
Lars1,2,1,2,2,1,45.0
Lars2,2,1,2,2,1,57.0
Lis,2,1,2,2,1,87.0
Gupta,2,1,2,2,1,73.0
Lars1,2,20,2,2,1,57.0
Lars2,2,20,2,2,1,69.0
Lis,2,20,2,2,1,109.0
Gupta,2,20,2,2,1,104.0
Lars1,2,2,2,2,1,51.0
Lars2,2,2,2,2,1,67.0
Lis,2,2,2,2,1,107.0
Gupta,2,2,2,2,1,74.0
Lars1,2,3,2,2,1,47.0
Lars2,2,3,2,2,1,52.0
Lis,2,3,2,2,1,61.0
Gupta,2,3,2,2,1,75.0
Lars1,2,40,2,2,1,102.0
Lars2,2,40,2,2,1,78.0
Lis,2,40,2,2,1,150.0
Gupta,2,40,2,2,1,128.0
Lars1,2,4,2,2,1,47.0
Lars2,2,4,2,2,1,63.0
Lis,2,4,2,2,1,100.0
Gupta,2,4,2,2,1,82.0
Lars1,2,500,2,2,1,395.0
Lars2,2,500,2,2,1,294.0
Lis,2,500,2,2,1,215.0
Gupta,2,500,2,2,1,362.0
Lars1,2,5,2,2,1,48.0
Lars2,2,5,2,2,1,58.0
Lis,2,5,2,2,1,101.0
Gupta,2,5,2,2,1,77.0
Lars1,2,60,2,2,1,107.0
Lars2,2,60,2,2,1,88.0
Lis,2,60,2,2,1,151.0
Gupta,2,60,2,2,1,128.0
Lars1,2,6,2,2,1,36.0
Lars2,2,6,2,2,1,57.0
Lis,2,6,2,2,1,71.0
Gupta,2,6,2,2,1,75.0
Lars1,2,7,2,2,1,62.0
Lars2,2,7,2,2,1,65.0
Lis,2,7,2,2,1,78.0
Gupta,2,7,2,2,1,86.0
Lars1,2,80,2,2,1,265.0
Lars2,2,80,2,2,1,124.0
Lis,2,80,2,2,1,157.0
Gupta,2,80,2,2,1,192.0
Lars1,2,8,2,2,1,47.0
Lars2,2,8,2,2,1,62.0
Lis,2,8,2,2,1,82.0
Gupta,2,8,2,2,1,76.0
Lars1,2,9,2,2,1,61.0
Lars2,2,9,2,2,1,62.0
Lis,2,9,2,2,1,93.0
Gupta,2,9,2,2,1,87.0
Lars1,3,1000,2,2,1,
Lars2,3,1000,2,2,1,344.0
Lis,3,1000,2,2,1,406.0
Gupta,3,1000,2,2,1,564.0
Lars1,3,1000,4,4,1,
Lars2,3,1000,4,4,1,3010.0
Lis,3,1000,4,4,1,6833.0
Gupta,3,1000,4,4,1,3668.0
Lars1,3,100,2,2,1,407.0
Lars2,3,100,2,2,1,135.0
Lis,3,100,2,2,1,272.0
Gupta,3,100,2,2,1,186.0
Lars1,3,100,4,4,1,
Lars2,3,100,4,4,1,279.0
Lis,3,100,4,4,1,2140.0
Gupta,3,100,4,4,1,732.0
Lars1,3,10,2,2,1,1253.0
Lars2,3,10,2,2,1,1121.0
Lis,3,10,2,2,1,1367.0
Gupta,3,10,2,2,1,1495.0
Lars1,3,10,4,4,1,
Lars2,3,10,4,4,1,175.0
Lis,3,10,4,4,1,674.0
Gupta,3,10,4,4,1,306.0
Lars1,3,1,2,2,1,34.0
Lars2,3,1,2,2,1,56.0
Lis,3,1,2,2,1,68.0
Gupta,3,1,2,2,1,68.0
Lars1,3,1,4,4,1,3989153.0
Lars2,3,1,4,4,1,150.0
Lis,3,1,4,4,1,858.0
Gupta,3,1,4,4,1,321.0
Lars1,3,20,2,2,1,106.0
Lars2,3,20,2,2,1,75.0
Lis,3,20,2,2,1,134.0
Gupta,3,20,2,2,1,110.0
Lars1,3,20,4,4,1,5239902.0
Lars2,3,20,4,4,1,168.0
Lis,3,20,4,4,1,1127.0
Gupta,3,20,4,4,1,391.0
Lars1,3,2,2,2,1,68.0
Lars2,3,2,2,2,1,71.0
Lis,3,2,2,2,1,104.0
Gupta,3,2,2,2,1,89.0
Lars1,3,2,4,4,1,
Lars2,3,2,4,4,1,158.0
Lis,3,2,4,4,1,531.0
Gupta,3,2,4,4,1,289.0
Lars1,3,3,2,2,1,627.0
Lars2,3,3,2,2,1,1014.0
Lis,3,3,2,2,1,779.0
Gupta,3,3,2,2,1,1225.0
Lars1,3,3,4,4,1,
Lars2,3,3,4,4,1,180.0
Lis,3,3,4,4,1,12012.0
Gupta,3,3,4,4,1,318.0
Lars1,3,40,2,2,1,224.0
Lars2,3,40,2,2,1,91.0
Lis,3,40,2,2,1,242.0
Gupta,3,40,2,2,1,156.0
Lars1,3,40,4,4,1,6722511.0
Lars2,3,40,4,4,1,171.0
Lis,3,40,4,4,1,1638.0
Gupta,3,40,4,4,1,504.0
Lars1,3,4,2,2,1,91.0
Lars2,3,4,2,2,1,67.0
Lis,3,4,2,2,1,122.0
Gupta,3,4,2,2,1,88.0
Lars1,3,4,4,4,1,
Lars2,3,4,4,4,1,127.0
Lis,3,4,4,4,1,494.0
Gupta,3,4,4,4,1,250.0
Lars1,3,500,2,2,1,7633.0
Lars2,3,500,2,2,1,4417.0
Lis,3,500,2,2,1,4198.0
Gupta,3,500,2,2,1,6332.0
Lars1,3,500,4,4,1,
Lars2,3,500,4,4,1,16642.0
Lis,3,500,4,4,1,41580.0
Gupta,3,500,4,4,1,29326.0
Lars1,3,5,2,2,1,38.0
Lars2,3,5,2,2,1,57.0
Lis,3,5,2,2,1,108.0
Gupta,3,5,2,2,1,77.0
Lars1,3,5,4,4,1,1896355.0
Lars2,3,5,4,4,1,160.0
Lis,3,5,4,4,1,539.0
Gupta,3,5,4,4,1,264.0
Lars1,3,60,2,2,1,52.0
Lars2,3,60,2,2,1,70.0
Lis,3,60,2,2,1,132.0
Gupta,3,60,2,2,1,120.0
Lars1,3,60,4,4,1,11428066.0
Lars2,3,60,4,4,1,310.0
Lis,3,60,4,4,1,1752.0
Gupta,3,60,4,4,1,566.0
Lars1,3,6,2,2,1,50.0
Lars2,3,6,2,2,1,55.0
Lis,3,6,2,2,1,60.0
Gupta,3,6,2,2,1,87.0
Lars1,3,6,4,4,1,
Lars2,3,6,4,4,1,160.0
Lis,3,6,4,4,1,667.0
Gupta,3,6,4,4,1,317.0
Lars1,3,7,2,2,1,103.0
Lars2,3,7,2,2,1,70.0
Lis,3,7,2,2,1,128.0
Gupta,3,7,2,2,1,90.0
Lars1,3,7,4,4,1,
Lars2,3,7,4,4,1,161.0
Lis,3,7,4,4,1,645.0
Gupta,3,7,4,4,1,301.0
Lars1,3,80,2,2,1,112.0
Lars2,3,80,2,2,1,92.0
Lis,3,80,2,2,1,222.0
Gupta,3,80,2,2,1,165.0
Lars1,3,80,4,4,1,
Lars2,3,80,4,4,1,324.0
Lis,3,80,4,4,1,1428.0
Gupta,3,80,4,4,1,567.0
Lars1,3,8,2,2,1,108.0
Lars2,3,8,2,2,1,68.0
Lis,3,8,2,2,1,98.0
Gupta,3,8,2,2,1,90.0
Lars1,3,8,4,4,1,4389304.0
Lars2,3,8,4,4,1,147.0
Lis,3,8,4,4,1,558.0
Gupta,3,8,4,4,1,291.0
Lars1,3,9,2,2,1,920.0
Lars2,3,9,2,2,1,1137.0
Lis,3,9,2,2,1,1548.0
Gupta,3,9,2,2,1,1544.0
Lars1,3,9,4,4,1,
Lars2,3,9,4,4,1,2781.0
Lis,3,9,4,4,1,14668.0
Gupta,3,9,4,4,1,5834.0
Lis,40,1000,10,10,1,
Lars1,40,1000,2,2,1,11404.0
Lars2,40,1000,2,2,1,207.0
Lis,40,1000,2,2,1,
Gupta,40,1000,2,2,1,7635.0
Lis,40,1000,4,4,1,
Lis,40,1000,6,6,1,
Lis,40,1000,8,8,1,
Lis,40,100,10,10,1,
Lars1,40,100,2,2,1,101.0
Lars2,40,100,2,2,1,64.0
Lis,40,100,2,2,1,61816.0
Gupta,40,100,2,2,1,967.0
Lis,40,100,4,4,1,
Lis,40,100,6,6,1,
Lis,40,100,8,8,1,
Lis,40,10,10,10,1,
Lars1,40,10,2,2,1,83.0
Lars2,40,10,2,2,1,70.0
Lis,40,10,2,2,1,4138.0
Gupta,40,10,2,2,1,301.0
Lars1,40,10,4,4,1,
Lars2,40,10,4,4,1,601.0
Lis,40,10,4,4,1,1575361.0
Gupta,40,10,4,4,1,2579.0
Lars1,40,10,6,6,1,
Lars2,40,10,6,6,1,1593.0
Lis,40,10,6,6,1,14238832.0
Gupta,40,10,6,6,1,8663.0
Lis,40,10,8,8,1,
Lis,40,1,10,10,1,
Lars1,40,1,2,2,1,45.0
Lars2,40,1,2,2,1,66.0
Lis,40,1,2,2,1,668.0
Gupta,40,1,2,2,1,152.0
Lars1,40,1,4,4,1,
Lars2,40,1,4,4,1,738.0
Lis,40,1,4,4,1,1894573.0
Gupta,40,1,4,4,1,2645.0
Lis,40,1,6,6,1,
Lis,40,1,8,8,1,
Lis,40,20,10,10,1,
Lars1,40,20,2,2,1,76.0
Lars2,40,20,2,2,1,84.0
Lis,40,20,2,2,1,6430.0
Gupta,40,20,2,2,1,333.0
Lars1,40,20,4,4,1,
Lars2,40,20,4,4,1,536.0
Lis,40,20,4,4,1,1986025.0
Gupta,40,20,4,4,1,2649.0
Lis,40,20,6,6,1,
Lis,40,20,8,8,1,
Lis,40,2,10,10,1,
Lars1,40,2,2,2,1,174.0
Lars2,40,2,2,2,1,99.0
Lis,40,2,2,2,1,3770.0
Gupta,40,2,2,2,1,275.0
Lars1,40,2,4,4,1,
Lars2,40,2,4,4,1,502.0
Lis,40,2,4,4,1,1159227.0
Gupta,40,2,4,4,1,1796.0
Lars1,40,2,6,6,1,
Lars2,40,2,6,6,1,2133.0
Lis,40,2,6,6,1,16872890.0
Gupta,40,2,6,6,1,7516.0
Lis,40,2,8,8,1,
Lis,40,3,10,10,1,
Lars1,40,3,2,2,1,118.0
Lars2,40,3,2,2,1,72.0
Lis,40,3,2,2,1,2829.0
Gupta,40,3,2,2,1,254.0
Lars1,40,3,4,4,1,
Lars2,40,3,4,4,1,766.0
Lis,40,3,4,4,1,1895120.0
Gupta,40,3,4,4,1,2555.0
Lis,40,3,6,6,1,
Lis,40,3,8,8,1,
Lis,40,40,10,10,1,
Lars1,40,40,2,2,1,106.0
Lars2,40,40,2,2,1,76.0
Lis,40,40,2,2,1,33902.0
Gupta,40,40,2,2,1,625.0
Lars1,40,40,4,4,1,
Lars2,40,40,4,4,1,641.0
Lis,40,40,4,4,1,12796879.0
Gupta,40,40,4,4,1,3795.0
Lis,40,40,6,6,1,
Lis,40,40,8,8,1,
Lis,40,4,10,10,1,
Lars1,40,4,2,2,1,130.0
Lars2,40,4,2,2,1,76.0
Lis,40,4,2,2,1,2696.0
Gupta,40,4,2,2,1,273.0
Lars1,40,4,4,4,1,
Lars2,40,4,4,4,1,474.0
Lis,40,4,4,4,1,567017.0
Gupta,40,4,4,4,1,1921.0
Lis,40,4,6,6,1,
Lis,40,4,8,8,1,
Lis,40,500,10,10,1,
Lars1,40,500,2,2,1,665.0
Lars2,40,500,2,2,1,83.0
Lis,40,500,2,2,1,1154363.0
Gupta,40,500,2,2,1,5485.0
Lis,40,500,4,4,1,
Lis,40,500,6,6,1,
Lis,40,500,8,8,1,
Lis,40,5,10,10,1,
Lars1,40,5,2,2,1,60.0
Lars2,40,5,2,2,1,67.0
Lis,40,5,2,2,1,1931.0
Gupta,40,5,2,2,1,274.0
Lars1,40,5,4,4,1,
Lars2,40,5,4,4,1,454.0
Lis,40,5,4,4,1,798509.0
Gupta,40,5,4,4,1,1930.0
Lis,40,5,6,6,1,
Lars1,40,5,8,8,1,
Lars2,40,5,8,8,1,2078.0
Lis,40,5,8,8,1,7314882.0
Gupta,40,5,8,8,1,14470.0
Lis,40,60,10,10,1,
Lars1,40,60,2,2,1,59.0
Lars2,40,60,2,2,1,68.0
Lis,40,60,2,2,1,41708.0
Gupta,40,60,2,2,1,578.0
Lis,40,60,4,4,1,
Lis,40,60,6,6,1,
Lis,40,60,8,8,1,
Lis,40,6,10,10,1,
Lars1,40,6,2,2,1,208.0
Lars2,40,6,2,2,1,88.0
Lis,40,6,2,2,1,4225.0
Gupta,40,6,2,2,1,324.0
Lars1,40,6,4,4,1,
Lars2,40,6,4,4,1,521.0
Lis,40,6,4,4,1,1038054.0
Gupta,40,6,4,4,1,1682.0
Lars1,40,6,6,6,1,
Lars2,40,6,6,6,1,1835.0
Lis,40,6,6,6,1,9119153.0
Gupta,40,6,6,6,1,7603.0
Lis,40,6,8,8,1,
Lis,40,7,10,10,1,
Lars1,40,7,2,2,1,64.0
Lars2,40,7,2,2,1,58.0
Lis,40,7,2,2,1,3249.0
Gupta,40,7,2,2,1,296.0
Lars1,40,7,4,4,1,
Lars2,40,7,4,4,1,480.0
Lis,40,7,4,4,1,668951.0
Gupta,40,7,4,4,1,1938.0
Lars1,40,7,6,6,1,
Lars2,40,7,6,6,1,1746.0
Lis,40,7,6,6,1,14546558.0
Gupta,40,7,6,6,1,6724.0
Lis,40,7,8,8,1,
Lis,40,80,10,10,1,
Lars1,40,80,2,2,1,926557.0
Lars2,40,80,2,2,1,1450.0
Lis,40,80,2,2,1,1080787.0
Gupta,40,80,2,2,1,12175.0
Lis,40,80,4,4,1,
Lis,40,80,6,6,1,
Lis,40,80,8,8,1,
Lis,40,8,10,10,1,
Lars1,40,8,2,2,1,2090.0
Lars2,40,8,2,2,1,1217.0
Lis,40,8,2,2,1,49803.0
Gupta,40,8,2,2,1,4837.0
Lars1,40,8,4,4,1,
Lars2,40,8,4,4,1,555.0
Lis,40,8,4,4,1,
Gupta,40,8,4,4,1,1972.0
Lars1,40,8,6,6,1,
Lars2,40,8,6,6,1,2210.0
Lis,40,8,6,6,1,
Gupta,40,8,6,6,1,9008.0
Lis,40,8,8,8,1,
Lis,40,9,10,10,1,
Lars1,40,9,2,2,1,1414.0
Lars2,40,9,2,2,1,1247.0
Lis,40,9,2,2,1,59475.0
Gupta,40,9,2,2,1,5458.0
Lars1,40,9,4,4,1,
Lars2,40,9,4,4,1,702.0
Lis,40,9,4,4,1,724708.0
Gupta,40,9,4,4,1,2284.0
Lis,40,9,6,6,1,
Lis,40,9,8,8,1,
Lars1,4,1000,2,2,1,308.0
Lars2,4,1000,2,2,1,91.0
Lis,4,1000,2,2,1,562.0
Gupta,4,1000,2,2,1,701.0
Lars1,4,1000,4,4,1,
Lars2,4,1000,4,4,1,1707.0
Lis,4,1000,4,4,1,14137.0
Gupta,4,1000,4,4,1,3577.0
Lars1,4,100,2,2,1,701.0
Lars2,4,100,2,2,1,145.0
Lis,4,100,2,2,1,467.0
Gupta,4,100,2,2,1,273.0
Lars1,4,100,4,4,1,
Lars2,4,100,4,4,1,304.0
Lis,4,100,4,4,1,4589.0
Gupta,4,100,4,4,1,628.0
Lars1,4,10,2,2,1,59.0
Lars2,4,10,2,2,1,68.0
Lis,4,10,2,2,1,203.0
Gupta,4,10,2,2,1,119.0
Lars1,4,10,4,4,1,
Lars2,4,10,4,4,1,171.0
Lis,4,10,4,4,1,1432.0
Gupta,4,10,4,4,1,323.0
Lars1,4,1,2,2,1,61.0
Lars2,4,1,2,2,1,70.0
Lis,4,1,2,2,1,168.0
Gupta,4,1,2,2,1,108.0
Lars1,4,1,4,4,1,
Lars2,4,1,4,4,1,200.0
Lis,4,1,4,4,1,1644.0
Gupta,4,1,4,4,1,355.0
Lars1,4,20,2,2,1,70.0
Lars2,4,20,2,2,1,76.0
Lis,4,20,2,2,1,163.0
Gupta,4,20,2,2,1,125.0
Lars1,4,20,4,4,1,
Lars2,4,20,4,4,1,173.0
Lis,4,20,4,4,1,2043.0
Gupta,4,20,4,4,1,421.0
Lars1,4,2,2,2,1,49.0
Lars2,4,2,2,2,1,63.0
Lis,4,2,2,2,1,98.0
Gupta,4,2,2,2,1,78.0
Lars1,4,2,4,4,1,
Lars2,4,2,4,4,1,227.0
Lis,4,2,4,4,1,1754.0
Gupta,4,2,4,4,1,412.0
Lars1,4,3,2,2,1,61.0
Lars2,4,3,2,2,1,69.0
Lis,4,3,2,2,1,104.0
Gupta,4,3,2,2,1,92.0
Lars1,4,3,4,4,1,
Lars2,4,3,4,4,1,182.0
Lis,4,3,4,4,1,939.0
Gupta,4,3,4,4,1,296.0
Lars1,4,40,2,2,1,304.0
Lars2,4,40,2,2,1,90.0
Lis,4,40,2,2,1,270.0
Gupta,4,40,2,2,1,164.0
Lars1,4,40,4,4,1,
Lars2,4,40,4,4,1,215.0
Lis,4,40,4,4,1,2305.0
Gupta,4,40,4,4,1,430.0
Lars1,4,4,2,2,1,26.0
Lars2,4,4,2,2,1,55.0
Lis,4,4,2,2,1,109.0
Gupta,4,4,2,2,1,87.0
Lars1,4,4,4,4,1,
Lars2,4,4,4,4,1,182.0
Lis,4,4,4,4,1,1361.0
Gupta,4,4,4,4,1,297.0
Lars1,4,500,2,2,1,1102.0
Lars2,4,500,2,2,1,183.0
Lis,4,500,2,2,1,450.0
Gupta,4,500,2,2,1,367.0
Lars1,4,500,4,4,1,
Lars2,4,500,4,4,1,1539.0
Lis,4,500,4,4,1,10264.0
Gupta,4,500,4,4,1,2749.0
Lars1,4,5,2,2,1,114.0
Lars2,4,5,2,2,1,72.0
Lis,4,5,2,2,1,142.0
Gupta,4,5,2,2,1,112.0
Lars1,4,5,4,4,1,
Lars2,4,5,4,4,1,154.0
Lis,4,5,4,4,1,1062.0
Gupta,4,5,4,4,1,357.0
Lars1,4,60,2,2,1,4235.0
Lars2,4,60,2,2,1,1499.0
Lis,4,60,2,2,1,4208.0
Gupta,4,60,2,2,1,3485.0
Lars1,4,60,4,4,1,
Lis,4,60,4,4,1,59716.0
Lars1,4,6,2,2,1,895.0
Lars2,4,6,2,2,1,1115.0
Lis,4,6,2,2,1,2585.0
Gupta,4,6,2,2,1,1585.0
Lars1,4,6,4,4,1,
Lars2,4,6,4,4,1,267.0
Lis,4,6,4,4,1,35529.0
Gupta,4,6,4,4,1,452.0
Lars1,4,7,2,2,1,1296.0
Lars2,4,7,2,2,1,1190.0
Lis,4,7,2,2,1,2239.0
Gupta,4,7,2,2,1,1664.0
Lars1,4,7,4,4,1,
Lars2,4,7,4,4,1,2385.0
Lis,4,7,4,4,1,14044.0
Gupta,4,7,4,4,1,5201.0
Lars1,4,80,2,2,1,1685.0
Lars2,4,80,2,2,1,1520.0
Lis,4,80,2,2,1,4167.0
Gupta,4,80,2,2,1,2901.0
Lars1,4,80,4,4,1,
Lars2,4,80,4,4,1,4933.0
Lis,4,80,4,4,1,69350.0
Gupta,4,80,4,4,1,13025.0
Lars1,4,8,2,2,1,98.0
Lars2,4,8,2,2,1,70.0
Lis,4,8,2,2,1,207.0
Gupta,4,8,2,2,1,115.0
Lars1,4,8,4,4,1,
Lars2,4,8,4,4,1,171.0
Lis,4,8,4,4,1,1423.0
Gupta,4,8,4,4,1,380.0
Lars1,4,9,2,2,1,841.0
Lars2,4,9,2,2,1,1167.0
Lis,4,9,2,2,1,1857.0
Gupta,4,9,2,2,1,1558.0
Lars1,4,9,4,4,1,
Lars2,4,9,4,4,1,180.0
Lis,4,9,4,4,1,1917.0
Gupta,4,9,4,4,1,359.0
Lis,500,1000,10,10,1,
Lars1,500,1000,2,2,1,2519.0
Lars2,500,1000,2,2,1,77.0
Lis,500,1000,2,2,1,
Gupta,500,1000,2,2,1,
Lars1,500,1000,4,4,1,
Lars2,500,1000,4,4,1,3964.0
Lis,500,1000,4,4,1,
Gupta,500,1000,4,4,1,
Lis,500,1000,6,6,1,
Lis,500,1000,8,8,1,
Lis,500,100,10,10,1,
Lars1,500,100,2,2,1,
Lars2,500,100,2,2,1,73.0
Lis,500,100,2,2,1,
Gupta,500,100,2,2,1,36846.0
Lars1,500,100,4,4,1,
Lars2,500,100,4,4,1,4216.0
Lis,500,100,4,4,1,
Gupta,500,100,4,4,1,
Lars1,500,100,6,6,1,
Lars2,500,100,6,6,1,
Lis,500,100,6,6,1,
Gupta,500,100,6,6,1,
Lis,500,100,8,8,1,
Lis,500,10,10,10,1,
Lars1,500,10,2,2,1,318.0
Lars2,500,10,2,2,1,59.0
Lis,500,10,2,2,1,
Gupta,500,10,2,2,1,2491.0
Lars1,500,10,4,4,1,
Lars2,500,10,4,4,1,3912.0
Lis,500,10,4,4,1,
Gupta,500,10,4,4,1,28775.0
Lars1,500,10,6,6,1,
Lars2,500,10,6,6,1,
Lis,500,10,6,6,1,
Gupta,500,10,6,6,1,
Lis,500,10,8,8,1,
Lis,500,1,10,10,1,
Lars1,500,1,2,2,1,
Lars2,500,1,2,2,1,72.0
Lis,500,1,2,2,1,
Gupta,500,1,2,2,1,968.0
Lars1,500,1,4,4,1,
Lars2,500,1,4,4,1,4213.0
Lis,500,1,4,4,1,
Gupta,500,1,4,4,1,26081.0
Lars1,500,1,6,6,1,
Lars2,500,1,6,6,1,
Lis,500,1,6,6,1,
Gupta,500,1,6,6,1,
Lis,500,1,8,8,1,
Lis,500,20,10,10,1,
Lars1,500,20,2,2,1,
Lars2,500,20,2,2,1,1127.0
Lis,500,20,2,2,1,
Gupta,500,20,2,2,1,46323.0
Lars1,500,20,4,4,1,
Lars2,500,20,4,4,1,49039.0
Lis,500,20,4,4,1,
Gupta,500,20,4,4,1,
Lis,500,20,6,6,1,
Lis,500,20,8,8,1,
Lis,500,2,10,10,1,
Lars1,500,2,2,2,1,
Lars2,500,2,2,2,1,67.0
Lis,500,2,2,2,1,
Gupta,500,2,2,2,1,1177.0
Lars1,500,2,4,4,1,
Lars2,500,2,4,4,1,4854.0
Lis,500,2,4,4,1,
Gupta,500,2,4,4,1,27617.0
Lis,500,2,6,6,1,
Lis,500,2,8,8,1,
Lis,500,3,10,10,1,
Lars1,500,3,2,2,1,
Lars2,500,3,2,2,1,1365.0
Lis,500,3,2,2,1,
Gupta,500,3,2,2,1,22879.0
Lars1,500,3,4,4,1,
Lars2,500,3,4,4,1,50901.0
Lis,500,3,4,4,1,
Gupta,500,3,4,4,1,259218.0
Lis,500,3,6,6,1,
Lis,500,3,8,8,1,
Lis,500,40,10,10,1,
Lars1,500,40,2,2,1,
Lars2,500,40,2,2,1,1344.0
Lis,500,40,2,2,1,
Gupta,500,40,2,2,1,29336.0
Lars1,500,40,4,4,1,
Lars2,500,40,4,4,1,3890.0
Lis,500,40,4,4,1,
Gupta,500,40,4,4,1,
Lars1,500,40,6,6,1,
Lars2,500,40,6,6,1,
Lis,500,40,6,6,1,
Gupta,500,40,6,6,1,
Lis,500,40,8,8,1,
Lis,500,4,10,10,1,
Lars1,500,4,2,2,1,
Lars2,500,4,2,2,1,1270.0
Lis,500,4,2,2,1,
Gupta,500,4,2,2,1,33517.0
Lars1,500,4,4,4,1,
Lars2,500,4,4,4,1,45824.0
Lis,500,4,4,4,1,
Gupta,500,4,4,4,1,
Lars1,500,4,6,6,1,
Lars2,500,4,6,6,1,
Lis,500,4,6,6,1,
Gupta,500,4,6,6,1,
Lis,500,4,8,8,1,
Lis,500,500,10,10,1,
Lars1,500,500,2,2,1,
Lars2,500,500,2,2,1,74.0
Lis,500,500,2,2,1,
Gupta,500,500,2,2,1,
Lis,500,500,4,4,1,
Lis,500,500,6,6,1,
Lis,500,500,8,8,1,
Lars1,500,5,10,10,1,
Lars2,500,5,10,10,1,
Lis,500,5,10,10,1,
Gupta,500,5,10,10,1,
Lars1,500,5,2,2,1,
Lars2,500,5,2,2,1,1166.0
Lis,500,5,2,2,1,
Gupta,500,5,2,2,1,27683.0
Lars1,500,5,4,4,1,
Lars2,500,5,4,4,1,76457.0
Lis,500,5,4,4,1,
Gupta,500,5,4,4,1,
Lis,500,5,6,6,1,
Lars1,500,5,8,8,1,
Lars2,500,5,8,8,1,
Lis,500,5,8,8,1,
Gupta,500,5,8,8,1,
Lis,500,60,10,10,1,
Lars1,500,60,2,2,1,
Lars2,500,60,2,2,1,59.0
Lis,500,60,2,2,1,
Gupta,500,60,2,2,1,16584.0
Lars1,500,60,4,4,1,
Lars2,500,60,4,4,1,3551.0
Lis,500,60,4,4,1,
Gupta,500,60,4,4,1,
Lis,500,60,6,6,1,
Lis,500,60,8,8,1,
Lars1,500,6,10,10,1,
Lars2,500,6,10,10,1,
Lis,500,6,10,10,1,
Gupta,500,6,10,10,1,
Lars1,500,6,2,2,1,
Lars2,500,6,2,2,1,73.0
Lis,500,6,2,2,1,
Gupta,500,6,2,2,1,1470.0
Lars1,500,6,4,4,1,
Lars2,500,6,4,4,1,2337.0
Lis,500,6,4,4,1,
Gupta,500,6,4,4,1,19017.0
Lars1,500,6,6,6,1,
Lars2,500,6,6,6,1,
Lis,500,6,6,6,1,
Gupta,500,6,6,6,1,
Lis,500,6,8,8,1,
Lis,500,7,10,10,1,
Lars1,500,7,2,2,1,
Lars2,500,7,2,2,1,1186.0
Lis,500,7,2,2,1,
Gupta,500,7,2,2,1,29453.0
Lars1,500,7,4,4,1,
Lars2,500,7,4,4,1,95532.0
Lis,500,7,4,4,1,
Gupta,500,7,4,4,1,
Lars1,500,7,6,6,1,
Lars2,500,7,6,6,1,
Lis,500,7,6,6,1,
Gupta,500,7,6,6,1,
Lis,500,7,8,8,1,
Lis,500,80,10,10,1,
Lars1,500,80,2,2,1,
Lars2,500,80,2,2,1,1289.0
Lis,500,80,2,2,1,
Gupta,500,80,2,2,1,318130.0
Lis,500,80,4,4,1,
Lis,500,80,6,6,1,
Lis,500,80,8,8,1,
Lis,500,8,10,10,1,
Lars1,500,8,2,2,1,24.0
Lars2,500,8,2,2,1,26.0
Lis,500,8,2,2,1,
Gupta,500,8,2,2,1,1970.0
Lars1,500,8,4,4,1,
Lars2,500,8,4,4,1,1555.0
Lis,500,8,4,4,1,
Gupta,500,8,4,4,1,16621.0
Lars1,500,8,6,6,1,
Lars2,500,8,6,6,1,
Lis,500,8,6,6,1,
Gupta,500,8,6,6,1,
Lis,500,8,8,8,1,
Lis,500,9,10,10,1,
Lars1,500,9,2,2,1,
Lars2,500,9,2,2,1,64.0
Lis,500,9,2,2,1,
Gupta,500,9,2,2,1,1671.0
Lars1,500,9,4,4,1,
Lars2,500,9,4,4,1,3166.0
Lis,500,9,4,4,1,
Gupta,500,9,4,4,1,
Lis,500,9,6,6,1,
Lis,500,9,8,8,1,
Lars1,5,1000,2,2,1,3613.0
Lars2,5,1000,2,2,1,286.0
Lis,5,1000,2,2,1,1059.0
Gupta,5,1000,2,2,1,799.0
Lars1,5,1000,4,4,1,
Lars2,5,1000,4,4,1,1582.0
Lis,5,1000,4,4,1,27832.0
Gupta,5,1000,4,4,1,3444.0
Lars1,5,1000,6,6,1,
Lars2,5,1000,6,6,1,4318.0
Lis,5,1000,6,6,1,60518.0
Gupta,5,1000,6,6,1,
Lars1,5,100,2,2,1,288.0
Lars2,5,100,2,2,1,96.0
Lis,5,100,2,2,1,329.0
Gupta,5,100,2,2,1,168.0
Lars1,5,100,4,4,1,
Lars2,5,100,4,4,1,317.0
Lis,5,100,4,4,1,18970.0
Gupta,5,100,4,4,1,946.0
Lars1,5,100,6,6,1,
Lars2,5,100,6,6,1,826.0
Lis,5,100,6,6,1,33732.0
Gupta,5,100,6,6,1,2934.0
Lars1,5,10,2,2,1,101.0
Lars2,5,10,2,2,1,61.0
Lis,5,10,2,2,1,186.0
Gupta,5,10,2,2,1,114.0
Lars1,5,10,4,4,1,
Lars2,5,10,4,4,1,154.0
Lis,5,10,4,4,1,3339.0
Gupta,5,10,4,4,1,365.0
Lars1,5,10,6,6,1,
Lars2,5,10,6,6,1,535.0
Lis,5,10,6,6,1,11308.0
Gupta,5,10,6,6,1,1510.0
Lars1,5,1,2,2,1,130.0
Lars2,5,1,2,2,1,71.0
Lis,5,1,2,2,1,221.0
Gupta,5,1,2,2,1,119.0
Lars1,5,1,4,4,1,
Lars2,5,1,4,4,1,127.0
Lis,5,1,4,4,1,708.0
Gupta,5,1,4,4,1,230.0
Lars1,5,1,6,6,1,
Lars2,5,1,6,6,1,467.0
Lis,5,1,6,6,1,12050.0
Gupta,5,1,6,6,1,1268.0
Lars1,5,20,2,2,1,90.0
Lars2,5,20,2,2,1,74.0
Lis,5,20,2,2,1,189.0
Gupta,5,20,2,2,1,120.0
Lars1,5,20,4,4,1,
Lars2,5,20,4,4,1,209.0
Lis,5,20,4,4,1,7975.0
Gupta,5,20,4,4,1,476.0
Lars1,5,20,6,6,1,
Lars2,5,20,6,6,1,583.0
Lis,5,20,6,6,1,16972.0
Gupta,5,20,6,6,1,1828.0
Lars1,5,2,2,2,1,544.0
Lars2,5,2,2,2,1,1043.0
Lis,5,2,2,2,1,2083.0
Gupta,5,2,2,2,1,1343.0
Lars1,5,2,4,4,1,
Lars2,5,2,4,4,1,3831.0
Lis,5,2,4,4,1,58908.0
Gupta,5,2,4,4,1,7913.0
Lars1,5,2,6,6,1,
Lars2,5,2,6,6,1,8134.0
Lis,5,2,6,6,1,171812.0
Gupta,5,2,6,6,1,19664.0
Lars1,5,3,2,2,1,721.0
Lars2,5,3,2,2,1,1165.0
Lis,5,3,2,2,1,1689.0
Gupta,5,3,2,2,1,1493.0
Lars1,5,3,4,4,1,
Lars2,5,3,4,4,1,208.0
Lis,5,3,4,4,1,60332.0
Gupta,5,3,4,4,1,417.0
Lars1,5,3,6,6,1,
Lars2,5,3,6,6,1,9614.0
Lis,5,3,6,6,1,275507.0
Gupta,5,3,6,6,1,25078.0
Lars1,5,40,2,2,1,2137.0
Lars2,5,40,2,2,1,1322.0
Lis,5,40,2,2,1,5415.0
Gupta,5,40,2,2,1,2521.0
Lars1,5,40,4,4,1,
Lars2,5,40,4,4,1,3634.0
Lis,5,40,4,4,1,112099.0
Gupta,5,40,4,4,1,10411.0
Lars1,5,40,6,6,1,
Lars2,5,40,6,6,1,9284.0
Lis,5,40,6,6,1,336163.0
Gupta,5,40,6,6,1,35460.0
Lars1,5,4,2,2,1,1068.0
Lars2,5,4,2,2,1,1250.0
Lis,5,4,2,2,1,2424.0
Gupta,5,4,2,2,1,1579.0
Lars1,5,4,4,4,1,
Lars2,5,4,4,4,1,2398.0
Lis,5,4,4,4,1,32134.0
Gupta,5,4,4,4,1,6462.0
Lars1,5,4,6,6,1,
Lars2,5,4,6,6,1,7365.0
Lis,5,4,6,6,1,154213.0
Gupta,5,4,6,6,1,20778.0
Lars1,5,500,2,2,1,9517.0
Lars2,5,500,2,2,1,3731.0
Lis,5,500,2,2,1,15676.0
Gupta,5,500,2,2,1,9919.0
Lars1,5,500,4,4,1,
Lars2,5,500,4,4,1,1965.0
Lis,5,500,4,4,1,49103.0
Gupta,5,500,4,4,1,3771.0
Lars1,5,500,6,6,1,
Lars2,5,500,6,6,1,5011.0
Lis,5,500,6,6,1,66228.0
Gupta,5,500,6,6,1,11761.0
Lars1,5,5,2,2,1,74.0
Lars2,5,5,2,2,1,72.0
Lis,5,5,2,2,1,200.0
Gupta,5,5,2,2,1,101.0
Lars1,5,5,4,4,1,
Lars2,5,5,4,4,1,178.0
Lis,5,5,4,4,1,2496.0
Gupta,5,5,4,4,1,349.0
Lars1,5,5,6,6,1,
Lars2,5,5,6,6,1,535.0
Lis,5,5,6,6,1,14836.0
Gupta,5,5,6,6,1,1483.0
Lars1,5,60,2,2,1,256.0
Lars2,5,60,2,2,1,139.0
Lis,5,60,2,2,1,331.0
Gupta,5,60,2,2,1,142.0
Lars1,5,60,4,4,1,
Lis,5,60,4,4,1,12233.0
Lars1,5,60,6,6,1,
Lars2,5,60,6,6,1,537.0
Lis,5,60,6,6,1,31597.0
Gupta,5,60,6,6,1,2830.0
Lars1,5,6,2,2,1,52.0
Lars2,5,6,2,2,1,85.0
Lis,5,6,2,2,1,133.0
Gupta,5,6,2,2,1,104.0
Lars1,5,6,4,4,1,
Lars2,5,6,4,4,1,257.0
Lis,5,6,4,4,1,3660.0
Gupta,5,6,4,4,1,395.0
Lars1,5,6,6,6,1,
Lars2,5,6,6,6,1,434.0
Lis,5,6,6,6,1,9116.0
Gupta,5,6,6,6,1,1144.0
Lars1,5,7,2,2,1,90.0
Lars2,5,7,2,2,1,96.0
Lis,5,7,2,2,1,204.0
Gupta,5,7,2,2,1,112.0
Lars1,5,7,4,4,1,
Lars2,5,7,4,4,1,3448.0
Lis,5,7,4,4,1,54885.0
Gupta,5,7,4,4,1,7849.0
Lars1,5,7,6,6,1,
Lars2,5,7,6,6,1,7049.0
Lis,5,7,6,6,1,171495.0
Gupta,5,7,6,6,1,21042.0
Lars1,5,80,2,2,1,4705.0
Lars2,5,80,2,2,1,1716.0
Lis,5,80,2,2,1,5762.0
Gupta,5,80,2,2,1,3271.0
Lars1,5,80,4,4,1,
Lars2,5,80,4,4,1,5136.0
Lis,5,80,4,4,1,245800.0
Gupta,5,80,4,4,1,17146.0
Lars1,5,80,6,6,1,
Lars2,5,80,6,6,1,11886.0
Lis,5,80,6,6,1,513869.0
Gupta,5,80,6,6,1,44309.0
Lars1,5,8,2,2,1,57.0
Lars2,5,8,2,2,1,70.0
Lis,5,8,2,2,1,205.0
Gupta,5,8,2,2,1,95.0
Lars1,5,8,4,4,1,
Lars2,5,8,4,4,1,2248.0
Lis,5,8,4,4,1,34884.0
Gupta,5,8,4,4,1,6296.0
Lars1,5,8,6,6,1,
Lars2,5,8,6,6,1,7133.0
Lis,5,8,6,6,1,165723.0
Gupta,5,8,6,6,1,21519.0
Lars1,5,9,2,2,1,106.0
Lars2,5,9,2,2,1,68.0
Lis,5,9,2,2,1,196.0
Gupta,5,9,2,2,1,123.0
Lars1,5,9,4,4,1,
Lars2,5,9,4,4,1,156.0
Lis,5,9,4,4,1,2661.0
Gupta,5,9,4,4,1,347.0
Lars1,5,9,6,6,1,
Lars2,5,9,6,6,1,366.0
Lis,5,9,6,6,1,10309.0
Gupta,5,9,6,6,1,1206.0
Lis,60,1000,10,10,1,
Lars1,60,1000,2,2,1,5589.0
Lars2,60,1000,2,2,1,98.0
Lis,60,1000,2,2,1,6802620.0
Gupta,60,1000,2,2,1,13632.0
Lis,60,1000,4,4,1,
Lis,60,1000,6,6,1,
Lis,60,1000,8,8,1,
Lis,60,100,10,10,1,
Lars1,60,100,2,2,1,112.0
Lars2,60,100,2,2,1,70.0
Lis,60,100,2,2,1,369216.0
Gupta,60,100,2,2,1,1523.0
Lis,60,100,4,4,1,
Lis,60,100,6,6,1,
Lis,60,100,8,8,1,
Lis,60,10,10,10,1,
Lars1,60,10,2,2,1,175.0
Lars2,60,10,2,2,1,82.0
Lis,60,10,2,2,1,16219.0
Gupta,60,10,2,2,1,473.0
Lars1,60,10,4,4,1,
Lars2,60,10,4,4,1,747.0
Lis,60,10,4,4,1,3811000.0
Gupta,60,10,4,4,1,3056.0
Lis,60,10,6,6,1,
Lis,60,10,8,8,1,
Lis,60,1,10,10,1,
Lars1,60,1,2,2,1,128.0
Lars2,60,1,2,2,1,74.0
Lis,60,1,2,2,1,5375.0
Gupta,60,1,2,2,1,306.0
Lars1,60,1,4,4,1,
Lars2,60,1,4,4,1,765.0
Lis,60,1,4,4,1,4505286.0
Gupta,60,1,4,4,1,2401.0
Lis,60,1,6,6,1,
Lis,60,1,8,8,1,
Lis,60,20,10,10,1,
Lars1,60,20,2,2,1,2017.0
Lars2,60,20,2,2,1,1234.0
Lis,60,20,2,2,1,429207.0
Gupta,60,20,2,2,1,8432.0
Lars1,60,20,4,4,1,
Lars2,60,20,4,4,1,1094.0
Lis,60,20,4,4,1,12011189.0
Gupta,60,20,4,4,1,4909.0
Lis,60,20,6,6,1,
Lis,60,20,8,8,1,
Lis,60,2,10,10,1,
Lars1,60,2,2,2,1,1263.0
Lars2,60,2,2,2,1,1181.0
Lis,60,2,2,2,1,70523.0
Gupta,60,2,2,2,1,4889.0
Lars1,60,2,4,4,1,
Lars2,60,2,4,4,1,717.0
Lis,60,2,4,4,1,3107371.0
Gupta,60,2,4,4,1,2644.0
Lis,60,2,6,6,1,
Lis,60,2,8,8,1,
Lis,60,3,10,10,1,
Lars1,60,3,2,2,1,72.0
Lars2,60,3,2,2,1,68.0
Lis,60,3,2,2,1,5351.0
Gupta,60,3,2,2,1,300.0
Lars1,60,3,4,4,1,
Lars2,60,3,4,4,1,621.0
Lis,60,3,4,4,1,2614599.0
Gupta,60,3,4,4,1,2289.0
Lis,60,3,6,6,1,
Lis,60,3,8,8,1,
Lis,60,40,10,10,1,
Lars1,60,40,2,2,1,94.0
Lars2,60,40,2,2,1,69.0
Lis,60,40,2,2,1,61321.0
Gupta,60,40,2,2,1,701.0
Lis,60,40,4,4,1,
Lis,60,40,6,6,1,
Lis,60,40,8,8,1,
Lis,60,4,10,10,1,
Lars1,60,4,2,2,1,87.0
Lars2,60,4,2,2,1,72.0
Lis,60,4,2,2,1,9531.0
Gupta,60,4,2,2,1,334.0
Lars1,60,4,4,4,1,
Lars2,60,4,4,4,1,797.0
Lis,60,4,4,4,1,4105274.0
Gupta,60,4,4,4,1,3116.0
Lis,60,4,6,6,1,
Lis,60,4,8,8,1,
Lis,60,500,10,10,1,
Lars1,60,500,2,2,1,410.0
Lars2,60,500,2,2,1,98.0
Lis,60,500,2,2,1,5030885.0
Gupta,60,500,2,2,1,5836.0
Lis,60,500,4,4,1,
Lis,60,500,6,6,1,
Lis,60,500,8,8,1,
Lis,60,5,10,10,1,
Lars1,60,5,2,2,1,136.0
Lars2,60,5,2,2,1,82.0
Lis,60,5,2,2,1,9870.0
Gupta,60,5,2,2,1,383.0
Lars1,60,5,4,4,1,
Lars2,60,5,4,4,1,915.0
Lis,60,5,4,4,1,3641560.0
Gupta,60,5,4,4,1,3020.0
Lis,60,5,6,6,1,
Lis,60,5,8,8,1,
Lis,60,60,10,10,1,
Lars1,60,60,2,2,1,73.0
Lars2,60,60,2,2,1,59.0
Lis,60,60,2,2,1,604339.0
Gupta,60,60,2,2,1,1375.0
Lis,60,60,4,4,1,
Lis,60,60,6,6,1,
Lis,60,60,8,8,1,
Lis,60,6,10,10,1,
Lars1,60,6,2,2,1,64.0
Lars2,60,6,2,2,1,68.0
Lis,60,6,2,2,1,7981.0
Gupta,60,6,2,2,1,336.0
Lars1,60,6,4,4,1,
Lars2,60,6,4,4,1,834.0
Lis,60,6,4,4,1,4944982.0
Gupta,60,6,4,4,1,2700.0
Lis,60,6,6,6,1,
Lis,60,6,8,8,1,
Lis,60,7,10,10,1,
Lars1,60,7,2,2,1,39.0
Lars2,60,7,2,2,1,54.0
Lis,60,7,2,2,1,6870.0
Gupta,60,7,2,2,1,316.0
Lars1,60,7,4,4,1,
Lars2,60,7,4,4,1,689.0
Lis,60,7,4,4,1,2727551.0
Gupta,60,7,4,4,1,3144.0
Lis,60,7,6,6,1,
Lis,60,7,8,8,1,
Lis,60,80,10,10,1,
Lars1,60,80,2,2,1,178.0
Lars2,60,80,2,2,1,130.0
Lis,60,80,2,2,1,735248.0
Gupta,60,80,2,2,1,1352.0
Lis,60,80,4,4,1,
Lis,60,80,6,6,1,
Lis,60,80,8,8,1,
Lis,60,8,10,10,1,
Lars1,60,8,2,2,1,63.0
Lars2,60,8,2,2,1,68.0
Lis,60,8,2,2,1,9818.0
Gupta,60,8,2,2,1,363.0
Lars1,60,8,4,4,1,
Lars2,60,8,4,4,1,1133.0
Lis,60,8,4,4,1,6233805.0
Gupta,60,8,4,4,1,4295.0
Lis,60,8,6,6,1,
Lis,60,8,8,8,1,
Lis,60,9,10,10,1,
Lars1,60,9,2,2,1,280.0
Lars2,60,9,2,2,1,89.0
Lis,60,9,2,2,1,15640.0
Gupta,60,9,2,2,1,365.0
Lars1,60,9,4,4,1,
Lars2,60,9,4,4,1,781.0
Lis,60,9,4,4,1,3809657.0
Gupta,60,9,4,4,1,3300.0
Lis,60,9,6,6,1,
Lis,60,9,8,8,1,
Lars1,6,1000,2,2,1,2484.0
Lars2,6,1000,2,2,1,121.0
Lis,6,1000,2,2,1,2178.0
Gupta,6,1000,2,2,1,1225.0
Lars1,6,1000,4,4,1,
Lars2,6,1000,4,4,1,985.0
Lis,6,1000,4,4,1,85727.0
Gupta,6,1000,4,4,1,4640.0
Lars1,6,1000,6,6,1,
Lars2,6,1000,6,6,1,
Lis,6,1000,6,6,1,197333.0
Gupta,6,1000,6,6,1,
Lars1,6,100,2,2,1,107.0
Lars2,6,100,2,2,1,65.0
Lis,6,100,2,2,1,533.0
Gupta,6,100,2,2,1,190.0
Lars1,6,100,4,4,1,
Lars2,6,100,4,4,1,245.0
Lis,6,100,4,4,1,25361.0
Gupta,6,100,4,4,1,911.0
Lars1,6,100,6,6,1,
Lars2,6,100,6,6,1,856.0
Lis,6,100,6,6,1,82736.0
Gupta,6,100,6,6,1,3564.0
Lars1,6,10,2,2,1,48.0
Lars2,6,10,2,2,1,63.0
Lis,6,10,2,2,1,251.0
Gupta,6,10,2,2,1,127.0
Lars1,6,10,4,4,1,
Lars2,6,10,4,4,1,193.0
Lis,6,10,4,4,1,4979.0
Gupta,6,10,4,4,1,453.0
Lars1,6,10,6,6,1,
Lars2,6,10,6,6,1,636.0
Lis,6,10,6,6,1,28937.0
Gupta,6,10,6,6,1,1719.0
Lars1,6,1,2,2,1,47.0
Lars2,6,1,2,2,1,61.0
Lis,6,1,2,2,1,149.0
Gupta,6,1,2,2,1,81.0
Lars1,6,1,4,4,1,
Lars2,6,1,4,4,1,179.0
Lis,6,1,4,4,1,2798.0
Gupta,6,1,4,4,1,359.0
Lars1,6,1,6,6,1,
Lars2,6,1,6,6,1,508.0
Lis,6,1,6,6,1,20160.0
Gupta,6,1,6,6,1,1396.0
Lars1,6,20,2,2,1,112.0
Lars2,6,20,2,2,1,63.0
Lis,6,20,2,2,1,399.0
Gupta,6,20,2,2,1,147.0
Lars1,6,20,4,4,1,
Lars2,6,20,4,4,1,167.0
Lis,6,20,4,4,1,8444.0
Gupta,6,20,4,4,1,435.0
Lars1,6,20,6,6,1,
Lars2,6,20,6,6,1,490.0
Lis,6,20,6,6,1,29807.0
Gupta,6,20,6,6,1,1757.0
Lars1,6,2,2,2,1,59.0
Lars2,6,2,2,2,1,60.0
Lis,6,2,2,2,1,192.0
Gupta,6,2,2,2,1,111.0
Lars1,6,2,4,4,1,
Lars2,6,2,4,4,1,182.0
Lis,6,2,4,4,1,5872.0
Gupta,6,2,4,4,1,334.0
Lars1,6,2,6,6,1,
Lars2,6,2,6,6,1,493.0
Lis,6,2,6,6,1,19685.0
Gupta,6,2,6,6,1,1568.0
Lars1,6,3,2,2,1,40.0
Lars2,6,3,2,2,1,50.0
Lis,6,3,2,2,1,134.0
Gupta,6,3,2,2,1,87.0
Lars1,6,3,4,4,1,
Lars2,6,3,4,4,1,230.0
Lis,6,3,4,4,1,5616.0
Gupta,6,3,4,4,1,459.0
Lars1,6,3,6,6,1,
Lars2,6,3,6,6,1,693.0
Lis,6,3,6,6,1,30852.0
Gupta,6,3,6,6,1,1621.0
Lars1,6,40,2,2,1,341.0
Lars2,6,40,2,2,1,70.0
Lis,6,40,2,2,1,620.0
Gupta,6,40,2,2,1,177.0
Lars1,6,40,4,4,1,
Lars2,6,40,4,4,1,223.0
Lis,6,40,4,4,1,13301.0
Gupta,6,40,4,4,1,562.0
Lars1,6,40,6,6,1,
Lars2,6,40,6,6,1,637.0
Lis,6,40,6,6,1,43483.0
Gupta,6,40,6,6,1,2364.0
Lars1,6,4,2,2,1,62.0
Lars2,6,4,2,2,1,58.0
Lis,6,4,2,2,1,113.0
Gupta,6,4,2,2,1,75.0
Lars1,6,4,4,4,1,
Lars2,6,4,4,4,1,228.0
Lis,6,4,4,4,1,7292.0
Gupta,6,4,4,4,1,412.0
Lars1,6,4,6,6,1,
Lars2,6,4,6,6,1,750.0
Lis,6,4,6,6,1,27391.0
Gupta,6,4,6,6,1,1696.0
Lars1,6,500,2,2,1,759.0
Lars2,6,500,2,2,1,252.0
Lis,6,500,2,2,1,1120.0
Gupta,6,500,2,2,1,652.0
Lars1,6,500,4,4,1,
Lars2,6,500,4,4,1,900.0
Lis,6,500,4,4,1,110805.0
Gupta,6,500,4,4,1,4139.0
Lars1,6,500,6,6,1,
Lars2,6,500,6,6,1,3094.0
Lis,6,500,6,6,1,120790.0
Gupta,6,500,6,6,1,7553.0
Lars1,6,5,2,2,1,50.0
Lars2,6,5,2,2,1,55.0
Lis,6,5,2,2,1,216.0
Gupta,6,5,2,2,1,88.0
Lars1,6,5,4,4,1,
Lars2,6,5,4,4,1,190.0
Lis,6,5,4,4,1,4078.0
Gupta,6,5,4,4,1,419.0
Lars1,6,5,6,6,1,
Lars2,6,5,6,6,1,468.0
Lis,6,5,6,6,1,13432.0
Gupta,6,5,6,6,1,1285.0
Lars1,6,60,2,2,1,231.0
Lars2,6,60,2,2,1,73.0
Lis,6,60,2,2,1,419.0
Gupta,6,60,2,2,1,206.0
Lars1,6,60,4,4,1,
Lars2,6,60,4,4,1,182.0
Lis,6,60,4,4,1,20006.0
Gupta,6,60,4,4,1,841.0
Lars1,6,60,6,6,1,
Lars2,6,60,6,6,1,444.0
Lis,6,60,6,6,1,80700.0
Gupta,6,60,6,6,1,3767.0
Lars1,6,6,2,2,1,62.0
Lars2,6,6,2,2,1,71.0
Lis,6,6,2,2,1,239.0
Gupta,6,6,2,2,1,112.0
Lars1,6,6,4,4,1,
Lars2,6,6,4,4,1,234.0
Lis,6,6,4,4,1,6045.0
Gupta,6,6,4,4,1,342.0
Lars1,6,6,6,6,1,
Lars2,6,6,6,6,1,675.0
Lis,6,6,6,6,1,30557.0
Gupta,6,6,6,6,1,1853.0
Lars1,6,7,2,2,1,54.0
Lars2,6,7,2,2,1,61.0
Lis,6,7,2,2,1,196.0
Gupta,6,7,2,2,1,116.0
Lars1,6,7,4,4,1,
Lars2,6,7,4,4,1,204.0
Lis,6,7,4,4,1,4469.0
Gupta,6,7,4,4,1,425.0
Lars1,6,7,6,6,1,
Lars2,6,7,6,6,1,605.0
Lis,6,7,6,6,1,21404.0
Gupta,6,7,6,6,1,1773.0
Lars1,6,80,2,2,1,302.0
Lars2,6,80,2,2,1,129.0
Lis,6,80,2,2,1,467.0
Gupta,6,80,2,2,1,208.0
Lars1,6,80,4,4,1,
Lars2,6,80,4,4,1,315.0
Lis,6,80,4,4,1,24522.0
Gupta,6,80,4,4,1,864.0
Lars1,6,80,6,6,1,
Lars2,6,80,6,6,1,681.0
Lis,6,80,6,6,1,66550.0
Gupta,6,80,6,6,1,4072.0
Lars1,6,8,2,2,1,147.0
Lars2,6,8,2,2,1,69.0
Lis,6,8,2,2,1,238.0
Gupta,6,8,2,2,1,114.0
Lars1,6,8,4,4,1,
Lars2,6,8,4,4,1,191.0
Lis,6,8,4,4,1,3092.0
Gupta,6,8,4,4,1,325.0
Lars1,6,8,6,6,1,
Lars2,6,8,6,6,1,773.0
Lis,6,8,6,6,1,41344.0
Gupta,6,8,6,6,1,2113.0
Lars1,6,9,2,2,1,98.0
Lars2,6,9,2,2,1,72.0
Lis,6,9,2,2,1,235.0
Gupta,6,9,2,2,1,129.0
Lars1,6,9,4,4,1,
Lars2,6,9,4,4,1,222.0
Lis,6,9,4,4,1,8660.0
Gupta,6,9,4,4,1,526.0
Lars1,6,9,6,6,1,
Lars2,6,9,6,6,1,522.0
Lis,6,9,6,6,1,23781.0
Gupta,6,9,6,6,1,1729.0
Lars1,7,1000,2,2,1,338.0
Lars2,7,1000,2,2,1,91.0
Lis,7,1000,2,2,1,2160.0
Gupta,7,1000,2,2,1,784.0
Lars1,7,1000,4,4,1,
Lars2,7,1000,4,4,1,960.0
Lis,7,1000,4,4,1,217517.0
Gupta,7,1000,4,4,1,9644.0
Lars1,7,1000,6,6,1,
Lars2,7,1000,6,6,1,
Lis,7,1000,6,6,1,495838.0
Gupta,7,1000,6,6,1,
Lars1,7,1000,8,8,1,
Lars2,7,1000,8,8,1,
Lis,7,1000,8,8,1,1116385.0
Gupta,7,1000,8,8,1,
Lars1,7,100,2,2,1,266.0
Lars2,7,100,2,2,1,79.0
Lis,7,100,2,2,1,685.0
Gupta,7,100,2,2,1,266.0
Lars1,7,100,4,4,1,
Lars2,7,100,4,4,1,283.0
Lis,7,100,4,4,1,37602.0
Gupta,7,100,4,4,1,1575.0
Lars1,7,100,6,6,1,
Lars2,7,100,6,6,1,660.0
Lis,7,100,6,6,1,108313.0
Gupta,7,100,6,6,1,3739.0
Lars1,7,100,8,8,1,
Lars2,7,100,8,8,1,1755.0
Lis,7,100,8,8,1,284892.0
Gupta,7,100,8,8,1,13657.0
Lars1,7,10,2,2,1,49.0
Lars2,7,10,2,2,1,55.0
Lis,7,10,2,2,1,240.0
Gupta,7,10,2,2,1,114.0
Lars1,7,10,4,4,1,18098.0
Lars2,7,10,4,4,1,70.0
Lis,7,10,4,4,1,2855.0
Gupta,7,10,4,4,1,367.0
Lars1,7,10,6,6,1,
Lars2,7,10,6,6,1,741.0
Lis,7,10,6,6,1,59774.0
Gupta,7,10,6,6,1,2009.0
Lars1,7,10,8,8,1,
Lars2,7,10,8,8,1,1379.0
Lis,7,10,8,8,1,91016.0
Gupta,7,10,8,8,1,4298.0
Lars1,7,1,2,2,1,157.0
Lars2,7,1,2,2,1,61.0
Lis,7,1,2,2,1,161.0
Gupta,7,1,2,2,1,101.0
Lars1,7,1,4,4,1,
Lars2,7,1,4,4,1,174.0
Lis,7,1,4,4,1,6577.0
Gupta,7,1,4,4,1,421.0
Lars1,7,1,6,6,1,
Lars2,7,1,6,6,1,761.0
Lis,7,1,6,6,1,51991.0
Gupta,7,1,6,6,1,2040.0
Lars1,7,1,8,8,1,
Lars2,7,1,8,8,1,1377.0
Lis,7,1,8,8,1,96819.0
Gupta,7,1,8,8,1,3754.0
Lars1,7,20,2,2,1,55.0
Lars2,7,20,2,2,1,66.0
Lis,7,20,2,2,1,443.0
Gupta,7,20,2,2,1,159.0
Lars1,7,20,4,4,1,
Lars2,7,20,4,4,1,202.0
Lis,7,20,4,4,1,16277.0
Gupta,7,20,4,4,1,774.0
Lars1,7,20,6,6,1,
Lars2,7,20,6,6,1,798.0
Lis,7,20,6,6,1,50935.0
Gupta,7,20,6,6,1,2640.0
Lars1,7,20,8,8,1,
Lars2,7,20,8,8,1,1141.0
Lis,7,20,8,8,1,159818.0
Gupta,7,20,8,8,1,5192.0
Lars1,7,2,2,2,1,35.0
Lars2,7,2,2,2,1,61.0
Lis,7,2,2,2,1,128.0
Gupta,7,2,2,2,1,87.0
Lars1,7,2,4,4,1,
Lars2,7,2,4,4,1,277.0
Lis,7,2,4,4,1,10710.0
Gupta,7,2,4,4,1,582.0
Lars1,7,2,6,6,1,
Lars2,7,2,6,6,1,993.0
Lis,7,2,6,6,1,74511.0
Gupta,7,2,6,6,1,2268.0
Lars1,7,2,8,8,1,
Lars2,7,2,8,8,1,2091.0
Lis,7,2,8,8,1,131197.0
Gupta,7,2,8,8,1,6110.0
Lars1,7,3,2,2,1,104.0
Lars2,7,3,2,2,1,70.0
Lis,7,3,2,2,1,317.0
Gupta,7,3,2,2,1,138.0
Lars1,7,3,4,4,1,
Lars2,7,3,4,4,1,189.0
Lis,7,3,4,4,1,4986.0
Gupta,7,3,4,4,1,377.0
Lars1,7,3,6,6,1,
Lars2,7,3,6,6,1,825.0
Lis,7,3,6,6,1,55127.0
Gupta,7,3,6,6,1,2063.0
Lars1,7,3,8,8,1,
Lars2,7,3,8,8,1,1524.0
Lis,7,3,8,8,1,106920.0
Gupta,7,3,8,8,1,3669.0
Lars1,7,40,2,2,1,215.0
Lars2,7,40,2,2,1,71.0
Lis,7,40,2,2,1,386.0
Gupta,7,40,2,2,1,156.0
Lars1,7,40,4,4,1,
Lis,7,40,4,4,1,34368.0
Lars1,7,40,6,6,1,
Lars2,7,40,6,6,1,689.0
Lis,7,40,6,6,1,82875.0
Gupta,7,40,6,6,1,3329.0
Lars1,7,40,8,8,1,
Lars2,7,40,8,8,1,2371.0
Lis,7,40,8,8,1,236089.0
Gupta,7,40,8,8,1,6735.0
Lars1,7,4,2,2,1,88.0
Lars2,7,4,2,2,1,63.0
Lis,7,4,2,2,1,247.0
Gupta,7,4,2,2,1,92.0
Lars1,7,4,4,4,1,
Lars2,7,4,4,4,1,242.0
Lis,7,4,4,4,1,13179.0
Gupta,7,4,4,4,1,549.0
Lars1,7,4,6,6,1,
Lars2,7,4,6,6,1,534.0
Lis,7,4,6,6,1,32183.0
Gupta,7,4,6,6,1,1724.0
Lars1,7,4,8,8,1,
Lars2,7,4,8,8,1,1402.0
Lis,7,4,8,8,1,103190.0
Gupta,7,4,8,8,1,3961.0
Lars1,7,500,2,2,1,1568.0
Lars2,7,500,2,2,1,228.0
Lis,7,500,2,2,1,1370.0
Gupta,7,500,2,2,1,671.0
Lars1,7,500,4,4,1,
Lars2,7,500,4,4,1,1042.0
Lis,7,500,4,4,1,73945.0
Gupta,7,500,4,4,1,3048.0
Lars1,7,500,6,6,1,
Lars2,7,500,6,6,1,2537.0
Lis,7,500,6,6,1,451885.0
Gupta,7,500,6,6,1,
Lars1,7,500,8,8,1,
Lars2,7,500,8,8,1,
Lis,7,500,8,8,1,621935.0
Gupta,7,500,8,8,1,
Lars1,7,5,2,2,1,152.0
Lars2,7,5,2,2,1,88.0
Lis,7,5,2,2,1,301.0
Gupta,7,5,2,2,1,137.0
Lars1,7,5,4,4,1,
Lars2,7,5,4,4,1,223.0
Lis,7,5,4,4,1,7209.0
Gupta,7,5,4,4,1,562.0
Lars1,7,5,6,6,1,
Lars2,7,5,6,6,1,960.0
Lis,7,5,6,6,1,52438.0
Gupta,7,5,6,6,1,2505.0
Lars1,7,5,8,8,1,
Lars2,7,5,8,8,1,1602.0
Lis,7,5,8,8,1,131805.0
Gupta,7,5,8,8,1,4898.0
Lars1,7,60,2,2,1,131.0
Lars2,7,60,2,2,1,86.0
Lis,7,60,2,2,1,653.0
Gupta,7,60,2,2,1,233.0
Lars1,7,60,4,4,1,
Lars2,7,60,4,4,1,284.0
Lis,7,60,4,4,1,30500.0
Gupta,7,60,4,4,1,1069.0
Lars1,7,60,6,6,1,
Lars2,7,60,6,6,1,821.0
Lis,7,60,6,6,1,143023.0
Gupta,7,60,6,6,1,3793.0
Lars1,7,60,8,8,1,
Lars2,7,60,8,8,1,1623.0
Lis,7,60,8,8,1,286767.0
Gupta,7,60,8,8,1,10026.0
Lars1,7,6,2,2,1,128.0
Lars2,7,6,2,2,1,72.0
Lis,7,6,2,2,1,331.0
Gupta,7,6,2,2,1,127.0
Lars1,7,6,4,4,1,
Lars2,7,6,4,4,1,217.0
Lis,7,6,4,4,1,5400.0
Gupta,7,6,4,4,1,508.0
Lars1,7,6,6,6,1,
Lars2,7,6,6,6,1,645.0
Lis,7,6,6,6,1,55848.0
Gupta,7,6,6,6,1,1940.0
Lars1,7,6,8,8,1,
Lars2,7,6,8,8,1,1419.0
Lis,7,6,8,8,1,111242.0
Gupta,7,6,8,8,1,4236.0
Lars1,7,7,2,2,1,51.0
Lars2,7,7,2,2,1,57.0
Lis,7,7,2,2,1,209.0
Gupta,7,7,2,2,1,99.0
Lars1,7,7,4,4,1,
Lars2,7,7,4,4,1,230.0
Lis,7,7,4,4,1,10368.0
Gupta,7,7,4,4,1,546.0
Lars1,7,7,6,6,1,
Lars2,7,7,6,6,1,815.0
Lis,7,7,6,6,1,70602.0
Gupta,7,7,6,6,1,1955.0
Lars1,7,7,8,8,1,
Lars2,7,7,8,8,1,2055.0
Lis,7,7,8,8,1,157409.0
Gupta,7,7,8,8,1,5340.0
Lars1,7,80,2,2,1,2632.0
Lars2,7,80,2,2,1,93.0
Lis,7,80,2,2,1,1054.0
Gupta,7,80,2,2,1,351.0
Lars1,7,80,4,4,1,
Lars2,7,80,4,4,1,229.0
Lis,7,80,4,4,1,45910.0
Gupta,7,80,4,4,1,1407.0
Lars1,7,80,6,6,1,
Lars2,7,80,6,6,1,778.0
Lis,7,80,6,6,1,155521.0
Gupta,7,80,6,6,1,3592.0
Lars1,7,80,8,8,1,
Lars2,7,80,8,8,1,1999.0
Lis,7,80,8,8,1,291939.0
Gupta,7,80,8,8,1,9825.0
Lars1,7,8,2,2,1,65.0
Lars2,7,8,2,2,1,69.0
Lis,7,8,2,2,1,227.0
Gupta,7,8,2,2,1,115.0
Lars1,7,8,4,4,1,
Lars2,7,8,4,4,1,233.0
Lis,7,8,4,4,1,8877.0
Gupta,7,8,4,4,1,634.0
Lars1,7,8,6,6,1,
Lars2,7,8,6,6,1,789.0
Lis,7,8,6,6,1,47221.0
Gupta,7,8,6,6,1,1989.0
Lars1,7,8,8,8,1,
Lars2,7,8,8,8,1,1056.0
Lis,7,8,8,8,1,59875.0
Gupta,7,8,8,8,1,3323.0
Lars1,7,9,2,2,1,35.0
Lars2,7,9,2,2,1,51.0
Lis,7,9,2,2,1,249.0
Gupta,7,9,2,2,1,107.0
Lars1,7,9,4,4,1,
Lars2,7,9,4,4,1,172.0
Lis,7,9,4,4,1,7523.0
Gupta,7,9,4,4,1,528.0
Lars1,7,9,6,6,1,
Lars2,7,9,6,6,1,762.0
Lis,7,9,6,6,1,48458.0
Gupta,7,9,6,6,1,2283.0
Lars1,7,9,8,8,1,
Lars2,7,9,8,8,1,1477.0
Lis,7,9,8,8,1,96645.0
Gupta,7,9,8,8,1,4659.0
Lis,80,1000,10,10,1,
Lars1,80,1000,2,2,1,2149.0
Lars2,80,1000,2,2,1,88.0
Lis,80,1000,2,2,1,
Gupta,80,1000,2,2,1,
Lars1,80,1000,4,4,1,
Lars2,80,1000,4,4,1,1269.0
Lis,80,1000,4,4,1,
Gupta,80,1000,4,4,1,
Lars1,80,1000,6,6,1,
Lars2,80,1000,6,6,1,6102.0
Lis,80,1000,6,6,1,
Gupta,80,1000,6,6,1,
Lis,80,1000,8,8,1,
Lis,80,100,10,10,1,
Lars1,80,100,2,2,1,112.0
Lars2,80,100,2,2,1,70.0
Lis,80,100,2,2,1,
Gupta,80,100,2,2,1,1481.0
Lars1,80,100,4,4,1,
Lars2,80,100,4,4,1,1035.0
Lis,80,100,4,4,1,
Gupta,80,100,4,4,1,22209.0
Lars1,80,100,6,6,1,
Lars2,80,100,6,6,1,6774.0
Lis,80,100,6,6,1,
Gupta,80,100,6,6,1,
Lis,80,100,8,8,1,
Lars1,80,10,10,10,1,
Lars2,80,10,10,10,1,
Lis,80,10,10,10,1,
Gupta,80,10,10,10,1,
Lars1,80,10,2,2,1,2031.0
Lars2,80,10,2,2,1,1205.0
Lis,80,10,2,2,1,
Gupta,80,10,2,2,1,9192.0
Lars1,80,10,4,4,1,
Lars2,80,10,4,4,1,19269.0
Lis,80,10,4,4,1,
Gupta,80,10,4,4,1,72230.0
Lars1,80,10,6,6,1,
Lars2,80,10,6,6,1,6375.0
Lis,80,10,6,6,1,
Gupta,80,10,6,6,1,32206.0
Lars1,80,10,8,8,1,
Lars2,80,10,8,8,1,26125.0
Lis,80,10,8,8,1,
Gupta,80,10,8,8,1,
Lars1,80,1,10,10,1,
Lars2,80,1,10,10,1,
Lis,80,1,10,10,1,
Gupta,80,1,10,10,1,
Lars1,80,1,2,2,1,71.0
Lars2,80,1,2,2,1,58.0
Lis,80,1,2,2,1,
Gupta,80,1,2,2,1,381.0
Lars1,80,1,4,4,1,
Lars2,80,1,4,4,1,798.0
Lis,80,1,4,4,1,
Gupta,80,1,4,4,1,2618.0
Lars1,80,1,6,6,1,
Lars2,80,1,6,6,1,4854.0
Lis,80,1,6,6,1,
Gupta,80,1,6,6,1,22970.0
Lars1,80,1,8,8,1,
Lars2,80,1,8,8,1,26672.0
Lis,80,1,8,8,1,
Gupta,80,1,8,8,1,
Lis,80,20,10,10,1,
Lars1,80,20,2,2,1,131.0
Lars2,80,20,2,2,1,63.0
Lis,80,20,2,2,1,
Gupta,80,20,2,2,1,666.0
Lars1,80,20,4,4,1,
Lars2,80,20,4,4,1,1181.0
Lis,80,20,4,4,1,
Gupta,80,20,4,4,1,7127.0
Lars1,80,20,6,6,1,
Lars2,80,20,6,6,1,4253.0
Lis,80,20,6,6,1,
Gupta,80,20,6,6,1,29846.0
Lars1,80,20,8,8,1,
Lars2,80,20,8,8,1,37486.0
Lis,80,20,8,8,1,
Gupta,80,20,8,8,1,
Lars1,80,2,10,10,1,
Lars2,80,2,10,10,1,
Lis,80,2,10,10,1,
Gupta,80,2,10,10,1,
Lars1,80,2,2,2,1,81.0
Lars2,80,2,2,2,1,56.0
Lis,80,2,2,2,1,
Gupta,80,2,2,2,1,284.0
Lars1,80,2,4,4,1,
Lars2,80,2,4,4,1,1238.0
Lis,80,2,4,4,1,
Gupta,80,2,4,4,1,4353.0
Lars1,80,2,6,6,1,
Lars2,80,2,6,6,1,4274.0
Lis,80,2,6,6,1,
Gupta,80,2,6,6,1,17891.0
Lars1,80,2,8,8,1,
Lars2,80,2,8,8,1,16322.0
Lis,80,2,8,8,1,
Gupta,80,2,8,8,1,
Lars1,80,3,10,10,1,
Lars2,80,3,10,10,1,
Lis,80,3,10,10,1,
Gupta,80,3,10,10,1,
Lars1,80,3,2,2,1,131.0
Lars2,80,3,2,2,1,64.0
Lis,80,3,2,2,1,
Gupta,80,3,2,2,1,295.0
Lars1,80,3,4,4,1,
Lars2,80,3,4,4,1,1063.0
Lis,80,3,4,4,1,
Gupta,80,3,4,4,1,3477.0
Lars1,80,3,6,6,1,
Lars2,80,3,6,6,1,7470.0
Lis,80,3,6,6,1,
Gupta,80,3,6,6,1,35166.0
Lars1,80,3,8,8,1,
Lars2,80,3,8,8,1,19818.0
Lis,80,3,8,8,1,
Gupta,80,3,8,8,1,
Lis,80,40,10,10,1,
Lars1,80,40,2,2,1,87.0
Lars2,80,40,2,2,1,59.0
Lis,80,40,2,2,1,
Gupta,80,40,2,2,1,1357.0
Lars1,80,40,4,4,1,
Lars2,80,40,4,4,1,774.0
Lis,80,40,4,4,1,
Gupta,80,40,4,4,1,10411.0
Lars1,80,40,6,6,1,
Lars2,80,40,6,6,1,3602.0
Lis,80,40,6,6,1,
Gupta,80,40,6,6,1,
Lars1,80,40,8,8,1,
Lars2,80,40,8,8,1,9492.0
Lis,80,40,8,8,1,
Gupta,80,40,8,8,1,
Lars1,80,4,10,10,1,
Lars2,80,4,10,10,1,
Lis,80,4,10,10,1,
Gupta,80,4,10,10,1,
Lars1,80,4,2,2,1,278.0
Lars2,80,4,2,2,1,67.0
Lis,80,4,2,2,1,
Gupta,80,4,2,2,1,435.0
Lars1,80,4,4,4,1,
Lars2,80,4,4,4,1,621.0
Lis,80,4,4,4,1,
Gupta,80,4,4,4,1,3015.0
Lars1,80,4,6,6,1,
Lars2,80,4,6,6,1,3706.0
Lis,80,4,6,6,1,
Gupta,80,4,6,6,1,17841.0
Lars1,80,4,8,8,1,
Lars2,80,4,8,8,1,19681.0
Lis,80,4,8,8,1,
Gupta,80,4,8,8,1,
Lis,80,500,10,10,1,
Lars1,80,500,2,2,1,244.0
Lars2,80,500,2,2,1,78.0
Lis,80,500,2,2,1,
Gupta,80,500,2,2,1,5540.0
Lis,80,500,4,4,1,
Lars1,80,500,6,6,1,
Lars2,80,500,6,6,1,3973.0
Lis,80,500,6,6,1,
Gupta,80,500,6,6,1,
Lis,80,500,8,8,1,
Lars1,80,5,10,10,1,
Lars2,80,5,10,10,1,
Lis,80,5,10,10,1,
Gupta,80,5,10,10,1,
Lars1,80,5,2,2,1,180.0
Lars2,80,5,2,2,1,64.0
Lis,80,5,2,2,1,
Gupta,80,5,2,2,1,415.0
Lars1,80,5,4,4,1,
Lars2,80,5,4,4,1,543.0
Lis,80,5,4,4,1,
Gupta,80,5,4,4,1,2633.0
Lars1,80,5,6,6,1,
Lars2,80,5,6,6,1,6573.0
Lis,80,5,6,6,1,
Gupta,80,5,6,6,1,31737.0
Lars1,80,5,8,8,1,
Lars2,80,5,8,8,1,19078.0
Lis,80,5,8,8,1,
Gupta,80,5,8,8,1,
Lis,80,60,10,10,1,
Lars1,80,60,2,2,1,62.0
Lars2,80,60,2,2,1,69.0
Lis,80,60,2,2,1,
Gupta,80,60,2,2,1,1533.0
Lars1,80,60,4,4,1,
Lars2,80,60,4,4,1,894.0
Lis,80,60,4,4,1,
Gupta,80,60,4,4,1,16811.0
Lis,80,60,6,6,1,
Lars1,80,60,8,8,1,
Lars2,80,60,8,8,1,11458.0
Lis,80,60,8,8,1,
Gupta,80,60,8,8,1,
Lars1,80,6,10,10,1,
Lars2,80,6,10,10,1,
Lis,80,6,10,10,1,
Gupta,80,6,10,10,1,
Lars1,80,6,2,2,1,61.0
Lars2,80,6,2,2,1,62.0
Lis,80,6,2,2,1,
Gupta,80,6,2,2,1,371.0
Lars1,80,6,4,4,1,
Lars2,80,6,4,4,1,954.0
Lis,80,6,4,4,1,
Gupta,80,6,4,4,1,3505.0
Lars1,80,6,6,6,1,
Lars2,80,6,6,6,1,4528.0
Lis,80,6,6,6,1,
Gupta,80,6,6,6,1,23477.0
Lars1,80,6,8,8,1,
Lars2,80,6,8,8,1,21394.0
Lis,80,6,8,8,1,
Gupta,80,6,8,8,1,
Lars1,80,7,10,10,1,
Lars2,80,7,10,10,1,
Lis,80,7,10,10,1,
Gupta,80,7,10,10,1,
Lars1,80,7,2,2,1,2362.0
Lars2,80,7,2,2,1,1232.0
Lis,80,7,2,2,1,
Gupta,80,7,2,2,1,7820.0
Lars1,80,7,4,4,1,
Lars2,80,7,4,4,1,18915.0
Lis,80,7,4,4,1,
Gupta,80,7,4,4,1,63521.0
Lars1,80,7,6,6,1,
Lars2,80,7,6,6,1,70652.0
Lis,80,7,6,6,1,
Gupta,80,7,6,6,1,252196.0
Lars1,80,7,8,8,1,
Lars2,80,7,8,8,1,20245.0
Lis,80,7,8,8,1,
Gupta,80,7,8,8,1,
Lars1,80,80,10,10,1,
Lars2,80,80,10,10,1,
Lis,80,80,10,10,1,
Gupta,80,80,10,10,1,
Lars1,80,80,2,2,1,3107.0
Lars2,80,80,2,2,1,1357.0
Lis,80,80,2,2,1,
Gupta,80,80,2,2,1,31871.0
Lars1,80,80,4,4,1,
Lars2,80,80,4,4,1,15800.0
Lis,80,80,4,4,1,
Gupta,80,80,4,4,1,212770.0
Lars1,80,80,6,6,1,
Lars2,80,80,6,6,1,4411.0
Lis,80,80,6,6,1,
Gupta,80,80,6,6,1,
Lis,80,80,8,8,1,
Lars1,80,8,10,10,1,
Lars2,80,8,10,10,1,
Lis,80,8,10,10,1,
Gupta,80,8,10,10,1,
Lars1,80,8,2,2,1,3355.0
Lars2,80,8,2,2,1,1259.0
Lis,80,8,2,2,1,
Gupta,80,8,2,2,1,7323.0
Lars1,80,8,4,4,1,
Lars2,80,8,4,4,1,760.0
Lis,80,8,4,4,1,
Gupta,80,8,4,4,1,3124.0
Lars1,80,8,6,6,1,
Lars2,80,8,6,6,1,5509.0
Lis,80,8,6,6,1,
Gupta,80,8,6,6,1,27474.0
Lars1,80,8,8,8,1,
Lars2,80,8,8,8,1,
Lis,80,8,8,8,1,
Gupta,80,8,8,8,1,
Lars1,80,9,10,10,1,
Lars2,80,9,10,10,1,
Lis,80,9,10,10,1,
Gupta,80,9,10,10,1,
Lars1,80,9,2,2,1,2344.0
Lars2,80,9,2,2,1,1176.0
Lis,80,9,2,2,1,
Gupta,80,9,2,2,1,9108.0
Lars1,80,9,4,4,1,
Lars2,80,9,4,4,1,15136.0
Lis,80,9,4,4,1,
Gupta,80,9,4,4,1,57972.0
Lars1,80,9,6,6,1,
Lars2,80,9,6,6,1,2162.0
Lis,80,9,6,6,1,
Gupta,80,9,6,6,1,15088.0
Lars1,80,9,8,8,1,
Lars2,80,9,8,8,1,
Lis,80,9,8,8,1,
Gupta,80,9,8,8,1,
Lars1,8,1000,2,2,1,25131.0
Lars2,8,1000,2,2,1,1705.0
Lis,8,1000,2,2,1,114638.0
Gupta,8,1000,2,2,1,23552.0
Lars1,8,1000,4,4,1,
Lars2,8,1000,4,4,1,343.0
Lis,8,1000,4,4,1,114051.0
Gupta,8,1000,4,4,1,4000.0
Lars1,8,1000,6,6,1,
Lars2,8,1000,6,6,1,7105.0
Lis,8,1000,6,6,1,872756.0
Gupta,8,1000,6,6,1,
Lars1,8,1000,8,8,1,
Lars2,8,1000,8,8,1,6077.0
Lis,8,1000,8,8,1,
Gupta,8,1000,8,8,1,
Lars1,8,100,2,2,1,6778.0
Lars2,8,100,2,2,1,137.0
Lis,8,100,2,2,1,1764.0
Gupta,8,100,2,2,1,402.0
Lars1,8,100,4,4,1,
Lars2,8,100,4,4,1,255.0
Lis,8,100,4,4,1,27374.0
Gupta,8,100,4,4,1,971.0
Lars1,8,100,6,6,1,
Lars2,8,100,6,6,1,909.0
Lis,8,100,6,6,1,253999.0
Gupta,8,100,6,6,1,5299.0
Lars1,8,100,8,8,1,
Lars2,8,100,8,8,1,1467.0
Lis,8,100,8,8,1,624707.0
Gupta,8,100,8,8,1,13497.0
Lars1,8,10,2,2,1,49.0
Lars2,8,10,2,2,1,66.0
Lis,8,10,2,2,1,285.0
Gupta,8,10,2,2,1,137.0
Lars1,8,10,4,4,1,
Lars2,8,10,4,4,1,167.0
Lis,8,10,4,4,1,12700.0
Gupta,8,10,4,4,1,576.0
Lars1,8,10,6,6,1,
Lars2,8,10,6,6,1,13808.0
Lis,8,10,6,6,1,1520623.0
Gupta,8,10,6,6,1,39089.0
Lars1,8,10,8,8,1,
Lars2,8,10,8,8,1,25287.0
Lis,8,10,8,8,1,2859243.0
Gupta,8,10,8,8,1,81529.0
Lars1,8,1,2,2,1,1290.0
Lars2,8,1,2,2,1,1199.0
Lis,8,1,2,2,1,5425.0
Gupta,8,1,2,2,1,1830.0
Lars1,8,1,4,4,1,
Lars2,8,1,4,4,1,3275.0
Lis,8,1,4,4,1,168981.0
Gupta,8,1,4,4,1,8705.0
Lars1,8,1,6,6,1,
Lars2,8,1,6,6,1,728.0
Lis,8,1,6,6,1,86758.0
Gupta,8,1,6,6,1,1574.0
Lars1,8,1,8,8,1,
Lars2,8,1,8,8,1,2094.0
Lis,8,1,8,8,1,223974.0
Gupta,8,1,8,8,1,4998.0
Lars1,8,20,2,2,1,91.0
Lars2,8,20,2,2,1,68.0
Lis,8,20,2,2,1,430.0
Gupta,8,20,2,2,1,156.0
Lars1,8,20,4,4,1,
Lars2,8,20,4,4,1,195.0
Lis,8,20,4,4,1,34876.0
Gupta,8,20,4,4,1,676.0
Lars1,8,20,6,6,1,
Lars2,8,20,6,6,1,964.0
Lis,8,20,6,6,1,124632.0
Gupta,8,20,6,6,1,2569.0
Lars1,8,20,8,8,1,
Lars2,8,20,8,8,1,2159.0
Lis,8,20,8,8,1,356812.0
Gupta,8,20,8,8,1,6747.0
Lars1,8,2,2,2,1,125.0
Lars2,8,2,2,2,1,61.0
Lis,8,2,2,2,1,266.0
Gupta,8,2,2,2,1,107.0
Lars1,8,2,4,4,1,
Lars2,8,2,4,4,1,265.0
Lis,8,2,4,4,1,11136.0
Gupta,8,2,4,4,1,530.0
Lars1,8,2,6,6,1,
Lars2,8,2,6,6,1,849.0
Lis,8,2,6,6,1,71256.0
Gupta,8,2,6,6,1,1684.0
Lars1,8,2,8,8,1,
Lars2,8,2,8,8,1,2026.0
Lis,8,2,8,8,1,213244.0
Gupta,8,2,8,8,1,5381.0
Lars1,8,3,2,2,1,54.0
Lars2,8,3,2,2,1,60.0
Lis,8,3,2,2,1,208.0
Gupta,8,3,2,2,1,107.0
Lars1,8,3,4,4,1,
Lars2,8,3,4,4,1,200.0
Lis,8,3,4,4,1,9224.0
Gupta,8,3,4,4,1,499.0
Lars1,8,3,6,6,1,
Lars2,8,3,6,6,1,671.0
Lis,8,3,6,6,1,62634.0
Gupta,8,3,6,6,1,1847.0
Lars1,8,3,8,8,1,
Lars2,8,3,8,8,1,1593.0
Lis,8,3,8,8,1,165653.0
Gupta,8,3,8,8,1,3810.0
Lars1,8,40,2,2,1,129.0
Lars2,8,40,2,2,1,70.0
Lis,8,40,2,2,1,599.0
Gupta,8,40,2,2,1,212.0
Lars1,8,40,4,4,1,
Lars2,8,40,4,4,1,248.0
Lis,8,40,4,4,1,29555.0
Gupta,8,40,4,4,1,853.0
Lars1,8,40,6,6,1,
Lars2,8,40,6,6,1,740.0
Lis,8,40,6,6,1,204804.0
Gupta,8,40,6,6,1,3239.0
Lars1,8,40,8,8,1,
Lars2,8,40,8,8,1,1749.0
Lis,8,40,8,8,1,417393.0
Gupta,8,40,8,8,1,7902.0
Lars1,8,4,2,2,1,59.0
Lars2,8,4,2,2,1,58.0
Lis,8,4,2,2,1,170.0
Gupta,8,4,2,2,1,91.0
Lars1,8,4,4,4,1,
Lars2,8,4,4,4,1,220.0
Lis,8,4,4,4,1,15624.0
Gupta,8,4,4,4,1,634.0
Lars1,8,4,6,6,1,
Lars2,8,4,6,6,1,771.0
Lis,8,4,6,6,1,85983.0
Gupta,8,4,6,6,1,1951.0
Lars1,8,4,8,8,1,
Lars2,8,4,8,8,1,1497.0
Lis,8,4,8,8,1,198164.0
Gupta,8,4,8,8,1,4981.0
Lars1,8,500,2,2,1,444.0
Lars2,8,500,2,2,1,83.0
Lis,8,500,2,2,1,1540.0
Gupta,8,500,2,2,1,450.0
Lars1,8,500,4,4,1,
Lars2,8,500,4,4,1,1625.0
Lis,8,500,4,4,1,412589.0
Gupta,8,500,4,4,1,7263.0
Lars1,8,500,6,6,1,
Lars2,8,500,6,6,1,1928.0
Lis,8,500,6,6,1,497235.0
Gupta,8,500,6,6,1,
Lars1,8,500,8,8,1,
Lars2,8,500,8,8,1,4389.0
Lis,8,500,8,8,1,1687228.0
Gupta,8,500,8,8,1,
Lars1,8,5,2,2,1,49.0
Lars2,8,5,2,2,1,53.0
Lis,8,5,2,2,1,322.0
Gupta,8,5,2,2,1,113.0
Lars1,8,5,4,4,1,
Lars2,8,5,4,4,1,202.0
Lis,8,5,4,4,1,7818.0
Gupta,8,5,4,4,1,474.0
Lars1,8,5,6,6,1,
Lars2,8,5,6,6,1,880.0
Lis,8,5,6,6,1,98677.0
Gupta,8,5,6,6,1,1937.0
Lars1,8,5,8,8,1,
Lars2,8,5,8,8,1,2261.0
Lis,8,5,8,8,1,213703.0
Gupta,8,5,8,8,1,6120.0
Lars1,8,60,2,2,1,1055.0
Lars2,8,60,2,2,1,85.0
Lis,8,60,2,2,1,1000.0
Gupta,8,60,2,2,1,295.0
Lars1,8,60,4,4,1,
Lars2,8,60,4,4,1,276.0
Lis,8,60,4,4,1,42287.0
Gupta,8,60,4,4,1,1253.0
Lars1,8,60,6,6,1,
Lars2,8,60,6,6,1,771.0
Lis,8,60,6,6,1,151994.0
Gupta,8,60,6,6,1,3466.0
Lars1,8,60,8,8,1,
Lars2,8,60,8,8,1,1930.0
Lis,8,60,8,8,1,390856.0
Gupta,8,60,8,8,1,10610.0
Lars1,8,6,2,2,1,93.0
Lars2,8,6,2,2,1,67.0
Lis,8,6,2,2,1,300.0
Gupta,8,6,2,2,1,129.0
Lars1,8,6,4,4,1,
Lars2,8,6,4,4,1,124.0
Lis,8,6,4,4,1,4458.0
Gupta,8,6,4,4,1,395.0
Lars1,8,6,6,6,1,
Lars2,8,6,6,6,1,717.0
Lis,8,6,6,6,1,58263.0
Gupta,8,6,6,6,1,1816.0
Lars1,8,6,8,8,1,
Lars2,8,6,8,8,1,1811.0
Lis,8,6,8,8,1,192323.0
Gupta,8,6,8,8,1,4774.0
Lars1,8,7,2,2,1,63.0
Lars2,8,7,2,2,1,62.0
Lis,8,7,2,2,1,300.0
Gupta,8,7,2,2,1,128.0
Lars1,8,7,4,4,1,
Lars2,8,7,4,4,1,236.0
Lis,8,7,4,4,1,12922.0
Gupta,8,7,4,4,1,580.0
Lars1,8,7,6,6,1,
Lars2,8,7,6,6,1,910.0
Lis,8,7,6,6,1,99996.0
Gupta,8,7,6,6,1,2140.0
Lars1,8,7,8,8,1,
Lars2,8,7,8,8,1,1606.0
Lis,8,7,8,8,1,179838.0
Gupta,8,7,8,8,1,5119.0
Lars1,8,80,2,2,1,294.0
Lars2,8,80,2,2,1,74.0
Lis,8,80,2,2,1,953.0
Gupta,8,80,2,2,1,294.0
Lars1,8,80,4,4,1,
Lars2,8,80,4,4,1,274.0
Lis,8,80,4,4,1,66883.0
Gupta,8,80,4,4,1,1370.0
Lars1,8,80,6,6,1,
Lars2,8,80,6,6,1,984.0
Lis,8,80,6,6,1,176679.0
Gupta,8,80,6,6,1,3801.0
Lars1,8,80,8,8,1,
Lars2,8,80,8,8,1,1933.0
Lis,8,80,8,8,1,585233.0
Gupta,8,80,8,8,1,12323.0
Lars1,8,8,2,2,1,63.0
Lars2,8,8,2,2,1,65.0
Lis,8,8,2,2,1,268.0
Gupta,8,8,2,2,1,129.0
Lars1,8,8,4,4,1,
Lars2,8,8,4,4,1,183.0
Lis,8,8,4,4,1,8675.0
Gupta,8,8,4,4,1,497.0
Lars1,8,8,6,6,1,
Lars2,8,8,6,6,1,687.0
Lis,8,8,6,6,1,56818.0
Gupta,8,8,6,6,1,1704.0
Lars1,8,8,8,8,1,
Lars2,8,8,8,8,1,1810.0
Lis,8,8,8,8,1,152051.0
Gupta,8,8,8,8,1,4792.0
Lars1,8,9,2,2,1,53.0
Lars2,8,9,2,2,1,57.0
Lis,8,9,2,2,1,271.0
Gupta,8,9,2,2,1,128.0
Lars1,8,9,4,4,1,
Lars2,8,9,4,4,1,191.0
Lis,8,9,4,4,1,8576.0
Gupta,8,9,4,4,1,633.0
Lars1,8,9,6,6,1,
Lars2,8,9,6,6,1,722.0
Lis,8,9,6,6,1,66857.0
Gupta,8,9,6,6,1,1880.0
Lars1,8,9,8,8,1,508.0
Lars2,8,9,8,8,1,108.0
Lis,8,9,8,8,1,35557.0
Gupta,8,9,8,8,1,2094.0
Lars1,9,1000,10,10,1,
Lars2,9,1000,10,10,1,
Lis,9,1000,10,10,1,4318776.0
Gupta,9,1000,10,10,1,
Lars1,9,1000,2,2,1,891.0
Lars2,9,1000,2,2,1,78.0
Lis,9,1000,2,2,1,5059.0
Gupta,9,1000,2,2,1,1150.0
Lars1,9,1000,4,4,1,
Lars2,9,1000,4,4,1,348.0
Lis,9,1000,4,4,1,394548.0
Gupta,9,1000,4,4,1,10283.0
Lars1,9,1000,6,6,1,
Lars2,9,1000,6,6,1,
Lis,9,1000,6,6,1,1018272.0
Gupta,9,1000,6,6,1,
Lars1,9,1000,8,8,1,
Lars2,9,1000,8,8,1,
Lis,9,1000,8,8,1,3164770.0
Gupta,9,1000,8,8,1,
Lars1,9,100,10,10,1,
Lars2,9,100,10,10,1,4317.0
Lis,9,100,10,10,1,1818747.0
Gupta,9,100,10,10,1,
Lars1,9,100,2,2,1,254.0
Lars2,9,100,2,2,1,71.0
Lis,9,100,2,2,1,1072.0
Gupta,9,100,2,2,1,292.0
Lars1,9,100,4,4,1,
Lars2,9,100,4,4,1,293.0
Lis,9,100,4,4,1,72506.0
Gupta,9,100,4,4,1,1292.0
Lars1,9,100,6,6,1,
Lars2,9,100,6,6,1,1171.0
Lis,9,100,6,6,1,392498.0
Gupta,9,100,6,6,1,4427.0
Lars1,9,100,8,8,1,
Lars2,9,100,8,8,1,2451.0
Lis,9,100,8,8,1,1081608.0
Gupta,9,100,8,8,1,15636.0
Lars1,9,10,10,10,1,
Lars2,9,10,10,10,1,4633.0
Lis,9,10,10,10,1,788038.0
Gupta,9,10,10,10,1,17281.0
Lars1,9,10,2,2,1,51.0
Lars2,9,10,2,2,1,59.0
Lis,9,10,2,2,1,366.0
Gupta,9,10,2,2,1,129.0
Lars1,9,10,4,4,1,
Lars2,9,10,4,4,1,281.0
Lis,9,10,4,4,1,25892.0
Gupta,9,10,4,4,1,738.0
Lars1,9,10,6,6,1,
Lars2,9,10,6,6,1,762.0
Lis,9,10,6,6,1,103964.0
Gupta,9,10,6,6,1,2027.0
Lars1,9,10,8,8,1,
Lars2,9,10,8,8,1,1919.0
Lis,9,10,8,8,1,354687.0
Gupta,9,10,8,8,1,6304.0
Lars1,9,1,10,10,1,
Lars2,9,1,10,10,1,2787.0
Lis,9,1,10,10,1,563133.0
Gupta,9,1,10,10,1,9479.0
Lars1,9,1,2,2,1,58.0
Lars2,9,1,2,2,1,60.0
Lis,9,1,2,2,1,281.0
Gupta,9,1,2,2,1,129.0
Lars1,9,1,4,4,1,
Lars2,9,1,4,4,1,189.0
Lis,9,1,4,4,1,15692.0
Gupta,9,1,4,4,1,528.0
Lars1,9,1,6,6,1,
Lars2,9,1,6,6,1,891.0
Lis,9,1,6,6,1,126180.0
Gupta,9,1,6,6,1,2457.0
Lars1,9,1,8,8,1,
Lars2,9,1,8,8,1,2228.0
Lis,9,1,8,8,1,268342.0
Gupta,9,1,8,8,1,5710.0
Lars1,9,20,10,10,1,
Lars2,9,20,10,10,1,3769.0
Lis,9,20,10,10,1,755980.0
Gupta,9,20,10,10,1,16929.0
Lars1,9,20,2,2,1,58.0
Lars2,9,20,2,2,1,60.0
Lis,9,20,2,2,1,379.0
Gupta,9,20,2,2,1,149.0
Lars1,9,20,4,4,1,
Lars2,9,20,4,4,1,232.0
Lis,9,20,4,4,1,37680.0
Gupta,9,20,4,4,1,856.0
Lars1,9,20,6,6,1,
Lars2,9,20,6,6,1,518.0
Lis,9,20,6,6,1,128809.0
Gupta,9,20,6,6,1,2470.0
Lars1,9,20,8,8,1,
Lars2,9,20,8,8,1,2146.0
Lis,9,20,8,8,1,414972.0
Gupta,9,20,8,8,1,7276.0
Lars1,9,2,10,10,1,
Lars2,9,2,10,10,1,2895.0
Lis,9,2,10,10,1,542826.0
Gupta,9,2,10,10,1,9408.0
Lars1,9,2,2,2,1,101.0
Lars2,9,2,2,2,1,72.0
Lis,9,2,2,2,1,321.0
Gupta,9,2,2,2,1,137.0
Lars1,9,2,4,4,1,
Lars2,9,2,4,4,1,187.0
Lis,9,2,4,4,1,14124.0
Gupta,9,2,4,4,1,445.0
Lars1,9,2,6,6,1,
Lars2,9,2,6,6,1,737.0
Lis,9,2,6,6,1,128768.0
Gupta,9,2,6,6,1,1683.0
Lars1,9,2,8,8,1,
Lars2,9,2,8,8,1,1924.0
Lis,9,2,8,8,1,362070.0
Gupta,9,2,8,8,1,4619.0
Lars1,9,3,10,10,1,
Lars2,9,3,10,10,1,4499.0
Lis,9,3,10,10,1,853732.0
Gupta,9,3,10,10,1,14240.0
Lars1,9,3,2,2,1,90.0
Lars2,9,3,2,2,1,62.0
Lis,9,3,2,2,1,337.0
Gupta,9,3,2,2,1,109.0
Lars1,9,3,4,4,1,
Lars2,9,3,4,4,1,237.0
Lis,9,3,4,4,1,15937.0
Gupta,9,3,4,4,1,509.0
Lars1,9,3,6,6,1,
Lars2,9,3,6,6,1,702.0
Lis,9,3,6,6,1,97632.0
Gupta,9,3,6,6,1,1694.0
Lars1,9,3,8,8,1,
Lars2,9,3,8,8,1,2069.0
Lis,9,3,8,8,1,463800.0
Gupta,9,3,8,8,1,6120.0
Lars1,9,40,10,10,1,
Lars2,9,40,10,10,1,3949.0
Lis,9,40,10,10,1,1295554.0
Gupta,9,40,10,10,1,20729.0
Lars1,9,40,2,2,1,114.0
Lars2,9,40,2,2,1,66.0
Lis,9,40,2,2,1,931.0
Gupta,9,40,2,2,1,199.0
Lars1,9,40,4,4,1,
Lars2,9,40,4,4,1,256.0
Lis,9,40,4,4,1,70514.0
Gupta,9,40,4,4,1,928.0
Lars1,9,40,6,6,1,
Lars2,9,40,6,6,1,768.0
Lis,9,40,6,6,1,297997.0
Gupta,9,40,6,6,1,3835.0
Lars1,9,40,8,8,1,
Lars2,9,40,8,8,1,2195.0
Lis,9,40,8,8,1,710424.0
Gupta,9,40,8,8,1,8712.0
Lars1,9,4,10,10,1,
Lars2,9,4,10,10,1,5753.0
Lis,9,4,10,10,1,1113562.0
Gupta,9,4,10,10,1,18076.0
Lars1,9,4,2,2,1,48.0
Lars2,9,4,2,2,1,59.0
Lis,9,4,2,2,1,242.0
Gupta,9,4,2,2,1,105.0
Lars1,9,4,4,4,1,
Lars2,9,4,4,4,1,257.0
Lis,9,4,4,4,1,13615.0
Gupta,9,4,4,4,1,671.0
Lars1,9,4,6,6,1,
Lars2,9,4,6,6,1,748.0
Lis,9,4,6,6,1,109024.0
Gupta,9,4,6,6,1,1814.0
Lars1,9,4,8,8,1,
Lars2,9,4,8,8,1,2468.0
Lis,9,4,8,8,1,469260.0
Gupta,9,4,8,8,1,6253.0
Lars1,9,500,10,10,1,
Lars2,9,500,10,10,1,
Lis,9,500,10,10,1,3848623.0
Gupta,9,500,10,10,1,
Lars1,9,500,2,2,1,8065.0
Lars2,9,500,2,2,1,187.0
Lis,9,500,2,2,1,6974.0
Gupta,9,500,2,2,1,962.0
Lars1,9,500,4,4,1,
Lars2,9,500,4,4,1,508.0
Lis,9,500,4,4,1,499352.0
Gupta,9,500,4,4,1,6745.0
Lars1,9,500,6,6,1,
Lars2,9,500,6,6,1,2256.0
Lis,9,500,6,6,1,1152853.0
Gupta,9,500,6,6,1,
Lars1,9,500,8,8,1,
Lars2,9,500,8,8,1,5221.0
Lis,9,500,8,8,1,2631945.0
Gupta,9,500,8,8,1,
Lars1,9,5,10,10,1,
Lars2,9,5,10,10,1,5629.0
Lis,9,5,10,10,1,910903.0
Gupta,9,5,10,10,1,19568.0
Lars1,9,5,2,2,1,58.0
Lars2,9,5,2,2,1,57.0
Lis,9,5,2,2,1,460.0
Gupta,9,5,2,2,1,107.0
Lars1,9,5,4,4,1,
Lars2,9,5,4,4,1,236.0
Lis,9,5,4,4,1,19831.0
Gupta,9,5,4,4,1,583.0
Lars1,9,5,6,6,1,
Lars2,9,5,6,6,1,977.0
Lis,9,5,6,6,1,212152.0
Gupta,9,5,6,6,1,2604.0
Lars1,9,5,8,8,1,
Lars2,9,5,8,8,1,1743.0
Lis,9,5,8,8,1,244861.0
Gupta,9,5,8,8,1,5066.0
Lars1,9,60,10,10,1,
Lars2,9,60,10,10,1,5983.0
Lis,9,60,10,10,1,1200867.0
Gupta,9,60,10,10,1,26325.0
Lars1,9,60,2,2,1,198.0
Lars2,9,60,2,2,1,63.0
Lis,9,60,2,2,1,1082.0
Gupta,9,60,2,2,1,243.0
Lars1,9,60,4,4,1,
Lars2,9,60,4,4,1,292.0
Lis,9,60,4,4,1,43956.0
Gupta,9,60,4,4,1,1314.0
Lars1,9,60,6,6,1,
Lars2,9,60,6,6,1,711.0
Lis,9,60,6,6,1,383439.0
Gupta,9,60,6,6,1,4615.0
Lars1,9,60,8,8,1,
Lars2,9,60,8,8,1,1264.0
Lis,9,60,8,8,1,921433.0
Gupta,9,60,8,8,1,13568.0
Lars1,9,6,10,10,1,
Lars2,9,6,10,10,1,2086.0
Lis,9,6,10,10,1,339177.0
Gupta,9,6,10,10,1,7900.0
Lars1,9,6,2,2,1,102.0
Lars2,9,6,2,2,1,67.0
Lis,9,6,2,2,1,281.0
Gupta,9,6,2,2,1,134.0
Lars1,9,6,4,4,1,
Lars2,9,6,4,4,1,207.0
Lis,9,6,4,4,1,14027.0
Gupta,9,6,4,4,1,522.0
Lars1,9,6,6,6,1,
Lars2,9,6,6,6,1,929.0
Lis,9,6,6,6,1,176166.0
Gupta,9,6,6,6,1,2474.0
Lars1,9,6,8,8,1,
Lars2,9,6,8,8,1,1910.0
Lis,9,6,8,8,1,309628.0
Gupta,9,6,8,8,1,5592.0
Lars1,9,7,10,10,1,
Lars2,9,7,10,10,1,5532.0
Lis,9,7,10,10,1,1126656.0
Gupta,9,7,10,10,1,19601.0
Lars1,9,7,2,2,1,44.0
Lars2,9,7,2,2,1,50.0
Lis,9,7,2,2,1,307.0
Gupta,9,7,2,2,1,127.0
Lars1,9,7,4,4,1,
Lars2,9,7,4,4,1,205.0
Lis,9,7,4,4,1,11144.0
Gupta,9,7,4,4,1,634.0
Lars1,9,7,6,6,1,
Lars2,9,7,6,6,1,758.0
Lis,9,7,6,6,1,124191.0
Gupta,9,7,6,6,1,2063.0
Lars1,9,7,8,8,1,
Lars2,9,7,8,8,1,2268.0
Lis,9,7,8,8,1,289908.0
Gupta,9,7,8,8,1,6578.0
Lars1,9,80,10,10,1,
Lars2,9,80,10,10,1,3292.0
Lis,9,80,10,10,1,1714398.0
Gupta,9,80,10,10,1,
Lars1,9,80,2,2,1,376.0
Lars2,9,80,2,2,1,76.0
Lis,9,80,2,2,1,1863.0
Gupta,9,80,2,2,1,319.0
Lars1,9,80,4,4,1,
Lars2,9,80,4,4,1,227.0
Lis,9,80,4,4,1,99736.0
Gupta,9,80,4,4,1,1533.0
Lars1,9,80,6,6,1,
Lars2,9,80,6,6,1,1092.0
Lis,9,80,6,6,1,349714.0
Gupta,9,80,6,6,1,4258.0
Lars1,9,80,8,8,1,
Lars2,9,80,8,8,1,2087.0
Lis,9,80,8,8,1,926439.0
Gupta,9,80,8,8,1,12833.0
Lars1,9,8,10,10,1,
Lars2,9,8,10,10,1,4029.0
Lis,9,8,10,10,1,824250.0
Gupta,9,8,10,10,1,14238.0
Lars1,9,8,2,2,1,56.0
Lars2,9,8,2,2,1,56.0
Lis,9,8,2,2,1,291.0
Gupta,9,8,2,2,1,135.0
Lars1,9,8,4,4,1,
Lars2,9,8,4,4,1,178.0
Lis,9,8,4,4,1,11273.0
Gupta,9,8,4,4,1,530.0
Lars1,9,8,6,6,1,
Lars2,9,8,6,6,1,955.0
Lis,9,8,6,6,1,150398.0
Gupta,9,8,6,6,1,2345.0
Lars1,9,8,8,8,1,
Lars2,9,8,8,8,1,1987.0
Lis,9,8,8,8,1,408192.0
Gupta,9,8,8,8,1,6401.0
Lars1,9,9,10,10,1,
Lars2,9,9,10,10,1,3321.0
Lis,9,9,10,10,1,695385.0
Gupta,9,9,10,10,1,13847.0
Lars1,9,9,2,2,1,43.0
Lars2,9,9,2,2,1,53.0
Lis,9,9,2,2,1,254.0
Gupta,9,9,2,2,1,121.0
Lars1,9,9,4,4,1,
Lars2,9,9,4,4,1,123.0
Lis,9,9,4,4,1,6747.0
Gupta,9,9,4,4,1,572.0
Lars1,9,9,6,6,1,
Lars2,9,9,6,6,1,723.0
Lis,9,9,6,6,1,88545.0
Gupta,9,9,6,6,1,1971.0
Lars1,9,9,8,8,1,
Lars2,9,9,8,8,1,1818.0
Lis,9,9,8,8,1,403834.0
Gupta,9,9,8,8,1,5943.0
Lars1,1000,1000,10,10,10,
Lars2,1000,1000,10,10,10,
Lis,1000,1000,10,10,10,
Gupta,1000,1000,10,10,10,
Lars1,1000,1000,2,2,10,
Lars2,1000,1000,2,2,10,68.0
Lis,1000,1000,2,2,10,
Gupta,1000,1000,2,2,10,
Lars1,1000,1000,4,4,10,
Lars2,1000,1000,4,4,10,
Lis,1000,1000,4,4,10,
Gupta,1000,1000,4,4,10,
Lars1,1000,1000,6,6,10,
Lars2,1000,1000,6,6,10,
Lis,1000,1000,6,6,10,
Gupta,1000,1000,6,6,10,
Lars1,1000,1000,8,8,10,
Lars2,1000,1000,8,8,10,
Lis,1000,1000,8,8,10,
Gupta,1000,1000,8,8,10,
Lars1,1000,100,10,10,10,
Lars2,1000,100,10,10,10,
Lis,1000,100,10,10,10,
Gupta,1000,100,10,10,10,
Lars1,1000,100,2,2,10,
Lars2,1000,100,2,2,10,80.0
Lis,1000,100,2,2,10,
Gupta,1000,100,2,2,10,
Lars1,1000,100,4,4,10,
Lars2,1000,100,4,4,10,
Lis,1000,100,4,4,10,
Gupta,1000,100,4,4,10,
Lars1,1000,100,6,6,10,
Lars2,1000,100,6,6,10,
Lis,1000,100,6,6,10,
Gupta,1000,100,6,6,10,
Lars1,1000,100,8,8,10,
Lars2,1000,100,8,8,10,
Lis,1000,100,8,8,10,
Gupta,1000,100,8,8,10,
Lars1,1000,10,10,10,10,
Lars2,1000,10,10,10,10,
Lis,1000,10,10,10,10,
Gupta,1000,10,10,10,10,
Lars1,1000,10,2,2,10,
Lars2,1000,10,2,2,10,79.0
Lis,1000,10,2,2,10,
Gupta,1000,10,2,2,10,
Lars1,1000,10,4,4,10,
Lars2,1000,10,4,4,10,
Lis,1000,10,4,4,10,
Gupta,1000,10,4,4,10,
Lars1,1000,10,6,6,10,
Lars2,1000,10,6,6,10,
Lis,1000,10,6,6,10,
Gupta,1000,10,6,6,10,
Lars1,1000,10,8,8,10,
Lars2,1000,10,8,8,10,
Lis,1000,10,8,8,10,
Gupta,1000,10,8,8,10,
Lars1,1000,1,10,10,10,
Lars2,1000,1,10,10,10,
Lis,1000,1,10,10,10,
Gupta,1000,1,10,10,10,
Lars1,1000,1,2,2,10,
Lars2,1000,1,2,2,10,73.0
Lis,1000,1,2,2,10,
Gupta,1000,1,2,2,10,
Lars1,1000,1,4,4,10,
Lars2,1000,1,4,4,10,
Lis,1000,1,4,4,10,
Gupta,1000,1,4,4,10,
Lars1,1000,1,6,6,10,
Lars2,1000,1,6,6,10,
Lis,1000,1,6,6,10,
Gupta,1000,1,6,6,10,
Lars1,1000,1,8,8,10,
Lars2,1000,1,8,8,10,
Lis,1000,1,8,8,10,
Gupta,1000,1,8,8,10,
Lars1,1000,20,10,10,10,
Lars2,1000,20,10,10,10,
Lis,1000,20,10,10,10,
Gupta,1000,20,10,10,10,
Lars1,1000,20,2,2,10,
Lars2,1000,20,2,2,10,75.0
Lis,1000,20,2,2,10,
Gupta,1000,20,2,2,10,
Lars1,1000,20,4,4,10,
Lars2,1000,20,4,4,10,
Lis,1000,20,4,4,10,
Gupta,1000,20,4,4,10,
Lars1,1000,20,6,6,10,
Lars2,1000,20,6,6,10,
Lis,1000,20,6,6,10,
Gupta,1000,20,6,6,10,
Lars1,1000,20,8,8,10,
Lars2,1000,20,8,8,10,
Lis,1000,20,8,8,10,
Gupta,1000,20,8,8,10,
Lars1,1000,2,10,10,10,
Lars2,1000,2,10,10,10,
Lis,1000,2,10,10,10,
Gupta,1000,2,10,10,10,
Lars1,1000,2,2,2,10,
Lars2,1000,2,2,2,10,75.0
Lis,1000,2,2,2,10,
Gupta,1000,2,2,2,10,
Lars1,1000,2,4,4,10,
Lars2,1000,2,4,4,10,
Lis,1000,2,4,4,10,
Gupta,1000,2,4,4,10,
Lars1,1000,2,6,6,10,
Lars2,1000,2,6,6,10,
Lis,1000,2,6,6,10,
Gupta,1000,2,6,6,10,
Lars1,1000,2,8,8,10,
Lars2,1000,2,8,8,10,
Lis,1000,2,8,8,10,
Gupta,1000,2,8,8,10,
Lars1,1000,3,10,10,10,
Lars2,1000,3,10,10,10,
Lis,1000,3,10,10,10,
Gupta,1000,3,10,10,10,
Lars1,1000,3,2,2,10,
Lars2,1000,3,2,2,10,75.0
Lis,1000,3,2,2,10,
Gupta,1000,3,2,2,10,
Lars1,1000,3,4,4,10,
Lars2,1000,3,4,4,10,
Lis,1000,3,4,4,10,
Gupta,1000,3,4,4,10,
Lars1,1000,3,6,6,10,
Lars2,1000,3,6,6,10,
Lis,1000,3,6,6,10,
Gupta,1000,3,6,6,10,
Lars1,1000,3,8,8,10,
Lars2,1000,3,8,8,10,
Lis,1000,3,8,8,10,
Gupta,1000,3,8,8,10,
Lars1,1000,40,10,10,10,
Lars2,1000,40,10,10,10,
Lis,1000,40,10,10,10,
Gupta,1000,40,10,10,10,
Lars1,1000,40,2,2,10,
Lars2,1000,40,2,2,10,90.0
Lis,1000,40,2,2,10,
Gupta,1000,40,2,2,10,
Lars1,1000,40,4,4,10,
Lars2,1000,40,4,4,10,
Lis,1000,40,4,4,10,
Gupta,1000,40,4,4,10,
Lars1,1000,40,6,6,10,
Lars2,1000,40,6,6,10,
Lis,1000,40,6,6,10,
Gupta,1000,40,6,6,10,
Lars1,1000,40,8,8,10,
Lars2,1000,40,8,8,10,
Lis,1000,40,8,8,10,
Gupta,1000,40,8,8,10,
Lars1,1000,4,10,10,10,
Lars2,1000,4,10,10,10,
Lis,1000,4,10,10,10,
Gupta,1000,4,10,10,10,
Lars1,1000,4,2,2,10,
Lars2,1000,4,2,2,10,70.0
Lis,1000,4,2,2,10,
Gupta,1000,4,2,2,10,
Lars1,1000,4,4,4,10,
Lars2,1000,4,4,4,10,
Lis,1000,4,4,4,10,
Gupta,1000,4,4,4,10,
Lars1,1000,4,6,6,10,
Lars2,1000,4,6,6,10,
Lis,1000,4,6,6,10,
Gupta,1000,4,6,6,10,
Lars1,1000,4,8,8,10,
Lars2,1000,4,8,8,10,
Lis,1000,4,8,8,10,
Gupta,1000,4,8,8,10,
Lars1,1000,500,10,10,10,
Lars2,1000,500,10,10,10,
Lis,1000,500,10,10,10,
Gupta,1000,500,10,10,10,
Lars1,1000,500,2,2,10,
Lars2,1000,500,2,2,10,71.0
Lis,1000,500,2,2,10,
Gupta,1000,500,2,2,10,
Lars1,1000,500,4,4,10,
Lars2,1000,500,4,4,10,
Lis,1000,500,4,4,10,
Gupta,1000,500,4,4,10,
Lars1,1000,500,6,6,10,
Lars2,1000,500,6,6,10,
Lis,1000,500,6,6,10,
Gupta,1000,500,6,6,10,
Lars1,1000,500,8,8,10,
Lars2,1000,500,8,8,10,
Lis,1000,500,8,8,10,
Gupta,1000,500,8,8,10,
Lars1,1000,5,10,10,10,
Lars2,1000,5,10,10,10,
Lis,1000,5,10,10,10,
Gupta,1000,5,10,10,10,
Lars1,1000,5,2,2,10,
Lars2,1000,5,2,2,10,69.0
Lis,1000,5,2,2,10,
Gupta,1000,5,2,2,10,
Lars1,1000,5,4,4,10,
Lars2,1000,5,4,4,10,
Lis,1000,5,4,4,10,
Gupta,1000,5,4,4,10,
Lars1,1000,5,6,6,10,
Lars2,1000,5,6,6,10,
Lis,1000,5,6,6,10,
Gupta,1000,5,6,6,10,
Lars1,1000,5,8,8,10,
Lars2,1000,5,8,8,10,
Lis,1000,5,8,8,10,
Gupta,1000,5,8,8,10,
Lars1,1000,60,10,10,10,
Lars2,1000,60,10,10,10,
Lis,1000,60,10,10,10,
Gupta,1000,60,10,10,10,
Lars1,1000,60,2,2,10,
Lars2,1000,60,2,2,10,70.0
Lis,1000,60,2,2,10,
Gupta,1000,60,2,2,10,
Lars1,1000,60,4,4,10,
Lars2,1000,60,4,4,10,
Lis,1000,60,4,4,10,
Gupta,1000,60,4,4,10,
Lars1,1000,60,6,6,10,
Lars2,1000,60,6,6,10,
Lis,1000,60,6,6,10,
Gupta,1000,60,6,6,10,
Lars1,1000,60,8,8,10,
Lars2,1000,60,8,8,10,
Lis,1000,60,8,8,10,
Gupta,1000,60,8,8,10,
Lars1,1000,6,10,10,10,
Lars2,1000,6,10,10,10,
Lis,1000,6,10,10,10,
Gupta,1000,6,10,10,10,
Lars1,1000,6,2,2,10,
Lars2,1000,6,2,2,10,69.0
Lis,1000,6,2,2,10,
Gupta,1000,6,2,2,10,
Lars1,1000,6,4,4,10,
Lars2,1000,6,4,4,10,
Lis,1000,6,4,4,10,
Gupta,1000,6,4,4,10,
Lars1,1000,6,6,6,10,
Lars2,1000,6,6,6,10,
Lis,1000,6,6,6,10,
Gupta,1000,6,6,6,10,
Lars1,1000,6,8,8,10,
Lars2,1000,6,8,8,10,
Lis,1000,6,8,8,10,
Gupta,1000,6,8,8,10,
Lars1,1000,7,10,10,10,
Lars2,1000,7,10,10,10,
Lis,1000,7,10,10,10,
Gupta,1000,7,10,10,10,
Lars1,1000,7,2,2,10,
Lars2,1000,7,2,2,10,120.0
Lis,1000,7,2,2,10,
Gupta,1000,7,2,2,10,
Lars1,1000,7,4,4,10,
Lars2,1000,7,4,4,10,
Lis,1000,7,4,4,10,
Gupta,1000,7,4,4,10,
Lars1,1000,7,6,6,10,
Lars2,1000,7,6,6,10,
Lis,1000,7,6,6,10,
Gupta,1000,7,6,6,10,
Lars1,1000,7,8,8,10,
Lars2,1000,7,8,8,10,
Lis,1000,7,8,8,10,
Gupta,1000,7,8,8,10,
Lars1,1000,80,10,10,10,
Lars2,1000,80,10,10,10,
Lis,1000,80,10,10,10,
Gupta,1000,80,10,10,10,
Lars1,1000,80,2,2,10,
Lars2,1000,80,2,2,10,67.0
Lis,1000,80,2,2,10,
Gupta,1000,80,2,2,10,
Lars1,1000,80,4,4,10,
Lars2,1000,80,4,4,10,
Lis,1000,80,4,4,10,
Gupta,1000,80,4,4,10,
Lars1,1000,80,6,6,10,
Lars2,1000,80,6,6,10,
Lis,1000,80,6,6,10,
Gupta,1000,80,6,6,10,
Lars1,1000,80,8,8,10,
Lars2,1000,80,8,8,10,
Lis,1000,80,8,8,10,
Gupta,1000,80,8,8,10,
Lars1,1000,8,10,10,10,
Lars2,1000,8,10,10,10,
Lis,1000,8,10,10,10,
Gupta,1000,8,10,10,10,
Lars1,1000,8,2,2,10,
Lars2,1000,8,2,2,10,65.0
Lis,1000,8,2,2,10,
Gupta,1000,8,2,2,10,
Lars1,1000,8,4,4,10,
Lars2,1000,8,4,4,10,
Lis,1000,8,4,4,10,
Gupta,1000,8,4,4,10,
Lars1,1000,8,6,6,10,
Lars2,1000,8,6,6,10,
Lis,1000,8,6,6,10,
Gupta,1000,8,6,6,10,
Lars1,1000,8,8,8,10,
Lars2,1000,8,8,8,10,
Lis,1000,8,8,8,10,
Gupta,1000,8,8,8,10,
Lars1,1000,9,10,10,10,
Lars2,1000,9,10,10,10,
Lis,1000,9,10,10,10,
Gupta,1000,9,10,10,10,
Lars1,1000,9,2,2,10,
Lars2,1000,9,2,2,10,57.0
Lis,1000,9,2,2,10,
Gupta,1000,9,2,2,10,
Lars1,1000,9,4,4,10,
Lars2,1000,9,4,4,10,
Lis,1000,9,4,4,10,
Gupta,1000,9,4,4,10,
Lars1,1000,9,6,6,10,
Lars2,1000,9,6,6,10,
Lis,1000,9,6,6,10,
Gupta,1000,9,6,6,10,
Lars1,1000,9,8,8,10,
Lars2,1000,9,8,8,10,
Lis,1000,9,8,8,10,
Gupta,1000,9,8,8,10,
Lars1,100,1000,10,10,10,
Lars2,100,1000,10,10,10,
Lis,100,1000,10,10,10,
Gupta,100,1000,10,10,10,
Lars1,100,1000,2,2,10,
Lars2,100,1000,2,2,10,114.0
Lis,100,1000,2,2,10,
Gupta,100,1000,2,2,10,
Lars1,100,1000,4,4,10,
Lars2,100,1000,4,4,10,
Lis,100,1000,4,4,10,
Gupta,100,1000,4,4,10,
Lars1,100,1000,6,6,10,
Lars2,100,1000,6,6,10,
Lis,100,1000,6,6,10,
Gupta,100,1000,6,6,10,
Lars1,100,1000,8,8,10,
Lars2,100,1000,8,8,10,
Lis,100,1000,8,8,10,
Gupta,100,1000,8,8,10,
Lars1,100,100,10,10,10,
Lars2,100,100,10,10,10,
Lis,100,100,10,10,10,
Gupta,100,100,10,10,10,
Lars1,100,100,2,2,10,
Lars2,100,100,2,2,10,103.0
Lis,100,100,2,2,10,
Gupta,100,100,2,2,10,
Lars1,100,100,4,4,10,
Lars2,100,100,4,4,10,
Lis,100,100,4,4,10,
Gupta,100,100,4,4,10,
Lars1,100,100,6,6,10,
Lars2,100,100,6,6,10,
Lis,100,100,6,6,10,
Gupta,100,100,6,6,10,
Lars1,100,100,8,8,10,
Lars2,100,100,8,8,10,
Lis,100,100,8,8,10,
Gupta,100,100,8,8,10,
Lars1,100,10,10,10,10,
Lars2,100,10,10,10,10,
Lis,100,10,10,10,10,
Gupta,100,10,10,10,10,
Lars1,100,10,2,2,10,
Lars2,100,10,2,2,10,70.0
Lis,100,10,2,2,10,
Gupta,100,10,2,2,10,
Lars1,100,10,4,4,10,
Lars2,100,10,4,4,10,
Lis,100,10,4,4,10,
Gupta,100,10,4,4,10,
Lars1,100,10,6,6,10,
Lars2,100,10,6,6,10,
Lis,100,10,6,6,10,
Gupta,100,10,6,6,10,
Lars1,100,10,8,8,10,
Lars2,100,10,8,8,10,
Lis,100,10,8,8,10,
Gupta,100,10,8,8,10,
Lars1,100,1,10,10,10,
Lars2,100,1,10,10,10,
Lis,100,1,10,10,10,
Gupta,100,1,10,10,10,
Lars1,100,1,2,2,10,
Lars2,100,1,2,2,10,80.0
Lis,100,1,2,2,10,
Gupta,100,1,2,2,10,
Lars1,100,1,4,4,10,
Lars2,100,1,4,4,10,
Lis,100,1,4,4,10,
Gupta,100,1,4,4,10,
Lars1,100,1,6,6,10,
Lars2,100,1,6,6,10,
Lis,100,1,6,6,10,
Gupta,100,1,6,6,10,
Lars1,100,1,8,8,10,
Lars2,100,1,8,8,10,
Lis,100,1,8,8,10,
Gupta,100,1,8,8,10,
Lars1,100,20,10,10,10,
Lars2,100,20,10,10,10,
Lis,100,20,10,10,10,
Gupta,100,20,10,10,10,
Lars1,100,20,2,2,10,
Lars2,100,20,2,2,10,86.0
Lis,100,20,2,2,10,
Gupta,100,20,2,2,10,
Lars1,100,20,4,4,10,
Lars2,100,20,4,4,10,
Lis,100,20,4,4,10,
Gupta,100,20,4,4,10,
Lars1,100,20,6,6,10,
Lars2,100,20,6,6,10,
Lis,100,20,6,6,10,
Gupta,100,20,6,6,10,
Lars1,100,20,8,8,10,
Lars2,100,20,8,8,10,
Lis,100,20,8,8,10,
Gupta,100,20,8,8,10,
Lars1,100,2,10,10,10,
Lars2,100,2,10,10,10,
Lis,100,2,10,10,10,
Gupta,100,2,10,10,10,
Lars1,100,2,2,2,10,
Lars2,100,2,2,2,10,76.0
Lis,100,2,2,2,10,
Gupta,100,2,2,2,10,
Lars1,100,2,4,4,10,
Lars2,100,2,4,4,10,
Lis,100,2,4,4,10,
Gupta,100,2,4,4,10,
Lars1,100,2,6,6,10,
Lars2,100,2,6,6,10,
Lis,100,2,6,6,10,
Gupta,100,2,6,6,10,
Lars1,100,2,8,8,10,
Lars2,100,2,8,8,10,
Lis,100,2,8,8,10,
Gupta,100,2,8,8,10,
Lars1,100,3,10,10,10,
Lars2,100,3,10,10,10,
Lis,100,3,10,10,10,
Gupta,100,3,10,10,10,
Lars1,100,3,2,2,10,
Lars2,100,3,2,2,10,82.0
Lis,100,3,2,2,10,
Gupta,100,3,2,2,10,
Lars1,100,3,4,4,10,
Lars2,100,3,4,4,10,
Lis,100,3,4,4,10,
Gupta,100,3,4,4,10,
Lars1,100,3,6,6,10,
Lars2,100,3,6,6,10,
Lis,100,3,6,6,10,
Gupta,100,3,6,6,10,
Lars1,100,3,8,8,10,
Lars2,100,3,8,8,10,
Lis,100,3,8,8,10,
Gupta,100,3,8,8,10,
Lars1,100,40,10,10,10,
Lars2,100,40,10,10,10,
Lis,100,40,10,10,10,
Gupta,100,40,10,10,10,
Lars1,100,40,2,2,10,
Lars2,100,40,2,2,10,82.0
Lis,100,40,2,2,10,
Gupta,100,40,2,2,10,
Lars1,100,40,4,4,10,
Lars2,100,40,4,4,10,
Lis,100,40,4,4,10,
Gupta,100,40,4,4,10,
Lars1,100,40,6,6,10,
Lars2,100,40,6,6,10,
Lis,100,40,6,6,10,
Gupta,100,40,6,6,10,
Lars1,100,40,8,8,10,
Lars2,100,40,8,8,10,
Lis,100,40,8,8,10,
Gupta,100,40,8,8,10,
Lars1,100,4,10,10,10,
Lars2,100,4,10,10,10,
Lis,100,4,10,10,10,
Gupta,100,4,10,10,10,
Lars1,100,4,2,2,10,
Lars2,100,4,2,2,10,68.0
Lis,100,4,2,2,10,
Gupta,100,4,2,2,10,
Lars1,100,4,4,4,10,
Lars2,100,4,4,4,10,
Lis,100,4,4,4,10,
Gupta,100,4,4,4,10,
Lars1,100,4,6,6,10,
Lars2,100,4,6,6,10,
Lis,100,4,6,6,10,
Gupta,100,4,6,6,10,
Lars1,100,4,8,8,10,
Lars2,100,4,8,8,10,
Lis,100,4,8,8,10,
Gupta,100,4,8,8,10,
Lars1,100,500,10,10,10,
Lars2,100,500,10,10,10,
Lis,100,500,10,10,10,
Gupta,100,500,10,10,10,
Lars1,100,500,2,2,10,
Lars2,100,500,2,2,10,80.0
Lis,100,500,2,2,10,
Gupta,100,500,2,2,10,
Lars1,100,500,4,4,10,
Lars2,100,500,4,4,10,
Lis,100,500,4,4,10,
Gupta,100,500,4,4,10,
Lars1,100,500,6,6,10,
Lars2,100,500,6,6,10,
Lis,100,500,6,6,10,
Gupta,100,500,6,6,10,
Lars1,100,500,8,8,10,
Lars2,100,500,8,8,10,
Lis,100,500,8,8,10,
Gupta,100,500,8,8,10,
Lars1,100,5,10,10,10,
Lars2,100,5,10,10,10,
Lis,100,5,10,10,10,
Gupta,100,5,10,10,10,
Lars1,100,5,2,2,10,
Lars2,100,5,2,2,10,101.0
Lis,100,5,2,2,10,
Gupta,100,5,2,2,10,
Lars1,100,5,4,4,10,
Lars2,100,5,4,4,10,
Lis,100,5,4,4,10,
Gupta,100,5,4,4,10,
Lars1,100,5,6,6,10,
Lars2,100,5,6,6,10,
Lis,100,5,6,6,10,
Gupta,100,5,6,6,10,
Lars1,100,5,8,8,10,
Lars2,100,5,8,8,10,
Lis,100,5,8,8,10,
Gupta,100,5,8,8,10,
Lars1,100,60,10,10,10,
Lars2,100,60,10,10,10,
Lis,100,60,10,10,10,
Gupta,100,60,10,10,10,
Lars1,100,60,2,2,10,
Lars2,100,60,2,2,10,71.0
Lis,100,60,2,2,10,
Gupta,100,60,2,2,10,
Lars1,100,60,4,4,10,
Lars2,100,60,4,4,10,
Lis,100,60,4,4,10,
Gupta,100,60,4,4,10,
Lars1,100,60,6,6,10,
Lars2,100,60,6,6,10,
Lis,100,60,6,6,10,
Gupta,100,60,6,6,10,
Lars1,100,60,8,8,10,
Lars2,100,60,8,8,10,
Lis,100,60,8,8,10,
Gupta,100,60,8,8,10,
Lars1,100,6,10,10,10,
Lars2,100,6,10,10,10,
Lis,100,6,10,10,10,
Gupta,100,6,10,10,10,
Lars1,100,6,2,2,10,
Lars2,100,6,2,2,10,56.0
Lis,100,6,2,2,10,
Gupta,100,6,2,2,10,
Lars1,100,6,4,4,10,
Lars2,100,6,4,4,10,
Lis,100,6,4,4,10,
Gupta,100,6,4,4,10,
Lars1,100,6,6,6,10,
Lars2,100,6,6,6,10,
Lis,100,6,6,6,10,
Gupta,100,6,6,6,10,
Lars1,100,6,8,8,10,
Lars2,100,6,8,8,10,
Lis,100,6,8,8,10,
Gupta,100,6,8,8,10,
Lars1,100,7,10,10,10,
Lars2,100,7,10,10,10,
Lis,100,7,10,10,10,
Gupta,100,7,10,10,10,
Lars1,100,7,2,2,10,
Lars2,100,7,2,2,10,77.0
Lis,100,7,2,2,10,
Gupta,100,7,2,2,10,
Lars1,100,7,4,4,10,
Lars2,100,7,4,4,10,
Lis,100,7,4,4,10,
Gupta,100,7,4,4,10,
Lars1,100,7,6,6,10,
Lars2,100,7,6,6,10,
Lis,100,7,6,6,10,
Gupta,100,7,6,6,10,
Lars1,100,7,8,8,10,
Lars2,100,7,8,8,10,
Lis,100,7,8,8,10,
Gupta,100,7,8,8,10,
Lars1,100,80,10,10,10,
Lars2,100,80,10,10,10,
Lis,100,80,10,10,10,
Gupta,100,80,10,10,10,
Lars1,100,80,2,2,10,
Lars2,100,80,2,2,10,90.0
Lis,100,80,2,2,10,
Gupta,100,80,2,2,10,
Lars1,100,80,4,4,10,
Lars2,100,80,4,4,10,
Lis,100,80,4,4,10,
Gupta,100,80,4,4,10,
Lars1,100,80,6,6,10,
Lars2,100,80,6,6,10,
Lis,100,80,6,6,10,
Gupta,100,80,6,6,10,
Lars1,100,80,8,8,10,
Lars2,100,80,8,8,10,
Lis,100,80,8,8,10,
Gupta,100,80,8,8,10,
Lars1,100,8,10,10,10,
Lars2,100,8,10,10,10,
Lis,100,8,10,10,10,
Gupta,100,8,10,10,10,
Lars1,100,8,2,2,10,
Lars2,100,8,2,2,10,72.0
Lis,100,8,2,2,10,
Gupta,100,8,2,2,10,
Lars1,100,8,4,4,10,
Lars2,100,8,4,4,10,
Lis,100,8,4,4,10,
Gupta,100,8,4,4,10,
Lars1,100,8,6,6,10,
Lars2,100,8,6,6,10,
Lis,100,8,6,6,10,
Gupta,100,8,6,6,10,
Lars1,100,8,8,8,10,
Lars2,100,8,8,8,10,
Lis,100,8,8,8,10,
Gupta,100,8,8,8,10,
Lars1,100,9,10,10,10,
Lars2,100,9,10,10,10,
Lis,100,9,10,10,10,
Gupta,100,9,10,10,10,
Lars1,100,9,2,2,10,
Lars2,100,9,2,2,10,71.0
Lis,100,9,2,2,10,
Gupta,100,9,2,2,10,
Lars1,100,9,4,4,10,
Lars2,100,9,4,4,10,
Lis,100,9,4,4,10,
Gupta,100,9,4,4,10,
Lars1,100,9,6,6,10,
Lars2,100,9,6,6,10,
Lis,100,9,6,6,10,
Gupta,100,9,6,6,10,
Lars1,100,9,8,8,10,
Lars2,100,9,8,8,10,
Lis,100,9,8,8,10,
Gupta,100,9,8,8,10,
Lars1,10,1000,10,10,10,
Lars2,10,1000,10,10,10,
Lis,10,1000,10,10,10,
Gupta,10,1000,10,10,10,
Lars1,10,1000,2,2,10,
Lars2,10,1000,2,2,10,142.0
Lis,10,1000,2,2,10,
Gupta,10,1000,2,2,10,
Lars1,10,1000,4,4,10,
Lars2,10,1000,4,4,10,
Lis,10,1000,4,4,10,
Gupta,10,1000,4,4,10,
Lars1,10,1000,6,6,10,
Lars2,10,1000,6,6,10,
Lis,10,1000,6,6,10,
Gupta,10,1000,6,6,10,
Lars1,10,1000,8,8,10,
Lars2,10,1000,8,8,10,
Lis,10,1000,8,8,10,
Gupta,10,1000,8,8,10,
Lars1,10,100,10,10,10,
Lars2,10,100,10,10,10,
Lis,10,100,10,10,10,
Gupta,10,100,10,10,10,
Lars1,10,100,2,2,10,
Lars2,10,100,2,2,10,79.0
Lis,10,100,2,2,10,
Gupta,10,100,2,2,10,
Lars1,10,100,4,4,10,
Lars2,10,100,4,4,10,
Lis,10,100,4,4,10,
Gupta,10,100,4,4,10,
Lars1,10,100,6,6,10,
Lars2,10,100,6,6,10,
Lis,10,100,6,6,10,
Gupta,10,100,6,6,10,
Lars1,10,100,8,8,10,
Lars2,10,100,8,8,10,
Lis,10,100,8,8,10,
Gupta,10,100,8,8,10,
Lars1,10,10,10,10,10,
Lars2,10,10,10,10,10,
Lis,10,10,10,10,10,
Gupta,10,10,10,10,10,
Lars1,10,10,2,2,10,
Lars2,10,10,2,2,10,84.0
Lis,10,10,2,2,10,
Gupta,10,10,2,2,10,
Lars1,10,10,4,4,10,
Lars2,10,10,4,4,10,
Lis,10,10,4,4,10,
Gupta,10,10,4,4,10,
Lars1,10,10,6,6,10,
Lars2,10,10,6,6,10,
Lis,10,10,6,6,10,
Gupta,10,10,6,6,10,
Lars1,10,10,8,8,10,
Lars2,10,10,8,8,10,
Lis,10,10,8,8,10,
Gupta,10,10,8,8,10,
Lars1,10,1,10,10,10,
Lars2,10,1,10,10,10,
Lis,10,1,10,10,10,
Gupta,10,1,10,10,10,
Lars1,10,1,2,2,10,
Lars2,10,1,2,2,10,71.0
Lis,10,1,2,2,10,
Gupta,10,1,2,2,10,
Lars1,10,1,4,4,10,
Lars2,10,1,4,4,10,
Lis,10,1,4,4,10,
Gupta,10,1,4,4,10,
Lars1,10,1,6,6,10,
Lars2,10,1,6,6,10,
Lis,10,1,6,6,10,
Gupta,10,1,6,6,10,
Lars1,10,1,8,8,10,
Lars2,10,1,8,8,10,
Lis,10,1,8,8,10,
Gupta,10,1,8,8,10,
Lars1,10,20,10,10,10,
Lars2,10,20,10,10,10,
Lis,10,20,10,10,10,
Gupta,10,20,10,10,10,
Lars1,10,20,2,2,10,
Lars2,10,20,2,2,10,71.0
Lis,10,20,2,2,10,
Gupta,10,20,2,2,10,
Lars1,10,20,4,4,10,
Lars2,10,20,4,4,10,
Lis,10,20,4,4,10,
Gupta,10,20,4,4,10,
Lars1,10,20,6,6,10,
Lars2,10,20,6,6,10,
Lis,10,20,6,6,10,
Gupta,10,20,6,6,10,
Lars1,10,20,8,8,10,
Lars2,10,20,8,8,10,
Lis,10,20,8,8,10,
Gupta,10,20,8,8,10,
Lars1,10,2,10,10,10,
Lars2,10,2,10,10,10,
Lis,10,2,10,10,10,
Gupta,10,2,10,10,10,
Lars1,10,2,2,2,10,
Lars2,10,2,2,2,10,80.0
Lis,10,2,2,2,10,
Gupta,10,2,2,2,10,
Lars1,10,2,4,4,10,
Lars2,10,2,4,4,10,
Lis,10,2,4,4,10,
Gupta,10,2,4,4,10,
Lars1,10,2,6,6,10,
Lars2,10,2,6,6,10,
Lis,10,2,6,6,10,
Gupta,10,2,6,6,10,
Lars1,10,2,8,8,10,
Lars2,10,2,8,8,10,
Lis,10,2,8,8,10,
Gupta,10,2,8,8,10,
Lars1,10,3,10,10,10,
Lars2,10,3,10,10,10,
Lis,10,3,10,10,10,
Gupta,10,3,10,10,10,
Lars1,10,3,2,2,10,
Lars2,10,3,2,2,10,75.0
Lis,10,3,2,2,10,
Gupta,10,3,2,2,10,
Lars1,10,3,4,4,10,
Lars2,10,3,4,4,10,
Lis,10,3,4,4,10,
Gupta,10,3,4,4,10,
Lars1,10,3,6,6,10,
Lars2,10,3,6,6,10,
Lis,10,3,6,6,10,
Gupta,10,3,6,6,10,
Lars1,10,3,8,8,10,
Lars2,10,3,8,8,10,
Lis,10,3,8,8,10,
Gupta,10,3,8,8,10,
Lars1,10,40,10,10,10,
Lars2,10,40,10,10,10,
Lis,10,40,10,10,10,
Gupta,10,40,10,10,10,
Lars1,10,40,2,2,10,
Lars2,10,40,2,2,10,82.0
Lis,10,40,2,2,10,
Gupta,10,40,2,2,10,
Lars1,10,40,4,4,10,
Lars2,10,40,4,4,10,
Lis,10,40,4,4,10,
Gupta,10,40,4,4,10,
Lars1,10,40,6,6,10,
Lars2,10,40,6,6,10,
Lis,10,40,6,6,10,
Gupta,10,40,6,6,10,
Lars1,10,40,8,8,10,
Lars2,10,40,8,8,10,
Lis,10,40,8,8,10,
Gupta,10,40,8,8,10,
Lars1,10,4,10,10,10,
Lars2,10,4,10,10,10,
Lis,10,4,10,10,10,
Gupta,10,4,10,10,10,
Lars1,10,4,2,2,10,
Lars2,10,4,2,2,10,74.0
Lis,10,4,2,2,10,
Gupta,10,4,2,2,10,
Lars1,10,4,4,4,10,
Lars2,10,4,4,4,10,
Lis,10,4,4,4,10,
Gupta,10,4,4,4,10,
Lars1,10,4,6,6,10,
Lars2,10,4,6,6,10,
Lis,10,4,6,6,10,
Gupta,10,4,6,6,10,
Lars1,10,4,8,8,10,
Lars2,10,4,8,8,10,
Lis,10,4,8,8,10,
Gupta,10,4,8,8,10,
Lars1,10,500,10,10,10,
Lars2,10,500,10,10,10,
Lis,10,500,10,10,10,
Gupta,10,500,10,10,10,
Lars1,10,500,2,2,10,
Lars2,10,500,2,2,10,101.0
Lis,10,500,2,2,10,
Gupta,10,500,2,2,10,
Lars1,10,500,4,4,10,
Lars2,10,500,4,4,10,
Lis,10,500,4,4,10,
Gupta,10,500,4,4,10,
Lars1,10,500,6,6,10,
Lars2,10,500,6,6,10,
Lis,10,500,6,6,10,
Gupta,10,500,6,6,10,
Lars1,10,500,8,8,10,
Lars2,10,500,8,8,10,
Lis,10,500,8,8,10,
Gupta,10,500,8,8,10,
Lars1,10,5,10,10,10,
Lars2,10,5,10,10,10,
Lis,10,5,10,10,10,
Gupta,10,5,10,10,10,
Lars1,10,5,2,2,10,
Lars2,10,5,2,2,10,61.0
Lis,10,5,2,2,10,
Gupta,10,5,2,2,10,
Lars1,10,5,4,4,10,
Lars2,10,5,4,4,10,
Lis,10,5,4,4,10,
Gupta,10,5,4,4,10,
Lars1,10,5,6,6,10,
Lars2,10,5,6,6,10,
Lis,10,5,6,6,10,
Gupta,10,5,6,6,10,
Lars1,10,5,8,8,10,
Lars2,10,5,8,8,10,
Lis,10,5,8,8,10,
Gupta,10,5,8,8,10,
Lars1,10,60,10,10,10,
Lars2,10,60,10,10,10,
Lis,10,60,10,10,10,
Gupta,10,60,10,10,10,
Lars1,10,60,2,2,10,
Lars2,10,60,2,2,10,76.0
Lis,10,60,2,2,10,
Gupta,10,60,2,2,10,
Lars1,10,60,4,4,10,
Lars2,10,60,4,4,10,
Lis,10,60,4,4,10,
Gupta,10,60,4,4,10,
Lars1,10,60,6,6,10,
Lars2,10,60,6,6,10,
Lis,10,60,6,6,10,
Gupta,10,60,6,6,10,
Lars1,10,60,8,8,10,
Lars2,10,60,8,8,10,
Lis,10,60,8,8,10,
Gupta,10,60,8,8,10,
Lars1,10,6,10,10,10,
Lars2,10,6,10,10,10,
Lis,10,6,10,10,10,
Gupta,10,6,10,10,10,
Lars1,10,6,2,2,10,
Lars2,10,6,2,2,10,74.0
Lis,10,6,2,2,10,
Gupta,10,6,2,2,10,
Lars1,10,6,4,4,10,
Lars2,10,6,4,4,10,
Lis,10,6,4,4,10,
Gupta,10,6,4,4,10,
Lars1,10,6,6,6,10,
Lars2,10,6,6,6,10,
Lis,10,6,6,6,10,
Gupta,10,6,6,6,10,
Lars1,10,6,8,8,10,
Lars2,10,6,8,8,10,
Lis,10,6,8,8,10,
Gupta,10,6,8,8,10,
Lars1,10,7,10,10,10,
Lars2,10,7,10,10,10,
Lis,10,7,10,10,10,
Gupta,10,7,10,10,10,
Lars1,10,7,2,2,10,
Lars2,10,7,2,2,10,77.0
Lis,10,7,2,2,10,
Gupta,10,7,2,2,10,
Lars1,10,7,4,4,10,
Lars2,10,7,4,4,10,
Lis,10,7,4,4,10,
Gupta,10,7,4,4,10,
Lars1,10,7,6,6,10,
Lars2,10,7,6,6,10,
Lis,10,7,6,6,10,
Gupta,10,7,6,6,10,
Lars1,10,7,8,8,10,
Lars2,10,7,8,8,10,
Lis,10,7,8,8,10,
Gupta,10,7,8,8,10,
Lars1,10,80,10,10,10,
Lars2,10,80,10,10,10,
Lis,10,80,10,10,10,
Gupta,10,80,10,10,10,
Lars1,10,80,2,2,10,
Lars2,10,80,2,2,10,79.0
Lis,10,80,2,2,10,
Gupta,10,80,2,2,10,
Lars1,10,80,4,4,10,
Lars2,10,80,4,4,10,
Lis,10,80,4,4,10,
Gupta,10,80,4,4,10,
Lars1,10,80,6,6,10,
Lars2,10,80,6,6,10,
Lis,10,80,6,6,10,
Gupta,10,80,6,6,10,
Lars1,10,80,8,8,10,
Lars2,10,80,8,8,10,
Lis,10,80,8,8,10,
Gupta,10,80,8,8,10,
Lars1,10,8,10,10,10,
Lars2,10,8,10,10,10,
Lis,10,8,10,10,10,
Gupta,10,8,10,10,10,
Lars1,10,8,2,2,10,
Lars2,10,8,2,2,10,55.0
Lis,10,8,2,2,10,
Gupta,10,8,2,2,10,
Lars1,10,8,4,4,10,
Lars2,10,8,4,4,10,
Lis,10,8,4,4,10,
Gupta,10,8,4,4,10,
Lars1,10,8,6,6,10,
Lars2,10,8,6,6,10,
Lis,10,8,6,6,10,
Gupta,10,8,6,6,10,
Lars1,10,8,8,8,10,
Lars2,10,8,8,8,10,
Lis,10,8,8,8,10,
Gupta,10,8,8,8,10,
Lars1,10,9,10,10,10,
Lars2,10,9,10,10,10,
Lis,10,9,10,10,10,
Gupta,10,9,10,10,10,
Lars1,10,9,2,2,10,
Lars2,10,9,2,2,10,82.0
Lis,10,9,2,2,10,
Gupta,10,9,2,2,10,
Lars1,10,9,4,4,10,
Lars2,10,9,4,4,10,
Lis,10,9,4,4,10,
Gupta,10,9,4,4,10,
Lars1,10,9,6,6,10,
Lars2,10,9,6,6,10,
Lis,10,9,6,6,10,
Gupta,10,9,6,6,10,
Lars1,10,9,8,8,10,
Lars2,10,9,8,8,10,
Lis,10,9,8,8,10,
Gupta,10,9,8,8,10,
Lars1,1,1000,10,10,10,
Lars2,1,1000,10,10,10,
Lis,1,1000,10,10,10,
Gupta,1,1000,10,10,10,
Lars1,1,1000,2,2,10,
Lars2,1,1000,2,2,10,754.0
Lis,1,1000,2,2,10,
Gupta,1,1000,2,2,10,
Lars1,1,1000,4,4,10,
Lars2,1,1000,4,4,10,
Lis,1,1000,4,4,10,
Gupta,1,1000,4,4,10,
Lars1,1,1000,6,6,10,
Lars2,1,1000,6,6,10,
Lis,1,1000,6,6,10,
Gupta,1,1000,6,6,10,
Lars1,1,1000,8,8,10,
Lars2,1,1000,8,8,10,
Lis,1,1000,8,8,10,
Gupta,1,1000,8,8,10,
Lars1,1,100,10,10,10,
Lars2,1,100,10,10,10,
Lis,1,100,10,10,10,
Gupta,1,100,10,10,10,
Lars1,1,100,2,2,10,
Lars2,1,100,2,2,10,77.0
Lis,1,100,2,2,10,
Gupta,1,100,2,2,10,
Lars1,1,100,4,4,10,
Lars2,1,100,4,4,10,
Lis,1,100,4,4,10,
Gupta,1,100,4,4,10,
Lars1,1,100,6,6,10,
Lars2,1,100,6,6,10,
Lis,1,100,6,6,10,
Gupta,1,100,6,6,10,
Lars1,1,100,8,8,10,
Lars2,1,100,8,8,10,
Lis,1,100,8,8,10,
Gupta,1,100,8,8,10,
Lars1,1,10,10,10,10,
Lars2,1,10,10,10,10,
Lis,1,10,10,10,10,
Gupta,1,10,10,10,10,
Lars1,1,10,2,2,10,
Lars2,1,10,2,2,10,80.0
Lis,1,10,2,2,10,
Gupta,1,10,2,2,10,
Lars1,1,10,4,4,10,
Lars2,1,10,4,4,10,
Lis,1,10,4,4,10,
Gupta,1,10,4,4,10,
Lars1,1,10,6,6,10,
Lars2,1,10,6,6,10,
Lis,1,10,6,6,10,
Gupta,1,10,6,6,10,
Lars1,1,10,8,8,10,
Lars2,1,10,8,8,10,
Lis,1,10,8,8,10,
Gupta,1,10,8,8,10,
Lars1,1,1,10,10,10,
Lars2,1,1,10,10,10,
Lis,1,1,10,10,10,
Gupta,1,1,10,10,10,
Lars1,1,1,2,2,10,
Lars2,1,1,2,2,10,77.0
Lis,1,1,2,2,10,
Gupta,1,1,2,2,10,
Lars1,1,1,4,4,10,
Lars2,1,1,4,4,10,
Lis,1,1,4,4,10,
Gupta,1,1,4,4,10,
Lars1,1,1,6,6,10,
Lars2,1,1,6,6,10,
Lis,1,1,6,6,10,
Gupta,1,1,6,6,10,
Lars1,1,1,8,8,10,
Lars2,1,1,8,8,10,
Lis,1,1,8,8,10,
Gupta,1,1,8,8,10,
Lars1,1,20,10,10,10,
Lars2,1,20,10,10,10,
Lis,1,20,10,10,10,
Gupta,1,20,10,10,10,
Lars1,1,20,2,2,10,
Lars2,1,20,2,2,10,74.0
Lis,1,20,2,2,10,
Gupta,1,20,2,2,10,
Lars1,1,20,4,4,10,
Lars2,1,20,4,4,10,
Lis,1,20,4,4,10,
Gupta,1,20,4,4,10,
Lars1,1,20,6,6,10,
Lars2,1,20,6,6,10,
Lis,1,20,6,6,10,
Gupta,1,20,6,6,10,
Lars1,1,20,8,8,10,
Lars2,1,20,8,8,10,
Lis,1,20,8,8,10,
Gupta,1,20,8,8,10,
Lars1,1,2,10,10,10,
Lars2,1,2,10,10,10,
Lis,1,2,10,10,10,
Gupta,1,2,10,10,10,
Lars1,1,2,2,2,10,
Lars2,1,2,2,2,10,79.0
Lis,1,2,2,2,10,
Gupta,1,2,2,2,10,
Lars1,1,2,4,4,10,
Lars2,1,2,4,4,10,
Lis,1,2,4,4,10,
Gupta,1,2,4,4,10,
Lars1,1,2,6,6,10,
Lars2,1,2,6,6,10,
Lis,1,2,6,6,10,
Gupta,1,2,6,6,10,
Lars1,1,2,8,8,10,
Lars2,1,2,8,8,10,
Lis,1,2,8,8,10,
Gupta,1,2,8,8,10,
Lars1,1,3,10,10,10,
Lars2,1,3,10,10,10,
Lis,1,3,10,10,10,
Gupta,1,3,10,10,10,
Lars1,1,3,2,2,10,
Lars2,1,3,2,2,10,69.0
Lis,1,3,2,2,10,
Gupta,1,3,2,2,10,
Lars1,1,3,4,4,10,
Lars2,1,3,4,4,10,
Lis,1,3,4,4,10,
Gupta,1,3,4,4,10,
Lars1,1,3,6,6,10,
Lars2,1,3,6,6,10,
Lis,1,3,6,6,10,
Gupta,1,3,6,6,10,
Lars1,1,3,8,8,10,
Lars2,1,3,8,8,10,
Lis,1,3,8,8,10,
Gupta,1,3,8,8,10,
Lars1,1,40,10,10,10,
Lars2,1,40,10,10,10,
Lis,1,40,10,10,10,
Gupta,1,40,10,10,10,
Lars1,1,40,2,2,10,
Lars2,1,40,2,2,10,88.0
Lis,1,40,2,2,10,
Gupta,1,40,2,2,10,
Lars1,1,40,4,4,10,
Lars2,1,40,4,4,10,
Lis,1,40,4,4,10,
Gupta,1,40,4,4,10,
Lars1,1,40,6,6,10,
Lars2,1,40,6,6,10,
Lis,1,40,6,6,10,
Gupta,1,40,6,6,10,
Lars1,1,40,8,8,10,
Lars2,1,40,8,8,10,
Lis,1,40,8,8,10,
Gupta,1,40,8,8,10,
Lars1,1,4,10,10,10,
Lars2,1,4,10,10,10,
Lis,1,4,10,10,10,
Gupta,1,4,10,10,10,
Lars1,1,4,2,2,10,
Lars2,1,4,2,2,10,87.0
Lis,1,4,2,2,10,
Gupta,1,4,2,2,10,
Lars1,1,4,4,4,10,
Lars2,1,4,4,4,10,
Lis,1,4,4,4,10,
Gupta,1,4,4,4,10,
Lars1,1,4,6,6,10,
Lars2,1,4,6,6,10,
Lis,1,4,6,6,10,
Gupta,1,4,6,6,10,
Lars1,1,4,8,8,10,
Lars2,1,4,8,8,10,
Lis,1,4,8,8,10,
Gupta,1,4,8,8,10,
Lars1,1,500,10,10,10,
Lars2,1,500,10,10,10,
Lis,1,500,10,10,10,
Gupta,1,500,10,10,10,
Lars1,1,500,2,2,10,
Lars2,1,500,2,2,10,340.0
Lis,1,500,2,2,10,
Gupta,1,500,2,2,10,
Lars1,1,500,4,4,10,
Lars2,1,500,4,4,10,
Lis,1,500,4,4,10,
Gupta,1,500,4,4,10,
Lars1,1,500,6,6,10,
Lars2,1,500,6,6,10,
Lis,1,500,6,6,10,
Gupta,1,500,6,6,10,
Lars1,1,500,8,8,10,
Lars2,1,500,8,8,10,
Lis,1,500,8,8,10,
Gupta,1,500,8,8,10,
Lars1,1,5,10,10,10,
Lars2,1,5,10,10,10,
Lis,1,5,10,10,10,
Gupta,1,5,10,10,10,
Lars1,1,5,2,2,10,
Lars2,1,5,2,2,10,74.0
Lis,1,5,2,2,10,
Gupta,1,5,2,2,10,
Lars1,1,5,4,4,10,
Lars2,1,5,4,4,10,
Lis,1,5,4,4,10,
Gupta,1,5,4,4,10,
Lars1,1,5,6,6,10,
Lars2,1,5,6,6,10,
Lis,1,5,6,6,10,
Gupta,1,5,6,6,10,
Lars1,1,5,8,8,10,
Lars2,1,5,8,8,10,
Lis,1,5,8,8,10,
Gupta,1,5,8,8,10,
Lars1,1,60,10,10,10,
Lars2,1,60,10,10,10,
Lis,1,60,10,10,10,
Gupta,1,60,10,10,10,
Lars1,1,60,2,2,10,
Lars2,1,60,2,2,10,104.0
Lis,1,60,2,2,10,
Gupta,1,60,2,2,10,
Lars1,1,60,4,4,10,
Lars2,1,60,4,4,10,
Lis,1,60,4,4,10,
Gupta,1,60,4,4,10,
Lars1,1,60,6,6,10,
Lars2,1,60,6,6,10,
Lis,1,60,6,6,10,
Gupta,1,60,6,6,10,
Lars1,1,60,8,8,10,
Lars2,1,60,8,8,10,
Lis,1,60,8,8,10,
Gupta,1,60,8,8,10,
Lars1,1,6,10,10,10,
Lars2,1,6,10,10,10,
Lis,1,6,10,10,10,
Gupta,1,6,10,10,10,
Lars1,1,6,2,2,10,
Lars2,1,6,2,2,10,61.0
Lis,1,6,2,2,10,
Gupta,1,6,2,2,10,
Lars1,1,6,4,4,10,
Lars2,1,6,4,4,10,
Lis,1,6,4,4,10,
Gupta,1,6,4,4,10,
Lars1,1,6,6,6,10,
Lars2,1,6,6,6,10,
Lis,1,6,6,6,10,
Gupta,1,6,6,6,10,
Lars1,1,6,8,8,10,
Lars2,1,6,8,8,10,
Lis,1,6,8,8,10,
Gupta,1,6,8,8,10,
Lars1,1,7,10,10,10,
Lars2,1,7,10,10,10,
Lis,1,7,10,10,10,
Gupta,1,7,10,10,10,
Lars1,1,7,2,2,10,
Lars2,1,7,2,2,10,63.0
Lis,1,7,2,2,10,
Gupta,1,7,2,2,10,
Lars1,1,7,4,4,10,
Lars2,1,7,4,4,10,
Lis,1,7,4,4,10,
Gupta,1,7,4,4,10,
Lars1,1,7,6,6,10,
Lars2,1,7,6,6,10,
Lis,1,7,6,6,10,
Gupta,1,7,6,6,10,
Lars1,1,7,8,8,10,
Lars2,1,7,8,8,10,
Lis,1,7,8,8,10,
Gupta,1,7,8,8,10,
Lars1,1,80,10,10,10,
Lars2,1,80,10,10,10,
Lis,1,80,10,10,10,
Gupta,1,80,10,10,10,
Lars1,1,80,2,2,10,
Lars2,1,80,2,2,10,184.0
Lis,1,80,2,2,10,
Gupta,1,80,2,2,10,
Lars1,1,80,4,4,10,
Lars2,1,80,4,4,10,
Lis,1,80,4,4,10,
Gupta,1,80,4,4,10,
Lars1,1,80,6,6,10,
Lars2,1,80,6,6,10,
Lis,1,80,6,6,10,
Gupta,1,80,6,6,10,
Lars1,1,80,8,8,10,
Lars2,1,80,8,8,10,
Lis,1,80,8,8,10,
Gupta,1,80,8,8,10,
Lars1,1,8,10,10,10,
Lars2,1,8,10,10,10,
Lis,1,8,10,10,10,
Gupta,1,8,10,10,10,
Lars1,1,8,2,2,10,
Lars2,1,8,2,2,10,61.0
Lis,1,8,2,2,10,
Gupta,1,8,2,2,10,
Lars1,1,8,4,4,10,
Lars2,1,8,4,4,10,
Lis,1,8,4,4,10,
Gupta,1,8,4,4,10,
Lars1,1,8,6,6,10,
Lars2,1,8,6,6,10,
Lis,1,8,6,6,10,
Gupta,1,8,6,6,10,
Lars1,1,8,8,8,10,
Lars2,1,8,8,8,10,
Lis,1,8,8,8,10,
Gupta,1,8,8,8,10,
Lars1,1,9,10,10,10,
Lars2,1,9,10,10,10,
Lis,1,9,10,10,10,
Gupta,1,9,10,10,10,
Lars1,1,9,2,2,10,
Lars2,1,9,2,2,10,72.0
Lis,1,9,2,2,10,
Gupta,1,9,2,2,10,
Lars1,1,9,4,4,10,
Lars2,1,9,4,4,10,
Lis,1,9,4,4,10,
Gupta,1,9,4,4,10,
Lars1,1,9,6,6,10,
Lars2,1,9,6,6,10,
Lis,1,9,6,6,10,
Gupta,1,9,6,6,10,
Lars1,1,9,8,8,10,
Lars2,1,9,8,8,10,
Lis,1,9,8,8,10,
Gupta,1,9,8,8,10,
Lars1,20,1000,10,10,10,
Lars2,20,1000,10,10,10,
Lis,20,1000,10,10,10,
Gupta,20,1000,10,10,10,
Lars1,20,1000,2,2,10,
Lars2,20,1000,2,2,10,121.0
Lis,20,1000,2,2,10,
Gupta,20,1000,2,2,10,
Lars1,20,1000,4,4,10,
Lars2,20,1000,4,4,10,
Lis,20,1000,4,4,10,
Gupta,20,1000,4,4,10,
Lars1,20,1000,6,6,10,
Lars2,20,1000,6,6,10,
Lis,20,1000,6,6,10,
Gupta,20,1000,6,6,10,
Lars1,20,1000,8,8,10,
Lars2,20,1000,8,8,10,
Lis,20,1000,8,8,10,
Gupta,20,1000,8,8,10,
Lars1,20,100,10,10,10,
Lars2,20,100,10,10,10,
Lis,20,100,10,10,10,
Gupta,20,100,10,10,10,
Lars1,20,100,2,2,10,
Lars2,20,100,2,2,10,84.0
Lis,20,100,2,2,10,
Gupta,20,100,2,2,10,
Lars1,20,100,4,4,10,
Lars2,20,100,4,4,10,
Lis,20,100,4,4,10,
Gupta,20,100,4,4,10,
Lars1,20,100,6,6,10,
Lars2,20,100,6,6,10,
Lis,20,100,6,6,10,
Gupta,20,100,6,6,10,
Lars1,20,100,8,8,10,
Lars2,20,100,8,8,10,
Lis,20,100,8,8,10,
Gupta,20,100,8,8,10,
Lars1,20,10,10,10,10,
Lars2,20,10,10,10,10,
Lis,20,10,10,10,10,
Gupta,20,10,10,10,10,
Lars1,20,10,2,2,10,
Lars2,20,10,2,2,10,61.0
Lis,20,10,2,2,10,
Gupta,20,10,2,2,10,
Lars1,20,10,4,4,10,
Lars2,20,10,4,4,10,
Lis,20,10,4,4,10,
Gupta,20,10,4,4,10,
Lars1,20,10,6,6,10,
Lars2,20,10,6,6,10,
Lis,20,10,6,6,10,
Gupta,20,10,6,6,10,
Lars1,20,10,8,8,10,
Lars2,20,10,8,8,10,
Lis,20,10,8,8,10,
Gupta,20,10,8,8,10,
Lars1,20,1,10,10,10,
Lars2,20,1,10,10,10,
Lis,20,1,10,10,10,
Gupta,20,1,10,10,10,
Lars1,20,1,2,2,10,
Lars2,20,1,2,2,10,83.0
Lis,20,1,2,2,10,
Gupta,20,1,2,2,10,
Lars1,20,1,4,4,10,
Lars2,20,1,4,4,10,
Lis,20,1,4,4,10,
Gupta,20,1,4,4,10,
Lars1,20,1,6,6,10,
Lars2,20,1,6,6,10,
Lis,20,1,6,6,10,
Gupta,20,1,6,6,10,
Lars1,20,1,8,8,10,
Lars2,20,1,8,8,10,
Lis,20,1,8,8,10,
Gupta,20,1,8,8,10,
Lars1,20,20,10,10,10,
Lars2,20,20,10,10,10,
Lis,20,20,10,10,10,
Gupta,20,20,10,10,10,
Lars1,20,20,2,2,10,
Lars2,20,20,2,2,10,79.0
Lis,20,20,2,2,10,
Gupta,20,20,2,2,10,
Lars1,20,20,4,4,10,
Lars2,20,20,4,4,10,
Lis,20,20,4,4,10,
Gupta,20,20,4,4,10,
Lars1,20,20,6,6,10,
Lars2,20,20,6,6,10,
Lis,20,20,6,6,10,
Gupta,20,20,6,6,10,
Lars1,20,20,8,8,10,
Lars2,20,20,8,8,10,
Lis,20,20,8,8,10,
Gupta,20,20,8,8,10,
Lars1,20,2,10,10,10,
Lars2,20,2,10,10,10,
Lis,20,2,10,10,10,
Gupta,20,2,10,10,10,
Lars1,20,2,2,2,10,
Lars2,20,2,2,2,10,79.0
Lis,20,2,2,2,10,
Gupta,20,2,2,2,10,
Lars1,20,2,4,4,10,
Lars2,20,2,4,4,10,
Lis,20,2,4,4,10,
Gupta,20,2,4,4,10,
Lars1,20,2,6,6,10,
Lars2,20,2,6,6,10,
Lis,20,2,6,6,10,
Gupta,20,2,6,6,10,
Lars1,20,2,8,8,10,
Lars2,20,2,8,8,10,
Lis,20,2,8,8,10,
Gupta,20,2,8,8,10,
Lars1,20,3,10,10,10,
Lars2,20,3,10,10,10,
Lis,20,3,10,10,10,
Gupta,20,3,10,10,10,
Lars1,20,3,2,2,10,
Lars2,20,3,2,2,10,77.0
Lis,20,3,2,2,10,
Gupta,20,3,2,2,10,
Lars1,20,3,4,4,10,
Lars2,20,3,4,4,10,
Lis,20,3,4,4,10,
Gupta,20,3,4,4,10,
Lars1,20,3,6,6,10,
Lars2,20,3,6,6,10,
Lis,20,3,6,6,10,
Gupta,20,3,6,6,10,
Lars1,20,3,8,8,10,
Lars2,20,3,8,8,10,
Lis,20,3,8,8,10,
Gupta,20,3,8,8,10,
Lars1,20,40,10,10,10,
Lars2,20,40,10,10,10,
Lis,20,40,10,10,10,
Gupta,20,40,10,10,10,
Lars1,20,40,2,2,10,
Lars2,20,40,2,2,10,68.0
Lis,20,40,2,2,10,
Gupta,20,40,2,2,10,
Lars1,20,40,4,4,10,
Lars2,20,40,4,4,10,
Lis,20,40,4,4,10,
Gupta,20,40,4,4,10,
Lars1,20,40,6,6,10,
Lars2,20,40,6,6,10,
Lis,20,40,6,6,10,
Gupta,20,40,6,6,10,
Lars1,20,40,8,8,10,
Lars2,20,40,8,8,10,
Lis,20,40,8,8,10,
Gupta,20,40,8,8,10,
Lars1,20,4,10,10,10,
Lars2,20,4,10,10,10,
Lis,20,4,10,10,10,
Gupta,20,4,10,10,10,
Lars1,20,4,2,2,10,
Lars2,20,4,2,2,10,89.0
Lis,20,4,2,2,10,
Gupta,20,4,2,2,10,
Lars1,20,4,4,4,10,
Lars2,20,4,4,4,10,
Lis,20,4,4,4,10,
Gupta,20,4,4,4,10,
Lars1,20,4,6,6,10,
Lars2,20,4,6,6,10,
Lis,20,4,6,6,10,
Gupta,20,4,6,6,10,
Lars1,20,4,8,8,10,
Lars2,20,4,8,8,10,
Lis,20,4,8,8,10,
Gupta,20,4,8,8,10,
Lars1,20,500,10,10,10,
Lars2,20,500,10,10,10,
Lis,20,500,10,10,10,
Gupta,20,500,10,10,10,
Lars1,20,500,2,2,10,
Lars2,20,500,2,2,10,86.0
Lis,20,500,2,2,10,
Gupta,20,500,2,2,10,
Lars1,20,500,4,4,10,
Lars2,20,500,4,4,10,
Lis,20,500,4,4,10,
Gupta,20,500,4,4,10,
Lars1,20,500,6,6,10,
Lars2,20,500,6,6,10,
Lis,20,500,6,6,10,
Gupta,20,500,6,6,10,
Lars1,20,500,8,8,10,
Lars2,20,500,8,8,10,
Lis,20,500,8,8,10,
Gupta,20,500,8,8,10,
Lars1,20,5,10,10,10,
Lars2,20,5,10,10,10,
Lis,20,5,10,10,10,
Gupta,20,5,10,10,10,
Lars1,20,5,2,2,10,
Lars2,20,5,2,2,10,80.0
Lis,20,5,2,2,10,
Gupta,20,5,2,2,10,
Lars1,20,5,4,4,10,
Lars2,20,5,4,4,10,
Lis,20,5,4,4,10,
Gupta,20,5,4,4,10,
Lars1,20,5,6,6,10,
Lars2,20,5,6,6,10,
Lis,20,5,6,6,10,
Gupta,20,5,6,6,10,
Lars1,20,5,8,8,10,
Lars2,20,5,8,8,10,
Lis,20,5,8,8,10,
Gupta,20,5,8,8,10,
Lars1,20,60,10,10,10,
Lars2,20,60,10,10,10,
Lis,20,60,10,10,10,
Gupta,20,60,10,10,10,
Lars1,20,60,2,2,10,
Lars2,20,60,2,2,10,89.0
Lis,20,60,2,2,10,
Gupta,20,60,2,2,10,
Lars1,20,60,4,4,10,
Lars2,20,60,4,4,10,
Lis,20,60,4,4,10,
Gupta,20,60,4,4,10,
Lars1,20,60,6,6,10,
Lars2,20,60,6,6,10,
Lis,20,60,6,6,10,
Gupta,20,60,6,6,10,
Lars1,20,60,8,8,10,
Lars2,20,60,8,8,10,
Lis,20,60,8,8,10,
Gupta,20,60,8,8,10,
Lars1,20,6,10,10,10,
Lars2,20,6,10,10,10,
Lis,20,6,10,10,10,
Gupta,20,6,10,10,10,
Lars1,20,6,2,2,10,
Lars2,20,6,2,2,10,75.0
Lis,20,6,2,2,10,
Gupta,20,6,2,2,10,
Lars1,20,6,4,4,10,
Lars2,20,6,4,4,10,
Lis,20,6,4,4,10,
Gupta,20,6,4,4,10,
Lars1,20,6,6,6,10,
Lars2,20,6,6,6,10,
Lis,20,6,6,6,10,
Gupta,20,6,6,6,10,
Lars1,20,6,8,8,10,
Lars2,20,6,8,8,10,
Lis,20,6,8,8,10,
Gupta,20,6,8,8,10,
Lars1,20,7,10,10,10,
Lars2,20,7,10,10,10,
Lis,20,7,10,10,10,
Gupta,20,7,10,10,10,
Lars1,20,7,2,2,10,
Lars2,20,7,2,2,10,82.0
Lis,20,7,2,2,10,
Gupta,20,7,2,2,10,
Lars1,20,7,4,4,10,
Lars2,20,7,4,4,10,
Lis,20,7,4,4,10,
Gupta,20,7,4,4,10,
Lars1,20,7,6,6,10,
Lars2,20,7,6,6,10,
Lis,20,7,6,6,10,
Gupta,20,7,6,6,10,
Lars1,20,7,8,8,10,
Lars2,20,7,8,8,10,
Lis,20,7,8,8,10,
Gupta,20,7,8,8,10,
Lars1,20,80,10,10,10,
Lars2,20,80,10,10,10,
Lis,20,80,10,10,10,
Gupta,20,80,10,10,10,
Lars1,20,80,2,2,10,
Lars2,20,80,2,2,10,83.0
Lis,20,80,2,2,10,
Gupta,20,80,2,2,10,
Lars1,20,80,4,4,10,
Lars2,20,80,4,4,10,
Lis,20,80,4,4,10,
Gupta,20,80,4,4,10,
Lars1,20,80,6,6,10,
Lars2,20,80,6,6,10,
Lis,20,80,6,6,10,
Gupta,20,80,6,6,10,
Lars1,20,80,8,8,10,
Lars2,20,80,8,8,10,
Lis,20,80,8,8,10,
Gupta,20,80,8,8,10,
Lars1,20,8,10,10,10,
Lars2,20,8,10,10,10,
Lis,20,8,10,10,10,
Gupta,20,8,10,10,10,
Lars1,20,8,2,2,10,
Lars2,20,8,2,2,10,74.0
Lis,20,8,2,2,10,
Gupta,20,8,2,2,10,
Lars1,20,8,4,4,10,
Lars2,20,8,4,4,10,
Lis,20,8,4,4,10,
Gupta,20,8,4,4,10,
Lars1,20,8,6,6,10,
Lars2,20,8,6,6,10,
Lis,20,8,6,6,10,
Gupta,20,8,6,6,10,
Lars1,20,8,8,8,10,
Lars2,20,8,8,8,10,
Lis,20,8,8,8,10,
Gupta,20,8,8,8,10,
Lars1,20,9,10,10,10,
Lars2,20,9,10,10,10,
Lis,20,9,10,10,10,
Gupta,20,9,10,10,10,
Lars1,20,9,2,2,10,
Lars2,20,9,2,2,10,79.0
Lis,20,9,2,2,10,
Gupta,20,9,2,2,10,
Lars1,20,9,4,4,10,
Lars2,20,9,4,4,10,
Lis,20,9,4,4,10,
Gupta,20,9,4,4,10,
Lars1,20,9,6,6,10,
Lars2,20,9,6,6,10,
Lis,20,9,6,6,10,
Gupta,20,9,6,6,10,
Lars1,20,9,8,8,10,
Lars2,20,9,8,8,10,
Lis,20,9,8,8,10,
Gupta,20,9,8,8,10,
Lars1,2,1000,10,10,10,
Lars2,2,1000,10,10,10,
Lis,2,1000,10,10,10,
Gupta,2,1000,10,10,10,
Lars1,2,1000,2,2,10,
Lars2,2,1000,2,2,10,807.0
Lis,2,1000,2,2,10,
Gupta,2,1000,2,2,10,
Lars1,2,1000,4,4,10,
Lars2,2,1000,4,4,10,
Lis,2,1000,4,4,10,
Gupta,2,1000,4,4,10,
Lars1,2,1000,6,6,10,
Lars2,2,1000,6,6,10,
Lis,2,1000,6,6,10,
Gupta,2,1000,6,6,10,
Lars1,2,1000,8,8,10,
Lars2,2,1000,8,8,10,
Lis,2,1000,8,8,10,
Gupta,2,1000,8,8,10,
Lars1,2,100,10,10,10,
Lars2,2,100,10,10,10,
Lis,2,100,10,10,10,
Gupta,2,100,10,10,10,
Lars1,2,100,2,2,10,
Lars2,2,100,2,2,10,79.0
Lis,2,100,2,2,10,
Gupta,2,100,2,2,10,
Lars1,2,100,4,4,10,
Lars2,2,100,4,4,10,
Lis,2,100,4,4,10,
Gupta,2,100,4,4,10,
Lars1,2,100,6,6,10,
Lars2,2,100,6,6,10,
Lis,2,100,6,6,10,
Gupta,2,100,6,6,10,
Lars1,2,100,8,8,10,
Lars2,2,100,8,8,10,
Lis,2,100,8,8,10,
Gupta,2,100,8,8,10,
Lars1,2,10,10,10,10,
Lars2,2,10,10,10,10,
Lis,2,10,10,10,10,
Gupta,2,10,10,10,10,
Lars1,2,10,2,2,10,
Lars2,2,10,2,2,10,90.0
Lis,2,10,2,2,10,
Gupta,2,10,2,2,10,
Lars1,2,10,4,4,10,
Lars2,2,10,4,4,10,
Lis,2,10,4,4,10,
Gupta,2,10,4,4,10,
Lars1,2,10,6,6,10,
Lars2,2,10,6,6,10,
Lis,2,10,6,6,10,
Gupta,2,10,6,6,10,
Lars1,2,10,8,8,10,
Lars2,2,10,8,8,10,
Lis,2,10,8,8,10,
Gupta,2,10,8,8,10,
Lars1,2,1,10,10,10,
Lars2,2,1,10,10,10,
Lis,2,1,10,10,10,
Gupta,2,1,10,10,10,
Lars1,2,1,2,2,10,
Lars2,2,1,2,2,10,84.0
Lis,2,1,2,2,10,
Gupta,2,1,2,2,10,
Lars1,2,1,4,4,10,
Lars2,2,1,4,4,10,
Lis,2,1,4,4,10,
Gupta,2,1,4,4,10,
Lars1,2,1,6,6,10,
Lars2,2,1,6,6,10,
Lis,2,1,6,6,10,
Gupta,2,1,6,6,10,
Lars1,2,1,8,8,10,
Lars2,2,1,8,8,10,
Lis,2,1,8,8,10,
Gupta,2,1,8,8,10,
Lars1,2,20,10,10,10,
Lars2,2,20,10,10,10,
Lis,2,20,10,10,10,
Gupta,2,20,10,10,10,
Lars1,2,20,2,2,10,
Lars2,2,20,2,2,10,83.0
Lis,2,20,2,2,10,
Gupta,2,20,2,2,10,
Lars1,2,20,4,4,10,
Lars2,2,20,4,4,10,
Lis,2,20,4,4,10,
Gupta,2,20,4,4,10,
Lars1,2,20,6,6,10,
Lars2,2,20,6,6,10,
Lis,2,20,6,6,10,
Gupta,2,20,6,6,10,
Lars1,2,20,8,8,10,
Lars2,2,20,8,8,10,
Lis,2,20,8,8,10,
Gupta,2,20,8,8,10,
Lars1,2,2,10,10,10,
Lars2,2,2,10,10,10,
Lis,2,2,10,10,10,
Gupta,2,2,10,10,10,
Lars1,2,2,2,2,10,
Lars2,2,2,2,2,10,71.0
Lis,2,2,2,2,10,
Gupta,2,2,2,2,10,
Lars1,2,2,4,4,10,
Lars2,2,2,4,4,10,
Lis,2,2,4,4,10,
Gupta,2,2,4,4,10,
Lars1,2,2,6,6,10,
Lars2,2,2,6,6,10,
Lis,2,2,6,6,10,
Gupta,2,2,6,6,10,
Lars1,2,2,8,8,10,
Lars2,2,2,8,8,10,
Lis,2,2,8,8,10,
Gupta,2,2,8,8,10,
Lars1,2,3,10,10,10,
Lars2,2,3,10,10,10,
Lis,2,3,10,10,10,
Gupta,2,3,10,10,10,
Lars1,2,3,2,2,10,
Lars2,2,3,2,2,10,71.0
Lis,2,3,2,2,10,
Gupta,2,3,2,2,10,
Lars1,2,3,4,4,10,
Lars2,2,3,4,4,10,
Lis,2,3,4,4,10,
Gupta,2,3,4,4,10,
Lars1,2,3,6,6,10,
Lars2,2,3,6,6,10,
Lis,2,3,6,6,10,
Gupta,2,3,6,6,10,
Lars1,2,3,8,8,10,
Lars2,2,3,8,8,10,
Lis,2,3,8,8,10,
Gupta,2,3,8,8,10,
Lars1,2,40,10,10,10,
Lars2,2,40,10,10,10,
Lis,2,40,10,10,10,
Gupta,2,40,10,10,10,
Lars1,2,40,2,2,10,
Lars2,2,40,2,2,10,78.0
Lis,2,40,2,2,10,
Gupta,2,40,2,2,10,
Lars1,2,40,4,4,10,
Lars2,2,40,4,4,10,
Lis,2,40,4,4,10,
Gupta,2,40,4,4,10,
Lars1,2,40,6,6,10,
Lars2,2,40,6,6,10,
Lis,2,40,6,6,10,
Gupta,2,40,6,6,10,
Lars1,2,40,8,8,10,
Lars2,2,40,8,8,10,
Lis,2,40,8,8,10,
Gupta,2,40,8,8,10,
Lars1,2,4,10,10,10,
Lars2,2,4,10,10,10,
Lis,2,4,10,10,10,
Gupta,2,4,10,10,10,
Lars1,2,4,2,2,10,
Lars2,2,4,2,2,10,72.0
Lis,2,4,2,2,10,
Gupta,2,4,2,2,10,
Lars1,2,4,4,4,10,
Lars2,2,4,4,4,10,
Lis,2,4,4,4,10,
Gupta,2,4,4,4,10,
Lars1,2,4,6,6,10,
Lars2,2,4,6,6,10,
Lis,2,4,6,6,10,
Gupta,2,4,6,6,10,
Lars1,2,4,8,8,10,
Lars2,2,4,8,8,10,
Lis,2,4,8,8,10,
Gupta,2,4,8,8,10,
Lars1,2,500,10,10,10,
Lars2,2,500,10,10,10,
Lis,2,500,10,10,10,
Gupta,2,500,10,10,10,
Lars1,2,500,2,2,10,
Lars2,2,500,2,2,10,441.0
Lis,2,500,2,2,10,
Gupta,2,500,2,2,10,
Lars1,2,500,4,4,10,
Lars2,2,500,4,4,10,
Lis,2,500,4,4,10,
Gupta,2,500,4,4,10,
Lars1,2,500,6,6,10,
Lars2,2,500,6,6,10,
Lis,2,500,6,6,10,
Gupta,2,500,6,6,10,
Lars1,2,500,8,8,10,
Lars2,2,500,8,8,10,
Lis,2,500,8,8,10,
Gupta,2,500,8,8,10,
Lars1,2,5,10,10,10,
Lars2,2,5,10,10,10,
Lis,2,5,10,10,10,
Gupta,2,5,10,10,10,
Lars1,2,5,2,2,10,
Lars2,2,5,2,2,10,78.0
Lis,2,5,2,2,10,
Gupta,2,5,2,2,10,
Lars1,2,5,4,4,10,
Lars2,2,5,4,4,10,
Lis,2,5,4,4,10,
Gupta,2,5,4,4,10,
Lars1,2,5,6,6,10,
Lars2,2,5,6,6,10,
Lis,2,5,6,6,10,
Gupta,2,5,6,6,10,
Lars1,2,5,8,8,10,
Lars2,2,5,8,8,10,
Lis,2,5,8,8,10,
Gupta,2,5,8,8,10,
Lars1,2,60,10,10,10,
Lars2,2,60,10,10,10,
Lis,2,60,10,10,10,
Gupta,2,60,10,10,10,
Lars1,2,60,2,2,10,
Lars2,2,60,2,2,10,84.0
Lis,2,60,2,2,10,
Gupta,2,60,2,2,10,
Lars1,2,60,4,4,10,
Lars2,2,60,4,4,10,
Lis,2,60,4,4,10,
Gupta,2,60,4,4,10,
Lars1,2,60,6,6,10,
Lars2,2,60,6,6,10,
Lis,2,60,6,6,10,
Gupta,2,60,6,6,10,
Lars1,2,60,8,8,10,
Lars2,2,60,8,8,10,
Lis,2,60,8,8,10,
Gupta,2,60,8,8,10,
Lars1,2,6,10,10,10,
Lars2,2,6,10,10,10,
Lis,2,6,10,10,10,
Gupta,2,6,10,10,10,
Lars1,2,6,2,2,10,
Lars2,2,6,2,2,10,61.0
Lis,2,6,2,2,10,
Gupta,2,6,2,2,10,
Lars1,2,6,4,4,10,
Lars2,2,6,4,4,10,
Lis,2,6,4,4,10,
Gupta,2,6,4,4,10,
Lars1,2,6,6,6,10,
Lars2,2,6,6,6,10,
Lis,2,6,6,6,10,
Gupta,2,6,6,6,10,
Lars1,2,6,8,8,10,
Lars2,2,6,8,8,10,
Lis,2,6,8,8,10,
Gupta,2,6,8,8,10,
Lars1,2,7,10,10,10,
Lars2,2,7,10,10,10,
Lis,2,7,10,10,10,
Gupta,2,7,10,10,10,
Lars1,2,7,2,2,10,
Lars2,2,7,2,2,10,77.0
Lis,2,7,2,2,10,
Gupta,2,7,2,2,10,
Lars1,2,7,4,4,10,
Lars2,2,7,4,4,10,
Lis,2,7,4,4,10,
Gupta,2,7,4,4,10,
Lars1,2,7,6,6,10,
Lars2,2,7,6,6,10,
Lis,2,7,6,6,10,
Gupta,2,7,6,6,10,
Lars1,2,7,8,8,10,
Lars2,2,7,8,8,10,
Lis,2,7,8,8,10,
Gupta,2,7,8,8,10,
Lars1,2,80,10,10,10,
Lars2,2,80,10,10,10,
Lis,2,80,10,10,10,
Gupta,2,80,10,10,10,
Lars1,2,80,2,2,10,
Lars2,2,80,2,2,10,98.0
Lis,2,80,2,2,10,
Gupta,2,80,2,2,10,
Lars1,2,80,4,4,10,
Lars2,2,80,4,4,10,
Lis,2,80,4,4,10,
Gupta,2,80,4,4,10,
Lars1,2,80,6,6,10,
Lars2,2,80,6,6,10,
Lis,2,80,6,6,10,
Gupta,2,80,6,6,10,
Lars1,2,80,8,8,10,
Lars2,2,80,8,8,10,
Lis,2,80,8,8,10,
Gupta,2,80,8,8,10,
Lars1,2,8,10,10,10,
Lars2,2,8,10,10,10,
Lis,2,8,10,10,10,
Gupta,2,8,10,10,10,
Lars1,2,8,2,2,10,
Lars2,2,8,2,2,10,70.0
Lis,2,8,2,2,10,
Gupta,2,8,2,2,10,
Lars1,2,8,4,4,10,
Lars2,2,8,4,4,10,
Lis,2,8,4,4,10,
Gupta,2,8,4,4,10,
Lars1,2,8,6,6,10,
Lars2,2,8,6,6,10,
Lis,2,8,6,6,10,
Gupta,2,8,6,6,10,
Lars1,2,8,8,8,10,
Lars2,2,8,8,8,10,
Lis,2,8,8,8,10,
Gupta,2,8,8,8,10,
Lars1,2,9,10,10,10,
Lars2,2,9,10,10,10,
Lis,2,9,10,10,10,
Gupta,2,9,10,10,10,
Lars1,2,9,2,2,10,
Lars2,2,9,2,2,10,70.0
Lis,2,9,2,2,10,
Gupta,2,9,2,2,10,
Lars1,2,9,4,4,10,
Lars2,2,9,4,4,10,
Lis,2,9,4,4,10,
Gupta,2,9,4,4,10,
Lars1,2,9,6,6,10,
Lars2,2,9,6,6,10,
Lis,2,9,6,6,10,
Gupta,2,9,6,6,10,
Lars1,2,9,8,8,10,
Lars2,2,9,8,8,10,
Lis,2,9,8,8,10,
Gupta,2,9,8,8,10,
Lars1,3,1000,10,10,10,
Lars2,3,1000,10,10,10,
Lis,3,1000,10,10,10,
Gupta,3,1000,10,10,10,
Lars1,3,1000,2,2,10,
Lars2,3,1000,2,2,10,939.0
Lis,3,1000,2,2,10,
Gupta,3,1000,2,2,10,
Lars1,3,1000,4,4,10,
Lars2,3,1000,4,4,10,
Lis,3,1000,4,4,10,
Gupta,3,1000,4,4,10,
Lars1,3,1000,6,6,10,
Lars2,3,1000,6,6,10,
Lis,3,1000,6,6,10,
Gupta,3,1000,6,6,10,
Lars1,3,1000,8,8,10,
Lars2,3,1000,8,8,10,
Lis,3,1000,8,8,10,
Gupta,3,1000,8,8,10,
Lars1,3,100,10,10,10,
Lars2,3,100,10,10,10,
Lis,3,100,10,10,10,
Gupta,3,100,10,10,10,
Lars1,3,100,2,2,10,
Lars2,3,100,2,2,10,71.0
Lis,3,100,2,2,10,
Gupta,3,100,2,2,10,
Lars1,3,100,4,4,10,
Lars2,3,100,4,4,10,
Lis,3,100,4,4,10,
Gupta,3,100,4,4,10,
Lars1,3,100,6,6,10,
Lars2,3,100,6,6,10,
Lis,3,100,6,6,10,
Gupta,3,100,6,6,10,
Lars1,3,100,8,8,10,
Lars2,3,100,8,8,10,
Lis,3,100,8,8,10,
Gupta,3,100,8,8,10,
Lars1,3,10,10,10,10,
Lars2,3,10,10,10,10,
Lis,3,10,10,10,10,
Gupta,3,10,10,10,10,
Lars1,3,10,2,2,10,
Lars2,3,10,2,2,10,84.0
Lis,3,10,2,2,10,
Gupta,3,10,2,2,10,
Lars1,3,10,4,4,10,
Lars2,3,10,4,4,10,
Lis,3,10,4,4,10,
Gupta,3,10,4,4,10,
Lars1,3,10,6,6,10,
Lars2,3,10,6,6,10,
Lis,3,10,6,6,10,
Gupta,3,10,6,6,10,
Lars1,3,10,8,8,10,
Lars2,3,10,8,8,10,
Lis,3,10,8,8,10,
Gupta,3,10,8,8,10,
Lars1,3,1,10,10,10,
Lars2,3,1,10,10,10,
Lis,3,1,10,10,10,
Gupta,3,1,10,10,10,
Lars1,3,1,2,2,10,
Lars2,3,1,2,2,10,67.0
Lis,3,1,2,2,10,
Gupta,3,1,2,2,10,
Lars1,3,1,4,4,10,
Lars2,3,1,4,4,10,
Lis,3,1,4,4,10,
Gupta,3,1,4,4,10,
Lars1,3,1,6,6,10,
Lars2,3,1,6,6,10,
Lis,3,1,6,6,10,
Gupta,3,1,6,6,10,
Lars1,3,1,8,8,10,
Lars2,3,1,8,8,10,
Lis,3,1,8,8,10,
Gupta,3,1,8,8,10,
Lars1,3,20,10,10,10,
Lars2,3,20,10,10,10,
Lis,3,20,10,10,10,
Gupta,3,20,10,10,10,
Lars1,3,20,2,2,10,
Lars2,3,20,2,2,10,74.0
Lis,3,20,2,2,10,
Gupta,3,20,2,2,10,
Lars1,3,20,4,4,10,
Lars2,3,20,4,4,10,
Lis,3,20,4,4,10,
Gupta,3,20,4,4,10,
Lars1,3,20,6,6,10,
Lars2,3,20,6,6,10,
Lis,3,20,6,6,10,
Gupta,3,20,6,6,10,
Lars1,3,20,8,8,10,
Lars2,3,20,8,8,10,
Lis,3,20,8,8,10,
Gupta,3,20,8,8,10,
Lars1,3,2,10,10,10,
Lars2,3,2,10,10,10,
Lis,3,2,10,10,10,
Gupta,3,2,10,10,10,
Lars1,3,2,2,2,10,
Lars2,3,2,2,2,10,71.0
Lis,3,2,2,2,10,
Gupta,3,2,2,2,10,
Lars1,3,2,4,4,10,
Lars2,3,2,4,4,10,
Lis,3,2,4,4,10,
Gupta,3,2,4,4,10,
Lars1,3,2,6,6,10,
Lars2,3,2,6,6,10,
Lis,3,2,6,6,10,
Gupta,3,2,6,6,10,
Lars1,3,2,8,8,10,
Lars2,3,2,8,8,10,
Lis,3,2,8,8,10,
Gupta,3,2,8,8,10,
Lars1,3,3,10,10,10,
Lars2,3,3,10,10,10,
Lis,3,3,10,10,10,
Gupta,3,3,10,10,10,
Lars1,3,3,2,2,10,
Lars2,3,3,2,2,10,66.0
Lis,3,3,2,2,10,
Gupta,3,3,2,2,10,
Lars1,3,3,4,4,10,
Lars2,3,3,4,4,10,
Lis,3,3,4,4,10,
Gupta,3,3,4,4,10,
Lars1,3,3,6,6,10,
Lars2,3,3,6,6,10,
Lis,3,3,6,6,10,
Gupta,3,3,6,6,10,
Lars1,3,3,8,8,10,
Lars2,3,3,8,8,10,
Lis,3,3,8,8,10,
Gupta,3,3,8,8,10,
Lars1,3,40,10,10,10,
Lars2,3,40,10,10,10,
Lis,3,40,10,10,10,
Gupta,3,40,10,10,10,
Lars1,3,40,2,2,10,
Lars2,3,40,2,2,10,92.0
Lis,3,40,2,2,10,
Gupta,3,40,2,2,10,
Lars1,3,40,4,4,10,
Lars2,3,40,4,4,10,
Lis,3,40,4,4,10,
Gupta,3,40,4,4,10,
Lars1,3,40,6,6,10,
Lars2,3,40,6,6,10,
Lis,3,40,6,6,10,
Gupta,3,40,6,6,10,
Lars1,3,40,8,8,10,
Lars2,3,40,8,8,10,
Lis,3,40,8,8,10,
Gupta,3,40,8,8,10,
Lars1,3,4,10,10,10,
Lars2,3,4,10,10,10,
Lis,3,4,10,10,10,
Gupta,3,4,10,10,10,
Lars1,3,4,2,2,10,
Lars2,3,4,2,2,10,77.0
Lis,3,4,2,2,10,
Gupta,3,4,2,2,10,
Lars1,3,4,4,4,10,
Lars2,3,4,4,4,10,
Lis,3,4,4,4,10,
Gupta,3,4,4,4,10,
Lars1,3,4,6,6,10,
Lars2,3,4,6,6,10,
Lis,3,4,6,6,10,
Gupta,3,4,6,6,10,
Lars1,3,4,8,8,10,
Lars2,3,4,8,8,10,
Lis,3,4,8,8,10,
Gupta,3,4,8,8,10,
Lars1,3,500,10,10,10,
Lars2,3,500,10,10,10,
Lis,3,500,10,10,10,
Gupta,3,500,10,10,10,
Lars1,3,500,2,2,10,
Lars2,3,500,2,2,10,151.0
Lis,3,500,2,2,10,
Gupta,3,500,2,2,10,
Lars1,3,500,4,4,10,
Lars2,3,500,4,4,10,
Lis,3,500,4,4,10,
Gupta,3,500,4,4,10,
Lars1,3,500,6,6,10,
Lars2,3,500,6,6,10,
Lis,3,500,6,6,10,
Gupta,3,500,6,6,10,
Lars1,3,500,8,8,10,
Lars2,3,500,8,8,10,
Lis,3,500,8,8,10,
Gupta,3,500,8,8,10,
Lars1,3,5,10,10,10,
Lars2,3,5,10,10,10,
Lis,3,5,10,10,10,
Gupta,3,5,10,10,10,
Lars1,3,5,2,2,10,
Lars2,3,5,2,2,10,71.0
Lis,3,5,2,2,10,
Gupta,3,5,2,2,10,
Lars1,3,5,4,4,10,
Lars2,3,5,4,4,10,
Lis,3,5,4,4,10,
Gupta,3,5,4,4,10,
Lars1,3,5,6,6,10,
Lars2,3,5,6,6,10,
Lis,3,5,6,6,10,
Gupta,3,5,6,6,10,
Lars1,3,5,8,8,10,
Lars2,3,5,8,8,10,
Lis,3,5,8,8,10,
Gupta,3,5,8,8,10,
Lars1,3,60,10,10,10,
Lars2,3,60,10,10,10,
Lis,3,60,10,10,10,
Gupta,3,60,10,10,10,
Lars1,3,60,2,2,10,
Lars2,3,60,2,2,10,82.0
Lis,3,60,2,2,10,
Gupta,3,60,2,2,10,
Lars1,3,60,4,4,10,
Lars2,3,60,4,4,10,
Lis,3,60,4,4,10,
Gupta,3,60,4,4,10,
Lars1,3,60,6,6,10,
Lars2,3,60,6,6,10,
Lis,3,60,6,6,10,
Gupta,3,60,6,6,10,
Lars1,3,60,8,8,10,
Lars2,3,60,8,8,10,
Lis,3,60,8,8,10,
Gupta,3,60,8,8,10,
Lars1,3,6,10,10,10,
Lars2,3,6,10,10,10,
Lis,3,6,10,10,10,
Gupta,3,6,10,10,10,
Lars1,3,6,2,2,10,
Lars2,3,6,2,2,10,80.0
Lis,3,6,2,2,10,
Gupta,3,6,2,2,10,
Lars1,3,6,4,4,10,
Lars2,3,6,4,4,10,
Lis,3,6,4,4,10,
Gupta,3,6,4,4,10,
Lars1,3,6,6,6,10,
Lars2,3,6,6,6,10,
Lis,3,6,6,6,10,
Gupta,3,6,6,6,10,
Lars1,3,6,8,8,10,
Lars2,3,6,8,8,10,
Lis,3,6,8,8,10,
Gupta,3,6,8,8,10,
Lars1,3,7,10,10,10,
Lars2,3,7,10,10,10,
Lis,3,7,10,10,10,
Gupta,3,7,10,10,10,
Lars1,3,7,2,2,10,
Lars2,3,7,2,2,10,68.0
Lis,3,7,2,2,10,
Gupta,3,7,2,2,10,
Lars1,3,7,4,4,10,
Lars2,3,7,4,4,10,
Lis,3,7,4,4,10,
Gupta,3,7,4,4,10,
Lars1,3,7,6,6,10,
Lars2,3,7,6,6,10,
Lis,3,7,6,6,10,
Gupta,3,7,6,6,10,
Lars1,3,7,8,8,10,
Lars2,3,7,8,8,10,
Lis,3,7,8,8,10,
Gupta,3,7,8,8,10,
Lars1,3,80,10,10,10,
Lars2,3,80,10,10,10,
Lis,3,80,10,10,10,
Gupta,3,80,10,10,10,
Lars1,3,80,2,2,10,
Lars2,3,80,2,2,10,83.0
Lis,3,80,2,2,10,
Gupta,3,80,2,2,10,
Lars1,3,80,4,4,10,
Lars2,3,80,4,4,10,
Lis,3,80,4,4,10,
Gupta,3,80,4,4,10,
Lars1,3,80,6,6,10,
Lars2,3,80,6,6,10,
Lis,3,80,6,6,10,
Gupta,3,80,6,6,10,
Lars1,3,80,8,8,10,
Lars2,3,80,8,8,10,
Lis,3,80,8,8,10,
Gupta,3,80,8,8,10,
Lars1,3,8,10,10,10,
Lars2,3,8,10,10,10,
Lis,3,8,10,10,10,
Gupta,3,8,10,10,10,
Lars1,3,8,2,2,10,
Lars2,3,8,2,2,10,71.0
Lis,3,8,2,2,10,
Gupta,3,8,2,2,10,
Lars1,3,8,4,4,10,
Lars2,3,8,4,4,10,
Lis,3,8,4,4,10,
Gupta,3,8,4,4,10,
Lars1,3,8,6,6,10,
Lars2,3,8,6,6,10,
Lis,3,8,6,6,10,
Gupta,3,8,6,6,10,
Lars1,3,8,8,8,10,
Lars2,3,8,8,8,10,
Lis,3,8,8,8,10,
Gupta,3,8,8,8,10,
Lars1,3,9,10,10,10,
Lars2,3,9,10,10,10,
Lis,3,9,10,10,10,
Gupta,3,9,10,10,10,
Lars1,3,9,2,2,10,
Lars2,3,9,2,2,10,80.0
Lis,3,9,2,2,10,
Gupta,3,9,2,2,10,
Lars1,3,9,4,4,10,
Lars2,3,9,4,4,10,
Lis,3,9,4,4,10,
Gupta,3,9,4,4,10,
Lars1,3,9,6,6,10,
Lars2,3,9,6,6,10,
Lis,3,9,6,6,10,
Gupta,3,9,6,6,10,
Lars1,3,9,8,8,10,
Lars2,3,9,8,8,10,
Lis,3,9,8,8,10,
Gupta,3,9,8,8,10,
Lars1,40,1000,10,10,10,
Lars2,40,1000,10,10,10,
Lis,40,1000,10,10,10,
Gupta,40,1000,10,10,10,
Lars1,40,1000,2,2,10,
Lars2,40,1000,2,2,10,88.0
Lis,40,1000,2,2,10,
Gupta,40,1000,2,2,10,
Lars1,40,1000,4,4,10,
Lars2,40,1000,4,4,10,
Lis,40,1000,4,4,10,
Gupta,40,1000,4,4,10,
Lars1,40,1000,6,6,10,
Lars2,40,1000,6,6,10,
Lis,40,1000,6,6,10,
Gupta,40,1000,6,6,10,
Lars1,40,1000,8,8,10,
Lars2,40,1000,8,8,10,
Lis,40,1000,8,8,10,
Gupta,40,1000,8,8,10,
Lars1,40,100,10,10,10,
Lars2,40,100,10,10,10,
Lis,40,100,10,10,10,
Gupta,40,100,10,10,10,
Lars1,40,100,2,2,10,
Lars2,40,100,2,2,10,73.0
Lis,40,100,2,2,10,
Gupta,40,100,2,2,10,
Lars1,40,100,4,4,10,
Lars2,40,100,4,4,10,
Lis,40,100,4,4,10,
Gupta,40,100,4,4,10,
Lars1,40,100,6,6,10,
Lars2,40,100,6,6,10,
Lis,40,100,6,6,10,
Gupta,40,100,6,6,10,
Lars1,40,100,8,8,10,
Lars2,40,100,8,8,10,
Lis,40,100,8,8,10,
Gupta,40,100,8,8,10,
Lars1,40,10,10,10,10,
Lars2,40,10,10,10,10,
Lis,40,10,10,10,10,
Gupta,40,10,10,10,10,
Lars1,40,10,2,2,10,
Lars2,40,10,2,2,10,75.0
Lis,40,10,2,2,10,
Gupta,40,10,2,2,10,
Lars1,40,10,4,4,10,
Lars2,40,10,4,4,10,
Lis,40,10,4,4,10,
Gupta,40,10,4,4,10,
Lars1,40,10,6,6,10,
Lars2,40,10,6,6,10,
Lis,40,10,6,6,10,
Gupta,40,10,6,6,10,
Lars1,40,10,8,8,10,
Lars2,40,10,8,8,10,
Lis,40,10,8,8,10,
Gupta,40,10,8,8,10,
Lars1,40,1,10,10,10,
Lars2,40,1,10,10,10,
Lis,40,1,10,10,10,
Gupta,40,1,10,10,10,
Lars1,40,1,2,2,10,
Lars2,40,1,2,2,10,80.0
Lis,40,1,2,2,10,
Gupta,40,1,2,2,10,
Lars1,40,1,4,4,10,
Lars2,40,1,4,4,10,
Lis,40,1,4,4,10,
Gupta,40,1,4,4,10,
Lars1,40,1,6,6,10,
Lars2,40,1,6,6,10,
Lis,40,1,6,6,10,
Gupta,40,1,6,6,10,
Lars1,40,1,8,8,10,
Lars2,40,1,8,8,10,
Lis,40,1,8,8,10,
Gupta,40,1,8,8,10,
Lars1,40,20,10,10,10,
Lars2,40,20,10,10,10,
Lis,40,20,10,10,10,
Gupta,40,20,10,10,10,
Lars1,40,20,2,2,10,
Lars2,40,20,2,2,10,66.0
Lis,40,20,2,2,10,
Gupta,40,20,2,2,10,
Lars1,40,20,4,4,10,
Lars2,40,20,4,4,10,
Lis,40,20,4,4,10,
Gupta,40,20,4,4,10,
Lars1,40,20,6,6,10,
Lars2,40,20,6,6,10,
Lis,40,20,6,6,10,
Gupta,40,20,6,6,10,
Lars1,40,20,8,8,10,
Lars2,40,20,8,8,10,
Lis,40,20,8,8,10,
Gupta,40,20,8,8,10,
Lars1,40,2,10,10,10,
Lars2,40,2,10,10,10,
Lis,40,2,10,10,10,
Gupta,40,2,10,10,10,
Lars1,40,2,2,2,10,
Lars2,40,2,2,2,10,80.0
Lis,40,2,2,2,10,
Gupta,40,2,2,2,10,
Lars1,40,2,4,4,10,
Lars2,40,2,4,4,10,
Lis,40,2,4,4,10,
Gupta,40,2,4,4,10,
Lars1,40,2,6,6,10,
Lars2,40,2,6,6,10,
Lis,40,2,6,6,10,
Gupta,40,2,6,6,10,
Lars1,40,2,8,8,10,
Lars2,40,2,8,8,10,
Lis,40,2,8,8,10,
Gupta,40,2,8,8,10,
Lars1,40,3,10,10,10,
Lars2,40,3,10,10,10,
Lis,40,3,10,10,10,
Gupta,40,3,10,10,10,
Lars1,40,3,2,2,10,
Lars2,40,3,2,2,10,64.0
Lis,40,3,2,2,10,
Gupta,40,3,2,2,10,
Lars1,40,3,4,4,10,
Lars2,40,3,4,4,10,
Lis,40,3,4,4,10,
Gupta,40,3,4,4,10,
Lars1,40,3,6,6,10,
Lars2,40,3,6,6,10,
Lis,40,3,6,6,10,
Gupta,40,3,6,6,10,
Lars1,40,3,8,8,10,
Lars2,40,3,8,8,10,
Lis,40,3,8,8,10,
Gupta,40,3,8,8,10,
Lars1,40,40,10,10,10,
Lars2,40,40,10,10,10,
Lis,40,40,10,10,10,
Gupta,40,40,10,10,10,
Lars1,40,40,2,2,10,
Lars2,40,40,2,2,10,77.0
Lis,40,40,2,2,10,
Gupta,40,40,2,2,10,
Lars1,40,40,4,4,10,
Lars2,40,40,4,4,10,
Lis,40,40,4,4,10,
Gupta,40,40,4,4,10,
Lars1,40,40,6,6,10,
Lars2,40,40,6,6,10,
Lis,40,40,6,6,10,
Gupta,40,40,6,6,10,
Lars1,40,40,8,8,10,
Lars2,40,40,8,8,10,
Lis,40,40,8,8,10,
Gupta,40,40,8,8,10,
Lars1,40,4,10,10,10,
Lars2,40,4,10,10,10,
Lis,40,4,10,10,10,
Gupta,40,4,10,10,10,
Lars1,40,4,2,2,10,
Lars2,40,4,2,2,10,79.0
Lis,40,4,2,2,10,
Gupta,40,4,2,2,10,
Lars1,40,4,4,4,10,
Lars2,40,4,4,4,10,
Lis,40,4,4,4,10,
Gupta,40,4,4,4,10,
Lars1,40,4,6,6,10,
Lars2,40,4,6,6,10,
Lis,40,4,6,6,10,
Gupta,40,4,6,6,10,
Lars1,40,4,8,8,10,
Lars2,40,4,8,8,10,
Lis,40,4,8,8,10,
Gupta,40,4,8,8,10,
Lars1,40,500,10,10,10,
Lars2,40,500,10,10,10,
Lis,40,500,10,10,10,
Gupta,40,500,10,10,10,
Lars1,40,500,2,2,10,
Lars2,40,500,2,2,10,67.0
Lis,40,500,2,2,10,
Gupta,40,500,2,2,10,
Lars1,40,500,4,4,10,
Lars2,40,500,4,4,10,
Lis,40,500,4,4,10,
Gupta,40,500,4,4,10,
Lars1,40,500,6,6,10,
Lars2,40,500,6,6,10,
Lis,40,500,6,6,10,
Gupta,40,500,6,6,10,
Lars1,40,500,8,8,10,
Lars2,40,500,8,8,10,
Lis,40,500,8,8,10,
Gupta,40,500,8,8,10,
Lars1,40,5,10,10,10,
Lars2,40,5,10,10,10,
Lis,40,5,10,10,10,
Gupta,40,5,10,10,10,
Lars1,40,5,2,2,10,
Lars2,40,5,2,2,10,72.0
Lis,40,5,2,2,10,
Gupta,40,5,2,2,10,
Lars1,40,5,4,4,10,
Lars2,40,5,4,4,10,
Lis,40,5,4,4,10,
Gupta,40,5,4,4,10,
Lars1,40,5,6,6,10,
Lars2,40,5,6,6,10,
Lis,40,5,6,6,10,
Gupta,40,5,6,6,10,
Lars1,40,5,8,8,10,
Lars2,40,5,8,8,10,
Lis,40,5,8,8,10,
Gupta,40,5,8,8,10,
Lars1,40,60,10,10,10,
Lars2,40,60,10,10,10,
Lis,40,60,10,10,10,
Gupta,40,60,10,10,10,
Lars1,40,60,2,2,10,
Lars2,40,60,2,2,10,80.0
Lis,40,60,2,2,10,
Gupta,40,60,2,2,10,
Lars1,40,60,4,4,10,
Lars2,40,60,4,4,10,
Lis,40,60,4,4,10,
Gupta,40,60,4,4,10,
Lars1,40,60,6,6,10,
Lars2,40,60,6,6,10,
Lis,40,60,6,6,10,
Gupta,40,60,6,6,10,
Lars1,40,60,8,8,10,
Lars2,40,60,8,8,10,
Lis,40,60,8,8,10,
Gupta,40,60,8,8,10,
Lars1,40,6,10,10,10,
Lars2,40,6,10,10,10,
Lis,40,6,10,10,10,
Gupta,40,6,10,10,10,
Lars1,40,6,2,2,10,
Lars2,40,6,2,2,10,61.0
Lis,40,6,2,2,10,
Gupta,40,6,2,2,10,
Lars1,40,6,4,4,10,
Lars2,40,6,4,4,10,
Lis,40,6,4,4,10,
Gupta,40,6,4,4,10,
Lars1,40,6,6,6,10,
Lars2,40,6,6,6,10,
Lis,40,6,6,6,10,
Gupta,40,6,6,6,10,
Lars1,40,6,8,8,10,
Lars2,40,6,8,8,10,
Lis,40,6,8,8,10,
Gupta,40,6,8,8,10,
Lars1,40,7,10,10,10,
Lars2,40,7,10,10,10,
Lis,40,7,10,10,10,
Gupta,40,7,10,10,10,
Lars1,40,7,2,2,10,
Lars2,40,7,2,2,10,68.0
Lis,40,7,2,2,10,
Gupta,40,7,2,2,10,
Lars1,40,7,4,4,10,
Lars2,40,7,4,4,10,
Lis,40,7,4,4,10,
Gupta,40,7,4,4,10,
Lars1,40,7,6,6,10,
Lars2,40,7,6,6,10,
Lis,40,7,6,6,10,
Gupta,40,7,6,6,10,
Lars1,40,7,8,8,10,
Lars2,40,7,8,8,10,
Lis,40,7,8,8,10,
Gupta,40,7,8,8,10,
Lars1,40,80,10,10,10,
Lars2,40,80,10,10,10,
Lis,40,80,10,10,10,
Gupta,40,80,10,10,10,
Lars1,40,80,2,2,10,
Lars2,40,80,2,2,10,86.0
Lis,40,80,2,2,10,
Gupta,40,80,2,2,10,
Lars1,40,80,4,4,10,
Lars2,40,80,4,4,10,
Lis,40,80,4,4,10,
Gupta,40,80,4,4,10,
Lars1,40,80,6,6,10,
Lars2,40,80,6,6,10,
Lis,40,80,6,6,10,
Gupta,40,80,6,6,10,
Lars1,40,80,8,8,10,
Lars2,40,80,8,8,10,
Lis,40,80,8,8,10,
Gupta,40,80,8,8,10,
Lars1,40,8,10,10,10,
Lars2,40,8,10,10,10,
Lis,40,8,10,10,10,
Gupta,40,8,10,10,10,
Lars1,40,8,2,2,10,
Lars2,40,8,2,2,10,69.0
Lis,40,8,2,2,10,
Gupta,40,8,2,2,10,
Lars1,40,8,4,4,10,
Lars2,40,8,4,4,10,
Lis,40,8,4,4,10,
Gupta,40,8,4,4,10,
Lars1,40,8,6,6,10,
Lars2,40,8,6,6,10,
Lis,40,8,6,6,10,
Gupta,40,8,6,6,10,
Lars1,40,8,8,8,10,
Lars2,40,8,8,8,10,
Lis,40,8,8,8,10,
Gupta,40,8,8,8,10,
Lars1,40,9,10,10,10,
Lars2,40,9,10,10,10,
Lis,40,9,10,10,10,
Gupta,40,9,10,10,10,
Lars1,40,9,2,2,10,
Lars2,40,9,2,2,10,79.0
Lis,40,9,2,2,10,
Gupta,40,9,2,2,10,
Lars1,40,9,4,4,10,
Lars2,40,9,4,4,10,
Lis,40,9,4,4,10,
Gupta,40,9,4,4,10,
Lars1,40,9,6,6,10,
Lars2,40,9,6,6,10,
Lis,40,9,6,6,10,
Gupta,40,9,6,6,10,
Lars1,40,9,8,8,10,
Lars2,40,9,8,8,10,
Lis,40,9,8,8,10,
Gupta,40,9,8,8,10,
Lars1,4,1000,10,10,10,
Lars2,4,1000,10,10,10,
Lis,4,1000,10,10,10,
Gupta,4,1000,10,10,10,
Lars1,4,1000,2,2,10,
Lars2,4,1000,2,2,10,308.0
Lis,4,1000,2,2,10,
Gupta,4,1000,2,2,10,
Lars1,4,1000,4,4,10,
Lars2,4,1000,4,4,10,
Lis,4,1000,4,4,10,
Gupta,4,1000,4,4,10,
Lars1,4,1000,6,6,10,
Lars2,4,1000,6,6,10,
Lis,4,1000,6,6,10,
Gupta,4,1000,6,6,10,
Lars1,4,1000,8,8,10,
Lars2,4,1000,8,8,10,
Lis,4,1000,8,8,10,
Gupta,4,1000,8,8,10,
Lars1,4,100,10,10,10,
Lars2,4,100,10,10,10,
Lis,4,100,10,10,10,
Gupta,4,100,10,10,10,
Lars1,4,100,2,2,10,
Lars2,4,100,2,2,10,57.0
Lis,4,100,2,2,10,
Gupta,4,100,2,2,10,
Lars1,4,100,4,4,10,
Lars2,4,100,4,4,10,
Lis,4,100,4,4,10,
Gupta,4,100,4,4,10,
Lars1,4,100,6,6,10,
Lars2,4,100,6,6,10,
Lis,4,100,6,6,10,
Gupta,4,100,6,6,10,
Lars1,4,100,8,8,10,
Lars2,4,100,8,8,10,
Lis,4,100,8,8,10,
Gupta,4,100,8,8,10,
Lars1,4,10,10,10,10,
Lars2,4,10,10,10,10,
Lis,4,10,10,10,10,
Gupta,4,10,10,10,10,
Lars1,4,10,2,2,10,
Lars2,4,10,2,2,10,80.0
Lis,4,10,2,2,10,
Gupta,4,10,2,2,10,
Lars1,4,10,4,4,10,
Lars2,4,10,4,4,10,
Lis,4,10,4,4,10,
Gupta,4,10,4,4,10,
Lars1,4,10,6,6,10,
Lars2,4,10,6,6,10,
Lis,4,10,6,6,10,
Gupta,4,10,6,6,10,
Lars1,4,10,8,8,10,
Lars2,4,10,8,8,10,
Lis,4,10,8,8,10,
Gupta,4,10,8,8,10,
Lars1,4,1,10,10,10,
Lars2,4,1,10,10,10,
Lis,4,1,10,10,10,
Gupta,4,1,10,10,10,
Lars1,4,1,2,2,10,
Lars2,4,1,2,2,10,94.0
Lis,4,1,2,2,10,
Gupta,4,1,2,2,10,
Lars1,4,1,4,4,10,
Lars2,4,1,4,4,10,
Lis,4,1,4,4,10,
Gupta,4,1,4,4,10,
Lars1,4,1,6,6,10,
Lars2,4,1,6,6,10,
Lis,4,1,6,6,10,
Gupta,4,1,6,6,10,
Lars1,4,1,8,8,10,
Lars2,4,1,8,8,10,
Lis,4,1,8,8,10,
Gupta,4,1,8,8,10,
Lars1,4,20,10,10,10,
Lars2,4,20,10,10,10,
Lis,4,20,10,10,10,
Gupta,4,20,10,10,10,
Lars1,4,20,2,2,10,
Lars2,4,20,2,2,10,64.0
Lis,4,20,2,2,10,
Gupta,4,20,2,2,10,
Lars1,4,20,4,4,10,
Lars2,4,20,4,4,10,
Lis,4,20,4,4,10,
Gupta,4,20,4,4,10,
Lars1,4,20,6,6,10,
Lars2,4,20,6,6,10,
Lis,4,20,6,6,10,
Gupta,4,20,6,6,10,
Lars1,4,20,8,8,10,
Lars2,4,20,8,8,10,
Lis,4,20,8,8,10,
Gupta,4,20,8,8,10,
Lars1,4,2,10,10,10,
Lars2,4,2,10,10,10,
Lis,4,2,10,10,10,
Gupta,4,2,10,10,10,
Lars1,4,2,2,2,10,
Lars2,4,2,2,2,10,73.0
Lis,4,2,2,2,10,
Gupta,4,2,2,2,10,
Lars1,4,2,4,4,10,
Lars2,4,2,4,4,10,
Lis,4,2,4,4,10,
Gupta,4,2,4,4,10,
Lars1,4,2,6,6,10,
Lars2,4,2,6,6,10,
Lis,4,2,6,6,10,
Gupta,4,2,6,6,10,
Lars1,4,2,8,8,10,
Lars2,4,2,8,8,10,
Lis,4,2,8,8,10,
Gupta,4,2,8,8,10,
Lars1,4,3,10,10,10,
Lars2,4,3,10,10,10,
Lis,4,3,10,10,10,
Gupta,4,3,10,10,10,
Lars1,4,3,2,2,10,
Lars2,4,3,2,2,10,82.0
Lis,4,3,2,2,10,
Gupta,4,3,2,2,10,
Lars1,4,3,4,4,10,
Lars2,4,3,4,4,10,
Lis,4,3,4,4,10,
Gupta,4,3,4,4,10,
Lars1,4,3,6,6,10,
Lars2,4,3,6,6,10,
Lis,4,3,6,6,10,
Gupta,4,3,6,6,10,
Lars1,4,3,8,8,10,
Lars2,4,3,8,8,10,
Lis,4,3,8,8,10,
Gupta,4,3,8,8,10,
Lars1,4,40,10,10,10,
Lars2,4,40,10,10,10,
Lis,4,40,10,10,10,
Gupta,4,40,10,10,10,
Lars1,4,40,2,2,10,
Lars2,4,40,2,2,10,68.0
Lis,4,40,2,2,10,
Gupta,4,40,2,2,10,
Lars1,4,40,4,4,10,
Lars2,4,40,4,4,10,
Lis,4,40,4,4,10,
Gupta,4,40,4,4,10,
Lars1,4,40,6,6,10,
Lars2,4,40,6,6,10,
Lis,4,40,6,6,10,
Gupta,4,40,6,6,10,
Lars1,4,40,8,8,10,
Lars2,4,40,8,8,10,
Lis,4,40,8,8,10,
Gupta,4,40,8,8,10,
Lars1,4,4,10,10,10,
Lars2,4,4,10,10,10,
Lis,4,4,10,10,10,
Gupta,4,4,10,10,10,
Lars1,4,4,2,2,10,
Lars2,4,4,2,2,10,83.0
Lis,4,4,2,2,10,
Gupta,4,4,2,2,10,
Lars1,4,4,4,4,10,
Lars2,4,4,4,4,10,
Lis,4,4,4,4,10,
Gupta,4,4,4,4,10,
Lars1,4,4,6,6,10,
Lars2,4,4,6,6,10,
Lis,4,4,6,6,10,
Gupta,4,4,6,6,10,
Lars1,4,4,8,8,10,
Lars2,4,4,8,8,10,
Lis,4,4,8,8,10,
Gupta,4,4,8,8,10,
Lars1,4,500,10,10,10,
Lars2,4,500,10,10,10,
Lis,4,500,10,10,10,
Gupta,4,500,10,10,10,
Lars1,4,500,2,2,10,
Lars2,4,500,2,2,10,139.0
Lis,4,500,2,2,10,
Gupta,4,500,2,2,10,
Lars1,4,500,4,4,10,
Lars2,4,500,4,4,10,
Lis,4,500,4,4,10,
Gupta,4,500,4,4,10,
Lars1,4,500,6,6,10,
Lars2,4,500,6,6,10,
Lis,4,500,6,6,10,
Gupta,4,500,6,6,10,
Lars1,4,500,8,8,10,
Lars2,4,500,8,8,10,
Lis,4,500,8,8,10,
Gupta,4,500,8,8,10,
Lars1,4,5,10,10,10,
Lars2,4,5,10,10,10,
Lis,4,5,10,10,10,
Gupta,4,5,10,10,10,
Lars1,4,5,2,2,10,
Lars2,4,5,2,2,10,125.0
Lis,4,5,2,2,10,
Gupta,4,5,2,2,10,
Lars1,4,5,4,4,10,
Lars2,4,5,4,4,10,
Lis,4,5,4,4,10,
Gupta,4,5,4,4,10,
Lars1,4,5,6,6,10,
Lars2,4,5,6,6,10,
Lis,4,5,6,6,10,
Gupta,4,5,6,6,10,
Lars1,4,5,8,8,10,
Lars2,4,5,8,8,10,
Lis,4,5,8,8,10,
Gupta,4,5,8,8,10,
Lars1,4,60,10,10,10,
Lars2,4,60,10,10,10,
Lis,4,60,10,10,10,
Gupta,4,60,10,10,10,
Lars1,4,60,2,2,10,
Lars2,4,60,2,2,10,65.0
Lis,4,60,2,2,10,
Gupta,4,60,2,2,10,
Lars1,4,60,4,4,10,
Lars2,4,60,4,4,10,
Lis,4,60,4,4,10,
Gupta,4,60,4,4,10,
Lars1,4,60,6,6,10,
Lars2,4,60,6,6,10,
Lis,4,60,6,6,10,
Gupta,4,60,6,6,10,
Lars1,4,60,8,8,10,
Lars2,4,60,8,8,10,
Lis,4,60,8,8,10,
Gupta,4,60,8,8,10,
Lars1,4,6,10,10,10,
Lars2,4,6,10,10,10,
Lis,4,6,10,10,10,
Gupta,4,6,10,10,10,
Lars1,4,6,2,2,10,
Lars2,4,6,2,2,10,65.0
Lis,4,6,2,2,10,
Gupta,4,6,2,2,10,
Lars1,4,6,4,4,10,
Lars2,4,6,4,4,10,
Lis,4,6,4,4,10,
Gupta,4,6,4,4,10,
Lars1,4,6,6,6,10,
Lars2,4,6,6,6,10,
Lis,4,6,6,6,10,
Gupta,4,6,6,6,10,
Lars1,4,6,8,8,10,
Lars2,4,6,8,8,10,
Lis,4,6,8,8,10,
Gupta,4,6,8,8,10,
Lars1,4,7,10,10,10,
Lars2,4,7,10,10,10,
Lis,4,7,10,10,10,
Gupta,4,7,10,10,10,
Lars1,4,7,2,2,10,
Lars2,4,7,2,2,10,84.0
Lis,4,7,2,2,10,
Gupta,4,7,2,2,10,
Lars1,4,7,4,4,10,
Lars2,4,7,4,4,10,
Lis,4,7,4,4,10,
Gupta,4,7,4,4,10,
Lars1,4,7,6,6,10,
Lars2,4,7,6,6,10,
Lis,4,7,6,6,10,
Gupta,4,7,6,6,10,
Lars1,4,7,8,8,10,
Lars2,4,7,8,8,10,
Lis,4,7,8,8,10,
Gupta,4,7,8,8,10,
Lars1,4,80,10,10,10,
Lars2,4,80,10,10,10,
Lis,4,80,10,10,10,
Gupta,4,80,10,10,10,
Lars1,4,80,2,2,10,
Lars2,4,80,2,2,10,83.0
Lis,4,80,2,2,10,
Gupta,4,80,2,2,10,
Lars1,4,80,4,4,10,
Lars2,4,80,4,4,10,
Lis,4,80,4,4,10,
Gupta,4,80,4,4,10,
Lars1,4,80,6,6,10,
Lars2,4,80,6,6,10,
Lis,4,80,6,6,10,
Gupta,4,80,6,6,10,
Lars1,4,80,8,8,10,
Lars2,4,80,8,8,10,
Lis,4,80,8,8,10,
Gupta,4,80,8,8,10,
Lars1,4,8,10,10,10,
Lars2,4,8,10,10,10,
Lis,4,8,10,10,10,
Gupta,4,8,10,10,10,
Lars1,4,8,2,2,10,
Lars2,4,8,2,2,10,76.0
Lis,4,8,2,2,10,
Gupta,4,8,2,2,10,
Lars1,4,8,4,4,10,
Lars2,4,8,4,4,10,
Lis,4,8,4,4,10,
Gupta,4,8,4,4,10,
Lars1,4,8,6,6,10,
Lars2,4,8,6,6,10,
Lis,4,8,6,6,10,
Gupta,4,8,6,6,10,
Lars1,4,8,8,8,10,
Lars2,4,8,8,8,10,
Lis,4,8,8,8,10,
Gupta,4,8,8,8,10,
Lars1,4,9,10,10,10,
Lars2,4,9,10,10,10,
Lis,4,9,10,10,10,
Gupta,4,9,10,10,10,
Lars1,4,9,2,2,10,
Lars2,4,9,2,2,10,73.0
Lis,4,9,2,2,10,
Gupta,4,9,2,2,10,
Lars1,4,9,4,4,10,
Lars2,4,9,4,4,10,
Lis,4,9,4,4,10,
Gupta,4,9,4,4,10,
Lars1,4,9,6,6,10,
Lars2,4,9,6,6,10,
Lis,4,9,6,6,10,
Gupta,4,9,6,6,10,
Lars1,4,9,8,8,10,
Lars2,4,9,8,8,10,
Lis,4,9,8,8,10,
Gupta,4,9,8,8,10,
Lars1,500,1000,10,10,10,
Lars2,500,1000,10,10,10,
Lis,500,1000,10,10,10,
Gupta,500,1000,10,10,10,
Lars1,500,1000,2,2,10,
Lars2,500,1000,2,2,10,80.0
Lis,500,1000,2,2,10,
Gupta,500,1000,2,2,10,
Lars1,500,1000,4,4,10,
Lars2,500,1000,4,4,10,
Lis,500,1000,4,4,10,
Gupta,500,1000,4,4,10,
Lars1,500,1000,6,6,10,
Lars2,500,1000,6,6,10,
Lis,500,1000,6,6,10,
Gupta,500,1000,6,6,10,
Lars1,500,1000,8,8,10,
Lars2,500,1000,8,8,10,
Lis,500,1000,8,8,10,
Gupta,500,1000,8,8,10,
Lars1,500,100,10,10,10,
Lars2,500,100,10,10,10,
Lis,500,100,10,10,10,
Gupta,500,100,10,10,10,
Lars1,500,100,2,2,10,
Lars2,500,100,2,2,10,84.0
Lis,500,100,2,2,10,
Gupta,500,100,2,2,10,
Lars1,500,100,4,4,10,
Lars2,500,100,4,4,10,
Lis,500,100,4,4,10,
Gupta,500,100,4,4,10,
Lars1,500,100,6,6,10,
Lars2,500,100,6,6,10,
Lis,500,100,6,6,10,
Gupta,500,100,6,6,10,
Lars1,500,100,8,8,10,
Lars2,500,100,8,8,10,
Lis,500,100,8,8,10,
Gupta,500,100,8,8,10,
Lars1,500,10,10,10,10,
Lars2,500,10,10,10,10,
Lis,500,10,10,10,10,
Gupta,500,10,10,10,10,
Lars1,500,10,2,2,10,
Lars2,500,10,2,2,10,67.0
Lis,500,10,2,2,10,
Gupta,500,10,2,2,10,
Lars1,500,10,4,4,10,
Lars2,500,10,4,4,10,
Lis,500,10,4,4,10,
Gupta,500,10,4,4,10,
Lars1,500,10,6,6,10,
Lars2,500,10,6,6,10,
Lis,500,10,6,6,10,
Gupta,500,10,6,6,10,
Lars1,500,10,8,8,10,
Lars2,500,10,8,8,10,
Lis,500,10,8,8,10,
Gupta,500,10,8,8,10,
Lars1,500,1,10,10,10,
Lars2,500,1,10,10,10,
Lis,500,1,10,10,10,
Gupta,500,1,10,10,10,
Lars1,500,1,2,2,10,
Lars2,500,1,2,2,10,76.0
Lis,500,1,2,2,10,
Gupta,500,1,2,2,10,
Lars1,500,1,4,4,10,
Lars2,500,1,4,4,10,
Lis,500,1,4,4,10,
Gupta,500,1,4,4,10,
Lars1,500,1,6,6,10,
Lars2,500,1,6,6,10,
Lis,500,1,6,6,10,
Gupta,500,1,6,6,10,
Lars1,500,1,8,8,10,
Lars2,500,1,8,8,10,
Lis,500,1,8,8,10,
Gupta,500,1,8,8,10,
Lars1,500,20,10,10,10,
Lars2,500,20,10,10,10,
Lis,500,20,10,10,10,
Gupta,500,20,10,10,10,
Lars1,500,20,2,2,10,
Lars2,500,20,2,2,10,86.0
Lis,500,20,2,2,10,
Gupta,500,20,2,2,10,
Lars1,500,20,4,4,10,
Lars2,500,20,4,4,10,
Lis,500,20,4,4,10,
Gupta,500,20,4,4,10,
Lars1,500,20,6,6,10,
Lars2,500,20,6,6,10,
Lis,500,20,6,6,10,
Gupta,500,20,6,6,10,
Lars1,500,20,8,8,10,
Lars2,500,20,8,8,10,
Lis,500,20,8,8,10,
Gupta,500,20,8,8,10,
Lars1,500,2,10,10,10,
Lars2,500,2,10,10,10,
Lis,500,2,10,10,10,
Gupta,500,2,10,10,10,
Lars1,500,2,2,2,10,
Lars2,500,2,2,2,10,82.0
Lis,500,2,2,2,10,
Gupta,500,2,2,2,10,
Lars1,500,2,4,4,10,
Lars2,500,2,4,4,10,
Lis,500,2,4,4,10,
Gupta,500,2,4,4,10,
Lars1,500,2,6,6,10,
Lars2,500,2,6,6,10,
Lis,500,2,6,6,10,
Gupta,500,2,6,6,10,
Lars1,500,2,8,8,10,
Lars2,500,2,8,8,10,
Lis,500,2,8,8,10,
Gupta,500,2,8,8,10,
Lars1,500,3,10,10,10,
Lars2,500,3,10,10,10,
Lis,500,3,10,10,10,
Gupta,500,3,10,10,10,
Lars1,500,3,2,2,10,
Lars2,500,3,2,2,10,67.0
Lis,500,3,2,2,10,
Gupta,500,3,2,2,10,
Lars1,500,3,4,4,10,
Lars2,500,3,4,4,10,
Lis,500,3,4,4,10,
Gupta,500,3,4,4,10,
Lars1,500,3,6,6,10,
Lars2,500,3,6,6,10,
Lis,500,3,6,6,10,
Gupta,500,3,6,6,10,
Lars1,500,3,8,8,10,
Lars2,500,3,8,8,10,
Lis,500,3,8,8,10,
Gupta,500,3,8,8,10,
Lars1,500,40,10,10,10,
Lars2,500,40,10,10,10,
Lis,500,40,10,10,10,
Gupta,500,40,10,10,10,
Lars1,500,40,2,2,10,
Lars2,500,40,2,2,10,84.0
Lis,500,40,2,2,10,
Gupta,500,40,2,2,10,
Lars1,500,40,4,4,10,
Lars2,500,40,4,4,10,
Lis,500,40,4,4,10,
Gupta,500,40,4,4,10,
Lars1,500,40,6,6,10,
Lars2,500,40,6,6,10,
Lis,500,40,6,6,10,
Gupta,500,40,6,6,10,
Lars1,500,40,8,8,10,
Lars2,500,40,8,8,10,
Lis,500,40,8,8,10,
Gupta,500,40,8,8,10,
Lars1,500,4,10,10,10,
Lars2,500,4,10,10,10,
Lis,500,4,10,10,10,
Gupta,500,4,10,10,10,
Lars1,500,4,2,2,10,
Lars2,500,4,2,2,10,83.0
Lis,500,4,2,2,10,
Gupta,500,4,2,2,10,
Lars1,500,4,4,4,10,
Lars2,500,4,4,4,10,
Lis,500,4,4,4,10,
Gupta,500,4,4,4,10,
Lars1,500,4,6,6,10,
Lars2,500,4,6,6,10,
Lis,500,4,6,6,10,
Gupta,500,4,6,6,10,
Lars1,500,4,8,8,10,
Lars2,500,4,8,8,10,
Lis,500,4,8,8,10,
Gupta,500,4,8,8,10,
Lars1,500,500,10,10,10,
Lars2,500,500,10,10,10,
Lis,500,500,10,10,10,
Gupta,500,500,10,10,10,
Lars1,500,500,2,2,10,
Lars2,500,500,2,2,10,72.0
Lis,500,500,2,2,10,
Gupta,500,500,2,2,10,
Lars1,500,500,4,4,10,
Lars2,500,500,4,4,10,
Lis,500,500,4,4,10,
Gupta,500,500,4,4,10,
Lars1,500,500,6,6,10,
Lars2,500,500,6,6,10,
Lis,500,500,6,6,10,
Gupta,500,500,6,6,10,
Lars1,500,500,8,8,10,
Lars2,500,500,8,8,10,
Lis,500,500,8,8,10,
Gupta,500,500,8,8,10,
Lars1,500,5,10,10,10,
Lars2,500,5,10,10,10,
Lis,500,5,10,10,10,
Gupta,500,5,10,10,10,
Lars1,500,5,2,2,10,
Lars2,500,5,2,2,10,79.0
Lis,500,5,2,2,10,
Gupta,500,5,2,2,10,
Lars1,500,5,4,4,10,
Lars2,500,5,4,4,10,
Lis,500,5,4,4,10,
Gupta,500,5,4,4,10,
Lars1,500,5,6,6,10,
Lars2,500,5,6,6,10,
Lis,500,5,6,6,10,
Gupta,500,5,6,6,10,
Lars1,500,5,8,8,10,
Lars2,500,5,8,8,10,
Lis,500,5,8,8,10,
Gupta,500,5,8,8,10,
Lars1,500,60,10,10,10,
Lars2,500,60,10,10,10,
Lis,500,60,10,10,10,
Gupta,500,60,10,10,10,
Lars1,500,60,2,2,10,
Lars2,500,60,2,2,10,93.0
Lis,500,60,2,2,10,
Gupta,500,60,2,2,10,
Lars1,500,60,4,4,10,
Lars2,500,60,4,4,10,
Lis,500,60,4,4,10,
Gupta,500,60,4,4,10,
Lars1,500,60,6,6,10,
Lars2,500,60,6,6,10,
Lis,500,60,6,6,10,
Gupta,500,60,6,6,10,
Lars1,500,60,8,8,10,
Lars2,500,60,8,8,10,
Lis,500,60,8,8,10,
Gupta,500,60,8,8,10,
Lars1,500,6,10,10,10,
Lars2,500,6,10,10,10,
Lis,500,6,10,10,10,
Gupta,500,6,10,10,10,
Lars1,500,6,2,2,10,
Lars2,500,6,2,2,10,74.0
Lis,500,6,2,2,10,
Gupta,500,6,2,2,10,
Lars1,500,6,4,4,10,
Lars2,500,6,4,4,10,
Lis,500,6,4,4,10,
Gupta,500,6,4,4,10,
Lars1,500,6,6,6,10,
Lars2,500,6,6,6,10,
Lis,500,6,6,6,10,
Gupta,500,6,6,6,10,
Lars1,500,6,8,8,10,
Lars2,500,6,8,8,10,
Lis,500,6,8,8,10,
Gupta,500,6,8,8,10,
Lars1,500,7,10,10,10,
Lars2,500,7,10,10,10,
Lis,500,7,10,10,10,
Gupta,500,7,10,10,10,
Lars1,500,7,2,2,10,
Lars2,500,7,2,2,10,77.0
Lis,500,7,2,2,10,
Gupta,500,7,2,2,10,
Lars1,500,7,4,4,10,
Lars2,500,7,4,4,10,
Lis,500,7,4,4,10,
Gupta,500,7,4,4,10,
Lars1,500,7,6,6,10,
Lars2,500,7,6,6,10,
Lis,500,7,6,6,10,
Gupta,500,7,6,6,10,
Lars1,500,7,8,8,10,
Lars2,500,7,8,8,10,
Lis,500,7,8,8,10,
Gupta,500,7,8,8,10,
Lars1,500,80,10,10,10,
Lars2,500,80,10,10,10,
Lis,500,80,10,10,10,
Gupta,500,80,10,10,10,
Lars1,500,80,2,2,10,
Lars2,500,80,2,2,10,67.0
Lis,500,80,2,2,10,
Gupta,500,80,2,2,10,
Lars1,500,80,4,4,10,
Lars2,500,80,4,4,10,
Lis,500,80,4,4,10,
Gupta,500,80,4,4,10,
Lars1,500,80,6,6,10,
Lars2,500,80,6,6,10,
Lis,500,80,6,6,10,
Gupta,500,80,6,6,10,
Lars1,500,80,8,8,10,
Lars2,500,80,8,8,10,
Lis,500,80,8,8,10,
Gupta,500,80,8,8,10,
Lars1,500,8,10,10,10,
Lars2,500,8,10,10,10,
Lis,500,8,10,10,10,
Gupta,500,8,10,10,10,
Lars1,500,8,2,2,10,
Lars2,500,8,2,2,10,76.0
Lis,500,8,2,2,10,
Gupta,500,8,2,2,10,
Lars1,500,8,4,4,10,
Lars2,500,8,4,4,10,
Lis,500,8,4,4,10,
Gupta,500,8,4,4,10,
Lars1,500,8,6,6,10,
Lars2,500,8,6,6,10,
Lis,500,8,6,6,10,
Gupta,500,8,6,6,10,
Lars1,500,8,8,8,10,
Lars2,500,8,8,8,10,
Lis,500,8,8,8,10,
Gupta,500,8,8,8,10,
Lars1,500,9,10,10,10,
Lars2,500,9,10,10,10,
Lis,500,9,10,10,10,
Gupta,500,9,10,10,10,
Lars1,500,9,2,2,10,
Lars2,500,9,2,2,10,56.0
Lis,500,9,2,2,10,
Gupta,500,9,2,2,10,
Lars1,500,9,4,4,10,
Lars2,500,9,4,4,10,
Lis,500,9,4,4,10,
Gupta,500,9,4,4,10,
Lars1,500,9,6,6,10,
Lars2,500,9,6,6,10,
Lis,500,9,6,6,10,
Gupta,500,9,6,6,10,
Lars1,500,9,8,8,10,
Lars2,500,9,8,8,10,
Lis,500,9,8,8,10,
Gupta,500,9,8,8,10,
Lars1,5,1000,10,10,10,
Lars2,5,1000,10,10,10,
Lis,5,1000,10,10,10,
Gupta,5,1000,10,10,10,
Lars1,5,1000,2,2,10,
Lars2,5,1000,2,2,10,102.0
Lis,5,1000,2,2,10,
Gupta,5,1000,2,2,10,
Lars1,5,1000,4,4,10,
Lars2,5,1000,4,4,10,
Lis,5,1000,4,4,10,
Gupta,5,1000,4,4,10,
Lars1,5,1000,6,6,10,
Lars2,5,1000,6,6,10,
Lis,5,1000,6,6,10,
Gupta,5,1000,6,6,10,
Lars1,5,1000,8,8,10,
Lars2,5,1000,8,8,10,
Lis,5,1000,8,8,10,
Gupta,5,1000,8,8,10,
Lars1,5,100,10,10,10,
Lars2,5,100,10,10,10,
Lis,5,100,10,10,10,
Gupta,5,100,10,10,10,
Lars1,5,100,2,2,10,
Lars2,5,100,2,2,10,84.0
Lis,5,100,2,2,10,
Gupta,5,100,2,2,10,
Lars1,5,100,4,4,10,
Lars2,5,100,4,4,10,
Lis,5,100,4,4,10,
Gupta,5,100,4,4,10,
Lars1,5,100,6,6,10,
Lars2,5,100,6,6,10,
Lis,5,100,6,6,10,
Gupta,5,100,6,6,10,
Lars1,5,100,8,8,10,
Lars2,5,100,8,8,10,
Lis,5,100,8,8,10,
Gupta,5,100,8,8,10,
Lars1,5,10,10,10,10,
Lars2,5,10,10,10,10,
Lis,5,10,10,10,10,
Gupta,5,10,10,10,10,
Lars1,5,10,2,2,10,
Lars2,5,10,2,2,10,70.0
Lis,5,10,2,2,10,
Gupta,5,10,2,2,10,
Lars1,5,10,4,4,10,
Lars2,5,10,4,4,10,
Lis,5,10,4,4,10,
Gupta,5,10,4,4,10,
Lars1,5,10,6,6,10,
Lars2,5,10,6,6,10,
Lis,5,10,6,6,10,
Gupta,5,10,6,6,10,
Lars1,5,10,8,8,10,
Lars2,5,10,8,8,10,
Lis,5,10,8,8,10,
Gupta,5,10,8,8,10,
Lars1,5,1,10,10,10,
Lars2,5,1,10,10,10,
Lis,5,1,10,10,10,
Gupta,5,1,10,10,10,
Lars1,5,1,2,2,10,
Lars2,5,1,2,2,10,81.0
Lis,5,1,2,2,10,
Gupta,5,1,2,2,10,
Lars1,5,1,4,4,10,
Lars2,5,1,4,4,10,
Lis,5,1,4,4,10,
Gupta,5,1,4,4,10,
Lars1,5,1,6,6,10,
Lars2,5,1,6,6,10,
Lis,5,1,6,6,10,
Gupta,5,1,6,6,10,
Lars1,5,1,8,8,10,
Lars2,5,1,8,8,10,
Lis,5,1,8,8,10,
Gupta,5,1,8,8,10,
Lars1,5,20,10,10,10,
Lars2,5,20,10,10,10,
Lis,5,20,10,10,10,
Gupta,5,20,10,10,10,
Lars1,5,20,2,2,10,
Lars2,5,20,2,2,10,77.0
Lis,5,20,2,2,10,
Gupta,5,20,2,2,10,
Lars1,5,20,4,4,10,
Lars2,5,20,4,4,10,
Lis,5,20,4,4,10,
Gupta,5,20,4,4,10,
Lars1,5,20,6,6,10,
Lars2,5,20,6,6,10,
Lis,5,20,6,6,10,
Gupta,5,20,6,6,10,
Lars1,5,20,8,8,10,
Lars2,5,20,8,8,10,
Lis,5,20,8,8,10,
Gupta,5,20,8,8,10,
Lars1,5,2,10,10,10,
Lars2,5,2,10,10,10,
Lis,5,2,10,10,10,
Gupta,5,2,10,10,10,
Lars1,5,2,2,2,10,
Lars2,5,2,2,2,10,59.0
Lis,5,2,2,2,10,
Gupta,5,2,2,2,10,
Lars1,5,2,4,4,10,
Lars2,5,2,4,4,10,
Lis,5,2,4,4,10,
Gupta,5,2,4,4,10,
Lars1,5,2,6,6,10,
Lars2,5,2,6,6,10,
Lis,5,2,6,6,10,
Gupta,5,2,6,6,10,
Lars1,5,2,8,8,10,
Lars2,5,2,8,8,10,
Lis,5,2,8,8,10,
Gupta,5,2,8,8,10,
Lars1,5,3,10,10,10,
Lars2,5,3,10,10,10,
Lis,5,3,10,10,10,
Gupta,5,3,10,10,10,
Lars1,5,3,2,2,10,
Lars2,5,3,2,2,10,54.0
Lis,5,3,2,2,10,
Gupta,5,3,2,2,10,
Lars1,5,3,4,4,10,
Lars2,5,3,4,4,10,
Lis,5,3,4,4,10,
Gupta,5,3,4,4,10,
Lars1,5,3,6,6,10,
Lars2,5,3,6,6,10,
Lis,5,3,6,6,10,
Gupta,5,3,6,6,10,
Lars1,5,3,8,8,10,
Lars2,5,3,8,8,10,
Lis,5,3,8,8,10,
Gupta,5,3,8,8,10,
Lars1,5,40,10,10,10,
Lars2,5,40,10,10,10,
Lis,5,40,10,10,10,
Gupta,5,40,10,10,10,
Lars1,5,40,2,2,10,
Lars2,5,40,2,2,10,76.0
Lis,5,40,2,2,10,
Gupta,5,40,2,2,10,
Lars1,5,40,4,4,10,
Lars2,5,40,4,4,10,
Lis,5,40,4,4,10,
Gupta,5,40,4,4,10,
Lars1,5,40,6,6,10,
Lars2,5,40,6,6,10,
Lis,5,40,6,6,10,
Gupta,5,40,6,6,10,
Lars1,5,40,8,8,10,
Lars2,5,40,8,8,10,
Lis,5,40,8,8,10,
Gupta,5,40,8,8,10,
Lars1,5,4,10,10,10,
Lars2,5,4,10,10,10,
Lis,5,4,10,10,10,
Gupta,5,4,10,10,10,
Lars1,5,4,2,2,10,
Lars2,5,4,2,2,10,76.0
Lis,5,4,2,2,10,
Gupta,5,4,2,2,10,
Lars1,5,4,4,4,10,
Lars2,5,4,4,4,10,
Lis,5,4,4,4,10,
Gupta,5,4,4,4,10,
Lars1,5,4,6,6,10,
Lars2,5,4,6,6,10,
Lis,5,4,6,6,10,
Gupta,5,4,6,6,10,
Lars1,5,4,8,8,10,
Lars2,5,4,8,8,10,
Lis,5,4,8,8,10,
Gupta,5,4,8,8,10,
Lars1,5,500,10,10,10,
Lars2,5,500,10,10,10,
Lis,5,500,10,10,10,
Gupta,5,500,10,10,10,
Lars1,5,500,2,2,10,
Lars2,5,500,2,2,10,115.0
Lis,5,500,2,2,10,
Gupta,5,500,2,2,10,
Lars1,5,500,4,4,10,
Lars2,5,500,4,4,10,
Lis,5,500,4,4,10,
Gupta,5,500,4,4,10,
Lars1,5,500,6,6,10,
Lars2,5,500,6,6,10,
Lis,5,500,6,6,10,
Gupta,5,500,6,6,10,
Lars1,5,500,8,8,10,
Lars2,5,500,8,8,10,
Lis,5,500,8,8,10,
Gupta,5,500,8,8,10,
Lars1,5,5,10,10,10,
Lars2,5,5,10,10,10,
Lis,5,5,10,10,10,
Gupta,5,5,10,10,10,
Lars1,5,5,2,2,10,
Lars2,5,5,2,2,10,99.0
Lis,5,5,2,2,10,
Gupta,5,5,2,2,10,
Lars1,5,5,4,4,10,
Lars2,5,5,4,4,10,
Lis,5,5,4,4,10,
Gupta,5,5,4,4,10,
Lars1,5,5,6,6,10,
Lars2,5,5,6,6,10,
Lis,5,5,6,6,10,
Gupta,5,5,6,6,10,
Lars1,5,5,8,8,10,
Lars2,5,5,8,8,10,
Lis,5,5,8,8,10,
Gupta,5,5,8,8,10,
Lars1,5,60,10,10,10,
Lars2,5,60,10,10,10,
Lis,5,60,10,10,10,
Gupta,5,60,10,10,10,
Lars1,5,60,2,2,10,
Lars2,5,60,2,2,10,67.0
Lis,5,60,2,2,10,
Gupta,5,60,2,2,10,
Lars1,5,60,4,4,10,
Lars2,5,60,4,4,10,
Lis,5,60,4,4,10,
Gupta,5,60,4,4,10,
Lars1,5,60,6,6,10,
Lars2,5,60,6,6,10,
Lis,5,60,6,6,10,
Gupta,5,60,6,6,10,
Lars1,5,60,8,8,10,
Lars2,5,60,8,8,10,
Lis,5,60,8,8,10,
Gupta,5,60,8,8,10,
Lars1,5,6,10,10,10,
Lars2,5,6,10,10,10,
Lis,5,6,10,10,10,
Gupta,5,6,10,10,10,
Lars1,5,6,2,2,10,
Lars2,5,6,2,2,10,80.0
Lis,5,6,2,2,10,
Gupta,5,6,2,2,10,
Lars1,5,6,4,4,10,
Lars2,5,6,4,4,10,
Lis,5,6,4,4,10,
Gupta,5,6,4,4,10,
Lars1,5,6,6,6,10,
Lars2,5,6,6,6,10,
Lis,5,6,6,6,10,
Gupta,5,6,6,6,10,
Lars1,5,6,8,8,10,
Lars2,5,6,8,8,10,
Lis,5,6,8,8,10,
Gupta,5,6,8,8,10,
Lars1,5,7,10,10,10,
Lars2,5,7,10,10,10,
Lis,5,7,10,10,10,
Gupta,5,7,10,10,10,
Lars1,5,7,2,2,10,
Lars2,5,7,2,2,10,71.0
Lis,5,7,2,2,10,
Gupta,5,7,2,2,10,
Lars1,5,7,4,4,10,
Lars2,5,7,4,4,10,
Lis,5,7,4,4,10,
Gupta,5,7,4,4,10,
Lars1,5,7,6,6,10,
Lars2,5,7,6,6,10,
Lis,5,7,6,6,10,
Gupta,5,7,6,6,10,
Lars1,5,7,8,8,10,
Lars2,5,7,8,8,10,
Lis,5,7,8,8,10,
Gupta,5,7,8,8,10,
Lars1,5,80,10,10,10,
Lars2,5,80,10,10,10,
Lis,5,80,10,10,10,
Gupta,5,80,10,10,10,
Lars1,5,80,2,2,10,
Lars2,5,80,2,2,10,87.0
Lis,5,80,2,2,10,
Gupta,5,80,2,2,10,
Lars1,5,80,4,4,10,
Lars2,5,80,4,4,10,
Lis,5,80,4,4,10,
Gupta,5,80,4,4,10,
Lars1,5,80,6,6,10,
Lars2,5,80,6,6,10,
Lis,5,80,6,6,10,
Gupta,5,80,6,6,10,
Lars1,5,80,8,8,10,
Lars2,5,80,8,8,10,
Lis,5,80,8,8,10,
Gupta,5,80,8,8,10,
Lars1,5,8,10,10,10,
Lars2,5,8,10,10,10,
Lis,5,8,10,10,10,
Gupta,5,8,10,10,10,
Lars1,5,8,2,2,10,
Lars2,5,8,2,2,10,62.0
Lis,5,8,2,2,10,
Gupta,5,8,2,2,10,
Lars1,5,8,4,4,10,
Lars2,5,8,4,4,10,
Lis,5,8,4,4,10,
Gupta,5,8,4,4,10,
Lars1,5,8,6,6,10,
Lars2,5,8,6,6,10,
Lis,5,8,6,6,10,
Gupta,5,8,6,6,10,
Lars1,5,8,8,8,10,
Lars2,5,8,8,8,10,
Lis,5,8,8,8,10,
Gupta,5,8,8,8,10,
Lars1,5,9,10,10,10,
Lars2,5,9,10,10,10,
Lis,5,9,10,10,10,
Gupta,5,9,10,10,10,
Lars1,5,9,2,2,10,
Lars2,5,9,2,2,10,66.0
Lis,5,9,2,2,10,
Gupta,5,9,2,2,10,
Lars1,5,9,4,4,10,
Lars2,5,9,4,4,10,
Lis,5,9,4,4,10,
Gupta,5,9,4,4,10,
Lars1,5,9,6,6,10,
Lars2,5,9,6,6,10,
Lis,5,9,6,6,10,
Gupta,5,9,6,6,10,
Lars1,5,9,8,8,10,
Lars2,5,9,8,8,10,
Lis,5,9,8,8,10,
Gupta,5,9,8,8,10,
Lars1,60,1000,10,10,10,
Lars2,60,1000,10,10,10,
Lis,60,1000,10,10,10,
Gupta,60,1000,10,10,10,
Lars1,60,1000,2,2,10,
Lars2,60,1000,2,2,10,79.0
Lis,60,1000,2,2,10,
Gupta,60,1000,2,2,10,
Lars1,60,1000,4,4,10,
Lars2,60,1000,4,4,10,
Lis,60,1000,4,4,10,
Gupta,60,1000,4,4,10,
Lars1,60,1000,6,6,10,
Lars2,60,1000,6,6,10,
Lis,60,1000,6,6,10,
Gupta,60,1000,6,6,10,
Lars1,60,1000,8,8,10,
Lars2,60,1000,8,8,10,
Lis,60,1000,8,8,10,
Gupta,60,1000,8,8,10,
Lars1,60,100,10,10,10,
Lars2,60,100,10,10,10,
Lis,60,100,10,10,10,
Gupta,60,100,10,10,10,
Lars1,60,100,2,2,10,
Lars2,60,100,2,2,10,86.0
Lis,60,100,2,2,10,
Gupta,60,100,2,2,10,
Lars1,60,100,4,4,10,
Lars2,60,100,4,4,10,
Lis,60,100,4,4,10,
Gupta,60,100,4,4,10,
Lars1,60,100,6,6,10,
Lars2,60,100,6,6,10,
Lis,60,100,6,6,10,
Gupta,60,100,6,6,10,
Lars1,60,100,8,8,10,
Lars2,60,100,8,8,10,
Lis,60,100,8,8,10,
Gupta,60,100,8,8,10,
Lars1,60,10,10,10,10,
Lars2,60,10,10,10,10,
Lis,60,10,10,10,10,
Gupta,60,10,10,10,10,
Lars1,60,10,2,2,10,
Lars2,60,10,2,2,10,76.0
Lis,60,10,2,2,10,
Gupta,60,10,2,2,10,
Lars1,60,10,4,4,10,
Lars2,60,10,4,4,10,
Lis,60,10,4,4,10,
Gupta,60,10,4,4,10,
Lars1,60,10,6,6,10,
Lars2,60,10,6,6,10,
Lis,60,10,6,6,10,
Gupta,60,10,6,6,10,
Lars1,60,10,8,8,10,
Lars2,60,10,8,8,10,
Lis,60,10,8,8,10,
Gupta,60,10,8,8,10,
Lars1,60,1,10,10,10,
Lars2,60,1,10,10,10,
Lis,60,1,10,10,10,
Gupta,60,1,10,10,10,
Lars1,60,1,2,2,10,
Lars2,60,1,2,2,10,77.0
Lis,60,1,2,2,10,
Gupta,60,1,2,2,10,
Lars1,60,1,4,4,10,
Lars2,60,1,4,4,10,
Lis,60,1,4,4,10,
Gupta,60,1,4,4,10,
Lars1,60,1,6,6,10,
Lars2,60,1,6,6,10,
Lis,60,1,6,6,10,
Gupta,60,1,6,6,10,
Lars1,60,1,8,8,10,
Lars2,60,1,8,8,10,
Lis,60,1,8,8,10,
Gupta,60,1,8,8,10,
Lars1,60,20,10,10,10,
Lars2,60,20,10,10,10,
Lis,60,20,10,10,10,
Gupta,60,20,10,10,10,
Lars1,60,20,2,2,10,
Lars2,60,20,2,2,10,67.0
Lis,60,20,2,2,10,
Gupta,60,20,2,2,10,
Lars1,60,20,4,4,10,
Lars2,60,20,4,4,10,
Lis,60,20,4,4,10,
Gupta,60,20,4,4,10,
Lars1,60,20,6,6,10,
Lars2,60,20,6,6,10,
Lis,60,20,6,6,10,
Gupta,60,20,6,6,10,
Lars1,60,20,8,8,10,
Lars2,60,20,8,8,10,
Lis,60,20,8,8,10,
Gupta,60,20,8,8,10,
Lars1,60,2,10,10,10,
Lars2,60,2,10,10,10,
Lis,60,2,10,10,10,
Gupta,60,2,10,10,10,
Lars1,60,2,2,2,10,
Lars2,60,2,2,2,10,63.0
Lis,60,2,2,2,10,
Gupta,60,2,2,2,10,
Lars1,60,2,4,4,10,
Lars2,60,2,4,4,10,
Lis,60,2,4,4,10,
Gupta,60,2,4,4,10,
Lars1,60,2,6,6,10,
Lars2,60,2,6,6,10,
Lis,60,2,6,6,10,
Gupta,60,2,6,6,10,
Lars1,60,2,8,8,10,
Lars2,60,2,8,8,10,
Lis,60,2,8,8,10,
Gupta,60,2,8,8,10,
Lars1,60,3,10,10,10,
Lars2,60,3,10,10,10,
Lis,60,3,10,10,10,
Gupta,60,3,10,10,10,
Lars1,60,3,2,2,10,
Lars2,60,3,2,2,10,67.0
Lis,60,3,2,2,10,
Gupta,60,3,2,2,10,
Lars1,60,3,4,4,10,
Lars2,60,3,4,4,10,
Lis,60,3,4,4,10,
Gupta,60,3,4,4,10,
Lars1,60,3,6,6,10,
Lars2,60,3,6,6,10,
Lis,60,3,6,6,10,
Gupta,60,3,6,6,10,
Lars1,60,3,8,8,10,
Lars2,60,3,8,8,10,
Lis,60,3,8,8,10,
Gupta,60,3,8,8,10,
Lars1,60,40,10,10,10,
Lars2,60,40,10,10,10,
Lis,60,40,10,10,10,
Gupta,60,40,10,10,10,
Lars1,60,40,2,2,10,
Lars2,60,40,2,2,10,69.0
Lis,60,40,2,2,10,
Gupta,60,40,2,2,10,
Lars1,60,40,4,4,10,
Lars2,60,40,4,4,10,
Lis,60,40,4,4,10,
Gupta,60,40,4,4,10,
Lars1,60,40,6,6,10,
Lars2,60,40,6,6,10,
Lis,60,40,6,6,10,
Gupta,60,40,6,6,10,
Lars1,60,40,8,8,10,
Lars2,60,40,8,8,10,
Lis,60,40,8,8,10,
Gupta,60,40,8,8,10,
Lars1,60,4,10,10,10,
Lars2,60,4,10,10,10,
Lis,60,4,10,10,10,
Gupta,60,4,10,10,10,
Lars1,60,4,2,2,10,
Lars2,60,4,2,2,10,68.0
Lis,60,4,2,2,10,
Gupta,60,4,2,2,10,
Lars1,60,4,4,4,10,
Lars2,60,4,4,4,10,
Lis,60,4,4,4,10,
Gupta,60,4,4,4,10,
Lars1,60,4,6,6,10,
Lars2,60,4,6,6,10,
Lis,60,4,6,6,10,
Gupta,60,4,6,6,10,
Lars1,60,4,8,8,10,
Lars2,60,4,8,8,10,
Lis,60,4,8,8,10,
Gupta,60,4,8,8,10,
Lars1,60,500,10,10,10,
Lars2,60,500,10,10,10,
Lis,60,500,10,10,10,
Gupta,60,500,10,10,10,
Lars1,60,500,2,2,10,
Lars2,60,500,2,2,10,87.0
Lis,60,500,2,2,10,
Gupta,60,500,2,2,10,
Lars1,60,500,4,4,10,
Lars2,60,500,4,4,10,
Lis,60,500,4,4,10,
Gupta,60,500,4,4,10,
Lars1,60,500,6,6,10,
Lars2,60,500,6,6,10,
Lis,60,500,6,6,10,
Gupta,60,500,6,6,10,
Lars1,60,500,8,8,10,
Lars2,60,500,8,8,10,
Lis,60,500,8,8,10,
Gupta,60,500,8,8,10,
Lars1,60,5,10,10,10,
Lars2,60,5,10,10,10,
Lis,60,5,10,10,10,
Gupta,60,5,10,10,10,
Lars1,60,5,2,2,10,
Lars2,60,5,2,2,10,81.0
Lis,60,5,2,2,10,
Gupta,60,5,2,2,10,
Lars1,60,5,4,4,10,
Lars2,60,5,4,4,10,
Lis,60,5,4,4,10,
Gupta,60,5,4,4,10,
Lars1,60,5,6,6,10,
Lars2,60,5,6,6,10,
Lis,60,5,6,6,10,
Gupta,60,5,6,6,10,
Lars1,60,5,8,8,10,
Lars2,60,5,8,8,10,
Lis,60,5,8,8,10,
Gupta,60,5,8,8,10,
Lars1,60,60,10,10,10,
Lars2,60,60,10,10,10,
Lis,60,60,10,10,10,
Gupta,60,60,10,10,10,
Lars1,60,60,2,2,10,
Lars2,60,60,2,2,10,81.0
Lis,60,60,2,2,10,
Gupta,60,60,2,2,10,
Lars1,60,60,4,4,10,
Lars2,60,60,4,4,10,
Lis,60,60,4,4,10,
Gupta,60,60,4,4,10,
Lars1,60,60,6,6,10,
Lars2,60,60,6,6,10,
Lis,60,60,6,6,10,
Gupta,60,60,6,6,10,
Lars1,60,60,8,8,10,
Lars2,60,60,8,8,10,
Lis,60,60,8,8,10,
Gupta,60,60,8,8,10,
Lars1,60,6,10,10,10,
Lars2,60,6,10,10,10,
Lis,60,6,10,10,10,
Gupta,60,6,10,10,10,
Lars1,60,6,2,2,10,
Lars2,60,6,2,2,10,81.0
Lis,60,6,2,2,10,
Gupta,60,6,2,2,10,
Lars1,60,6,4,4,10,
Lars2,60,6,4,4,10,
Lis,60,6,4,4,10,
Gupta,60,6,4,4,10,
Lars1,60,6,6,6,10,
Lars2,60,6,6,6,10,
Lis,60,6,6,6,10,
Gupta,60,6,6,6,10,
Lars1,60,6,8,8,10,
Lars2,60,6,8,8,10,
Lis,60,6,8,8,10,
Gupta,60,6,8,8,10,
Lars1,60,7,10,10,10,
Lars2,60,7,10,10,10,
Lis,60,7,10,10,10,
Gupta,60,7,10,10,10,
Lars1,60,7,2,2,10,
Lars2,60,7,2,2,10,69.0
Lis,60,7,2,2,10,
Gupta,60,7,2,2,10,
Lars1,60,7,4,4,10,
Lars2,60,7,4,4,10,
Lis,60,7,4,4,10,
Gupta,60,7,4,4,10,
Lars1,60,7,6,6,10,
Lars2,60,7,6,6,10,
Lis,60,7,6,6,10,
Gupta,60,7,6,6,10,
Lars1,60,7,8,8,10,
Lars2,60,7,8,8,10,
Lis,60,7,8,8,10,
Gupta,60,7,8,8,10,
Lars1,60,80,10,10,10,
Lars2,60,80,10,10,10,
Lis,60,80,10,10,10,
Gupta,60,80,10,10,10,
Lars1,60,80,2,2,10,
Lars2,60,80,2,2,10,89.0
Lis,60,80,2,2,10,
Gupta,60,80,2,2,10,
Lars1,60,80,4,4,10,
Lars2,60,80,4,4,10,
Lis,60,80,4,4,10,
Gupta,60,80,4,4,10,
Lars1,60,80,6,6,10,
Lars2,60,80,6,6,10,
Lis,60,80,6,6,10,
Gupta,60,80,6,6,10,
Lars1,60,80,8,8,10,
Lars2,60,80,8,8,10,
Lis,60,80,8,8,10,
Gupta,60,80,8,8,10,
Lars1,60,8,10,10,10,
Lars2,60,8,10,10,10,
Lis,60,8,10,10,10,
Gupta,60,8,10,10,10,
Lars1,60,8,2,2,10,
Lars2,60,8,2,2,10,74.0
Lis,60,8,2,2,10,
Gupta,60,8,2,2,10,
Lars1,60,8,4,4,10,
Lars2,60,8,4,4,10,
Lis,60,8,4,4,10,
Gupta,60,8,4,4,10,
Lars1,60,8,6,6,10,
Lars2,60,8,6,6,10,
Lis,60,8,6,6,10,
Gupta,60,8,6,6,10,
Lars1,60,8,8,8,10,
Lars2,60,8,8,8,10,
Lis,60,8,8,8,10,
Gupta,60,8,8,8,10,
Lars1,60,9,10,10,10,
Lars2,60,9,10,10,10,
Lis,60,9,10,10,10,
Gupta,60,9,10,10,10,
Lars1,60,9,2,2,10,
Lars2,60,9,2,2,10,84.0
Lis,60,9,2,2,10,
Gupta,60,9,2,2,10,
Lars1,60,9,4,4,10,
Lars2,60,9,4,4,10,
Lis,60,9,4,4,10,
Gupta,60,9,4,4,10,
Lars1,60,9,6,6,10,
Lars2,60,9,6,6,10,
Lis,60,9,6,6,10,
Gupta,60,9,6,6,10,
Lars1,60,9,8,8,10,
Lars2,60,9,8,8,10,
Lis,60,9,8,8,10,
Gupta,60,9,8,8,10,
Lars1,6,1000,10,10,10,
Lars2,6,1000,10,10,10,
Lis,6,1000,10,10,10,
Gupta,6,1000,10,10,10,
Lars1,6,1000,2,2,10,
Lars2,6,1000,2,2,10,119.0
Lis,6,1000,2,2,10,
Gupta,6,1000,2,2,10,
Lars1,6,1000,4,4,10,
Lars2,6,1000,4,4,10,
Lis,6,1000,4,4,10,
Gupta,6,1000,4,4,10,
Lars1,6,1000,6,6,10,
Lars2,6,1000,6,6,10,
Lis,6,1000,6,6,10,
Gupta,6,1000,6,6,10,
Lars1,6,1000,8,8,10,
Lars2,6,1000,8,8,10,
Lis,6,1000,8,8,10,
Gupta,6,1000,8,8,10,
Lars1,6,100,10,10,10,
Lars2,6,100,10,10,10,
Lis,6,100,10,10,10,
Gupta,6,100,10,10,10,
Lars1,6,100,2,2,10,
Lars2,6,100,2,2,10,82.0
Lis,6,100,2,2,10,
Gupta,6,100,2,2,10,
Lars1,6,100,4,4,10,
Lars2,6,100,4,4,10,
Lis,6,100,4,4,10,
Gupta,6,100,4,4,10,
Lars1,6,100,6,6,10,
Lars2,6,100,6,6,10,
Lis,6,100,6,6,10,
Gupta,6,100,6,6,10,
Lars1,6,100,8,8,10,
Lars2,6,100,8,8,10,
Lis,6,100,8,8,10,
Gupta,6,100,8,8,10,
Lars1,6,10,10,10,10,
Lars2,6,10,10,10,10,
Lis,6,10,10,10,10,
Gupta,6,10,10,10,10,
Lars1,6,10,2,2,10,
Lars2,6,10,2,2,10,78.0
Lis,6,10,2,2,10,
Gupta,6,10,2,2,10,
Lars1,6,10,4,4,10,
Lars2,6,10,4,4,10,
Lis,6,10,4,4,10,
Gupta,6,10,4,4,10,
Lars1,6,10,6,6,10,
Lars2,6,10,6,6,10,
Lis,6,10,6,6,10,
Gupta,6,10,6,6,10,
Lars1,6,10,8,8,10,
Lars2,6,10,8,8,10,
Lis,6,10,8,8,10,
Gupta,6,10,8,8,10,
Lars1,6,1,10,10,10,
Lars2,6,1,10,10,10,
Lis,6,1,10,10,10,
Gupta,6,1,10,10,10,
Lars1,6,1,2,2,10,
Lars2,6,1,2,2,10,85.0
Lis,6,1,2,2,10,
Gupta,6,1,2,2,10,
Lars1,6,1,4,4,10,
Lars2,6,1,4,4,10,
Lis,6,1,4,4,10,
Gupta,6,1,4,4,10,
Lars1,6,1,6,6,10,
Lars2,6,1,6,6,10,
Lis,6,1,6,6,10,
Gupta,6,1,6,6,10,
Lars1,6,1,8,8,10,
Lars2,6,1,8,8,10,
Lis,6,1,8,8,10,
Gupta,6,1,8,8,10,
Lars1,6,20,10,10,10,
Lars2,6,20,10,10,10,
Lis,6,20,10,10,10,
Gupta,6,20,10,10,10,
Lars1,6,20,2,2,10,
Lars2,6,20,2,2,10,78.0
Lis,6,20,2,2,10,
Gupta,6,20,2,2,10,
Lars1,6,20,4,4,10,
Lars2,6,20,4,4,10,
Lis,6,20,4,4,10,
Gupta,6,20,4,4,10,
Lars1,6,20,6,6,10,
Lars2,6,20,6,6,10,
Lis,6,20,6,6,10,
Gupta,6,20,6,6,10,
Lars1,6,20,8,8,10,
Lars2,6,20,8,8,10,
Lis,6,20,8,8,10,
Gupta,6,20,8,8,10,
Lars1,6,2,10,10,10,
Lars2,6,2,10,10,10,
Lis,6,2,10,10,10,
Gupta,6,2,10,10,10,
Lars1,6,2,2,2,10,
Lars2,6,2,2,2,10,67.0
Lis,6,2,2,2,10,
Gupta,6,2,2,2,10,
Lars1,6,2,4,4,10,
Lars2,6,2,4,4,10,
Lis,6,2,4,4,10,
Gupta,6,2,4,4,10,
Lars1,6,2,6,6,10,
Lars2,6,2,6,6,10,
Lis,6,2,6,6,10,
Gupta,6,2,6,6,10,
Lars1,6,2,8,8,10,
Lars2,6,2,8,8,10,
Lis,6,2,8,8,10,
Gupta,6,2,8,8,10,
Lars1,6,3,10,10,10,
Lars2,6,3,10,10,10,
Lis,6,3,10,10,10,
Gupta,6,3,10,10,10,
Lars1,6,3,2,2,10,
Lars2,6,3,2,2,10,82.0
Lis,6,3,2,2,10,
Gupta,6,3,2,2,10,
Lars1,6,3,4,4,10,
Lars2,6,3,4,4,10,
Lis,6,3,4,4,10,
Gupta,6,3,4,4,10,
Lars1,6,3,6,6,10,
Lars2,6,3,6,6,10,
Lis,6,3,6,6,10,
Gupta,6,3,6,6,10,
Lars1,6,3,8,8,10,
Lars2,6,3,8,8,10,
Lis,6,3,8,8,10,
Gupta,6,3,8,8,10,
Lars1,6,40,10,10,10,
Lars2,6,40,10,10,10,
Lis,6,40,10,10,10,
Gupta,6,40,10,10,10,
Lars1,6,40,2,2,10,
Lars2,6,40,2,2,10,74.0
Lis,6,40,2,2,10,
Gupta,6,40,2,2,10,
Lars1,6,40,4,4,10,
Lars2,6,40,4,4,10,
Lis,6,40,4,4,10,
Gupta,6,40,4,4,10,
Lars1,6,40,6,6,10,
Lars2,6,40,6,6,10,
Lis,6,40,6,6,10,
Gupta,6,40,6,6,10,
Lars1,6,40,8,8,10,
Lars2,6,40,8,8,10,
Lis,6,40,8,8,10,
Gupta,6,40,8,8,10,
Lars1,6,4,10,10,10,
Lars2,6,4,10,10,10,
Lis,6,4,10,10,10,
Gupta,6,4,10,10,10,
Lars1,6,4,2,2,10,
Lars2,6,4,2,2,10,84.0
Lis,6,4,2,2,10,
Gupta,6,4,2,2,10,
Lars1,6,4,4,4,10,
Lars2,6,4,4,4,10,
Lis,6,4,4,4,10,
Gupta,6,4,4,4,10,
Lars1,6,4,6,6,10,
Lars2,6,4,6,6,10,
Lis,6,4,6,6,10,
Gupta,6,4,6,6,10,
Lars1,6,4,8,8,10,
Lars2,6,4,8,8,10,
Lis,6,4,8,8,10,
Gupta,6,4,8,8,10,
Lars1,6,500,10,10,10,
Lars2,6,500,10,10,10,
Lis,6,500,10,10,10,
Gupta,6,500,10,10,10,
Lars1,6,500,2,2,10,
Lars2,6,500,2,2,10,207.0
Lis,6,500,2,2,10,
Gupta,6,500,2,2,10,
Lars1,6,500,4,4,10,
Lars2,6,500,4,4,10,
Lis,6,500,4,4,10,
Gupta,6,500,4,4,10,
Lars1,6,500,6,6,10,
Lars2,6,500,6,6,10,
Lis,6,500,6,6,10,
Gupta,6,500,6,6,10,
Lars1,6,500,8,8,10,
Lars2,6,500,8,8,10,
Lis,6,500,8,8,10,
Gupta,6,500,8,8,10,
Lars1,6,5,10,10,10,
Lars2,6,5,10,10,10,
Lis,6,5,10,10,10,
Gupta,6,5,10,10,10,
Lars1,6,5,2,2,10,
Lars2,6,5,2,2,10,56.0
Lis,6,5,2,2,10,
Gupta,6,5,2,2,10,
Lars1,6,5,4,4,10,
Lars2,6,5,4,4,10,
Lis,6,5,4,4,10,
Gupta,6,5,4,4,10,
Lars1,6,5,6,6,10,
Lars2,6,5,6,6,10,
Lis,6,5,6,6,10,
Gupta,6,5,6,6,10,
Lars1,6,5,8,8,10,
Lars2,6,5,8,8,10,
Lis,6,5,8,8,10,
Gupta,6,5,8,8,10,
Lars1,6,60,10,10,10,
Lars2,6,60,10,10,10,
Lis,6,60,10,10,10,
Gupta,6,60,10,10,10,
Lars1,6,60,2,2,10,
Lars2,6,60,2,2,10,73.0
Lis,6,60,2,2,10,
Gupta,6,60,2,2,10,
Lars1,6,60,4,4,10,
Lars2,6,60,4,4,10,
Lis,6,60,4,4,10,
Gupta,6,60,4,4,10,
Lars1,6,60,6,6,10,
Lars2,6,60,6,6,10,
Lis,6,60,6,6,10,
Gupta,6,60,6,6,10,
Lars1,6,60,8,8,10,
Lars2,6,60,8,8,10,
Lis,6,60,8,8,10,
Gupta,6,60,8,8,10,
Lars1,6,6,10,10,10,
Lars2,6,6,10,10,10,
Lis,6,6,10,10,10,
Gupta,6,6,10,10,10,
Lars1,6,6,2,2,10,
Lars2,6,6,2,2,10,73.0
Lis,6,6,2,2,10,
Gupta,6,6,2,2,10,
Lars1,6,6,4,4,10,
Lars2,6,6,4,4,10,
Lis,6,6,4,4,10,
Gupta,6,6,4,4,10,
Lars1,6,6,6,6,10,
Lars2,6,6,6,6,10,
Lis,6,6,6,6,10,
Gupta,6,6,6,6,10,
Lars1,6,6,8,8,10,
Lars2,6,6,8,8,10,
Lis,6,6,8,8,10,
Gupta,6,6,8,8,10,
Lars1,6,7,10,10,10,
Lars2,6,7,10,10,10,
Lis,6,7,10,10,10,
Gupta,6,7,10,10,10,
Lars1,6,7,2,2,10,
Lars2,6,7,2,2,10,83.0
Lis,6,7,2,2,10,
Gupta,6,7,2,2,10,
Lars1,6,7,4,4,10,
Lars2,6,7,4,4,10,
Lis,6,7,4,4,10,
Gupta,6,7,4,4,10,
Lars1,6,7,6,6,10,
Lars2,6,7,6,6,10,
Lis,6,7,6,6,10,
Gupta,6,7,6,6,10,
Lars1,6,7,8,8,10,
Lars2,6,7,8,8,10,
Lis,6,7,8,8,10,
Gupta,6,7,8,8,10,
Lars1,6,80,10,10,10,
Lars2,6,80,10,10,10,
Lis,6,80,10,10,10,
Gupta,6,80,10,10,10,
Lars1,6,80,2,2,10,
Lars2,6,80,2,2,10,72.0
Lis,6,80,2,2,10,
Gupta,6,80,2,2,10,
Lars1,6,80,4,4,10,
Lars2,6,80,4,4,10,
Lis,6,80,4,4,10,
Gupta,6,80,4,4,10,
Lars1,6,80,6,6,10,
Lars2,6,80,6,6,10,
Lis,6,80,6,6,10,
Gupta,6,80,6,6,10,
Lars1,6,80,8,8,10,
Lars2,6,80,8,8,10,
Lis,6,80,8,8,10,
Gupta,6,80,8,8,10,
Lars1,6,8,10,10,10,
Lars2,6,8,10,10,10,
Lis,6,8,10,10,10,
Gupta,6,8,10,10,10,
Lars1,6,8,2,2,10,
Lars2,6,8,2,2,10,68.0
Lis,6,8,2,2,10,
Gupta,6,8,2,2,10,
Lars1,6,8,4,4,10,
Lars2,6,8,4,4,10,
Lis,6,8,4,4,10,
Gupta,6,8,4,4,10,
Lars1,6,8,6,6,10,
Lars2,6,8,6,6,10,
Lis,6,8,6,6,10,
Gupta,6,8,6,6,10,
Lars1,6,8,8,8,10,
Lars2,6,8,8,8,10,
Lis,6,8,8,8,10,
Gupta,6,8,8,8,10,
Lars1,6,9,10,10,10,
Lars2,6,9,10,10,10,
Lis,6,9,10,10,10,
Gupta,6,9,10,10,10,
Lars1,6,9,2,2,10,
Lars2,6,9,2,2,10,74.0
Lis,6,9,2,2,10,
Gupta,6,9,2,2,10,
Lars1,6,9,4,4,10,
Lars2,6,9,4,4,10,
Lis,6,9,4,4,10,
Gupta,6,9,4,4,10,
Lars1,6,9,6,6,10,
Lars2,6,9,6,6,10,
Lis,6,9,6,6,10,
Gupta,6,9,6,6,10,
Lars1,6,9,8,8,10,
Lars2,6,9,8,8,10,
Lis,6,9,8,8,10,
Gupta,6,9,8,8,10,
Lars1,1000,1000,10,10,2,
Lars2,1000,1000,10,10,2,
Lis,1000,1000,10,10,2,
Gupta,1000,1000,10,10,2,
Lars1,1000,1000,2,2,2,
Lars2,1000,1000,2,2,2,76.0
Lis,1000,1000,2,2,2,
Gupta,1000,1000,2,2,2,
Lars1,1000,1000,4,4,2,
Lars2,1000,1000,4,4,2,
Lis,1000,1000,4,4,2,
Gupta,1000,1000,4,4,2,
Lars1,1000,1000,6,6,2,
Lars2,1000,1000,6,6,2,
Lis,1000,1000,6,6,2,
Gupta,1000,1000,6,6,2,
Lars1,1000,1000,8,8,2,
Lars2,1000,1000,8,8,2,
Lis,1000,1000,8,8,2,
Gupta,1000,1000,8,8,2,
Lars1,1000,100,10,10,2,
Lars2,1000,100,10,10,2,
Lis,1000,100,10,10,2,
Gupta,1000,100,10,10,2,
Lars1,1000,100,2,2,2,
Lars2,1000,100,2,2,2,69.0
Lis,1000,100,2,2,2,
Gupta,1000,100,2,2,2,
Lars1,1000,100,4,4,2,
Lars2,1000,100,4,4,2,
Lis,1000,100,4,4,2,
Gupta,1000,100,4,4,2,
Lars1,1000,100,6,6,2,
Lars2,1000,100,6,6,2,
Lis,1000,100,6,6,2,
Gupta,1000,100,6,6,2,
Lars1,1000,100,8,8,2,
Lars2,1000,100,8,8,2,
Lis,1000,100,8,8,2,
Gupta,1000,100,8,8,2,
Lars1,1000,10,10,10,2,
Lars2,1000,10,10,10,2,
Lis,1000,10,10,10,2,
Gupta,1000,10,10,10,2,
Lars1,1000,10,2,2,2,
Lars2,1000,10,2,2,2,79.0
Lis,1000,10,2,2,2,
Gupta,1000,10,2,2,2,
Lars1,1000,10,4,4,2,
Lars2,1000,10,4,4,2,
Lis,1000,10,4,4,2,
Gupta,1000,10,4,4,2,
Lars1,1000,10,6,6,2,
Lars2,1000,10,6,6,2,
Lis,1000,10,6,6,2,
Gupta,1000,10,6,6,2,
Lars1,1000,10,8,8,2,
Lars2,1000,10,8,8,2,
Lis,1000,10,8,8,2,
Gupta,1000,10,8,8,2,
Lars1,1000,1,10,10,2,
Lars2,1000,1,10,10,2,
Lis,1000,1,10,10,2,
Gupta,1000,1,10,10,2,
Lars1,1000,1,2,2,2,
Lars2,1000,1,2,2,2,126.0
Lis,1000,1,2,2,2,
Gupta,1000,1,2,2,2,
Lars1,1000,1,4,4,2,
Lars2,1000,1,4,4,2,
Lis,1000,1,4,4,2,
Gupta,1000,1,4,4,2,
Lars1,1000,1,6,6,2,
Lars2,1000,1,6,6,2,
Lis,1000,1,6,6,2,
Gupta,1000,1,6,6,2,
Lars1,1000,1,8,8,2,
Lars2,1000,1,8,8,2,
Lis,1000,1,8,8,2,
Gupta,1000,1,8,8,2,
Lars1,1000,20,10,10,2,
Lars2,1000,20,10,10,2,
Lis,1000,20,10,10,2,
Gupta,1000,20,10,10,2,
Lars1,1000,20,2,2,2,
Lars2,1000,20,2,2,2,1242.0
Lis,1000,20,2,2,2,
Gupta,1000,20,2,2,2,
Lars1,1000,20,4,4,2,
Lars2,1000,20,4,4,2,
Lis,1000,20,4,4,2,
Gupta,1000,20,4,4,2,
Lars1,1000,20,6,6,2,
Lars2,1000,20,6,6,2,
Lis,1000,20,6,6,2,
Gupta,1000,20,6,6,2,
Lars1,1000,20,8,8,2,
Lars2,1000,20,8,8,2,
Lis,1000,20,8,8,2,
Gupta,1000,20,8,8,2,
Lars1,1000,2,10,10,2,
Lars2,1000,2,10,10,2,
Lis,1000,2,10,10,2,
Gupta,1000,2,10,10,2,
Lars1,1000,2,2,2,2,
Lars2,1000,2,2,2,2,1234.0
Lis,1000,2,2,2,2,
Gupta,1000,2,2,2,2,
Lars1,1000,2,4,4,2,
Lars2,1000,2,4,4,2,
Lis,1000,2,4,4,2,
Gupta,1000,2,4,4,2,
Lars1,1000,2,6,6,2,
Lars2,1000,2,6,6,2,
Lis,1000,2,6,6,2,
Gupta,1000,2,6,6,2,
Lars1,1000,2,8,8,2,
Lars2,1000,2,8,8,2,
Lis,1000,2,8,8,2,
Gupta,1000,2,8,8,2,
Lars1,1000,3,10,10,2,
Lars2,1000,3,10,10,2,
Lis,1000,3,10,10,2,
Gupta,1000,3,10,10,2,
Lars1,1000,3,2,2,2,
Lars2,1000,3,2,2,2,1427.0
Lis,1000,3,2,2,2,
Gupta,1000,3,2,2,2,
Lars1,1000,3,4,4,2,
Lars2,1000,3,4,4,2,
Lis,1000,3,4,4,2,
Gupta,1000,3,4,4,2,
Lars1,1000,3,6,6,2,
Lars2,1000,3,6,6,2,
Lis,1000,3,6,6,2,
Gupta,1000,3,6,6,2,
Lars1,1000,3,8,8,2,
Lars2,1000,3,8,8,2,
Lis,1000,3,8,8,2,
Gupta,1000,3,8,8,2,
Lars1,1000,40,10,10,2,
Lars2,1000,40,10,10,2,
Lis,1000,40,10,10,2,
Gupta,1000,40,10,10,2,
Lars1,1000,40,2,2,2,
Lars2,1000,40,2,2,2,1213.0
Lis,1000,40,2,2,2,
Gupta,1000,40,2,2,2,
Lars1,1000,40,4,4,2,
Lars2,1000,40,4,4,2,
Lis,1000,40,4,4,2,
Gupta,1000,40,4,4,2,
Lars1,1000,40,6,6,2,
Lars2,1000,40,6,6,2,
Lis,1000,40,6,6,2,
Gupta,1000,40,6,6,2,
Lars1,1000,40,8,8,2,
Lars2,1000,40,8,8,2,
Lis,1000,40,8,8,2,
Gupta,1000,40,8,8,2,
Lars1,1000,4,10,10,2,
Lars2,1000,4,10,10,2,
Lis,1000,4,10,10,2,
Gupta,1000,4,10,10,2,
Lars1,1000,4,2,2,2,
Lars2,1000,4,2,2,2,1291.0
Lis,1000,4,2,2,2,
Gupta,1000,4,2,2,2,
Lars1,1000,4,4,4,2,
Lars2,1000,4,4,4,2,
Lis,1000,4,4,4,2,
Gupta,1000,4,4,4,2,
Lars1,1000,4,6,6,2,
Lars2,1000,4,6,6,2,
Lis,1000,4,6,6,2,
Gupta,1000,4,6,6,2,
Lars1,1000,4,8,8,2,
Lars2,1000,4,8,8,2,
Lis,1000,4,8,8,2,
Gupta,1000,4,8,8,2,
Lars1,1000,500,10,10,2,
Lars2,1000,500,10,10,2,
Lis,1000,500,10,10,2,
Gupta,1000,500,10,10,2,
Lars1,1000,500,2,2,2,
Lars2,1000,500,2,2,2,1220.0
Lis,1000,500,2,2,2,
Gupta,1000,500,2,2,2,
Lars1,1000,500,4,4,2,
Lars2,1000,500,4,4,2,
Lis,1000,500,4,4,2,
Gupta,1000,500,4,4,2,
Lars1,1000,500,6,6,2,
Lars2,1000,500,6,6,2,
Lis,1000,500,6,6,2,
Gupta,1000,500,6,6,2,
Lars1,1000,500,8,8,2,
Lars2,1000,500,8,8,2,
Lis,1000,500,8,8,2,
Gupta,1000,500,8,8,2,
Lars1,1000,5,10,10,2,
Lars2,1000,5,10,10,2,
Lis,1000,5,10,10,2,
Gupta,1000,5,10,10,2,
Lars1,1000,5,2,2,2,
Lars2,1000,5,2,2,2,1169.0
Lis,1000,5,2,2,2,
Gupta,1000,5,2,2,2,
Lars1,1000,5,4,4,2,
Lars2,1000,5,4,4,2,
Lis,1000,5,4,4,2,
Gupta,1000,5,4,4,2,
Lars1,1000,5,6,6,2,
Lars2,1000,5,6,6,2,
Lis,1000,5,6,6,2,
Gupta,1000,5,6,6,2,
Lars1,1000,5,8,8,2,
Lars2,1000,5,8,8,2,
Lis,1000,5,8,8,2,
Gupta,1000,5,8,8,2,
Lars1,1000,60,10,10,2,
Lars2,1000,60,10,10,2,
Lis,1000,60,10,10,2,
Gupta,1000,60,10,10,2,
Lars1,1000,60,2,2,2,
Lars2,1000,60,2,2,2,1258.0
Lis,1000,60,2,2,2,
Gupta,1000,60,2,2,2,
Lars1,1000,60,4,4,2,
Lars2,1000,60,4,4,2,
Lis,1000,60,4,4,2,
Gupta,1000,60,4,4,2,
Lars1,1000,60,6,6,2,
Lars2,1000,60,6,6,2,
Lis,1000,60,6,6,2,
Gupta,1000,60,6,6,2,
Lars1,1000,60,8,8,2,
Lars2,1000,60,8,8,2,
Lis,1000,60,8,8,2,
Gupta,1000,60,8,8,2,
Lars1,1000,6,10,10,2,
Lars2,1000,6,10,10,2,
Lis,1000,6,10,10,2,
Gupta,1000,6,10,10,2,
Lars1,1000,6,2,2,2,
Lars2,1000,6,2,2,2,1086.0
Lis,1000,6,2,2,2,
Gupta,1000,6,2,2,2,
Lars1,1000,6,4,4,2,
Lars2,1000,6,4,4,2,
Lis,1000,6,4,4,2,
Gupta,1000,6,4,4,2,
Lars1,1000,6,6,6,2,
Lars2,1000,6,6,6,2,
Lis,1000,6,6,6,2,
Gupta,1000,6,6,6,2,
Lars1,1000,6,8,8,2,
Lars2,1000,6,8,8,2,
Lis,1000,6,8,8,2,
Gupta,1000,6,8,8,2,
Lars1,1000,7,10,10,2,
Lars2,1000,7,10,10,2,
Lis,1000,7,10,10,2,
Gupta,1000,7,10,10,2,
Lars1,1000,7,2,2,2,
Lars2,1000,7,2,2,2,74.0
Lis,1000,7,2,2,2,
Gupta,1000,7,2,2,2,
Lars1,1000,7,4,4,2,
Lars2,1000,7,4,4,2,
Lis,1000,7,4,4,2,
Gupta,1000,7,4,4,2,
Lars1,1000,7,6,6,2,
Lars2,1000,7,6,6,2,
Lis,1000,7,6,6,2,
Gupta,1000,7,6,6,2,
Lars1,1000,7,8,8,2,
Lars2,1000,7,8,8,2,
Lis,1000,7,8,8,2,
Gupta,1000,7,8,8,2,
Lars1,1000,80,10,10,2,
Lars2,1000,80,10,10,2,
Lis,1000,80,10,10,2,
Gupta,1000,80,10,10,2,
Lars1,1000,80,2,2,2,
Lars2,1000,80,2,2,2,79.0
Lis,1000,80,2,2,2,
Gupta,1000,80,2,2,2,
Lars1,1000,80,4,4,2,
Lars2,1000,80,4,4,2,
Lis,1000,80,4,4,2,
Gupta,1000,80,4,4,2,
Lars1,1000,80,6,6,2,
Lars2,1000,80,6,6,2,
Lis,1000,80,6,6,2,
Gupta,1000,80,6,6,2,
Lars1,1000,80,8,8,2,
Lars2,1000,80,8,8,2,
Lis,1000,80,8,8,2,
Gupta,1000,80,8,8,2,
Lars1,1000,8,10,10,2,
Lars2,1000,8,10,10,2,
Lis,1000,8,10,10,2,
Gupta,1000,8,10,10,2,
Lars1,1000,8,2,2,2,
Lars2,1000,8,2,2,2,127.0
Lis,1000,8,2,2,2,
Gupta,1000,8,2,2,2,
Lars1,1000,8,4,4,2,
Lars2,1000,8,4,4,2,
Lis,1000,8,4,4,2,
Gupta,1000,8,4,4,2,
Lars1,1000,8,6,6,2,
Lars2,1000,8,6,6,2,
Lis,1000,8,6,6,2,
Gupta,1000,8,6,6,2,
Lars1,1000,8,8,8,2,
Lars2,1000,8,8,8,2,
Lis,1000,8,8,8,2,
Gupta,1000,8,8,8,2,
Lars1,1000,9,10,10,2,
Lars2,1000,9,10,10,2,
Lis,1000,9,10,10,2,
Gupta,1000,9,10,10,2,
Lars1,1000,9,2,2,2,
Lars2,1000,9,2,2,2,61.0
Lis,1000,9,2,2,2,
Gupta,1000,9,2,2,2,
Lars1,1000,9,4,4,2,
Lars2,1000,9,4,4,2,
Lis,1000,9,4,4,2,
Gupta,1000,9,4,4,2,
Lars1,1000,9,6,6,2,
Lars2,1000,9,6,6,2,
Lis,1000,9,6,6,2,
Gupta,1000,9,6,6,2,
Lars1,1000,9,8,8,2,
Lars2,1000,9,8,8,2,
Lis,1000,9,8,8,2,
Gupta,1000,9,8,8,2,
Lars1,100,1000,10,10,2,
Lars2,100,1000,10,10,2,
Lis,100,1000,10,10,2,
Gupta,100,1000,10,10,2,
Lars1,100,1000,2,2,2,
Lars2,100,1000,2,2,2,77.0
Lis,100,1000,2,2,2,
Gupta,100,1000,2,2,2,
Lars1,100,1000,4,4,2,
Lars2,100,1000,4,4,2,
Lis,100,1000,4,4,2,
Gupta,100,1000,4,4,2,
Lars1,100,1000,6,6,2,
Lars2,100,1000,6,6,2,
Lis,100,1000,6,6,2,
Gupta,100,1000,6,6,2,
Lars1,100,1000,8,8,2,
Lars2,100,1000,8,8,2,
Lis,100,1000,8,8,2,
Gupta,100,1000,8,8,2,
Lars1,100,100,10,10,2,
Lars2,100,100,10,10,2,
Lis,100,100,10,10,2,
Gupta,100,100,10,10,2,
Lars1,100,100,2,2,2,
Lars2,100,100,2,2,2,89.0
Lis,100,100,2,2,2,
Gupta,100,100,2,2,2,
Lars1,100,100,4,4,2,
Lars2,100,100,4,4,2,
Lis,100,100,4,4,2,
Gupta,100,100,4,4,2,
Lars1,100,100,6,6,2,
Lars2,100,100,6,6,2,
Lis,100,100,6,6,2,
Gupta,100,100,6,6,2,
Lars1,100,100,8,8,2,
Lars2,100,100,8,8,2,
Lis,100,100,8,8,2,
Gupta,100,100,8,8,2,
Lars1,100,10,10,10,2,
Lars2,100,10,10,10,2,
Lis,100,10,10,10,2,
Gupta,100,10,10,10,2,
Lars1,100,10,2,2,2,
Lars2,100,10,2,2,2,72.0
Lis,100,10,2,2,2,
Gupta,100,10,2,2,2,
Lars1,100,10,4,4,2,
Lars2,100,10,4,4,2,
Lis,100,10,4,4,2,
Gupta,100,10,4,4,2,
Lars1,100,10,6,6,2,
Lars2,100,10,6,6,2,
Lis,100,10,6,6,2,
Gupta,100,10,6,6,2,
Lars1,100,10,8,8,2,
Lars2,100,10,8,8,2,
Lis,100,10,8,8,2,
Gupta,100,10,8,8,2,
Lars1,100,1,10,10,2,
Lars2,100,1,10,10,2,
Lis,100,1,10,10,2,
Gupta,100,1,10,10,2,
Lars1,100,1,2,2,2,
Lars2,100,1,2,2,2,74.0
Lis,100,1,2,2,2,
Gupta,100,1,2,2,2,
Lars1,100,1,4,4,2,
Lars2,100,1,4,4,2,
Lis,100,1,4,4,2,
Gupta,100,1,4,4,2,
Lars1,100,1,6,6,2,
Lars2,100,1,6,6,2,
Lis,100,1,6,6,2,
Gupta,100,1,6,6,2,
Lars1,100,1,8,8,2,
Lars2,100,1,8,8,2,
Lis,100,1,8,8,2,
Gupta,100,1,8,8,2,
Lars1,100,20,10,10,2,
Lars2,100,20,10,10,2,
Lis,100,20,10,10,2,
Gupta,100,20,10,10,2,
Lars1,100,20,2,2,2,
Lars2,100,20,2,2,2,70.0
Lis,100,20,2,2,2,
Gupta,100,20,2,2,2,
Lars1,100,20,4,4,2,
Lars2,100,20,4,4,2,
Lis,100,20,4,4,2,
Gupta,100,20,4,4,2,
Lars1,100,20,6,6,2,
Lars2,100,20,6,6,2,
Lis,100,20,6,6,2,
Gupta,100,20,6,6,2,
Lars1,100,20,8,8,2,
Lars2,100,20,8,8,2,
Lis,100,20,8,8,2,
Gupta,100,20,8,8,2,
Lars1,100,2,10,10,2,
Lars2,100,2,10,10,2,
Lis,100,2,10,10,2,
Gupta,100,2,10,10,2,
Lars1,100,2,2,2,2,
Lars2,100,2,2,2,2,74.0
Lis,100,2,2,2,2,
Gupta,100,2,2,2,2,
Lars1,100,2,4,4,2,
Lars2,100,2,4,4,2,
Lis,100,2,4,4,2,
Gupta,100,2,4,4,2,
Lars1,100,2,6,6,2,
Lars2,100,2,6,6,2,
Lis,100,2,6,6,2,
Gupta,100,2,6,6,2,
Lars1,100,2,8,8,2,
Lars2,100,2,8,8,2,
Lis,100,2,8,8,2,
Gupta,100,2,8,8,2,
Lars1,100,3,10,10,2,
Lars2,100,3,10,10,2,
Lis,100,3,10,10,2,
Gupta,100,3,10,10,2,
Lars1,100,3,2,2,2,
Lars2,100,3,2,2,2,98.0
Lis,100,3,2,2,2,
Gupta,100,3,2,2,2,
Lars1,100,3,4,4,2,
Lars2,100,3,4,4,2,
Lis,100,3,4,4,2,
Gupta,100,3,4,4,2,
Lars1,100,3,6,6,2,
Lars2,100,3,6,6,2,
Lis,100,3,6,6,2,
Gupta,100,3,6,6,2,
Lars1,100,3,8,8,2,
Lars2,100,3,8,8,2,
Lis,100,3,8,8,2,
Gupta,100,3,8,8,2,
Lars1,100,40,10,10,2,
Lars2,100,40,10,10,2,
Lis,100,40,10,10,2,
Gupta,100,40,10,10,2,
Lars1,100,40,2,2,2,
Lars2,100,40,2,2,2,77.0
Lis,100,40,2,2,2,
Gupta,100,40,2,2,2,
Lars1,100,40,4,4,2,
Lars2,100,40,4,4,2,
Lis,100,40,4,4,2,
Gupta,100,40,4,4,2,
Lars1,100,40,6,6,2,
Lars2,100,40,6,6,2,
Lis,100,40,6,6,2,
Gupta,100,40,6,6,2,
Lars1,100,40,8,8,2,
Lars2,100,40,8,8,2,
Lis,100,40,8,8,2,
Gupta,100,40,8,8,2,
Lars1,100,4,10,10,2,
Lars2,100,4,10,10,2,
Lis,100,4,10,10,2,
Gupta,100,4,10,10,2,
Lars1,100,4,2,2,2,
Lars2,100,4,2,2,2,65.0
Lis,100,4,2,2,2,
Gupta,100,4,2,2,2,
Lars1,100,4,4,4,2,
Lars2,100,4,4,4,2,
Lis,100,4,4,4,2,
Gupta,100,4,4,4,2,
Lars1,100,4,6,6,2,
Lars2,100,4,6,6,2,
Lis,100,4,6,6,2,
Gupta,100,4,6,6,2,
Lars1,100,4,8,8,2,
Lars2,100,4,8,8,2,
Lis,100,4,8,8,2,
Gupta,100,4,8,8,2,
Lars1,100,500,10,10,2,
Lars2,100,500,10,10,2,
Lis,100,500,10,10,2,
Gupta,100,500,10,10,2,
Lars1,100,500,2,2,2,
Lars2,100,500,2,2,2,81.0
Lis,100,500,2,2,2,
Gupta,100,500,2,2,2,
Lars1,100,500,4,4,2,
Lars2,100,500,4,4,2,
Lis,100,500,4,4,2,
Gupta,100,500,4,4,2,
Lars1,100,500,6,6,2,
Lars2,100,500,6,6,2,
Lis,100,500,6,6,2,
Gupta,100,500,6,6,2,
Lars1,100,500,8,8,2,
Lars2,100,500,8,8,2,
Lis,100,500,8,8,2,
Gupta,100,500,8,8,2,
Lars1,100,5,10,10,2,
Lars2,100,5,10,10,2,
Lis,100,5,10,10,2,
Gupta,100,5,10,10,2,
Lars1,100,5,2,2,2,
Lars2,100,5,2,2,2,72.0
Lis,100,5,2,2,2,
Gupta,100,5,2,2,2,
Lars1,100,5,4,4,2,
Lars2,100,5,4,4,2,
Lis,100,5,4,4,2,
Gupta,100,5,4,4,2,
Lars1,100,5,6,6,2,
Lars2,100,5,6,6,2,
Lis,100,5,6,6,2,
Gupta,100,5,6,6,2,
Lars1,100,5,8,8,2,
Lars2,100,5,8,8,2,
Lis,100,5,8,8,2,
Gupta,100,5,8,8,2,
Lars1,100,60,10,10,2,
Lars2,100,60,10,10,2,
Lis,100,60,10,10,2,
Gupta,100,60,10,10,2,
Lars1,100,60,2,2,2,
Lars2,100,60,2,2,2,55.0
Lis,100,60,2,2,2,
Gupta,100,60,2,2,2,
Lars1,100,60,4,4,2,
Lars2,100,60,4,4,2,
Lis,100,60,4,4,2,
Gupta,100,60,4,4,2,
Lars1,100,60,6,6,2,
Lars2,100,60,6,6,2,
Lis,100,60,6,6,2,
Gupta,100,60,6,6,2,
Lars1,100,60,8,8,2,
Lars2,100,60,8,8,2,
Lis,100,60,8,8,2,
Gupta,100,60,8,8,2,
Lars1,100,6,10,10,2,
Lars2,100,6,10,10,2,
Lis,100,6,10,10,2,
Gupta,100,6,10,10,2,
Lars1,100,6,2,2,2,
Lars2,100,6,2,2,2,68.0
Lis,100,6,2,2,2,
Gupta,100,6,2,2,2,
Lars1,100,6,4,4,2,
Lars2,100,6,4,4,2,
Lis,100,6,4,4,2,
Gupta,100,6,4,4,2,
Lars1,100,6,6,6,2,
Lars2,100,6,6,6,2,
Lis,100,6,6,6,2,
Gupta,100,6,6,6,2,
Lars1,100,6,8,8,2,
Lars2,100,6,8,8,2,
Lis,100,6,8,8,2,
Gupta,100,6,8,8,2,
Lars1,100,7,10,10,2,
Lars2,100,7,10,10,2,
Lis,100,7,10,10,2,
Gupta,100,7,10,10,2,
Lars1,100,7,2,2,2,
Lars2,100,7,2,2,2,66.0
Lis,100,7,2,2,2,
Gupta,100,7,2,2,2,
Lars1,100,7,4,4,2,
Lars2,100,7,4,4,2,
Lis,100,7,4,4,2,
Gupta,100,7,4,4,2,
Lars1,100,7,6,6,2,
Lars2,100,7,6,6,2,
Lis,100,7,6,6,2,
Gupta,100,7,6,6,2,
Lars1,100,7,8,8,2,
Lars2,100,7,8,8,2,
Lis,100,7,8,8,2,
Gupta,100,7,8,8,2,
Lars1,100,80,10,10,2,
Lars2,100,80,10,10,2,
Lis,100,80,10,10,2,
Gupta,100,80,10,10,2,
Lars1,100,80,2,2,2,
Lars2,100,80,2,2,2,66.0
Lis,100,80,2,2,2,
Gupta,100,80,2,2,2,
Lars1,100,80,4,4,2,
Lars2,100,80,4,4,2,
Lis,100,80,4,4,2,
Gupta,100,80,4,4,2,
Lars1,100,80,6,6,2,
Lars2,100,80,6,6,2,
Lis,100,80,6,6,2,
Gupta,100,80,6,6,2,
Lars1,100,80,8,8,2,
Lars2,100,80,8,8,2,
Lis,100,80,8,8,2,
Gupta,100,80,8,8,2,
Lars1,100,8,10,10,2,
Lars2,100,8,10,10,2,
Lis,100,8,10,10,2,
Gupta,100,8,10,10,2,
Lars1,100,8,2,2,2,
Lars2,100,8,2,2,2,75.0
Lis,100,8,2,2,2,
Gupta,100,8,2,2,2,
Lars1,100,8,4,4,2,
Lars2,100,8,4,4,2,
Lis,100,8,4,4,2,
Gupta,100,8,4,4,2,
Lars1,100,8,6,6,2,
Lars2,100,8,6,6,2,
Lis,100,8,6,6,2,
Gupta,100,8,6,6,2,
Lars1,100,8,8,8,2,
Lars2,100,8,8,8,2,
Lis,100,8,8,8,2,
Gupta,100,8,8,8,2,
Lars1,100,9,10,10,2,
Lars2,100,9,10,10,2,
Lis,100,9,10,10,2,
Gupta,100,9,10,10,2,
Lars1,100,9,2,2,2,
Lars2,100,9,2,2,2,85.0
Lis,100,9,2,2,2,
Gupta,100,9,2,2,2,
Lars1,100,9,4,4,2,
Lars2,100,9,4,4,2,
Lis,100,9,4,4,2,
Gupta,100,9,4,4,2,
Lars1,100,9,6,6,2,
Lars2,100,9,6,6,2,
Lis,100,9,6,6,2,
Gupta,100,9,6,6,2,
Lars1,100,9,8,8,2,
Lars2,100,9,8,8,2,
Lis,100,9,8,8,2,
Gupta,100,9,8,8,2,
Lars1,10,1000,10,10,2,
Lars2,10,1000,10,10,2,
Lis,10,1000,10,10,2,
Gupta,10,1000,10,10,2,
Lars1,10,1000,2,2,2,
Lars2,10,1000,2,2,2,158.0
Lis,10,1000,2,2,2,
Gupta,10,1000,2,2,2,
Lars1,10,1000,4,4,2,
Lars2,10,1000,4,4,2,
Lis,10,1000,4,4,2,
Gupta,10,1000,4,4,2,
Lars1,10,1000,6,6,2,
Lars2,10,1000,6,6,2,
Lis,10,1000,6,6,2,
Gupta,10,1000,6,6,2,
Lars1,10,1000,8,8,2,
Lars2,10,1000,8,8,2,
Lis,10,1000,8,8,2,
Gupta,10,1000,8,8,2,
Lars1,10,100,10,10,2,
Lars2,10,100,10,10,2,
Lis,10,100,10,10,2,
Gupta,10,100,10,10,2,
Lars1,10,100,2,2,2,226.0
Lars2,10,100,2,2,2,82.0
Lis,10,100,2,2,2,
Gupta,10,100,2,2,2,
Lars1,10,100,4,4,2,
Lars2,10,100,4,4,2,20693.0
Lis,10,100,4,4,2,
Gupta,10,100,4,4,2,
Lars1,10,100,6,6,2,
Lars2,10,100,6,6,2,
Lis,10,100,6,6,2,
Gupta,10,100,6,6,2,
Lars1,10,100,8,8,2,
Lars2,10,100,8,8,2,
Lis,10,100,8,8,2,
Gupta,10,100,8,8,2,
Lars1,10,10,10,10,2,
Lars2,10,10,10,10,2,
Lis,10,10,10,10,2,
Gupta,10,10,10,10,2,
Lars1,10,10,2,2,2,68.0
Lars2,10,10,2,2,2,70.0
Lis,10,10,2,2,2,
Gupta,10,10,2,2,2,18158.0
Lars1,10,10,4,4,2,
Lars2,10,10,4,4,2,18259.0
Lis,10,10,4,4,2,
Gupta,10,10,4,4,2,
Lars1,10,10,6,6,2,
Lars2,10,10,6,6,2,
Lis,10,10,6,6,2,
Gupta,10,10,6,6,2,
Lars1,10,10,8,8,2,
Lars2,10,10,8,8,2,
Lis,10,10,8,8,2,
Gupta,10,10,8,8,2,
Lars1,10,1,10,10,2,
Lars2,10,1,10,10,2,
Lis,10,1,10,10,2,
Gupta,10,1,10,10,2,
Lars1,10,1,2,2,2,59.0
Lars2,10,1,2,2,2,63.0
Lis,10,1,2,2,2,
Gupta,10,1,2,2,2,8600.0
Lars1,10,1,4,4,2,
Lars2,10,1,4,4,2,14274.0
Lis,10,1,4,4,2,
Gupta,10,1,4,4,2,
Lars1,10,1,6,6,2,
Lars2,10,1,6,6,2,
Lis,10,1,6,6,2,
Gupta,10,1,6,6,2,
Lars1,10,1,8,8,2,
Lars2,10,1,8,8,2,
Lis,10,1,8,8,2,
Gupta,10,1,8,8,2,
Lars1,10,20,10,10,2,
Lars2,10,20,10,10,2,
Lis,10,20,10,10,2,
Gupta,10,20,10,10,2,
Lars1,10,20,2,2,2,93.0
Lars2,10,20,2,2,2,70.0
Lis,10,20,2,2,2,
Gupta,10,20,2,2,2,
Lars1,10,20,4,4,2,
Lars2,10,20,4,4,2,21916.0
Lis,10,20,4,4,2,
Gupta,10,20,4,4,2,
Lars1,10,20,6,6,2,
Lars2,10,20,6,6,2,
Lis,10,20,6,6,2,
Gupta,10,20,6,6,2,
Lars1,10,20,8,8,2,
Lars2,10,20,8,8,2,
Lis,10,20,8,8,2,
Gupta,10,20,8,8,2,
Lars1,10,2,10,10,2,
Lars2,10,2,10,10,2,
Lis,10,2,10,10,2,
Gupta,10,2,10,10,2,
Lars1,10,2,2,2,2,91.0
Lars2,10,2,2,2,2,79.0
Lis,10,2,2,2,2,
Gupta,10,2,2,2,2,12910.0
Lars1,10,2,4,4,2,
Lars2,10,2,4,4,2,14225.0
Lis,10,2,4,4,2,
Gupta,10,2,4,4,2,
Lars1,10,2,6,6,2,
Lars2,10,2,6,6,2,
Lis,10,2,6,6,2,
Gupta,10,2,6,6,2,
Lars1,10,2,8,8,2,
Lars2,10,2,8,8,2,
Lis,10,2,8,8,2,
Gupta,10,2,8,8,2,
Lars1,10,3,10,10,2,
Lars2,10,3,10,10,2,
Lis,10,3,10,10,2,
Gupta,10,3,10,10,2,
Lars1,10,3,2,2,2,66.0
Lars2,10,3,2,2,2,52.0
Lis,10,3,2,2,2,
Gupta,10,3,2,2,2,8923.0
Lars1,10,3,4,4,2,
Lars2,10,3,4,4,2,29606.0
Lis,10,3,4,4,2,
Gupta,10,3,4,4,2,
Lars1,10,3,6,6,2,
Lars2,10,3,6,6,2,
Lis,10,3,6,6,2,
Gupta,10,3,6,6,2,
Lars1,10,3,8,8,2,
Lars2,10,3,8,8,2,
Lis,10,3,8,8,2,
Gupta,10,3,8,8,2,
Lars1,10,40,10,10,2,
Lars2,10,40,10,10,2,
Lis,10,40,10,10,2,
Gupta,10,40,10,10,2,
Lars1,10,40,2,2,2,183.0
Lars2,10,40,2,2,2,76.0
Lis,10,40,2,2,2,
Gupta,10,40,2,2,2,
Lars1,10,40,4,4,2,
Lars2,10,40,4,4,2,23501.0
Lis,10,40,4,4,2,
Gupta,10,40,4,4,2,
Lars1,10,40,6,6,2,
Lars2,10,40,6,6,2,
Lis,10,40,6,6,2,
Gupta,10,40,6,6,2,
Lars1,10,40,8,8,2,
Lars2,10,40,8,8,2,
Lis,10,40,8,8,2,
Gupta,10,40,8,8,2,
Lars1,10,4,10,10,2,
Lars2,10,4,10,10,2,
Lis,10,4,10,10,2,
Gupta,10,4,10,10,2,
Lars1,10,4,2,2,2,169.0
Lars2,10,4,2,2,2,76.0
Lis,10,4,2,2,2,
Gupta,10,4,2,2,2,14415.0
Lars1,10,4,4,4,2,
Lars2,10,4,4,4,2,10978.0
Lis,10,4,4,4,2,
Gupta,10,4,4,4,2,
Lars1,10,4,6,6,2,
Lars2,10,4,6,6,2,
Lis,10,4,6,6,2,
Gupta,10,4,6,6,2,
Lars1,10,4,8,8,2,
Lars2,10,4,8,8,2,
Lis,10,4,8,8,2,
Gupta,10,4,8,8,2,
Lars1,10,500,10,10,2,
Lars2,10,500,10,10,2,
Lis,10,500,10,10,2,
Gupta,10,500,10,10,2,
Lars1,10,500,2,2,2,
Lars2,10,500,2,2,2,197.0
Lis,10,500,2,2,2,
Gupta,10,500,2,2,2,
Lars1,10,500,4,4,2,
Lars2,10,500,4,4,2,
Lis,10,500,4,4,2,
Gupta,10,500,4,4,2,
Lars1,10,500,6,6,2,
Lars2,10,500,6,6,2,
Lis,10,500,6,6,2,
Gupta,10,500,6,6,2,
Lars1,10,500,8,8,2,
Lars2,10,500,8,8,2,
Lis,10,500,8,8,2,
Gupta,10,500,8,8,2,
Lars1,10,5,10,10,2,
Lars2,10,5,10,10,2,
Lis,10,5,10,10,2,
Gupta,10,5,10,10,2,
Lars1,10,5,2,2,2,59.0
Lars2,10,5,2,2,2,57.0
Lis,10,5,2,2,2,
Gupta,10,5,2,2,2,11179.0
Lars1,10,5,4,4,2,
Lars2,10,5,4,4,2,8804.0
Lis,10,5,4,4,2,
Gupta,10,5,4,4,2,
Lars1,10,5,6,6,2,
Lars2,10,5,6,6,2,
Lis,10,5,6,6,2,
Gupta,10,5,6,6,2,
Lars1,10,5,8,8,2,
Lars2,10,5,8,8,2,
Lis,10,5,8,8,2,
Gupta,10,5,8,8,2,
Lars1,10,60,10,10,2,
Lars2,10,60,10,10,2,
Lis,10,60,10,10,2,
Gupta,10,60,10,10,2,
Lars1,10,60,2,2,2,302.0
Lars2,10,60,2,2,2,74.0
Lis,10,60,2,2,2,
Gupta,10,60,2,2,2,
Lars1,10,60,4,4,2,
Lars2,10,60,4,4,2,28291.0
Lis,10,60,4,4,2,
Gupta,10,60,4,4,2,
Lars1,10,60,6,6,2,
Lars2,10,60,6,6,2,
Lis,10,60,6,6,2,
Gupta,10,60,6,6,2,
Lars1,10,60,8,8,2,
Lars2,10,60,8,8,2,
Lis,10,60,8,8,2,
Gupta,10,60,8,8,2,
Lars1,10,6,10,10,2,
Lars2,10,6,10,10,2,
Lis,10,6,10,10,2,
Gupta,10,6,10,10,2,
Lars1,10,6,2,2,2,66.0
Lars2,10,6,2,2,2,75.0
Lis,10,6,2,2,2,
Gupta,10,6,2,2,2,9268.0
Lars1,10,6,4,4,2,
Lars2,10,6,4,4,2,18643.0
Lis,10,6,4,4,2,
Gupta,10,6,4,4,2,
Lars1,10,6,6,6,2,
Lars2,10,6,6,6,2,
Lis,10,6,6,6,2,
Gupta,10,6,6,6,2,
Lars1,10,6,8,8,2,
Lars2,10,6,8,8,2,
Lis,10,6,8,8,2,
Gupta,10,6,8,8,2,
Lars1,10,7,10,10,2,
Lars2,10,7,10,10,2,
Lis,10,7,10,10,2,
Gupta,10,7,10,10,2,
Lars1,10,7,2,2,2,194.0
Lars2,10,7,2,2,2,88.0
Lis,10,7,2,2,2,
Gupta,10,7,2,2,2,17013.0
Lars1,10,7,4,4,2,
Lars2,10,7,4,4,2,11633.0
Lis,10,7,4,4,2,
Gupta,10,7,4,4,2,
Lars1,10,7,6,6,2,
Lars2,10,7,6,6,2,
Lis,10,7,6,6,2,
Gupta,10,7,6,6,2,
Lars1,10,7,8,8,2,
Lars2,10,7,8,8,2,
Lis,10,7,8,8,2,
Gupta,10,7,8,8,2,
Lars1,10,80,10,10,2,
Lars2,10,80,10,10,2,
Lis,10,80,10,10,2,
Gupta,10,80,10,10,2,
Lars1,10,80,2,2,2,229.0
Lars2,10,80,2,2,2,74.0
Lis,10,80,2,2,2,
Gupta,10,80,2,2,2,
Lars1,10,80,4,4,2,
Lars2,10,80,4,4,2,32200.0
Lis,10,80,4,4,2,
Gupta,10,80,4,4,2,
Lars1,10,80,6,6,2,
Lars2,10,80,6,6,2,
Lis,10,80,6,6,2,
Gupta,10,80,6,6,2,
Lars1,10,80,8,8,2,
Lars2,10,80,8,8,2,
Lis,10,80,8,8,2,
Gupta,10,80,8,8,2,
Lars1,10,8,10,10,2,
Lars2,10,8,10,10,2,
Lis,10,8,10,10,2,
Gupta,10,8,10,10,2,
Lars1,10,8,2,2,2,104.0
Lars2,10,8,2,2,2,66.0
Lis,10,8,2,2,2,
Gupta,10,8,2,2,2,16453.0
Lars1,10,8,4,4,2,
Lars2,10,8,4,4,2,20371.0
Lis,10,8,4,4,2,
Gupta,10,8,4,4,2,
Lars1,10,8,6,6,2,
Lars2,10,8,6,6,2,
Lis,10,8,6,6,2,
Gupta,10,8,6,6,2,
Lars1,10,8,8,8,2,
Lars2,10,8,8,8,2,
Lis,10,8,8,8,2,
Gupta,10,8,8,8,2,
Lars1,10,9,10,10,2,
Lars2,10,9,10,10,2,
Lis,10,9,10,10,2,
Gupta,10,9,10,10,2,
Lars1,10,9,2,2,2,201.0
Lars2,10,9,2,2,2,77.0
Lis,10,9,2,2,2,
Gupta,10,9,2,2,2,20041.0
Lars1,10,9,4,4,2,
Lars2,10,9,4,4,2,12897.0
Lis,10,9,4,4,2,
Gupta,10,9,4,4,2,
Lars1,10,9,6,6,2,
Lars2,10,9,6,6,2,
Lis,10,9,6,6,2,
Gupta,10,9,6,6,2,
Lars1,10,9,8,8,2,
Lars2,10,9,8,8,2,
Lis,10,9,8,8,2,
Gupta,10,9,8,8,2,
Lars1,1,1000,2,2,2,
Lars2,1,1000,2,2,2,94.0
Lis,1,1000,2,2,2,437.0
Gupta,1,1000,2,2,2,3404.0
Lars1,1,1000,4,4,2,
Lars2,1,1000,4,4,2,
Lis,1,1000,4,4,2,903514.0
Gupta,1,1000,4,4,2,
Lars1,1,100,2,2,2,555.0
Lars2,1,100,2,2,2,244.0
Lis,1,100,2,2,2,324.0
Gupta,1,100,2,2,2,1154.0
Lars1,1,100,4,4,2,
Lars2,1,100,4,4,2,3310.0
Lis,1,100,4,4,2,4747.0
Gupta,1,100,4,4,2,15546.0
Lars1,1,10,2,2,2,53.0
Lars2,1,10,2,2,2,73.0
Lis,1,10,2,2,2,179.0
Gupta,1,10,2,2,2,362.0
Lars1,1,10,4,4,2,17329681.0
Lars2,1,10,4,4,2,684.0
Lis,1,10,4,4,2,1339.0
Gupta,1,10,4,4,2,4859.0
Lars1,1,1,2,2,2,38.0
Lars2,1,1,2,2,2,64.0
Lis,1,1,2,2,2,126.0
Gupta,1,1,2,2,2,254.0
Lars1,1,1,4,4,2,12374206.0
Lars2,1,1,4,4,2,573.0
Lis,1,1,4,4,2,1020.0
Gupta,1,1,4,4,2,3798.0
Lars1,1,20,2,2,2,69.0
Lars2,1,20,2,2,2,122.0
Lis,1,20,2,2,2,240.0
Gupta,1,20,2,2,2,590.0
Lars1,1,20,4,4,2,14277963.0
Lars2,1,20,4,4,2,662.0
Lis,1,20,4,4,2,1531.0
Gupta,1,20,4,4,2,5476.0
Lars1,1,2,2,2,2,47.0
Lars2,1,2,2,2,2,64.0
Lis,1,2,2,2,2,132.0
Gupta,1,2,2,2,2,252.0
Lars1,1,2,4,4,2,9036904.0
Lars2,1,2,4,4,2,405.0
Lis,1,2,4,4,2,978.0
Gupta,1,2,4,4,2,2193.0
Lars1,1,3,2,2,2,42.0
Lars2,1,3,2,2,2,71.0
Lis,1,3,2,2,2,122.0
Gupta,1,3,2,2,2,233.0
Lars1,1,3,4,4,2,13799518.0
Lars2,1,3,4,4,2,570.0
Lis,1,3,4,4,2,1264.0
Gupta,1,3,4,4,2,4165.0
Lars1,1,40,2,2,2,85.0
Lars2,1,40,2,2,2,165.0
Lis,1,40,2,2,2,242.0
Gupta,1,40,2,2,2,609.0
Lars1,1,40,4,4,2,
Lars2,1,40,4,4,2,1155.0
Lis,1,40,4,4,2,2606.0
Gupta,1,40,4,4,2,8857.0
Lars1,1,4,2,2,2,101.0
Lars2,1,4,2,2,2,88.0
Lis,1,4,2,2,2,167.0
Gupta,1,4,2,2,2,315.0
Lars1,1,4,4,4,2,7516650.0
Lars2,1,4,4,4,2,608.0
Lis,1,4,4,4,2,972.0
Gupta,1,4,4,4,2,2742.0
Lars1,1,500,2,2,2,
Lars2,1,500,2,2,2,2586.0
Lis,1,500,2,2,2,867.0
Gupta,1,500,2,2,2,3823.0
Lars1,1,500,4,4,2,
Lars2,1,500,4,4,2,
Lis,1,500,4,4,2,982319.0
Gupta,1,500,4,4,2,
Lars1,1,5,2,2,2,83.0
Lars2,1,5,2,2,2,74.0
Lis,1,5,2,2,2,153.0
Gupta,1,5,2,2,2,286.0
Lars1,1,5,4,4,2,7215933.0
Lars2,1,5,4,4,2,499.0
Lis,1,5,4,4,2,934.0
Gupta,1,5,4,4,2,2918.0
Lars1,1,60,2,2,2,47.0
Lars2,1,60,2,2,2,79.0
Lis,1,60,2,2,2,247.0
Gupta,1,60,2,2,2,616.0
Lars1,1,60,4,4,2,
Lars2,1,60,4,4,2,2384.0
Lis,1,60,4,4,2,4428.0
Gupta,1,60,4,4,2,8835.0
Lars1,1,6,2,2,2,49.0
Lars2,1,6,2,2,2,73.0
Lis,1,6,2,2,2,173.0
Gupta,1,6,2,2,2,345.0
Lars1,1,6,4,4,2,7957753.0
Lars2,1,6,4,4,2,475.0
Lis,1,6,4,4,2,883.0
Gupta,1,6,4,4,2,3246.0
Lars1,1,7,2,2,2,38.0
Lars2,1,7,2,2,2,68.0
Lis,1,7,2,2,2,168.0
Gupta,1,7,2,2,2,324.0
Lars1,1,7,4,4,2,9007503.0
Lars2,1,7,4,4,2,545.0
Lis,1,7,4,4,2,1049.0
Gupta,1,7,4,4,2,3659.0
Lars1,1,80,2,2,2,147.0
Lars2,1,80,2,2,2,320.0
Lis,1,80,2,2,2,340.0
Gupta,1,80,2,2,2,1062.0
Lars1,1,80,4,4,2,
Lars2,1,80,4,4,2,2308.0
Lis,1,80,4,4,2,3142.0
Gupta,1,80,4,4,2,11762.0
Lars1,1,8,2,2,2,46.0
Lars2,1,8,2,2,2,72.0
Lis,1,8,2,2,2,161.0
Gupta,1,8,2,2,2,321.0
Lars1,1,8,4,4,2,8873379.0
Lars2,1,8,4,4,2,661.0
Lis,1,8,4,4,2,1139.0
Gupta,1,8,4,4,2,4399.0
Lars1,1,9,2,2,2,56.0
Lars2,1,9,2,2,2,74.0
Lis,1,9,2,2,2,170.0
Gupta,1,9,2,2,2,317.0
Lars1,1,9,4,4,2,7116169.0
Lars2,1,9,4,4,2,418.0
Lis,1,9,4,4,2,1104.0
Gupta,1,9,4,4,2,3402.0
Lars1,20,1000,10,10,2,
Lars2,20,1000,10,10,2,
Lis,20,1000,10,10,2,
Gupta,20,1000,10,10,2,
Lars1,20,1000,2,2,2,
Lars2,20,1000,2,2,2,146.0
Lis,20,1000,2,2,2,
Gupta,20,1000,2,2,2,
Lars1,20,1000,4,4,2,
Lars2,20,1000,4,4,2,
Lis,20,1000,4,4,2,
Gupta,20,1000,4,4,2,
Lars1,20,1000,6,6,2,
Lars2,20,1000,6,6,2,
Lis,20,1000,6,6,2,
Gupta,20,1000,6,6,2,
Lars1,20,1000,8,8,2,
Lars2,20,1000,8,8,2,
Lis,20,1000,8,8,2,
Gupta,20,1000,8,8,2,
Lars1,20,100,10,10,2,
Lars2,20,100,10,10,2,
Lis,20,100,10,10,2,
Gupta,20,100,10,10,2,
Lars1,20,100,2,2,2,1638.0
Lars2,20,100,2,2,2,66.0
Lis,20,100,2,2,2,
Gupta,20,100,2,2,2,
Lars1,20,100,4,4,2,
Lars2,20,100,4,4,2,
Lis,20,100,4,4,2,
Gupta,20,100,4,4,2,
Lars1,20,100,6,6,2,
Lars2,20,100,6,6,2,
Lis,20,100,6,6,2,
Gupta,20,100,6,6,2,
Lars1,20,100,8,8,2,
Lars2,20,100,8,8,2,
Lis,20,100,8,8,2,
Gupta,20,100,8,8,2,
Lars1,20,10,10,10,2,
Lars2,20,10,10,10,2,
Lis,20,10,10,10,2,
Gupta,20,10,10,10,2,
Lars1,20,10,2,2,2,754.0
Lars2,20,10,2,2,2,76.0
Lis,20,10,2,2,2,
Gupta,20,10,2,2,2,
Lars1,20,10,4,4,2,
Lars2,20,10,4,4,2,
Lis,20,10,4,4,2,
Gupta,20,10,4,4,2,
Lars1,20,10,6,6,2,
Lars2,20,10,6,6,2,
Lis,20,10,6,6,2,
Gupta,20,10,6,6,2,
Lars1,20,10,8,8,2,
Lars2,20,10,8,8,2,
Lis,20,10,8,8,2,
Gupta,20,10,8,8,2,
Lars1,20,1,10,10,2,
Lars2,20,1,10,10,2,
Lis,20,1,10,10,2,
Gupta,20,1,10,10,2,
Lars1,20,1,2,2,2,381.0
Lars2,20,1,2,2,2,67.0
Lis,20,1,2,2,2,
Gupta,20,1,2,2,2,
Lars1,20,1,4,4,2,
Lars2,20,1,4,4,2,
Lis,20,1,4,4,2,
Gupta,20,1,4,4,2,
Lars1,20,1,6,6,2,
Lars2,20,1,6,6,2,
Lis,20,1,6,6,2,
Gupta,20,1,6,6,2,
Lars1,20,1,8,8,2,
Lars2,20,1,8,8,2,
Lis,20,1,8,8,2,
Gupta,20,1,8,8,2,
Lars1,20,20,10,10,2,
Lars2,20,20,10,10,2,
Lis,20,20,10,10,2,
Gupta,20,20,10,10,2,
Lars1,20,20,2,2,2,438.0
Lars2,20,20,2,2,2,71.0
Lis,20,20,2,2,2,
Gupta,20,20,2,2,2,
Lars1,20,20,4,4,2,
Lars2,20,20,4,4,2,
Lis,20,20,4,4,2,
Gupta,20,20,4,4,2,
Lars1,20,20,6,6,2,
Lars2,20,20,6,6,2,
Lis,20,20,6,6,2,
Gupta,20,20,6,6,2,
Lars1,20,20,8,8,2,
Lars2,20,20,8,8,2,
Lis,20,20,8,8,2,
Gupta,20,20,8,8,2,
Lars1,20,2,10,10,2,
Lars2,20,2,10,10,2,
Lis,20,2,10,10,2,
Gupta,20,2,10,10,2,
Lars1,20,2,2,2,2,416.0
Lars2,20,2,2,2,2,84.0
Lis,20,2,2,2,2,
Gupta,20,2,2,2,2,
Lars1,20,2,4,4,2,
Lars2,20,2,4,4,2,
Lis,20,2,4,4,2,
Gupta,20,2,4,4,2,
Lars1,20,2,6,6,2,
Lars2,20,2,6,6,2,
Lis,20,2,6,6,2,
Gupta,20,2,6,6,2,
Lars1,20,2,8,8,2,
Lars2,20,2,8,8,2,
Lis,20,2,8,8,2,
Gupta,20,2,8,8,2,
Lars1,20,3,10,10,2,
Lars2,20,3,10,10,2,
Lis,20,3,10,10,2,
Gupta,20,3,10,10,2,
Lars1,20,3,2,2,2,96.0
Lars2,20,3,2,2,2,60.0
Lis,20,3,2,2,2,
Gupta,20,3,2,2,2,
Lars1,20,3,4,4,2,
Lars2,20,3,4,4,2,
Lis,20,3,4,4,2,
Gupta,20,3,4,4,2,
Lars1,20,3,6,6,2,
Lars2,20,3,6,6,2,
Lis,20,3,6,6,2,
Gupta,20,3,6,6,2,
Lars1,20,3,8,8,2,
Lars2,20,3,8,8,2,
Lis,20,3,8,8,2,
Gupta,20,3,8,8,2,
Lars1,20,40,10,10,2,
Lars2,20,40,10,10,2,
Lis,20,40,10,10,2,
Gupta,20,40,10,10,2,
Lars1,20,40,2,2,2,299.0
Lars2,20,40,2,2,2,72.0
Lis,20,40,2,2,2,
Gupta,20,40,2,2,2,
Lars1,20,40,4,4,2,
Lars2,20,40,4,4,2,
Lis,20,40,4,4,2,
Gupta,20,40,4,4,2,
Lars1,20,40,6,6,2,
Lars2,20,40,6,6,2,
Lis,20,40,6,6,2,
Gupta,20,40,6,6,2,
Lars1,20,40,8,8,2,
Lars2,20,40,8,8,2,
Lis,20,40,8,8,2,
Gupta,20,40,8,8,2,
Lars1,20,4,10,10,2,
Lars2,20,4,10,10,2,
Lis,20,4,10,10,2,
Gupta,20,4,10,10,2,
Lars1,20,4,2,2,2,14057.0
Lars2,20,4,2,2,2,1335.0
Lis,20,4,2,2,2,
Gupta,20,4,2,2,2,
Lars1,20,4,4,4,2,
Lars2,20,4,4,4,2,
Lis,20,4,4,4,2,
Gupta,20,4,4,4,2,
Lars1,20,4,6,6,2,
Lars2,20,4,6,6,2,
Lis,20,4,6,6,2,
Gupta,20,4,6,6,2,
Lars1,20,4,8,8,2,
Lars2,20,4,8,8,2,
Lis,20,4,8,8,2,
Gupta,20,4,8,8,2,
Lars1,20,500,10,10,2,
Lars2,20,500,10,10,2,
Lis,20,500,10,10,2,
Gupta,20,500,10,10,2,
Lars1,20,500,2,2,2,
Lars2,20,500,2,2,2,1746.0
Lis,20,500,2,2,2,
Gupta,20,500,2,2,2,
Lars1,20,500,4,4,2,
Lars2,20,500,4,4,2,
Lis,20,500,4,4,2,
Gupta,20,500,4,4,2,
Lars1,20,500,6,6,2,
Lars2,20,500,6,6,2,
Lis,20,500,6,6,2,
Gupta,20,500,6,6,2,
Lars1,20,500,8,8,2,
Lars2,20,500,8,8,2,
Lis,20,500,8,8,2,
Gupta,20,500,8,8,2,
Lars1,20,5,10,10,2,
Lars2,20,5,10,10,2,
Lis,20,5,10,10,2,
Gupta,20,5,10,10,2,
Lars1,20,5,2,2,2,383.0
Lars2,20,5,2,2,2,76.0
Lis,20,5,2,2,2,
Gupta,20,5,2,2,2,
Lars1,20,5,4,4,2,
Lars2,20,5,4,4,2,
Lis,20,5,4,4,2,
Gupta,20,5,4,4,2,
Lars1,20,5,6,6,2,
Lars2,20,5,6,6,2,
Lis,20,5,6,6,2,
Gupta,20,5,6,6,2,
Lars1,20,5,8,8,2,
Lars2,20,5,8,8,2,
Lis,20,5,8,8,2,
Gupta,20,5,8,8,2,
Lars1,20,60,10,10,2,
Lars2,20,60,10,10,2,
Lis,20,60,10,10,2,
Gupta,20,60,10,10,2,
Lars1,20,60,2,2,2,1232.0
Lars2,20,60,2,2,2,73.0
Lis,20,60,2,2,2,
Gupta,20,60,2,2,2,
Lars1,20,60,4,4,2,
Lars2,20,60,4,4,2,
Lis,20,60,4,4,2,
Gupta,20,60,4,4,2,
Lars1,20,60,6,6,2,
Lars2,20,60,6,6,2,
Lis,20,60,6,6,2,
Gupta,20,60,6,6,2,
Lars1,20,60,8,8,2,
Lars2,20,60,8,8,2,
Lis,20,60,8,8,2,
Gupta,20,60,8,8,2,
Lars1,20,6,10,10,2,
Lars2,20,6,10,10,2,
Lis,20,6,10,10,2,
Gupta,20,6,10,10,2,
Lars1,20,6,2,2,2,598.0
Lars2,20,6,2,2,2,74.0
Lis,20,6,2,2,2,
Gupta,20,6,2,2,2,
Lars1,20,6,4,4,2,
Lars2,20,6,4,4,2,
Lis,20,6,4,4,2,
Gupta,20,6,4,4,2,
Lars1,20,6,6,6,2,
Lars2,20,6,6,6,2,
Lis,20,6,6,6,2,
Gupta,20,6,6,6,2,
Lars1,20,6,8,8,2,
Lars2,20,6,8,8,2,
Lis,20,6,8,8,2,
Gupta,20,6,8,8,2,
Lars1,20,7,10,10,2,
Lars2,20,7,10,10,2,
Lis,20,7,10,10,2,
Gupta,20,7,10,10,2,
Lars1,20,7,2,2,2,578.0
Lars2,20,7,2,2,2,72.0
Lis,20,7,2,2,2,
Gupta,20,7,2,2,2,
Lars1,20,7,4,4,2,
Lars2,20,7,4,4,2,
Lis,20,7,4,4,2,
Gupta,20,7,4,4,2,
Lars1,20,7,6,6,2,
Lars2,20,7,6,6,2,
Lis,20,7,6,6,2,
Gupta,20,7,6,6,2,
Lars1,20,7,8,8,2,
Lars2,20,7,8,8,2,
Lis,20,7,8,8,2,
Gupta,20,7,8,8,2,
Lars1,20,80,10,10,2,
Lars2,20,80,10,10,2,
Lis,20,80,10,10,2,
Gupta,20,80,10,10,2,
Lars1,20,80,2,2,2,236.0
Lars2,20,80,2,2,2,81.0
Lis,20,80,2,2,2,
Gupta,20,80,2,2,2,
Lars1,20,80,4,4,2,
Lars2,20,80,4,4,2,
Lis,20,80,4,4,2,
Gupta,20,80,4,4,2,
Lars1,20,80,6,6,2,
Lars2,20,80,6,6,2,
Lis,20,80,6,6,2,
Gupta,20,80,6,6,2,
Lars1,20,80,8,8,2,
Lars2,20,80,8,8,2,
Lis,20,80,8,8,2,
Gupta,20,80,8,8,2,
Lars1,20,8,10,10,2,
Lars2,20,8,10,10,2,
Lis,20,8,10,10,2,
Gupta,20,8,10,10,2,
Lars1,20,8,2,2,2,149.0
Lars2,20,8,2,2,2,55.0
Lis,20,8,2,2,2,
Gupta,20,8,2,2,2,
Lars1,20,8,4,4,2,
Lars2,20,8,4,4,2,
Lis,20,8,4,4,2,
Gupta,20,8,4,4,2,
Lars1,20,8,6,6,2,
Lars2,20,8,6,6,2,
Lis,20,8,6,6,2,
Gupta,20,8,6,6,2,
Lars1,20,8,8,8,2,
Lars2,20,8,8,8,2,
Lis,20,8,8,8,2,
Gupta,20,8,8,8,2,
Lars1,20,9,10,10,2,
Lars2,20,9,10,10,2,
Lis,20,9,10,10,2,
Gupta,20,9,10,10,2,
Lars1,20,9,2,2,2,
Lars2,20,9,2,2,2,85.0
Lis,20,9,2,2,2,
Gupta,20,9,2,2,2,
Lars1,20,9,4,4,2,
Lars2,20,9,4,4,2,23026.0
Lis,20,9,4,4,2,
Gupta,20,9,4,4,2,
Lars1,20,9,6,6,2,
Lars2,20,9,6,6,2,
Lis,20,9,6,6,2,
Gupta,20,9,6,6,2,
Lars1,20,9,8,8,2,
Lars2,20,9,8,8,2,
Lis,20,9,8,8,2,
Gupta,20,9,8,8,2,
Lars1,2,1000,2,2,2,
Lars2,2,1000,2,2,2,389.0
Lis,2,1000,2,2,2,16253.0
Gupta,2,1000,2,2,2,
Lis,2,1000,4,4,2,
Lis,2,1000,6,6,2,
Lis,2,1000,8,8,2,
Lars1,2,100,2,2,2,193.0
Lars2,2,100,2,2,2,110.0
Lis,2,100,2,2,2,4404.0
Gupta,2,100,2,2,2,3281.0
Lars1,2,100,4,4,2,
Lars2,2,100,4,4,2,5044.0
Lis,2,100,4,4,2,247426.0
Gupta,2,100,4,4,2,
Lars1,2,100,6,6,2,
Lars2,2,100,6,6,2,23511.0
Lis,2,100,6,6,2,1607970.0
Gupta,2,100,6,6,2,
Lars1,2,100,8,8,2,
Lars2,2,100,8,8,2,
Lis,2,100,8,8,2,3491978.0
Gupta,2,100,8,8,2,
Lars1,2,10,2,2,2,65.0
Lars2,2,10,2,2,2,70.0
Lis,2,10,2,2,2,1765.0
Gupta,2,10,2,2,2,1005.0
Lars1,2,10,4,4,2,
Lars2,2,10,4,4,2,874.0
Lis,2,10,4,4,2,46860.0
Gupta,2,10,4,4,2,25131.0
Lars1,2,10,6,6,2,
Lars2,2,10,6,6,2,25794.0
Lis,2,10,6,6,2,341870.0
Gupta,2,10,6,6,2,
Lis,2,10,8,8,2,
Lars1,2,1,2,2,2,569.0
Lars2,2,1,2,2,2,1108.0
Lis,2,1,2,2,2,16707.0
Gupta,2,1,2,2,2,9337.0
Lars1,2,1,4,4,2,
Lars2,2,1,4,4,2,13702.0
Lis,2,1,4,4,2,333120.0
Gupta,2,1,4,4,2,189621.0
Lars1,2,1,6,6,2,
Lars2,2,1,6,6,2,27739.0
Lis,2,1,6,6,2,290379.0
Gupta,2,1,6,6,2,
Lars1,2,1,8,8,2,
Lars2,2,1,8,8,2,
Lis,2,1,8,8,2,740571.0
Gupta,2,1,8,8,2,
Lars1,2,20,2,2,2,61.0
Lars2,2,20,2,2,2,72.0
Lis,2,20,2,2,2,3080.0
Gupta,2,20,2,2,2,1262.0
Lars1,2,20,4,4,2,
Lars2,2,20,4,4,2,1154.0
Lis,2,20,4,4,2,88492.0
Gupta,2,20,4,4,2,50494.0
Lars1,2,20,6,6,2,
Lars2,2,20,6,6,2,31009.0
Lis,2,20,6,6,2,492042.0
Gupta,2,20,6,6,2,
Lars1,2,20,8,8,2,
Lars2,2,20,8,8,2,
Lis,2,20,8,8,2,1174987.0
Gupta,2,20,8,8,2,
Lars1,2,2,2,2,2,39.0
Lars2,2,2,2,2,2,64.0
Lis,2,2,2,2,2,837.0
Gupta,2,2,2,2,2,447.0
Lars1,2,2,4,4,2,
Lars2,2,2,4,4,2,1166.0
Lis,2,2,4,4,2,30579.0
Gupta,2,2,4,4,2,19825.0
Lars1,2,2,6,6,2,
Lars2,2,2,6,6,2,19571.0
Lis,2,2,6,6,2,284918.0
Gupta,2,2,6,6,2,
Lars1,2,2,8,8,2,
Lars2,2,2,8,8,2,
Lis,2,2,8,8,2,542859.0
Gupta,2,2,8,8,2,
Lars1,2,3,2,2,2,55.0
Lars2,2,3,2,2,2,67.0
Lis,2,3,2,2,2,1479.0
Gupta,2,3,2,2,2,653.0
Lars1,2,3,4,4,2,
Lars2,2,3,4,4,2,373.0
Lis,2,3,4,4,2,17891.0
Gupta,2,3,4,4,2,10224.0
Lars1,2,3,6,6,2,
Lars2,2,3,6,6,2,
Lis,2,3,6,6,2,136321.0
Gupta,2,3,6,6,2,
Lars1,2,3,8,8,2,
Lars2,2,3,8,8,2,
Lis,2,3,8,8,2,921575.0
Gupta,2,3,8,8,2,
Lars1,2,40,2,2,2,203.0
Lars2,2,40,2,2,2,107.0
Lis,2,40,2,2,2,5080.0
Gupta,2,40,2,2,2,3003.0
Lars1,2,40,4,4,2,
Lars2,2,40,4,4,2,810.0
Lis,2,40,4,4,2,146644.0
Gupta,2,40,4,4,2,
Lars1,2,40,6,6,2,
Lars2,2,40,6,6,2,27448.0
Lis,2,40,6,6,2,579444.0
Gupta,2,40,6,6,2,
Lars1,2,40,8,8,2,
Lars2,2,40,8,8,2,
Lis,2,40,8,8,2,1721788.0
Gupta,2,40,8,8,2,
Lars1,2,4,2,2,2,34.0
Lars2,2,4,2,2,2,73.0
Lis,2,4,2,2,2,1200.0
Gupta,2,4,2,2,2,678.0
Lars1,2,4,4,4,2,
Lars2,2,4,4,4,2,1007.0
Lis,2,4,4,4,2,40193.0
Gupta,2,4,4,4,2,20855.0
Lars1,2,4,6,6,2,
Lars2,2,4,6,6,2,40241.0
Lis,2,4,6,6,2,375104.0
Gupta,2,4,6,6,2,
Lars1,2,4,8,8,2,
Lars2,2,4,8,8,2,
Lis,2,4,8,8,2,471234.0
Gupta,2,4,8,8,2,
Lars1,2,500,2,2,2,
Lars2,2,500,2,2,2,6617.0
Lis,2,500,2,2,2,9774.0
Gupta,2,500,2,2,2,
Lars1,2,500,4,4,2,
Lars2,2,500,4,4,2,
Lis,2,500,4,4,2,935872.0
Gupta,2,500,4,4,2,
Lis,2,500,6,6,2,
Lis,2,500,8,8,2,
Lars1,2,5,2,2,2,74.0
Lars2,2,5,2,2,2,82.0
Lis,2,5,2,2,2,2107.0
Gupta,2,5,2,2,2,899.0
Lars1,2,5,4,4,2,
Lars2,2,5,4,4,2,28025.0
Lis,2,5,4,4,2,824907.0
Gupta,2,5,4,4,2,438871.0
Lars1,2,5,6,6,2,
Lars2,2,5,6,6,2,697078.0
Lis,2,5,6,6,2,7593419.0
Gupta,2,5,6,6,2,
Lars1,2,5,8,8,2,
Lars2,2,5,8,8,2,
Lis,2,5,8,8,2,9907910.0
Gupta,2,5,8,8,2,
Lars1,2,60,2,2,2,2042.0
Lars2,2,60,2,2,2,1677.0
Lis,2,60,2,2,2,43217.0
Gupta,2,60,2,2,2,21179.0
Lars1,2,60,4,4,2,
Lars2,2,60,4,4,2,29366.0
Lis,2,60,4,4,2,1767219.0
Gupta,2,60,4,4,2,
Lars1,2,60,6,6,2,
Lars2,2,60,6,6,2,442029.0
Lis,2,60,6,6,2,11315175.0
Gupta,2,60,6,6,2,
Lis,2,60,8,8,2,
Lars1,2,6,2,2,2,105.0
Lars2,2,6,2,2,2,79.0
Lis,2,6,2,2,2,1738.0
Gupta,2,6,2,2,2,746.0
Lars1,2,6,4,4,2,
Lars2,2,6,4,4,2,883.0
Lis,2,6,4,4,2,34180.0
Gupta,2,6,4,4,2,19267.0
Lars1,2,6,6,6,2,
Lars2,2,6,6,6,2,12167.0
Lis,2,6,6,6,2,215758.0
Gupta,2,6,6,6,2,
Lars1,2,6,8,8,2,
Lars2,2,6,8,8,2,
Lis,2,6,8,8,2,1027819.0
Gupta,2,6,8,8,2,
Lars1,2,7,2,2,2,55.0
Lars2,2,7,2,2,2,67.0
Lis,2,7,2,2,2,1776.0
Gupta,2,7,2,2,2,763.0
Lars1,2,7,4,4,2,
Lars2,2,7,4,4,2,928.0
Lis,2,7,4,4,2,39419.0
Gupta,2,7,4,4,2,21245.0
Lars1,2,7,6,6,2,
Lars2,2,7,6,6,2,51079.0
Lis,2,7,6,6,2,478639.0
Gupta,2,7,6,6,2,
Lars1,2,7,8,8,2,
Lars2,2,7,8,8,2,
Lis,2,7,8,8,2,1270044.0
Gupta,2,7,8,8,2,
Lars1,2,80,2,2,2,138.0
Lars2,2,80,2,2,2,94.0
Lis,2,80,2,2,2,3793.0
Gupta,2,80,2,2,2,3403.0
Lars1,2,80,4,4,2,
Lars2,2,80,4,4,2,3208.0
Lis,2,80,4,4,2,284214.0
Gupta,2,80,4,4,2,
Lars1,2,80,6,6,2,
Lars2,2,80,6,6,2,
Lis,2,80,6,6,2,1291033.0
Gupta,2,80,6,6,2,
Lars1,2,80,8,8,2,
Lars2,2,80,8,8,2,
Lis,2,80,8,8,2,2813850.0
Gupta,2,80,8,8,2,
Lars1,2,8,2,2,2,858.0
Lars2,2,8,2,2,2,1299.0
Lis,2,8,2,2,2,28516.0
Gupta,2,8,2,2,2,16538.0
Lars1,2,8,4,4,2,
Lars2,2,8,4,4,2,25911.0
Lis,2,8,4,4,2,1002073.0
Gupta,2,8,4,4,2,492071.0
Lars1,2,8,6,6,2,
Lars2,2,8,6,6,2,
Lis,2,8,6,6,2,4072997.0
Gupta,2,8,6,6,2,
Lars1,2,8,8,8,2,
Lars2,2,8,8,8,2,
Lis,2,8,8,8,2,15695949.0
Gupta,2,8,8,8,2,
Lars1,2,9,2,2,2,53.0
Lars2,2,9,2,2,2,70.0
Lis,2,9,2,2,2,1892.0
Gupta,2,9,2,2,2,997.0
Lars1,2,9,4,4,2,
Lars2,2,9,4,4,2,772.0
Lis,2,9,4,4,2,47196.0
Gupta,2,9,4,4,2,24432.0
Lars1,2,9,6,6,2,
Lars2,2,9,6,6,2,32613.0
Lis,2,9,6,6,2,388390.0
Gupta,2,9,6,6,2,
Lars1,2,9,8,8,2,
Lars2,2,9,8,8,2,
Lis,2,9,8,8,2,1298317.0
Gupta,2,9,8,8,2,
Lis,3,1000,10,10,2,
Lars1,3,1000,2,2,2,
Lars2,3,1000,2,2,2,4470.0
Lis,3,1000,2,2,2,3793062.0
Gupta,3,1000,2,2,2,
Lis,3,1000,4,4,2,
Lis,3,1000,6,6,2,
Lis,3,1000,8,8,2,
Lis,3,100,10,10,2,
Lars1,3,100,2,2,2,384.0
Lars2,3,100,2,2,2,229.0
Lis,3,100,2,2,2,38104.0
Gupta,3,100,2,2,2,7154.0
Lis,3,100,4,4,2,
Lis,3,100,6,6,2,
Lis,3,100,8,8,2,
Lis,3,10,10,10,2,
Lars1,3,10,2,2,2,893.0
Lars2,3,10,2,2,2,1238.0
Lis,3,10,2,2,2,252001.0
Gupta,3,10,2,2,2,24549.0
Lars1,3,10,4,4,2,
Lars2,3,10,4,4,2,27647.0
Lis,3,10,4,4,2,11481202.0
Gupta,3,10,4,4,2,
Lis,3,10,6,6,2,
Lis,3,10,8,8,2,
Lis,3,1,10,10,2,
Lars1,3,1,2,2,2,51.0
Lars2,3,1,2,2,2,65.0
Lis,3,1,2,2,2,6499.0
Gupta,3,1,2,2,2,1024.0
Lars1,3,1,4,4,2,
Lars2,3,1,4,4,2,1940.0
Lis,3,1,4,4,2,686273.0
Gupta,3,1,4,4,2,
Lars1,3,1,6,6,2,
Lars2,3,1,6,6,2,
Lis,3,1,6,6,2,5973801.0
Gupta,3,1,6,6,2,
Lars1,3,1,8,8,2,
Lars2,3,1,8,8,2,
Lis,3,1,8,8,2,6494741.0
Gupta,3,1,8,8,2,
Lis,3,20,10,10,2,
Lars1,3,20,2,2,2,805.0
Lars2,3,20,2,2,2,1161.0
Lis,3,20,2,2,2,398671.0
Gupta,3,20,2,2,2,37315.0
Lars1,3,20,4,4,2,
Lars2,3,20,4,4,2,30407.0
Lis,3,20,4,4,2,14900073.0
Gupta,3,20,4,4,2,
Lars1,3,20,6,6,2,
Lars2,3,20,6,6,2,
Lis,3,20,6,6,2,7341665.0
Gupta,3,20,6,6,2,
Lis,3,20,8,8,2,
Lis,3,2,10,10,2,
Lars1,3,2,2,2,2,535.0
Lars2,3,2,2,2,2,1000.0
Lis,3,2,2,2,2,63623.0
Gupta,3,2,2,2,2,10893.0
Lars1,3,2,4,4,2,
Lis,3,2,4,4,2,9334654.0
Lis,3,2,6,6,2,
Lis,3,2,8,8,2,
Lis,3,3,10,10,2,
Lars1,3,3,2,2,2,625.0
Lars2,3,3,2,2,2,1096.0
Lis,3,3,2,2,2,129617.0
Gupta,3,3,2,2,2,15248.0
Lars1,3,3,4,4,2,
Lars2,3,3,4,4,2,19402.0
Lis,3,3,4,4,2,4363741.0
Gupta,3,3,4,4,2,
Lars1,3,3,6,6,2,
Lars2,3,3,6,6,2,
Lis,3,3,6,6,2,4169521.0
Gupta,3,3,6,6,2,
Lars1,3,3,8,8,2,
Lars2,3,3,8,8,2,
Lis,3,3,8,8,2,17232542.0
Gupta,3,3,8,8,2,
Lis,3,40,10,10,2,
Lars1,3,40,2,2,2,2783.0
Lars2,3,40,2,2,2,1406.0
Lis,3,40,2,2,2,1207377.0
Gupta,3,40,2,2,2,98286.0
Lis,3,40,4,4,2,
Lis,3,40,6,6,2,
Lis,3,40,8,8,2,
Lis,3,4,10,10,2,
Lars1,3,4,2,2,2,49.0
Lars2,3,4,2,2,2,69.0
Lis,3,4,2,2,2,11266.0
Gupta,3,4,2,2,2,970.0
Lars1,3,4,4,4,2,
Lars2,3,4,4,4,2,1550.0
Lis,3,4,4,4,2,515232.0
Gupta,3,4,4,4,2,
Lars1,3,4,6,6,2,
Lars2,3,4,6,6,2,
Lis,3,4,6,6,2,7347062.0
Gupta,3,4,6,6,2,
Lis,3,4,8,8,2,
Lis,3,500,10,10,2,
Lars1,3,500,2,2,2,
Lars2,3,500,2,2,2,523.0
Lis,3,500,2,2,2,101495.0
Gupta,3,500,2,2,2,
Lars1,3,500,4,4,2,
Lars2,3,500,4,4,2,12386.0
Lis,3,500,4,4,2,14934442.0
Gupta,3,500,4,4,2,
Lis,3,500,6,6,2,
Lis,3,500,8,8,2,
Lis,3,5,10,10,2,
Lars1,3,5,2,2,2,90.0
Lars2,3,5,2,2,2,73.0
Lis,3,5,2,2,2,15752.0
Gupta,3,5,2,2,2,1351.0
Lars1,3,5,4,4,2,
Lars2,3,5,4,4,2,1474.0
Lis,3,5,4,4,2,508038.0
Gupta,3,5,4,4,2,
Lars1,3,5,6,6,2,
Lars2,3,5,6,6,2,9597.0
Lis,3,5,6,6,2,1132337.0
Gupta,3,5,6,6,2,
Lis,3,5,8,8,2,
Lis,3,60,10,10,2,
Lars1,3,60,2,2,2,176.0
Lars2,3,60,2,2,2,85.0
Lis,3,60,2,2,2,40811.0
Gupta,3,60,2,2,2,13095.0
Lars1,3,60,4,4,2,
Lars2,3,60,4,4,2,1653.0
Lis,3,60,4,4,2,4447454.0
Gupta,3,60,4,4,2,
Lis,3,60,6,6,2,
Lis,3,60,8,8,2,
Lis,3,6,10,10,2,
Lars1,3,6,2,2,2,1299.0
Lars2,3,6,2,2,2,1285.0
Lis,3,6,2,2,2,336479.0
Gupta,3,6,2,2,2,21062.0
Lars1,3,6,4,4,2,
Lars2,3,6,4,4,2,21830.0
Lis,3,6,4,4,2,11261389.0
Gupta,3,6,4,4,2,
Lars1,3,6,6,6,2,
Lars2,3,6,6,6,2,
Lis,3,6,6,6,2,6826534.0
Gupta,3,6,6,6,2,
Lars1,3,6,8,8,2,
Lars2,3,6,8,8,2,
Lis,3,6,8,8,2,12519138.0
Gupta,3,6,8,8,2,
Lis,3,7,10,10,2,
Lars1,3,7,2,2,2,51.0
Lars2,3,7,2,2,2,62.0
Lis,3,7,2,2,2,9256.0
Gupta,3,7,2,2,2,1176.0
Lars1,3,7,4,4,2,
Lars2,3,7,4,4,2,2640.0
Lis,3,7,4,4,2,992300.0
Gupta,3,7,4,4,2,
Lars1,3,7,6,6,2,
Lars2,3,7,6,6,2,
Lis,3,7,6,6,2,4912457.0
Gupta,3,7,6,6,2,
Lis,3,7,8,8,2,
Lis,3,80,10,10,2,
Lars1,3,80,2,2,2,6932.0
Lars2,3,80,2,2,2,1895.0
Lis,3,80,2,2,2,1179927.0
Gupta,3,80,2,2,2,115272.0
Lis,3,80,4,4,2,
Lis,3,80,6,6,2,
Lis,3,80,8,8,2,
Lis,3,8,10,10,2,
Lars1,3,8,2,2,2,61.0
Lars2,3,8,2,2,2,60.0
Lis,3,8,2,2,2,13393.0
Gupta,3,8,2,2,2,1605.0
Lars1,3,8,4,4,2,
Lars2,3,8,4,4,2,2209.0
Lis,3,8,4,4,2,732806.0
Gupta,3,8,4,4,2,
Lars1,3,8,6,6,2,
Lars2,3,8,6,6,2,
Lis,3,8,6,6,2,7626595.0
Gupta,3,8,6,6,2,
Lis,3,8,8,8,2,
Lis,3,9,10,10,2,
Lars1,3,9,2,2,2,67.0
Lars2,3,9,2,2,2,76.0
Lis,3,9,2,2,2,19247.0
Gupta,3,9,2,2,2,1709.0
Lars1,3,9,4,4,2,
Lars2,3,9,4,4,2,1676.0
Lis,3,9,4,4,2,874038.0
Gupta,3,9,4,4,2,
Lars1,3,9,6,6,2,
Lars2,3,9,6,6,2,
Lis,3,9,6,6,2,4332859.0
Gupta,3,9,6,6,2,
Lis,3,9,8,8,2,
Lars1,40,1000,10,10,2,
Lars2,40,1000,10,10,2,
Lis,40,1000,10,10,2,
Gupta,40,1000,10,10,2,
Lars1,40,1000,2,2,2,
Lars2,40,1000,2,2,2,111.0
Lis,40,1000,2,2,2,
Gupta,40,1000,2,2,2,
Lars1,40,1000,4,4,2,
Lars2,40,1000,4,4,2,
Lis,40,1000,4,4,2,
Gupta,40,1000,4,4,2,
Lars1,40,1000,6,6,2,
Lars2,40,1000,6,6,2,
Lis,40,1000,6,6,2,
Gupta,40,1000,6,6,2,
Lars1,40,1000,8,8,2,
Lars2,40,1000,8,8,2,
Lis,40,1000,8,8,2,
Gupta,40,1000,8,8,2,
Lars1,40,100,10,10,2,
Lars2,40,100,10,10,2,
Lis,40,100,10,10,2,
Gupta,40,100,10,10,2,
Lars1,40,100,2,2,2,
Lars2,40,100,2,2,2,72.0
Lis,40,100,2,2,2,
Gupta,40,100,2,2,2,
Lars1,40,100,4,4,2,
Lars2,40,100,4,4,2,
Lis,40,100,4,4,2,
Gupta,40,100,4,4,2,
Lars1,40,100,6,6,2,
Lars2,40,100,6,6,2,
Lis,40,100,6,6,2,
Gupta,40,100,6,6,2,
Lars1,40,100,8,8,2,
Lars2,40,100,8,8,2,
Lis,40,100,8,8,2,
Gupta,40,100,8,8,2,
Lars1,40,10,10,10,2,
Lars2,40,10,10,10,2,
Lis,40,10,10,10,2,
Gupta,40,10,10,10,2,
Lars1,40,10,2,2,2,4152.0
Lars2,40,10,2,2,2,75.0
Lis,40,10,2,2,2,
Gupta,40,10,2,2,2,
Lars1,40,10,4,4,2,
Lars2,40,10,4,4,2,
Lis,40,10,4,4,2,
Gupta,40,10,4,4,2,
Lars1,40,10,6,6,2,
Lars2,40,10,6,6,2,
Lis,40,10,6,6,2,
Gupta,40,10,6,6,2,
Lars1,40,10,8,8,2,
Lars2,40,10,8,8,2,
Lis,40,10,8,8,2,
Gupta,40,10,8,8,2,
Lars1,40,1,10,10,2,
Lars2,40,1,10,10,2,
Lis,40,1,10,10,2,
Gupta,40,1,10,10,2,
Lars1,40,1,2,2,2,
Lars2,40,1,2,2,2,89.0
Lis,40,1,2,2,2,
Gupta,40,1,2,2,2,
Lars1,40,1,4,4,2,
Lars2,40,1,4,4,2,
Lis,40,1,4,4,2,
Gupta,40,1,4,4,2,
Lars1,40,1,6,6,2,
Lars2,40,1,6,6,2,
Lis,40,1,6,6,2,
Gupta,40,1,6,6,2,
Lars1,40,1,8,8,2,
Lars2,40,1,8,8,2,
Lis,40,1,8,8,2,
Gupta,40,1,8,8,2,
Lars1,40,20,10,10,2,
Lars2,40,20,10,10,2,
Lis,40,20,10,10,2,
Gupta,40,20,10,10,2,
Lars1,40,20,2,2,2,
Lars2,40,20,2,2,2,66.0
Lis,40,20,2,2,2,
Gupta,40,20,2,2,2,
Lars1,40,20,4,4,2,
Lars2,40,20,4,4,2,
Lis,40,20,4,4,2,
Gupta,40,20,4,4,2,
Lars1,40,20,6,6,2,
Lars2,40,20,6,6,2,
Lis,40,20,6,6,2,
Gupta,40,20,6,6,2,
Lars1,40,20,8,8,2,
Lars2,40,20,8,8,2,
Lis,40,20,8,8,2,
Gupta,40,20,8,8,2,
Lars1,40,2,10,10,2,
Lars2,40,2,10,10,2,
Lis,40,2,10,10,2,
Gupta,40,2,10,10,2,
Lars1,40,2,2,2,2,
Lars2,40,2,2,2,2,71.0
Lis,40,2,2,2,2,
Gupta,40,2,2,2,2,
Lars1,40,2,4,4,2,
Lars2,40,2,4,4,2,
Lis,40,2,4,4,2,
Gupta,40,2,4,4,2,
Lars1,40,2,6,6,2,
Lars2,40,2,6,6,2,
Lis,40,2,6,6,2,
Gupta,40,2,6,6,2,
Lars1,40,2,8,8,2,
Lars2,40,2,8,8,2,
Lis,40,2,8,8,2,
Gupta,40,2,8,8,2,
Lars1,40,3,10,10,2,
Lars2,40,3,10,10,2,
Lis,40,3,10,10,2,
Gupta,40,3,10,10,2,
Lars1,40,3,2,2,2,
Lars2,40,3,2,2,2,73.0
Lis,40,3,2,2,2,
Gupta,40,3,2,2,2,
Lars1,40,3,4,4,2,
Lars2,40,3,4,4,2,
Lis,40,3,4,4,2,
Gupta,40,3,4,4,2,
Lars1,40,3,6,6,2,
Lars2,40,3,6,6,2,
Lis,40,3,6,6,2,
Gupta,40,3,6,6,2,
Lars1,40,3,8,8,2,
Lars2,40,3,8,8,2,
Lis,40,3,8,8,2,
Gupta,40,3,8,8,2,
Lars1,40,40,10,10,2,
Lars2,40,40,10,10,2,
Lis,40,40,10,10,2,
Gupta,40,40,10,10,2,
Lars1,40,40,2,2,2,
Lars2,40,40,2,2,2,79.0
Lis,40,40,2,2,2,
Gupta,40,40,2,2,2,
Lars1,40,40,4,4,2,
Lars2,40,40,4,4,2,
Lis,40,40,4,4,2,
Gupta,40,40,4,4,2,
Lars1,40,40,6,6,2,
Lars2,40,40,6,6,2,
Lis,40,40,6,6,2,
Gupta,40,40,6,6,2,
Lars1,40,40,8,8,2,
Lars2,40,40,8,8,2,
Lis,40,40,8,8,2,
Gupta,40,40,8,8,2,
Lars1,40,4,10,10,2,
Lars2,40,4,10,10,2,
Lis,40,4,10,10,2,
Gupta,40,4,10,10,2,
Lars1,40,4,2,2,2,
Lars2,40,4,2,2,2,76.0
Lis,40,4,2,2,2,
Gupta,40,4,2,2,2,
Lars1,40,4,4,4,2,
Lars2,40,4,4,4,2,
Lis,40,4,4,4,2,
Gupta,40,4,4,4,2,
Lars1,40,4,6,6,2,
Lars2,40,4,6,6,2,
Lis,40,4,6,6,2,
Gupta,40,4,6,6,2,
Lars1,40,4,8,8,2,
Lars2,40,4,8,8,2,
Lis,40,4,8,8,2,
Gupta,40,4,8,8,2,
Lars1,40,500,10,10,2,
Lars2,40,500,10,10,2,
Lis,40,500,10,10,2,
Gupta,40,500,10,10,2,
Lars1,40,500,2,2,2,
Lars2,40,500,2,2,2,84.0
Lis,40,500,2,2,2,
Gupta,40,500,2,2,2,
Lars1,40,500,4,4,2,
Lars2,40,500,4,4,2,
Lis,40,500,4,4,2,
Gupta,40,500,4,4,2,
Lars1,40,500,6,6,2,
Lars2,40,500,6,6,2,
Lis,40,500,6,6,2,
Gupta,40,500,6,6,2,
Lars1,40,500,8,8,2,
Lars2,40,500,8,8,2,
Lis,40,500,8,8,2,
Gupta,40,500,8,8,2,
Lars1,40,5,10,10,2,
Lars2,40,5,10,10,2,
Lis,40,5,10,10,2,
Gupta,40,5,10,10,2,
Lars1,40,5,2,2,2,
Lars2,40,5,2,2,2,67.0
Lis,40,5,2,2,2,
Gupta,40,5,2,2,2,
Lars1,40,5,4,4,2,
Lars2,40,5,4,4,2,
Lis,40,5,4,4,2,
Gupta,40,5,4,4,2,
Lars1,40,5,6,6,2,
Lars2,40,5,6,6,2,
Lis,40,5,6,6,2,
Gupta,40,5,6,6,2,
Lars1,40,5,8,8,2,
Lars2,40,5,8,8,2,
Lis,40,5,8,8,2,
Gupta,40,5,8,8,2,
Lars1,40,60,10,10,2,
Lars2,40,60,10,10,2,
Lis,40,60,10,10,2,
Gupta,40,60,10,10,2,
Lars1,40,60,2,2,2,
Lars2,40,60,2,2,2,83.0
Lis,40,60,2,2,2,
Gupta,40,60,2,2,2,
Lars1,40,60,4,4,2,
Lars2,40,60,4,4,2,
Lis,40,60,4,4,2,
Gupta,40,60,4,4,2,
Lars1,40,60,6,6,2,
Lars2,40,60,6,6,2,
Lis,40,60,6,6,2,
Gupta,40,60,6,6,2,
Lars1,40,60,8,8,2,
Lars2,40,60,8,8,2,
Lis,40,60,8,8,2,
Gupta,40,60,8,8,2,
Lars1,40,6,10,10,2,
Lars2,40,6,10,10,2,
Lis,40,6,10,10,2,
Gupta,40,6,10,10,2,
Lars1,40,6,2,2,2,
Lars2,40,6,2,2,2,70.0
Lis,40,6,2,2,2,
Gupta,40,6,2,2,2,
Lars1,40,6,4,4,2,
Lars2,40,6,4,4,2,
Lis,40,6,4,4,2,
Gupta,40,6,4,4,2,
Lars1,40,6,6,6,2,
Lars2,40,6,6,6,2,
Lis,40,6,6,6,2,
Gupta,40,6,6,6,2,
Lars1,40,6,8,8,2,
Lars2,40,6,8,8,2,
Lis,40,6,8,8,2,
Gupta,40,6,8,8,2,
Lars1,40,7,10,10,2,
Lars2,40,7,10,10,2,
Lis,40,7,10,10,2,
Gupta,40,7,10,10,2,
Lars1,40,7,2,2,2,577.0
Lars2,40,7,2,2,2,57.0
Lis,40,7,2,2,2,
Gupta,40,7,2,2,2,
Lars1,40,7,4,4,2,
Lars2,40,7,4,4,2,
Lis,40,7,4,4,2,
Gupta,40,7,4,4,2,
Lars1,40,7,6,6,2,
Lars2,40,7,6,6,2,
Lis,40,7,6,6,2,
Gupta,40,7,6,6,2,
Lars1,40,7,8,8,2,
Lars2,40,7,8,8,2,
Lis,40,7,8,8,2,
Gupta,40,7,8,8,2,
Lars1,40,80,10,10,2,
Lars2,40,80,10,10,2,
Lis,40,80,10,10,2,
Gupta,40,80,10,10,2,
Lars1,40,80,2,2,2,319.0
Lars2,40,80,2,2,2,57.0
Lis,40,80,2,2,2,
Gupta,40,80,2,2,2,
Lars1,40,80,4,4,2,
Lars2,40,80,4,4,2,
Lis,40,80,4,4,2,
Gupta,40,80,4,4,2,
Lars1,40,80,6,6,2,
Lars2,40,80,6,6,2,
Lis,40,80,6,6,2,
Gupta,40,80,6,6,2,
Lars1,40,80,8,8,2,
Lars2,40,80,8,8,2,
Lis,40,80,8,8,2,
Gupta,40,80,8,8,2,
Lars1,40,8,10,10,2,
Lars2,40,8,10,10,2,
Lis,40,8,10,10,2,
Gupta,40,8,10,10,2,
Lars1,40,8,2,2,2,
Lars2,40,8,2,2,2,70.0
Lis,40,8,2,2,2,
Gupta,40,8,2,2,2,
Lars1,40,8,4,4,2,
Lars2,40,8,4,4,2,
Lis,40,8,4,4,2,
Gupta,40,8,4,4,2,
Lars1,40,8,6,6,2,
Lars2,40,8,6,6,2,
Lis,40,8,6,6,2,
Gupta,40,8,6,6,2,
Lars1,40,8,8,8,2,
Lars2,40,8,8,8,2,
Lis,40,8,8,8,2,
Gupta,40,8,8,8,2,
Lars1,40,9,10,10,2,
Lars2,40,9,10,10,2,
Lis,40,9,10,10,2,
Gupta,40,9,10,10,2,
Lars1,40,9,2,2,2,
Lars2,40,9,2,2,2,75.0
Lis,40,9,2,2,2,
Gupta,40,9,2,2,2,
Lars1,40,9,4,4,2,
Lars2,40,9,4,4,2,
Lis,40,9,4,4,2,
Gupta,40,9,4,4,2,
Lars1,40,9,6,6,2,
Lars2,40,9,6,6,2,
Lis,40,9,6,6,2,
Gupta,40,9,6,6,2,
Lars1,40,9,8,8,2,
Lars2,40,9,8,8,2,
Lis,40,9,8,8,2,
Gupta,40,9,8,8,2,
Lis,4,1000,10,10,2,
Lars1,4,1000,2,2,2,
Lars2,4,1000,2,2,2,180.0
Lis,4,1000,2,2,2,1194707.0
Gupta,4,1000,2,2,2,
Lis,4,1000,4,4,2,
Lis,4,1000,6,6,2,
Lis,4,1000,8,8,2,
Lis,4,100,10,10,2,
Lars1,4,100,2,2,2,8399.0
Lars2,4,100,2,2,2,2053.0
Lis,4,100,2,2,2,9465615.0
Gupta,4,100,2,2,2,
Lis,4,100,4,4,2,
Lis,4,100,6,6,2,
Lis,4,100,8,8,2,
Lis,4,10,10,10,2,
Lars1,4,10,2,2,2,63.0
Lars2,4,10,2,2,2,72.0
Lis,4,10,2,2,2,116390.0
Gupta,4,10,2,2,2,2480.0
Lars1,4,10,4,4,2,
Lars2,4,10,4,4,2,2819.0
Lis,4,10,4,4,2,5839672.0
Gupta,4,10,4,4,2,
Lis,4,10,6,6,2,
Lis,4,10,8,8,2,
Lis,4,1,10,10,2,
Lars1,4,1,2,2,2,62.0
Lars2,4,1,2,2,2,69.0
Lis,4,1,2,2,2,22237.0
Gupta,4,1,2,2,2,971.0
Lars1,4,1,4,4,2,
Lars2,4,1,4,4,2,1630.0
Lis,4,1,4,4,2,4358477.0
Gupta,4,1,4,4,2,
Lis,4,1,6,6,2,
Lis,4,1,8,8,2,
Lis,4,20,10,10,2,
Lars1,4,20,2,2,2,1637.0
Lars2,4,20,2,2,2,1529.0
Lis,4,20,2,2,2,4147424.0
Gupta,4,20,2,2,2,62145.0
Lars1,4,20,4,4,2,
Lars2,4,20,4,4,2,1254.0
Lis,4,20,4,4,2,7616941.0
Gupta,4,20,4,4,2,
Lis,4,20,6,6,2,
Lis,4,20,8,8,2,
Lis,4,2,10,10,2,
Lars1,4,2,2,2,2,71.0
Lars2,4,2,2,2,2,80.0
Lis,4,2,2,2,2,108667.0
Gupta,4,2,2,2,2,2318.0
Lars1,4,2,4,4,2,
Lars2,4,2,4,4,2,1423.0
Lis,4,2,4,4,2,3892235.0
Gupta,4,2,4,4,2,
Lis,4,2,6,6,2,
Lis,4,2,8,8,2,
Lis,4,3,10,10,2,
Lars1,4,3,2,2,2,146.0
Lars2,4,3,2,2,2,89.0
Lis,4,3,2,2,2,113882.0
Gupta,4,3,2,2,2,2479.0
Lars1,4,3,4,4,2,
Lars2,4,3,4,4,2,1349.0
Lis,4,3,4,4,2,3104274.0
Gupta,4,3,4,4,2,
Lis,4,3,6,6,2,
Lis,4,3,8,8,2,
Lis,4,40,10,10,2,
Lars1,4,40,2,2,2,269.0
Lars2,4,40,2,2,2,94.0
Lis,4,40,2,2,2,344739.0
Gupta,4,40,2,2,2,12634.0
Lars1,4,40,4,4,2,
Lars2,4,40,4,4,2,2438.0
Lis,4,40,4,4,2,8219742.0
Gupta,4,40,4,4,2,
Lis,4,40,6,6,2,
Lis,4,40,8,8,2,
Lis,4,4,10,10,2,
Lars1,4,4,2,2,2,70.0
Lars2,4,4,2,2,2,77.0
Lis,4,4,2,2,2,89518.0
Gupta,4,4,2,2,2,2258.0
Lars1,4,4,4,4,2,
Lars2,4,4,4,4,2,1406.0
Lis,4,4,4,4,2,2378299.0
Gupta,4,4,4,4,2,
Lis,4,4,6,6,2,
Lis,4,4,8,8,2,
Lis,4,500,10,10,2,
Lars1,4,500,2,2,2,
Lars2,4,500,2,2,2,405.0
Lis,4,500,2,2,2,1749692.0
Gupta,4,500,2,2,2,
Lis,4,500,4,4,2,
Lis,4,500,6,6,2,
Lis,4,500,8,8,2,
Lis,4,5,10,10,2,
Lars1,4,5,2,2,2,111.0
Lars2,4,5,2,2,2,74.0
Lis,4,5,2,2,2,145362.0
Gupta,4,5,2,2,2,2071.0
Lars1,4,5,4,4,2,
Lars2,4,5,4,4,2,3240.0
Lis,4,5,4,4,2,5737764.0
Gupta,4,5,4,4,2,
Lis,4,5,6,6,2,
Lis,4,5,8,8,2,
Lis,4,60,10,10,2,
Lars1,4,60,2,2,2,3870.0
Lars2,4,60,2,2,2,1306.0
Lis,4,60,2,2,2,11085509.0
Gupta,4,60,2,2,2,323075.0
Lis,4,60,4,4,2,
Lis,4,60,6,6,2,
Lis,4,60,8,8,2,
Lis,4,6,10,10,2,
Lars1,4,6,2,2,2,73.0
Lars2,4,6,2,2,2,76.0
Lis,4,6,2,2,2,77288.0
Gupta,4,6,2,2,2,1962.0
Lars1,4,6,4,4,2,
Lars2,4,6,4,4,2,1947.0
Lis,4,6,4,4,2,4853475.0
Gupta,4,6,4,4,2,
Lis,4,6,6,6,2,
Lis,4,6,8,8,2,
Lis,4,7,10,10,2,
Lars1,4,7,2,2,2,52.0
Lars2,4,7,2,2,2,63.0
Lis,4,7,2,2,2,45582.0
Gupta,4,7,2,2,2,1747.0
Lis,4,7,4,4,2,
Lis,4,7,6,6,2,
Lis,4,7,8,8,2,
Lis,4,80,10,10,2,
Lars1,4,80,2,2,2,133.0
Lars2,4,80,2,2,2,104.0
Lis,4,80,2,2,2,230605.0
Gupta,4,80,2,2,2,14561.0
Lis,4,80,4,4,2,
Lis,4,80,6,6,2,
Lis,4,80,8,8,2,
Lis,4,8,10,10,2,
Lars1,4,8,2,2,2,670.0
Lars2,4,8,2,2,2,1092.0
Lis,4,8,2,2,2,2086529.0
Gupta,4,8,2,2,2,27622.0
Lis,4,8,4,4,2,
Lis,4,8,6,6,2,
Lis,4,8,8,8,2,
Lis,4,9,10,10,2,
Lars1,4,9,2,2,2,57.0
Lars2,4,9,2,2,2,69.0
Lis,4,9,2,2,2,68344.0
Gupta,4,9,2,2,2,2104.0
Lis,4,9,4,4,2,
Lis,4,9,6,6,2,
Lis,4,9,8,8,2,
Lars1,500,1000,10,10,2,
Lars2,500,1000,10,10,2,
Lis,500,1000,10,10,2,
Gupta,500,1000,10,10,2,
Lars1,500,1000,2,2,2,
Lars2,500,1000,2,2,2,1318.0
Lis,500,1000,2,2,2,
Gupta,500,1000,2,2,2,
Lars1,500,1000,4,4,2,
Lars2,500,1000,4,4,2,
Lis,500,1000,4,4,2,
Gupta,500,1000,4,4,2,
Lars1,500,1000,6,6,2,
Lars2,500,1000,6,6,2,
Lis,500,1000,6,6,2,
Gupta,500,1000,6,6,2,
Lars1,500,1000,8,8,2,
Lars2,500,1000,8,8,2,
Lis,500,1000,8,8,2,
Gupta,500,1000,8,8,2,
Lars1,500,100,10,10,2,
Lars2,500,100,10,10,2,
Lis,500,100,10,10,2,
Gupta,500,100,10,10,2,
Lars1,500,100,2,2,2,
Lars2,500,100,2,2,2,74.0
Lis,500,100,2,2,2,
Gupta,500,100,2,2,2,
Lars1,500,100,4,4,2,
Lars2,500,100,4,4,2,
Lis,500,100,4,4,2,
Gupta,500,100,4,4,2,
Lars1,500,100,6,6,2,
Lars2,500,100,6,6,2,
Lis,500,100,6,6,2,
Gupta,500,100,6,6,2,
Lars1,500,100,8,8,2,
Lars2,500,100,8,8,2,
Lis,500,100,8,8,2,
Gupta,500,100,8,8,2,
Lars1,500,10,10,10,2,
Lars2,500,10,10,10,2,
Lis,500,10,10,10,2,
Gupta,500,10,10,10,2,
Lars1,500,10,2,2,2,
Lars2,500,10,2,2,2,1044.0
Lis,500,10,2,2,2,
Gupta,500,10,2,2,2,
Lars1,500,10,4,4,2,
Lars2,500,10,4,4,2,
Lis,500,10,4,4,2,
Gupta,500,10,4,4,2,
Lars1,500,10,6,6,2,
Lars2,500,10,6,6,2,
Lis,500,10,6,6,2,
Gupta,500,10,6,6,2,
Lars1,500,10,8,8,2,
Lars2,500,10,8,8,2,
Lis,500,10,8,8,2,
Gupta,500,10,8,8,2,
Lars1,500,1,10,10,2,
Lars2,500,1,10,10,2,
Lis,500,1,10,10,2,
Gupta,500,1,10,10,2,
Lars1,500,1,2,2,2,
Lars2,500,1,2,2,2,69.0
Lis,500,1,2,2,2,
Gupta,500,1,2,2,2,
Lars1,500,1,4,4,2,
Lars2,500,1,4,4,2,
Lis,500,1,4,4,2,
Gupta,500,1,4,4,2,
Lars1,500,1,6,6,2,
Lars2,500,1,6,6,2,
Lis,500,1,6,6,2,
Gupta,500,1,6,6,2,
Lars1,500,1,8,8,2,
Lars2,500,1,8,8,2,
Lis,500,1,8,8,2,
Gupta,500,1,8,8,2,
Lars1,500,20,10,10,2,
Lars2,500,20,10,10,2,
Lis,500,20,10,10,2,
Gupta,500,20,10,10,2,
Lars1,500,20,2,2,2,
Lars2,500,20,2,2,2,53.0
Lis,500,20,2,2,2,
Gupta,500,20,2,2,2,
Lars1,500,20,4,4,2,
Lars2,500,20,4,4,2,
Lis,500,20,4,4,2,
Gupta,500,20,4,4,2,
Lars1,500,20,6,6,2,
Lars2,500,20,6,6,2,
Lis,500,20,6,6,2,
Gupta,500,20,6,6,2,
Lars1,500,20,8,8,2,
Lars2,500,20,8,8,2,
Lis,500,20,8,8,2,
Gupta,500,20,8,8,2,
Lars1,500,2,10,10,2,
Lars2,500,2,10,10,2,
Lis,500,2,10,10,2,
Gupta,500,2,10,10,2,
Lars1,500,2,2,2,2,
Lars2,500,2,2,2,2,61.0
Lis,500,2,2,2,2,
Gupta,500,2,2,2,2,
Lars1,500,2,4,4,2,
Lars2,500,2,4,4,2,
Lis,500,2,4,4,2,
Gupta,500,2,4,4,2,
Lars1,500,2,6,6,2,
Lars2,500,2,6,6,2,
Lis,500,2,6,6,2,
Gupta,500,2,6,6,2,
Lars1,500,2,8,8,2,
Lars2,500,2,8,8,2,
Lis,500,2,8,8,2,
Gupta,500,2,8,8,2,
Lars1,500,3,10,10,2,
Lars2,500,3,10,10,2,
Lis,500,3,10,10,2,
Gupta,500,3,10,10,2,
Lars1,500,3,2,2,2,
Lars2,500,3,2,2,2,67.0
Lis,500,3,2,2,2,
Gupta,500,3,2,2,2,
Lars1,500,3,4,4,2,
Lars2,500,3,4,4,2,
Lis,500,3,4,4,2,
Gupta,500,3,4,4,2,
Lars1,500,3,6,6,2,
Lars2,500,3,6,6,2,
Lis,500,3,6,6,2,
Gupta,500,3,6,6,2,
Lars1,500,3,8,8,2,
Lars2,500,3,8,8,2,
Lis,500,3,8,8,2,
Gupta,500,3,8,8,2,
Lars1,500,40,10,10,2,
Lars2,500,40,10,10,2,
Lis,500,40,10,10,2,
Gupta,500,40,10,10,2,
Lars1,500,40,2,2,2,
Lars2,500,40,2,2,2,61.0
Lis,500,40,2,2,2,
Gupta,500,40,2,2,2,
Lars1,500,40,4,4,2,
Lars2,500,40,4,4,2,
Lis,500,40,4,4,2,
Gupta,500,40,4,4,2,
Lars1,500,40,6,6,2,
Lars2,500,40,6,6,2,
Lis,500,40,6,6,2,
Gupta,500,40,6,6,2,
Lars1,500,40,8,8,2,
Lars2,500,40,8,8,2,
Lis,500,40,8,8,2,
Gupta,500,40,8,8,2,
Lars1,500,4,10,10,2,
Lars2,500,4,10,10,2,
Lis,500,4,10,10,2,
Gupta,500,4,10,10,2,
Lars1,500,4,2,2,2,
Lars2,500,4,2,2,2,56.0
Lis,500,4,2,2,2,
Gupta,500,4,2,2,2,
Lars1,500,4,4,4,2,
Lars2,500,4,4,4,2,
Lis,500,4,4,4,2,
Gupta,500,4,4,4,2,
Lars1,500,4,6,6,2,
Lars2,500,4,6,6,2,
Lis,500,4,6,6,2,
Gupta,500,4,6,6,2,
Lars1,500,4,8,8,2,
Lars2,500,4,8,8,2,
Lis,500,4,8,8,2,
Gupta,500,4,8,8,2,
Lars1,500,500,10,10,2,
Lars2,500,500,10,10,2,
Lis,500,500,10,10,2,
Gupta,500,500,10,10,2,
Lars1,500,500,2,2,2,
Lars2,500,500,2,2,2,1255.0
Lis,500,500,2,2,2,
Gupta,500,500,2,2,2,
Lars1,500,500,4,4,2,
Lars2,500,500,4,4,2,
Lis,500,500,4,4,2,
Gupta,500,500,4,4,2,
Lars1,500,500,6,6,2,
Lars2,500,500,6,6,2,
Lis,500,500,6,6,2,
Gupta,500,500,6,6,2,
Lars1,500,500,8,8,2,
Lars2,500,500,8,8,2,
Lis,500,500,8,8,2,
Gupta,500,500,8,8,2,
Lars1,500,5,10,10,2,
Lars2,500,5,10,10,2,
Lis,500,5,10,10,2,
Gupta,500,5,10,10,2,
Lars1,500,5,2,2,2,
Lars2,500,5,2,2,2,1179.0
Lis,500,5,2,2,2,
Gupta,500,5,2,2,2,
Lars1,500,5,4,4,2,
Lars2,500,5,4,4,2,
Lis,500,5,4,4,2,
Gupta,500,5,4,4,2,
Lars1,500,5,6,6,2,
Lars2,500,5,6,6,2,
Lis,500,5,6,6,2,
Gupta,500,5,6,6,2,
Lars1,500,5,8,8,2,
Lars2,500,5,8,8,2,
Lis,500,5,8,8,2,
Gupta,500,5,8,8,2,
Lars1,500,60,10,10,2,
Lars2,500,60,10,10,2,
Lis,500,60,10,10,2,
Gupta,500,60,10,10,2,
Lars1,500,60,2,2,2,
Lars2,500,60,2,2,2,81.0
Lis,500,60,2,2,2,
Gupta,500,60,2,2,2,
Lars1,500,60,4,4,2,
Lars2,500,60,4,4,2,
Lis,500,60,4,4,2,
Gupta,500,60,4,4,2,
Lars1,500,60,6,6,2,
Lars2,500,60,6,6,2,
Lis,500,60,6,6,2,
Gupta,500,60,6,6,2,
Lars1,500,60,8,8,2,
Lars2,500,60,8,8,2,
Lis,500,60,8,8,2,
Gupta,500,60,8,8,2,
Lars1,500,6,10,10,2,
Lars2,500,6,10,10,2,
Lis,500,6,10,10,2,
Gupta,500,6,10,10,2,
Lars1,500,6,2,2,2,
Lars2,500,6,2,2,2,1349.0
Lis,500,6,2,2,2,
Gupta,500,6,2,2,2,
Lars1,500,6,4,4,2,
Lars2,500,6,4,4,2,
Lis,500,6,4,4,2,
Gupta,500,6,4,4,2,
Lars1,500,6,6,6,2,
Lars2,500,6,6,6,2,
Lis,500,6,6,6,2,
Gupta,500,6,6,6,2,
Lars1,500,6,8,8,2,
Lars2,500,6,8,8,2,
Lis,500,6,8,8,2,
Gupta,500,6,8,8,2,
Lars1,500,7,10,10,2,
Lars2,500,7,10,10,2,
Lis,500,7,10,10,2,
Gupta,500,7,10,10,2,
Lars1,500,7,2,2,2,
Lars2,500,7,2,2,2,79.0
Lis,500,7,2,2,2,
Gupta,500,7,2,2,2,
Lars1,500,7,4,4,2,
Lars2,500,7,4,4,2,
Lis,500,7,4,4,2,
Gupta,500,7,4,4,2,
Lars1,500,7,6,6,2,
Lars2,500,7,6,6,2,
Lis,500,7,6,6,2,
Gupta,500,7,6,6,2,
Lars1,500,7,8,8,2,
Lars2,500,7,8,8,2,
Lis,500,7,8,8,2,
Gupta,500,7,8,8,2,
Lars1,500,80,10,10,2,
Lars2,500,80,10,10,2,
Lis,500,80,10,10,2,
Gupta,500,80,10,10,2,
Lars1,500,80,2,2,2,
Lars2,500,80,2,2,2,1290.0
Lis,500,80,2,2,2,
Gupta,500,80,2,2,2,
Lars1,500,80,4,4,2,
Lars2,500,80,4,4,2,
Lis,500,80,4,4,2,
Gupta,500,80,4,4,2,
Lars1,500,80,6,6,2,
Lars2,500,80,6,6,2,
Lis,500,80,6,6,2,
Gupta,500,80,6,6,2,
Lars1,500,80,8,8,2,
Lars2,500,80,8,8,2,
Lis,500,80,8,8,2,
Gupta,500,80,8,8,2,
Lars1,500,8,10,10,2,
Lars2,500,8,10,10,2,
Lis,500,8,10,10,2,
Gupta,500,8,10,10,2,
Lars1,500,8,2,2,2,
Lars2,500,8,2,2,2,62.0
Lis,500,8,2,2,2,
Gupta,500,8,2,2,2,
Lars1,500,8,4,4,2,
Lars2,500,8,4,4,2,
Lis,500,8,4,4,2,
Gupta,500,8,4,4,2,
Lars1,500,8,6,6,2,
Lars2,500,8,6,6,2,
Lis,500,8,6,6,2,
Gupta,500,8,6,6,2,
Lars1,500,8,8,8,2,
Lars2,500,8,8,8,2,
Lis,500,8,8,8,2,
Gupta,500,8,8,8,2,
Lars1,500,9,10,10,2,
Lars2,500,9,10,10,2,
Lis,500,9,10,10,2,
Gupta,500,9,10,10,2,
Lars1,500,9,2,2,2,
Lars2,500,9,2,2,2,84.0
Lis,500,9,2,2,2,
Gupta,500,9,2,2,2,
Lars1,500,9,4,4,2,
Lars2,500,9,4,4,2,
Lis,500,9,4,4,2,
Gupta,500,9,4,4,2,
Lars1,500,9,6,6,2,
Lars2,500,9,6,6,2,
Lis,500,9,6,6,2,
Gupta,500,9,6,6,2,
Lars1,500,9,8,8,2,
Lars2,500,9,8,8,2,
Lis,500,9,8,8,2,
Gupta,500,9,8,8,2,
Lis,5,1000,10,10,2,
Lars1,5,1000,2,2,2,
Lars2,5,1000,2,2,2,1498.0
Lis,5,1000,2,2,2,10262661.0
Gupta,5,1000,2,2,2,
Lis,5,1000,4,4,2,
Lis,5,1000,6,6,2,
Lis,5,1000,8,8,2,
Lis,5,100,10,10,2,
Lars1,5,100,2,2,2,154.0
Lars2,5,100,2,2,2,78.0
Lis,5,100,2,2,2,881338.0
Gupta,5,100,2,2,2,13008.0
Lis,5,100,4,4,2,
Lis,5,100,6,6,2,
Lis,5,100,8,8,2,
Lis,5,10,10,10,2,
Lis,5,10,2,2,2,
Lis,5,10,4,4,2,
Lis,5,10,6,6,2,
Lis,5,10,8,8,2,
Lis,5,1,10,10,2,
Lars1,5,1,2,2,2,1127.0
Lars2,5,1,2,2,2,1184.0
Lis,5,1,2,2,2,2646879.0
Gupta,5,1,2,2,2,28121.0
Lis,5,1,4,4,2,
Lis,5,1,6,6,2,
Lis,5,1,8,8,2,
Lis,5,20,10,10,2,
Lis,5,20,2,2,2,
Lis,5,20,4,4,2,
Lis,5,20,6,6,2,
Lis,5,20,8,8,2,
Lis,5,2,10,10,2,
Lars1,5,2,2,2,2,53.0
Lars2,5,2,2,2,2,71.0
Lis,5,2,2,2,2,163634.0
Gupta,5,2,2,2,2,1835.0
Lis,5,2,4,4,2,
Lis,5,2,6,6,2,
Lis,5,2,8,8,2,
Lis,5,3,10,10,2,
Lars1,5,3,2,2,2,49.0
Lars2,5,3,2,2,2,64.0
Lis,5,3,2,2,2,265541.0
Gupta,5,3,2,2,2,1865.0
Lis,5,3,4,4,2,
Lis,5,3,6,6,2,
Lis,5,3,8,8,2,
Lis,5,40,10,10,2,
Lis,5,40,2,2,2,
Lis,5,40,4,4,2,
Lis,5,40,6,6,2,
Lis,5,40,8,8,2,
Lis,5,4,10,10,2,
Lars1,5,4,2,2,2,723.0
Lars2,5,4,2,2,2,1111.0
Lis,5,4,2,2,2,3731644.0
Gupta,5,4,2,2,2,32744.0
Lis,5,4,4,4,2,
Lis,5,4,6,6,2,
Lis,5,4,8,8,2,
Lis,5,500,10,10,2,
Lars1,5,500,2,2,2,
Lars2,5,500,2,2,2,218.0
Lis,5,500,2,2,2,5869619.0
Gupta,5,500,2,2,2,
Lis,5,500,4,4,2,
Lis,5,500,6,6,2,
Lis,5,500,8,8,2,
Lis,5,5,10,10,2,
Lars1,5,5,2,2,2,66.0
Lars2,5,5,2,2,2,72.0
Lis,5,5,2,2,2,387216.0
Gupta,5,5,2,2,2,2973.0
Lis,5,5,4,4,2,
Lis,5,5,6,6,2,
Lis,5,5,8,8,2,
Lis,5,60,10,10,2,
Lars1,5,60,2,2,2,324.0
Lars2,5,60,2,2,2,87.0
Lis,5,60,2,2,2,989755.0
Gupta,5,60,2,2,2,5737.0
Lis,5,60,4,4,2,
Lis,5,60,6,6,2,
Lis,5,60,8,8,2,
Lis,5,6,10,10,2,
Lars1,5,6,2,2,2,1052.0
Lars2,5,6,2,2,2,1210.0
Lis,5,6,2,2,2,8478107.0
Gupta,5,6,2,2,2,48152.0
Lis,5,6,4,4,2,
Lis,5,6,6,6,2,
Lis,5,6,8,8,2,
Lis,5,7,10,10,2,
Lars1,5,7,2,2,2,64.0
Lars2,5,7,2,2,2,59.0
Lis,5,7,2,2,2,447373.0
Gupta,5,7,2,2,2,2642.0
Lis,5,7,4,4,2,
Lis,5,7,6,6,2,
Lis,5,7,8,8,2,
Lis,5,80,10,10,2,
Lars1,5,80,2,2,2,161.0
Lars2,5,80,2,2,2,92.0
Lis,5,80,2,2,2,827386.0
Gupta,5,80,2,2,2,19275.0
Lis,5,80,4,4,2,
Lis,5,80,6,6,2,
Lis,5,80,8,8,2,
Lis,5,8,10,10,2,
Lars1,5,8,2,2,2,40.0
Lars2,5,8,2,2,2,62.0
Lis,5,8,2,2,2,402368.0
Gupta,5,8,2,2,2,3457.0
Lis,5,8,4,4,2,
Lis,5,8,6,6,2,
Lis,5,8,8,8,2,
Lis,5,9,10,10,2,
Lars1,5,9,2,2,2,39.0
Lars2,5,9,2,2,2,60.0
Lis,5,9,2,2,2,1112928.0
Gupta,5,9,2,2,2,4364.0
Lis,5,9,4,4,2,
Lis,5,9,6,6,2,
Lis,5,9,8,8,2,
Lars1,60,1000,10,10,2,
Lars2,60,1000,10,10,2,
Lis,60,1000,10,10,2,
Gupta,60,1000,10,10,2,
Lars1,60,1000,2,2,2,
Lars2,60,1000,2,2,2,1624.0
Lis,60,1000,2,2,2,
Gupta,60,1000,2,2,2,
Lars1,60,1000,4,4,2,
Lars2,60,1000,4,4,2,
Lis,60,1000,4,4,2,
Gupta,60,1000,4,4,2,
Lars1,60,1000,6,6,2,
Lars2,60,1000,6,6,2,
Lis,60,1000,6,6,2,
Gupta,60,1000,6,6,2,
Lars1,60,1000,8,8,2,
Lars2,60,1000,8,8,2,
Lis,60,1000,8,8,2,
Gupta,60,1000,8,8,2,
Lars1,60,100,10,10,2,
Lars2,60,100,10,10,2,
Lis,60,100,10,10,2,
Gupta,60,100,10,10,2,
Lars1,60,100,2,2,2,
Lars2,60,100,2,2,2,1302.0
Lis,60,100,2,2,2,
Gupta,60,100,2,2,2,
Lars1,60,100,4,4,2,
Lars2,60,100,4,4,2,
Lis,60,100,4,4,2,
Gupta,60,100,4,4,2,
Lars1,60,100,6,6,2,
Lars2,60,100,6,6,2,
Lis,60,100,6,6,2,
Gupta,60,100,6,6,2,
Lars1,60,100,8,8,2,
Lars2,60,100,8,8,2,
Lis,60,100,8,8,2,
Gupta,60,100,8,8,2,
Lars1,60,10,10,10,2,
Lars2,60,10,10,10,2,
Lis,60,10,10,10,2,
Gupta,60,10,10,10,2,
Lars1,60,10,2,2,2,
Lars2,60,10,2,2,2,84.0
Lis,60,10,2,2,2,
Gupta,60,10,2,2,2,
Lars1,60,10,4,4,2,
Lars2,60,10,4,4,2,
Lis,60,10,4,4,2,
Gupta,60,10,4,4,2,
Lars1,60,10,6,6,2,
Lars2,60,10,6,6,2,
Lis,60,10,6,6,2,
Gupta,60,10,6,6,2,
Lars1,60,10,8,8,2,
Lars2,60,10,8,8,2,
Lis,60,10,8,8,2,
Gupta,60,10,8,8,2,
Lars1,60,1,10,10,2,
Lars2,60,1,10,10,2,
Lis,60,1,10,10,2,
Gupta,60,1,10,10,2,
Lars1,60,1,2,2,2,4827.0
Lars2,60,1,2,2,2,68.0
Lis,60,1,2,2,2,
Gupta,60,1,2,2,2,
Lars1,60,1,4,4,2,
Lars2,60,1,4,4,2,
Lis,60,1,4,4,2,
Gupta,60,1,4,4,2,
Lars1,60,1,6,6,2,
Lars2,60,1,6,6,2,
Lis,60,1,6,6,2,
Gupta,60,1,6,6,2,
Lars1,60,1,8,8,2,
Lars2,60,1,8,8,2,
Lis,60,1,8,8,2,
Gupta,60,1,8,8,2,
Lars1,60,20,10,10,2,
Lars2,60,20,10,10,2,
Lis,60,20,10,10,2,
Gupta,60,20,10,10,2,
Lars1,60,20,2,2,2,683.0
Lars2,60,20,2,2,2,53.0
Lis,60,20,2,2,2,
Gupta,60,20,2,2,2,
Lars1,60,20,4,4,2,
Lars2,60,20,4,4,2,
Lis,60,20,4,4,2,
Gupta,60,20,4,4,2,
Lars1,60,20,6,6,2,
Lars2,60,20,6,6,2,
Lis,60,20,6,6,2,
Gupta,60,20,6,6,2,
Lars1,60,20,8,8,2,
Lars2,60,20,8,8,2,
Lis,60,20,8,8,2,
Gupta,60,20,8,8,2,
Lars1,60,2,10,10,2,
Lars2,60,2,10,10,2,
Lis,60,2,10,10,2,
Gupta,60,2,10,10,2,
Lars1,60,2,2,2,2,
Lars2,60,2,2,2,2,1217.0
Lis,60,2,2,2,2,
Gupta,60,2,2,2,2,
Lars1,60,2,4,4,2,
Lars2,60,2,4,4,2,
Lis,60,2,4,4,2,
Gupta,60,2,4,4,2,
Lars1,60,2,6,6,2,
Lars2,60,2,6,6,2,
Lis,60,2,6,6,2,
Gupta,60,2,6,6,2,
Lars1,60,2,8,8,2,
Lars2,60,2,8,8,2,
Lis,60,2,8,8,2,
Gupta,60,2,8,8,2,
Lars1,60,3,10,10,2,
Lars2,60,3,10,10,2,
Lis,60,3,10,10,2,
Gupta,60,3,10,10,2,
Lars1,60,3,2,2,2,
Lars2,60,3,2,2,2,84.0
Lis,60,3,2,2,2,
Gupta,60,3,2,2,2,
Lars1,60,3,4,4,2,
Lars2,60,3,4,4,2,
Lis,60,3,4,4,2,
Gupta,60,3,4,4,2,
Lars1,60,3,6,6,2,
Lars2,60,3,6,6,2,
Lis,60,3,6,6,2,
Gupta,60,3,6,6,2,
Lars1,60,3,8,8,2,
Lars2,60,3,8,8,2,
Lis,60,3,8,8,2,
Gupta,60,3,8,8,2,
Lars1,60,40,10,10,2,
Lars2,60,40,10,10,2,
Lis,60,40,10,10,2,
Gupta,60,40,10,10,2,
Lars1,60,40,2,2,2,
Lars2,60,40,2,2,2,1340.0
Lis,60,40,2,2,2,
Gupta,60,40,2,2,2,
Lars1,60,40,4,4,2,
Lars2,60,40,4,4,2,
Lis,60,40,4,4,2,
Gupta,60,40,4,4,2,
Lars1,60,40,6,6,2,
Lars2,60,40,6,6,2,
Lis,60,40,6,6,2,
Gupta,60,40,6,6,2,
Lars1,60,40,8,8,2,
Lars2,60,40,8,8,2,
Lis,60,40,8,8,2,
Gupta,60,40,8,8,2,
Lars1,60,4,10,10,2,
Lars2,60,4,10,10,2,
Lis,60,4,10,10,2,
Gupta,60,4,10,10,2,
Lars1,60,4,2,2,2,
Lars2,60,4,2,2,2,84.0
Lis,60,4,2,2,2,
Gupta,60,4,2,2,2,
Lars1,60,4,4,4,2,
Lars2,60,4,4,4,2,
Lis,60,4,4,4,2,
Gupta,60,4,4,4,2,
Lars1,60,4,6,6,2,
Lars2,60,4,6,6,2,
Lis,60,4,6,6,2,
Gupta,60,4,6,6,2,
Lars1,60,4,8,8,2,
Lars2,60,4,8,8,2,
Lis,60,4,8,8,2,
Gupta,60,4,8,8,2,
Lars1,60,500,10,10,2,
Lars2,60,500,10,10,2,
Lis,60,500,10,10,2,
Gupta,60,500,10,10,2,
Lars1,60,500,2,2,2,
Lars2,60,500,2,2,2,82.0
Lis,60,500,2,2,2,
Gupta,60,500,2,2,2,
Lars1,60,500,4,4,2,
Lars2,60,500,4,4,2,
Lis,60,500,4,4,2,
Gupta,60,500,4,4,2,
Lars1,60,500,6,6,2,
Lars2,60,500,6,6,2,
Lis,60,500,6,6,2,
Gupta,60,500,6,6,2,
Lars1,60,500,8,8,2,
Lars2,60,500,8,8,2,
Lis,60,500,8,8,2,
Gupta,60,500,8,8,2,
Lars1,60,5,10,10,2,
Lars2,60,5,10,10,2,
Lis,60,5,10,10,2,
Gupta,60,5,10,10,2,
Lars1,60,5,2,2,2,
Lars2,60,5,2,2,2,81.0
Lis,60,5,2,2,2,
Gupta,60,5,2,2,2,
Lars1,60,5,4,4,2,
Lars2,60,5,4,4,2,
Lis,60,5,4,4,2,
Gupta,60,5,4,4,2,
Lars1,60,5,6,6,2,
Lars2,60,5,6,6,2,
Lis,60,5,6,6,2,
Gupta,60,5,6,6,2,
Lars1,60,5,8,8,2,
Lars2,60,5,8,8,2,
Lis,60,5,8,8,2,
Gupta,60,5,8,8,2,
Lars1,60,60,10,10,2,
Lars2,60,60,10,10,2,
Lis,60,60,10,10,2,
Gupta,60,60,10,10,2,
Lars1,60,60,2,2,2,
Lars2,60,60,2,2,2,84.0
Lis,60,60,2,2,2,
Gupta,60,60,2,2,2,
Lars1,60,60,4,4,2,
Lars2,60,60,4,4,2,
Lis,60,60,4,4,2,
Gupta,60,60,4,4,2,
Lars1,60,60,6,6,2,
Lars2,60,60,6,6,2,
Lis,60,60,6,6,2,
Gupta,60,60,6,6,2,
Lars1,60,60,8,8,2,
Lars2,60,60,8,8,2,
Lis,60,60,8,8,2,
Gupta,60,60,8,8,2,
Lars1,60,6,10,10,2,
Lars2,60,6,10,10,2,
Lis,60,6,10,10,2,
Gupta,60,6,10,10,2,
Lars1,60,6,2,2,2,
Lars2,60,6,2,2,2,88.0
Lis,60,6,2,2,2,
Gupta,60,6,2,2,2,
Lars1,60,6,4,4,2,
Lars2,60,6,4,4,2,
Lis,60,6,4,4,2,
Gupta,60,6,4,4,2,
Lars1,60,6,6,6,2,
Lars2,60,6,6,6,2,
Lis,60,6,6,6,2,
Gupta,60,6,6,6,2,
Lars1,60,6,8,8,2,
Lars2,60,6,8,8,2,
Lis,60,6,8,8,2,
Gupta,60,6,8,8,2,
Lars1,60,7,10,10,2,
Lars2,60,7,10,10,2,
Lis,60,7,10,10,2,
Gupta,60,7,10,10,2,
Lars1,60,7,2,2,2,
Lars2,60,7,2,2,2,94.0
Lis,60,7,2,2,2,
Gupta,60,7,2,2,2,
Lars1,60,7,4,4,2,
Lars2,60,7,4,4,2,
Lis,60,7,4,4,2,
Gupta,60,7,4,4,2,
Lars1,60,7,6,6,2,
Lars2,60,7,6,6,2,
Lis,60,7,6,6,2,
Gupta,60,7,6,6,2,
Lars1,60,7,8,8,2,
Lars2,60,7,8,8,2,
Lis,60,7,8,8,2,
Gupta,60,7,8,8,2,
Lars1,60,80,10,10,2,
Lars2,60,80,10,10,2,
Lis,60,80,10,10,2,
Gupta,60,80,10,10,2,
Lars1,60,80,2,2,2,
Lars2,60,80,2,2,2,86.0
Lis,60,80,2,2,2,
Gupta,60,80,2,2,2,
Lars1,60,80,4,4,2,
Lars2,60,80,4,4,2,
Lis,60,80,4,4,2,
Gupta,60,80,4,4,2,
Lars1,60,80,6,6,2,
Lars2,60,80,6,6,2,
Lis,60,80,6,6,2,
Gupta,60,80,6,6,2,
Lars1,60,80,8,8,2,
Lars2,60,80,8,8,2,
Lis,60,80,8,8,2,
Gupta,60,80,8,8,2,
Lars1,60,8,10,10,2,
Lars2,60,8,10,10,2,
Lis,60,8,10,10,2,
Gupta,60,8,10,10,2,
Lars1,60,8,2,2,2,
Lars2,60,8,2,2,2,80.0
Lis,60,8,2,2,2,
Gupta,60,8,2,2,2,
Lars1,60,8,4,4,2,
Lars2,60,8,4,4,2,
Lis,60,8,4,4,2,
Gupta,60,8,4,4,2,
Lars1,60,8,6,6,2,
Lars2,60,8,6,6,2,
Lis,60,8,6,6,2,
Gupta,60,8,6,6,2,
Lars1,60,8,8,8,2,
Lars2,60,8,8,8,2,
Lis,60,8,8,8,2,
Gupta,60,8,8,8,2,
Lars1,60,9,10,10,2,
Lars2,60,9,10,10,2,
Lis,60,9,10,10,2,
Gupta,60,9,10,10,2,
Lars1,60,9,2,2,2,
Lars2,60,9,2,2,2,72.0
Lis,60,9,2,2,2,
Gupta,60,9,2,2,2,
Lars1,60,9,4,4,2,
Lars2,60,9,4,4,2,
Lis,60,9,4,4,2,
Gupta,60,9,4,4,2,
Lars1,60,9,6,6,2,
Lars2,60,9,6,6,2,
Lis,60,9,6,6,2,
Gupta,60,9,6,6,2,
Lars1,60,9,8,8,2,
Lars2,60,9,8,8,2,
Lis,60,9,8,8,2,
Gupta,60,9,8,8,2,
Lis,6,1000,10,10,2,
Lis,6,1000,2,2,2,
Lis,6,1000,4,4,2,
Lis,6,1000,6,6,2,
Lis,6,1000,8,8,2,
Lis,6,100,10,10,2,
Lars1,6,100,2,2,2,386.0
Lars2,6,100,2,2,2,96.0
Lis,6,100,2,2,2,7630436.0
Gupta,6,100,2,2,2,
Lis,6,100,4,4,2,
Lis,6,100,6,6,2,
Lis,6,100,8,8,2,
Lis,6,10,10,10,2,
Lars1,6,10,2,2,2,77.0
Lars2,6,10,2,2,2,61.0
Lis,6,10,2,2,2,1563229.0
Gupta,6,10,2,2,2,5054.0
Lis,6,10,4,4,2,
Lis,6,10,6,6,2,
Lis,6,10,8,8,2,
Lis,6,1,10,10,2,
Lars1,6,1,2,2,2,80.0
Lars2,6,1,2,2,2,72.0
Lis,6,1,2,2,2,675675.0
Gupta,6,1,2,2,2,3332.0
Lis,6,1,4,4,2,
Lis,6,1,6,6,2,
Lis,6,1,8,8,2,
Lis,6,20,10,10,2,
Lis,6,20,2,2,2,
Lis,6,20,4,4,2,
Lis,6,20,6,6,2,
Lis,6,20,8,8,2,
Lis,6,2,10,10,2,
Lars1,6,2,2,2,2,114.0
Lars2,6,2,2,2,2,79.0
Lis,6,2,2,2,2,1606052.0
Gupta,6,2,2,2,2,4378.0
Lis,6,2,4,4,2,
Lis,6,2,6,6,2,
Lis,6,2,8,8,2,
Lis,6,3,10,10,2,
Lars1,6,3,2,2,2,71.0
Lars2,6,3,2,2,2,71.0
Lis,6,3,2,2,2,1286883.0
Gupta,6,3,2,2,2,4821.0
Lis,6,3,4,4,2,
Lis,6,3,6,6,2,
Lis,6,3,8,8,2,
Lis,6,40,10,10,2,
Lars1,6,40,2,2,2,175.0
Lars2,6,40,2,2,2,71.0
Lis,6,40,2,2,2,6213408.0
Gupta,6,40,2,2,2,23057.0
Lis,6,40,4,4,2,
Lis,6,40,6,6,2,
Lis,6,40,8,8,2,
Lis,6,4,10,10,2,
Lis,6,4,2,2,2,
Lis,6,4,4,4,2,
Lis,6,4,6,6,2,
Lis,6,4,8,8,2,
Lis,6,500,10,10,2,
Lis,6,500,2,2,2,
Lis,6,500,4,4,2,
Lis,6,500,6,6,2,
Lis,6,500,8,8,2,
Lis,6,5,10,10,2,
Lis,6,5,2,2,2,
Lis,6,5,4,4,2,
Lis,6,5,6,6,2,
Lis,6,5,8,8,2,
Lis,6,60,10,10,2,
Lars1,6,60,2,2,2,196.0
Lars2,6,60,2,2,2,81.0
Lis,6,60,2,2,2,9645112.0
Gupta,6,60,2,2,2,40651.0
Lis,6,60,4,4,2,
Lis,6,60,6,6,2,
Lis,6,60,8,8,2,
Lis,6,6,10,10,2,
Lars1,6,6,2,2,2,76.0
Lars2,6,6,2,2,2,606.0
Lis,6,6,2,2,2,1387957.0
Gupta,6,6,2,2,2,4789.0
Lis,6,6,4,4,2,
Lis,6,6,6,6,2,
Lis,6,6,8,8,2,
Lis,6,7,10,10,2,
Lis,6,7,2,2,2,
Lis,6,7,4,4,2,
Lis,6,7,6,6,2,
Lis,6,7,8,8,2,
Lis,6,80,10,10,2,
Lars1,6,80,2,2,2,588.0
Lars2,6,80,2,2,2,97.0
Lis,6,80,2,2,2,8818746.0
Gupta,6,80,2,2,2,
Lis,6,80,4,4,2,
Lis,6,80,6,6,2,
Lis,6,80,8,8,2,
Lis,6,8,10,10,2,
Lars1,6,8,2,2,2,77.0
Lars2,6,8,2,2,2,67.0
Lis,6,8,2,2,2,2723676.0
Gupta,6,8,2,2,2,6368.0
Lis,6,8,4,4,2,
Lis,6,8,6,6,2,
Lis,6,8,8,8,2,
Lis,6,9,10,10,2,
Lars1,6,9,2,2,2,217.0
Lars2,6,9,2,2,2,82.0
Lis,6,9,2,2,2,2897304.0
Gupta,6,9,2,2,2,6715.0
Lis,6,9,4,4,2,
Lis,6,9,6,6,2,
Lis,6,9,8,8,2,
Lis,7,1000,10,10,2,
Lis,7,1000,2,2,2,
Lis,7,1000,4,4,2,
Lis,7,1000,6,6,2,
Lis,7,1000,8,8,2,
Lis,7,100,10,10,2,
Lars1,7,100,2,2,2,133.0
Lars2,7,100,2,2,2,85.0
Lis,7,100,2,2,2,8928722.0
Gupta,7,100,2,2,2,
Lis,7,100,4,4,2,
Lis,7,100,6,6,2,
Lis,7,100,8,8,2,
Lis,7,10,10,10,2,
Lars1,7,10,2,2,2,164.0
Lars2,7,10,2,2,2,75.0
Lis,7,10,2,2,2,12964902.0
Gupta,7,10,2,2,2,10181.0
Lis,7,10,4,4,2,
Lis,7,10,6,6,2,
Lis,7,10,8,8,2,
Lis,7,1,10,10,2,
Lis,7,1,2,2,2,
Lis,7,1,4,4,2,
Lis,7,1,6,6,2,
Lis,7,1,8,8,2,
Lis,7,20,10,10,2,
Lis,7,20,2,2,2,
Lis,7,20,4,4,2,
Lis,7,20,6,6,2,
Lis,7,20,8,8,2,
Lis,7,2,10,10,2,
Lars1,7,2,2,2,2,122.0
Lars2,7,2,2,2,2,76.0
Lis,7,2,2,2,2,4831117.0
Gupta,7,2,2,2,2,6359.0
Lis,7,2,4,4,2,
Lis,7,2,6,6,2,
Lis,7,2,8,8,2,
Lis,7,3,10,10,2,
Lars1,7,3,2,2,2,262.0
Lars2,7,3,2,2,2,97.0
Lis,7,3,2,2,2,7506534.0
Gupta,7,3,2,2,2,7352.0
Lis,7,3,4,4,2,
Lis,7,3,6,6,2,
Lis,7,3,8,8,2,
Lis,7,40,10,10,2,
Lis,7,40,2,2,2,
Lis,7,40,4,4,2,
Lis,7,40,6,6,2,
Lis,7,40,8,8,2,
Lis,7,4,10,10,2,
Lars1,7,4,2,2,2,133.0
Lars2,7,4,2,2,2,75.0
Lis,7,4,2,2,2,7315576.0
Gupta,7,4,2,2,2,7320.0
Lis,7,4,4,4,2,
Lis,7,4,6,6,2,
Lis,7,4,8,8,2,
Lis,7,500,10,10,2,
Lis,7,500,2,2,2,
Lis,7,500,4,4,2,
Lis,7,500,6,6,2,
Lis,7,500,8,8,2,
Lis,7,5,10,10,2,
Lars1,7,5,2,2,2,159.0
Lars2,7,5,2,2,2,93.0
Lis,7,5,2,2,2,3983852.0
Gupta,7,5,2,2,2,6785.0
Lis,7,5,4,4,2,
Lis,7,5,6,6,2,
Lis,7,5,8,8,2,
Lis,7,60,10,10,2,
Lis,7,60,2,2,2,
Lis,7,60,4,4,2,
Lis,7,60,6,6,2,
Lis,7,60,8,8,2,
Lis,7,6,10,10,2,
Lis,7,6,2,2,2,
Lis,7,6,4,4,2,
Lis,7,6,6,6,2,
Lis,7,6,8,8,2,
Lis,7,7,10,10,2,
Lis,7,7,2,2,2,
Lis,7,7,4,4,2,
Lars1,1000,1000,10,10,3,
Lars2,1000,1000,10,10,3,
Lis,1000,1000,10,10,3,
Gupta,1000,1000,10,10,3,
Lars1,1000,1000,2,2,3,
Lars2,1000,1000,2,2,3,86.0
Lis,1000,1000,2,2,3,
Gupta,1000,1000,2,2,3,
Lars1,1000,1000,4,4,3,
Lars2,1000,1000,4,4,3,
Lis,1000,1000,4,4,3,
Gupta,1000,1000,4,4,3,
Lars1,1000,1000,6,6,3,
Lars2,1000,1000,6,6,3,
Lis,1000,1000,6,6,3,
Gupta,1000,1000,6,6,3,
Lars1,1000,1000,8,8,3,
Lars2,1000,1000,8,8,3,
Lis,1000,1000,8,8,3,
Gupta,1000,1000,8,8,3,
Lars1,1000,100,10,10,3,
Lars2,1000,100,10,10,3,
Lis,1000,100,10,10,3,
Gupta,1000,100,10,10,3,
Lars1,1000,100,2,2,3,
Lars2,1000,100,2,2,3,112.0
Lis,1000,100,2,2,3,
Gupta,1000,100,2,2,3,
Lars1,1000,100,4,4,3,
Lars2,1000,100,4,4,3,
Lis,1000,100,4,4,3,
Gupta,1000,100,4,4,3,
Lars1,1000,100,6,6,3,
Lars2,1000,100,6,6,3,
Lis,1000,100,6,6,3,
Gupta,1000,100,6,6,3,
Lars1,1000,100,8,8,3,
Lars2,1000,100,8,8,3,
Lis,1000,100,8,8,3,
Gupta,1000,100,8,8,3,
Lars1,1000,10,10,10,3,
Lars2,1000,10,10,10,3,
Lis,1000,10,10,10,3,
Gupta,1000,10,10,10,3,
Lars1,1000,10,2,2,3,
Lars2,1000,10,2,2,3,71.0
Lis,1000,10,2,2,3,
Gupta,1000,10,2,2,3,
Lars1,1000,10,4,4,3,
Lars2,1000,10,4,4,3,
Lis,1000,10,4,4,3,
Gupta,1000,10,4,4,3,
Lars1,1000,10,6,6,3,
Lars2,1000,10,6,6,3,
Lis,1000,10,6,6,3,
Gupta,1000,10,6,6,3,
Lars1,1000,10,8,8,3,
Lars2,1000,10,8,8,3,
Lis,1000,10,8,8,3,
Gupta,1000,10,8,8,3,
Lars1,1000,1,10,10,3,
Lars2,1000,1,10,10,3,
Lis,1000,1,10,10,3,
Gupta,1000,1,10,10,3,
Lars1,1000,1,2,2,3,
Lars2,1000,1,2,2,3,123.0
Lis,1000,1,2,2,3,
Gupta,1000,1,2,2,3,
Lars1,1000,1,4,4,3,
Lars2,1000,1,4,4,3,
Lis,1000,1,4,4,3,
Gupta,1000,1,4,4,3,
Lars1,1000,1,6,6,3,
Lars2,1000,1,6,6,3,
Lis,1000,1,6,6,3,
Gupta,1000,1,6,6,3,
Lars1,1000,1,8,8,3,
Lars2,1000,1,8,8,3,
Lis,1000,1,8,8,3,
Gupta,1000,1,8,8,3,
Lars1,1000,20,10,10,3,
Lars2,1000,20,10,10,3,
Lis,1000,20,10,10,3,
Gupta,1000,20,10,10,3,
Lars1,1000,20,2,2,3,
Lars2,1000,20,2,2,3,73.0
Lis,1000,20,2,2,3,
Gupta,1000,20,2,2,3,
Lars1,1000,20,4,4,3,
Lars2,1000,20,4,4,3,
Lis,1000,20,4,4,3,
Gupta,1000,20,4,4,3,
Lars1,1000,20,6,6,3,
Lars2,1000,20,6,6,3,
Lis,1000,20,6,6,3,
Gupta,1000,20,6,6,3,
Lars1,1000,20,8,8,3,
Lars2,1000,20,8,8,3,
Lis,1000,20,8,8,3,
Gupta,1000,20,8,8,3,
Lars1,1000,2,10,10,3,
Lars2,1000,2,10,10,3,
Lis,1000,2,10,10,3,
Gupta,1000,2,10,10,3,
Lars1,1000,2,2,2,3,
Lars2,1000,2,2,2,3,140.0
Lis,1000,2,2,2,3,
Gupta,1000,2,2,2,3,
Lars1,1000,2,4,4,3,
Lars2,1000,2,4,4,3,
Lis,1000,2,4,4,3,
Gupta,1000,2,4,4,3,
Lars1,1000,2,6,6,3,
Lars2,1000,2,6,6,3,
Lis,1000,2,6,6,3,
Gupta,1000,2,6,6,3,
Lars1,1000,2,8,8,3,
Lars2,1000,2,8,8,3,
Lis,1000,2,8,8,3,
Gupta,1000,2,8,8,3,
Lars1,1000,3,10,10,3,
Lars2,1000,3,10,10,3,
Lis,1000,3,10,10,3,
Gupta,1000,3,10,10,3,
Lars1,1000,3,2,2,3,
Lars2,1000,3,2,2,3,61.0
Lis,1000,3,2,2,3,
Gupta,1000,3,2,2,3,
Lars1,1000,3,4,4,3,
Lars2,1000,3,4,4,3,
Lis,1000,3,4,4,3,
Gupta,1000,3,4,4,3,
Lars1,1000,3,6,6,3,
Lars2,1000,3,6,6,3,
Lis,1000,3,6,6,3,
Gupta,1000,3,6,6,3,
Lars1,1000,3,8,8,3,
Lars2,1000,3,8,8,3,
Lis,1000,3,8,8,3,
Gupta,1000,3,8,8,3,
Lars1,1000,40,10,10,3,
Lars2,1000,40,10,10,3,
Lis,1000,40,10,10,3,
Gupta,1000,40,10,10,3,
Lars1,1000,40,2,2,3,
Lars2,1000,40,2,2,3,57.0
Lis,1000,40,2,2,3,
Gupta,1000,40,2,2,3,
Lars1,1000,40,4,4,3,
Lars2,1000,40,4,4,3,
Lis,1000,40,4,4,3,
Gupta,1000,40,4,4,3,
Lars1,1000,40,6,6,3,
Lars2,1000,40,6,6,3,
Lis,1000,40,6,6,3,
Gupta,1000,40,6,6,3,
Lars1,1000,40,8,8,3,
Lars2,1000,40,8,8,3,
Lis,1000,40,8,8,3,
Gupta,1000,40,8,8,3,
Lars1,1000,4,10,10,3,
Lars2,1000,4,10,10,3,
Lis,1000,4,10,10,3,
Gupta,1000,4,10,10,3,
Lars1,1000,4,2,2,3,
Lars2,1000,4,2,2,3,92.0
Lis,1000,4,2,2,3,
Gupta,1000,4,2,2,3,
Lars1,1000,4,4,4,3,
Lars2,1000,4,4,4,3,
Lis,1000,4,4,4,3,
Gupta,1000,4,4,4,3,
Lars1,1000,4,6,6,3,
Lars2,1000,4,6,6,3,
Lis,1000,4,6,6,3,
Gupta,1000,4,6,6,3,
Lars1,1000,4,8,8,3,
Lars2,1000,4,8,8,3,
Lis,1000,4,8,8,3,
Gupta,1000,4,8,8,3,
Lars1,1000,500,10,10,3,
Lars2,1000,500,10,10,3,
Lis,1000,500,10,10,3,
Gupta,1000,500,10,10,3,
Lars1,1000,500,2,2,3,
Lars2,1000,500,2,2,3,76.0
Lis,1000,500,2,2,3,
Gupta,1000,500,2,2,3,
Lars1,1000,500,4,4,3,
Lars2,1000,500,4,4,3,
Lis,1000,500,4,4,3,
Gupta,1000,500,4,4,3,
Lars1,1000,500,6,6,3,
Lars2,1000,500,6,6,3,
Lis,1000,500,6,6,3,
Gupta,1000,500,6,6,3,
Lars1,1000,500,8,8,3,
Lars2,1000,500,8,8,3,
Lis,1000,500,8,8,3,
Gupta,1000,500,8,8,3,
Lars1,1000,5,10,10,3,
Lars2,1000,5,10,10,3,
Lis,1000,5,10,10,3,
Gupta,1000,5,10,10,3,
Lars1,1000,5,2,2,3,
Lars2,1000,5,2,2,3,79.0
Lis,1000,5,2,2,3,
Gupta,1000,5,2,2,3,
Lars1,1000,5,4,4,3,
Lars2,1000,5,4,4,3,
Lis,1000,5,4,4,3,
Gupta,1000,5,4,4,3,
Lars1,1000,5,6,6,3,
Lars2,1000,5,6,6,3,
Lis,1000,5,6,6,3,
Gupta,1000,5,6,6,3,
Lars1,1000,5,8,8,3,
Lars2,1000,5,8,8,3,
Lis,1000,5,8,8,3,
Gupta,1000,5,8,8,3,
Lars1,1000,60,10,10,3,
Lars2,1000,60,10,10,3,
Lis,1000,60,10,10,3,
Gupta,1000,60,10,10,3,
Lars1,1000,60,2,2,3,
Lars2,1000,60,2,2,3,63.0
Lis,1000,60,2,2,3,
Gupta,1000,60,2,2,3,
Lars1,1000,60,4,4,3,
Lars2,1000,60,4,4,3,
Lis,1000,60,4,4,3,
Gupta,1000,60,4,4,3,
Lars1,1000,60,6,6,3,
Lars2,1000,60,6,6,3,
Lis,1000,60,6,6,3,
Gupta,1000,60,6,6,3,
Lars1,1000,60,8,8,3,
Lars2,1000,60,8,8,3,
Lis,1000,60,8,8,3,
Gupta,1000,60,8,8,3,
Lars1,1000,6,10,10,3,
Lars2,1000,6,10,10,3,
Lis,1000,6,10,10,3,
Gupta,1000,6,10,10,3,
Lars1,1000,6,2,2,3,
Lars2,1000,6,2,2,3,76.0
Lis,1000,6,2,2,3,
Gupta,1000,6,2,2,3,
Lars1,1000,6,4,4,3,
Lars2,1000,6,4,4,3,
Lis,1000,6,4,4,3,
Gupta,1000,6,4,4,3,
Lars1,1000,6,6,6,3,
Lars2,1000,6,6,6,3,
Lis,1000,6,6,6,3,
Gupta,1000,6,6,6,3,
Lars1,1000,6,8,8,3,
Lars2,1000,6,8,8,3,
Lis,1000,6,8,8,3,
Gupta,1000,6,8,8,3,
Lars1,1000,7,10,10,3,
Lars2,1000,7,10,10,3,
Lis,1000,7,10,10,3,
Gupta,1000,7,10,10,3,
Lars1,1000,7,2,2,3,
Lars2,1000,7,2,2,3,69.0
Lis,1000,7,2,2,3,
Gupta,1000,7,2,2,3,
Lars1,1000,7,4,4,3,
Lars2,1000,7,4,4,3,
Lis,1000,7,4,4,3,
Gupta,1000,7,4,4,3,
Lars1,1000,7,6,6,3,
Lars2,1000,7,6,6,3,
Lis,1000,7,6,6,3,
Gupta,1000,7,6,6,3,
Lars1,1000,7,8,8,3,
Lars2,1000,7,8,8,3,
Lis,1000,7,8,8,3,
Gupta,1000,7,8,8,3,
Lars1,1000,80,10,10,3,
Lars2,1000,80,10,10,3,
Lis,1000,80,10,10,3,
Gupta,1000,80,10,10,3,
Lars1,1000,80,2,2,3,
Lars2,1000,80,2,2,3,79.0
Lis,1000,80,2,2,3,
Gupta,1000,80,2,2,3,
Lars1,1000,80,4,4,3,
Lars2,1000,80,4,4,3,
Lis,1000,80,4,4,3,
Gupta,1000,80,4,4,3,
Lars1,1000,80,6,6,3,
Lars2,1000,80,6,6,3,
Lis,1000,80,6,6,3,
Gupta,1000,80,6,6,3,
Lars1,1000,80,8,8,3,
Lars2,1000,80,8,8,3,
Lis,1000,80,8,8,3,
Gupta,1000,80,8,8,3,
Lars1,1000,8,10,10,3,
Lars2,1000,8,10,10,3,
Lis,1000,8,10,10,3,
Gupta,1000,8,10,10,3,
Lars1,1000,8,2,2,3,
Lars2,1000,8,2,2,3,88.0
Lis,1000,8,2,2,3,
Gupta,1000,8,2,2,3,
Lars1,1000,8,4,4,3,
Lars2,1000,8,4,4,3,
Lis,1000,8,4,4,3,
Gupta,1000,8,4,4,3,
Lars1,1000,8,6,6,3,
Lars2,1000,8,6,6,3,
Lis,1000,8,6,6,3,
Gupta,1000,8,6,6,3,
Lars1,1000,8,8,8,3,
Lars2,1000,8,8,8,3,
Lis,1000,8,8,8,3,
Gupta,1000,8,8,8,3,
Lars1,1000,9,10,10,3,
Lars2,1000,9,10,10,3,
Lis,1000,9,10,10,3,
Gupta,1000,9,10,10,3,
Lars1,1000,9,2,2,3,
Lars2,1000,9,2,2,3,63.0
Lis,1000,9,2,2,3,
Gupta,1000,9,2,2,3,
Lars1,1000,9,4,4,3,
Lars2,1000,9,4,4,3,
Lis,1000,9,4,4,3,
Gupta,1000,9,4,4,3,
Lars1,1000,9,6,6,3,
Lars2,1000,9,6,6,3,
Lis,1000,9,6,6,3,
Gupta,1000,9,6,6,3,
Lars1,1000,9,8,8,3,
Lars2,1000,9,8,8,3,
Lis,1000,9,8,8,3,
Gupta,1000,9,8,8,3,
Lars1,100,1000,10,10,3,
Lars2,100,1000,10,10,3,
Lis,100,1000,10,10,3,
Gupta,100,1000,10,10,3,
Lars1,100,1000,2,2,3,
Lars2,100,1000,2,2,3,73.0
Lis,100,1000,2,2,3,
Gupta,100,1000,2,2,3,
Lars1,100,1000,4,4,3,
Lars2,100,1000,4,4,3,
Lis,100,1000,4,4,3,
Gupta,100,1000,4,4,3,
Lars1,100,1000,6,6,3,
Lars2,100,1000,6,6,3,
Lis,100,1000,6,6,3,
Gupta,100,1000,6,6,3,
Lars1,100,1000,8,8,3,
Lars2,100,1000,8,8,3,
Lis,100,1000,8,8,3,
Gupta,100,1000,8,8,3,
Lars1,100,100,10,10,3,
Lars2,100,100,10,10,3,
Lis,100,100,10,10,3,
Gupta,100,100,10,10,3,
Lars1,100,100,2,2,3,
Lars2,100,100,2,2,3,72.0
Lis,100,100,2,2,3,
Gupta,100,100,2,2,3,
Lars1,100,100,4,4,3,
Lars2,100,100,4,4,3,
Lis,100,100,4,4,3,
Gupta,100,100,4,4,3,
Lars1,100,100,6,6,3,
Lars2,100,100,6,6,3,
Lis,100,100,6,6,3,
Gupta,100,100,6,6,3,
Lars1,100,100,8,8,3,
Lars2,100,100,8,8,3,
Lis,100,100,8,8,3,
Gupta,100,100,8,8,3,
Lars1,100,10,10,10,3,
Lars2,100,10,10,10,3,
Lis,100,10,10,10,3,
Gupta,100,10,10,10,3,
Lars1,100,10,2,2,3,
Lars2,100,10,2,2,3,56.0
Lis,100,10,2,2,3,
Gupta,100,10,2,2,3,
Lars1,100,10,4,4,3,
Lars2,100,10,4,4,3,
Lis,100,10,4,4,3,
Gupta,100,10,4,4,3,
Lars1,100,10,6,6,3,
Lars2,100,10,6,6,3,
Lis,100,10,6,6,3,
Gupta,100,10,6,6,3,
Lars1,100,10,8,8,3,
Lars2,100,10,8,8,3,
Lis,100,10,8,8,3,
Gupta,100,10,8,8,3,
Lars1,100,1,10,10,3,
Lars2,100,1,10,10,3,
Lis,100,1,10,10,3,
Gupta,100,1,10,10,3,
Lars1,100,1,2,2,3,
Lars2,100,1,2,2,3,74.0
Lis,100,1,2,2,3,
Gupta,100,1,2,2,3,
Lars1,100,1,4,4,3,
Lars2,100,1,4,4,3,
Lis,100,1,4,4,3,
Gupta,100,1,4,4,3,
Lars1,100,1,6,6,3,
Lars2,100,1,6,6,3,
Lis,100,1,6,6,3,
Gupta,100,1,6,6,3,
Lars1,100,1,8,8,3,
Lars2,100,1,8,8,3,
Lis,100,1,8,8,3,
Gupta,100,1,8,8,3,
Lars1,100,20,10,10,3,
Lars2,100,20,10,10,3,
Lis,100,20,10,10,3,
Gupta,100,20,10,10,3,
Lars1,100,20,2,2,3,
Lars2,100,20,2,2,3,73.0
Lis,100,20,2,2,3,
Gupta,100,20,2,2,3,
Lars1,100,20,4,4,3,
Lars2,100,20,4,4,3,
Lis,100,20,4,4,3,
Gupta,100,20,4,4,3,
Lars1,100,20,6,6,3,
Lars2,100,20,6,6,3,
Lis,100,20,6,6,3,
Gupta,100,20,6,6,3,
Lars1,100,20,8,8,3,
Lars2,100,20,8,8,3,
Lis,100,20,8,8,3,
Gupta,100,20,8,8,3,
Lars1,100,2,10,10,3,
Lars2,100,2,10,10,3,
Lis,100,2,10,10,3,
Gupta,100,2,10,10,3,
Lars1,100,2,2,2,3,
Lars2,100,2,2,2,3,84.0
Lis,100,2,2,2,3,
Gupta,100,2,2,2,3,
Lars1,100,2,4,4,3,
Lars2,100,2,4,4,3,
Lis,100,2,4,4,3,
Gupta,100,2,4,4,3,
Lars1,100,2,6,6,3,
Lars2,100,2,6,6,3,
Lis,100,2,6,6,3,
Gupta,100,2,6,6,3,
Lars1,100,2,8,8,3,
Lars2,100,2,8,8,3,
Lis,100,2,8,8,3,
Gupta,100,2,8,8,3,
Lars1,100,3,10,10,3,
Lars2,100,3,10,10,3,
Lis,100,3,10,10,3,
Gupta,100,3,10,10,3,
Lars1,100,3,2,2,3,
Lars2,100,3,2,2,3,65.0
Lis,100,3,2,2,3,
Gupta,100,3,2,2,3,
Lars1,100,3,4,4,3,
Lars2,100,3,4,4,3,
Lis,100,3,4,4,3,
Gupta,100,3,4,4,3,
Lars1,100,3,6,6,3,
Lars2,100,3,6,6,3,
Lis,100,3,6,6,3,
Gupta,100,3,6,6,3,
Lars1,100,3,8,8,3,
Lars2,100,3,8,8,3,
Lis,100,3,8,8,3,
Gupta,100,3,8,8,3,
Lars1,100,40,10,10,3,
Lars2,100,40,10,10,3,
Lis,100,40,10,10,3,
Gupta,100,40,10,10,3,
Lars1,100,40,2,2,3,
Lars2,100,40,2,2,3,72.0
Lis,100,40,2,2,3,
Gupta,100,40,2,2,3,
Lars1,100,40,4,4,3,
Lars2,100,40,4,4,3,
Lis,100,40,4,4,3,
Gupta,100,40,4,4,3,
Lars1,100,40,6,6,3,
Lars2,100,40,6,6,3,
Lis,100,40,6,6,3,
Gupta,100,40,6,6,3,
Lars1,100,40,8,8,3,
Lars2,100,40,8,8,3,
Lis,100,40,8,8,3,
Gupta,100,40,8,8,3,
Lars1,100,4,10,10,3,
Lars2,100,4,10,10,3,
Lis,100,4,10,10,3,
Gupta,100,4,10,10,3,
Lars1,100,4,2,2,3,
Lars2,100,4,2,2,3,77.0
Lis,100,4,2,2,3,
Gupta,100,4,2,2,3,
Lars1,100,4,4,4,3,
Lars2,100,4,4,4,3,
Lis,100,4,4,4,3,
Gupta,100,4,4,4,3,
Lars1,100,4,6,6,3,
Lars2,100,4,6,6,3,
Lis,100,4,6,6,3,
Gupta,100,4,6,6,3,
Lars1,100,4,8,8,3,
Lars2,100,4,8,8,3,
Lis,100,4,8,8,3,
Gupta,100,4,8,8,3,
Lars1,100,500,10,10,3,
Lars2,100,500,10,10,3,
Lis,100,500,10,10,3,
Gupta,100,500,10,10,3,
Lars1,100,500,2,2,3,
Lars2,100,500,2,2,3,83.0
Lis,100,500,2,2,3,
Gupta,100,500,2,2,3,
Lars1,100,500,4,4,3,
Lars2,100,500,4,4,3,
Lis,100,500,4,4,3,
Gupta,100,500,4,4,3,
Lars1,100,500,6,6,3,
Lars2,100,500,6,6,3,
Lis,100,500,6,6,3,
Gupta,100,500,6,6,3,
Lars1,100,500,8,8,3,
Lars2,100,500,8,8,3,
Lis,100,500,8,8,3,
Gupta,100,500,8,8,3,
Lars1,100,5,10,10,3,
Lars2,100,5,10,10,3,
Lis,100,5,10,10,3,
Gupta,100,5,10,10,3,
Lars1,100,5,2,2,3,
Lars2,100,5,2,2,3,72.0
Lis,100,5,2,2,3,
Gupta,100,5,2,2,3,
Lars1,100,5,4,4,3,
Lars2,100,5,4,4,3,
Lis,100,5,4,4,3,
Gupta,100,5,4,4,3,
Lars1,100,5,6,6,3,
Lars2,100,5,6,6,3,
Lis,100,5,6,6,3,
Gupta,100,5,6,6,3,
Lars1,100,5,8,8,3,
Lars2,100,5,8,8,3,
Lis,100,5,8,8,3,
Gupta,100,5,8,8,3,
Lars1,100,60,10,10,3,
Lars2,100,60,10,10,3,
Lis,100,60,10,10,3,
Gupta,100,60,10,10,3,
Lars1,100,60,2,2,3,
Lars2,100,60,2,2,3,64.0
Lis,100,60,2,2,3,
Gupta,100,60,2,2,3,
Lars1,100,60,4,4,3,
Lars2,100,60,4,4,3,
Lis,100,60,4,4,3,
Gupta,100,60,4,4,3,
Lars1,100,60,6,6,3,
Lars2,100,60,6,6,3,
Lis,100,60,6,6,3,
Gupta,100,60,6,6,3,
Lars1,100,60,8,8,3,
Lars2,100,60,8,8,3,
Lis,100,60,8,8,3,
Gupta,100,60,8,8,3,
Lars1,100,6,10,10,3,
Lars2,100,6,10,10,3,
Lis,100,6,10,10,3,
Gupta,100,6,10,10,3,
Lars1,100,6,2,2,3,
Lars2,100,6,2,2,3,80.0
Lis,100,6,2,2,3,
Gupta,100,6,2,2,3,
Lars1,100,6,4,4,3,
Lars2,100,6,4,4,3,
Lis,100,6,4,4,3,
Gupta,100,6,4,4,3,
Lars1,100,6,6,6,3,
Lars2,100,6,6,6,3,
Lis,100,6,6,6,3,
Gupta,100,6,6,6,3,
Lars1,100,6,8,8,3,
Lars2,100,6,8,8,3,
Lis,100,6,8,8,3,
Gupta,100,6,8,8,3,
Lars1,100,7,10,10,3,
Lars2,100,7,10,10,3,
Lis,100,7,10,10,3,
Gupta,100,7,10,10,3,
Lars1,100,7,2,2,3,
Lars2,100,7,2,2,3,50.0
Lis,100,7,2,2,3,
Gupta,100,7,2,2,3,
Lars1,100,7,4,4,3,
Lars2,100,7,4,4,3,
Lis,100,7,4,4,3,
Gupta,100,7,4,4,3,
Lars1,100,7,6,6,3,
Lars2,100,7,6,6,3,
Lis,100,7,6,6,3,
Gupta,100,7,6,6,3,
Lars1,100,7,8,8,3,
Lars2,100,7,8,8,3,
Lis,100,7,8,8,3,
Gupta,100,7,8,8,3,
Lars1,100,80,10,10,3,
Lars2,100,80,10,10,3,
Lis,100,80,10,10,3,
Gupta,100,80,10,10,3,
Lars1,100,80,2,2,3,
Lars2,100,80,2,2,3,68.0
Lis,100,80,2,2,3,
Gupta,100,80,2,2,3,
Lars1,100,80,4,4,3,
Lars2,100,80,4,4,3,
Lis,100,80,4,4,3,
Gupta,100,80,4,4,3,
Lars1,100,80,6,6,3,
Lars2,100,80,6,6,3,
Lis,100,80,6,6,3,
Gupta,100,80,6,6,3,
Lars1,100,80,8,8,3,
Lars2,100,80,8,8,3,
Lis,100,80,8,8,3,
Gupta,100,80,8,8,3,
Lars1,100,8,10,10,3,
Lars2,100,8,10,10,3,
Lis,100,8,10,10,3,
Gupta,100,8,10,10,3,
Lars1,100,8,2,2,3,
Lars2,100,8,2,2,3,63.0
Lis,100,8,2,2,3,
Gupta,100,8,2,2,3,
Lars1,100,8,4,4,3,
Lars2,100,8,4,4,3,
Lis,100,8,4,4,3,
Gupta,100,8,4,4,3,
Lars1,100,8,6,6,3,
Lars2,100,8,6,6,3,
Lis,100,8,6,6,3,
Gupta,100,8,6,6,3,
Lars1,100,8,8,8,3,
Lars2,100,8,8,8,3,
Lis,100,8,8,8,3,
Gupta,100,8,8,8,3,
Lars1,100,9,10,10,3,
Lars2,100,9,10,10,3,
Lis,100,9,10,10,3,
Gupta,100,9,10,10,3,
Lars1,100,9,2,2,3,
Lars2,100,9,2,2,3,66.0
Lis,100,9,2,2,3,
Gupta,100,9,2,2,3,
Lars1,100,9,4,4,3,
Lars2,100,9,4,4,3,
Lis,100,9,4,4,3,
Gupta,100,9,4,4,3,
Lars1,100,9,6,6,3,
Lars2,100,9,6,6,3,
Lis,100,9,6,6,3,
Gupta,100,9,6,6,3,
Lars1,100,9,8,8,3,
Lars2,100,9,8,8,3,
Lis,100,9,8,8,3,
Gupta,100,9,8,8,3,
Lars1,10,1000,10,10,3,
Lars2,10,1000,10,10,3,
Lis,10,1000,10,10,3,
Gupta,10,1000,10,10,3,
Lars1,10,1000,2,2,3,
Lars2,10,1000,2,2,3,283.0
Lis,10,1000,2,2,3,
Gupta,10,1000,2,2,3,
Lars1,10,1000,4,4,3,
Lars2,10,1000,4,4,3,
Lis,10,1000,4,4,3,
Gupta,10,1000,4,4,3,
Lars1,10,1000,6,6,3,
Lars2,10,1000,6,6,3,
Lis,10,1000,6,6,3,
Gupta,10,1000,6,6,3,
Lars1,10,1000,8,8,3,
Lars2,10,1000,8,8,3,
Lis,10,1000,8,8,3,
Gupta,10,1000,8,8,3,
Lars1,10,100,10,10,3,
Lars2,10,100,10,10,3,
Lis,10,100,10,10,3,
Gupta,10,100,10,10,3,
Lars1,10,100,2,2,3,
Lars2,10,100,2,2,3,77.0
Lis,10,100,2,2,3,
Gupta,10,100,2,2,3,
Lars1,10,100,4,4,3,
Lars2,10,100,4,4,3,
Lis,10,100,4,4,3,
Gupta,10,100,4,4,3,
Lars1,10,100,6,6,3,
Lars2,10,100,6,6,3,
Lis,10,100,6,6,3,
Gupta,10,100,6,6,3,
Lars1,10,100,8,8,3,
Lars2,10,100,8,8,3,
Lis,10,100,8,8,3,
Gupta,10,100,8,8,3,
Lars1,10,10,10,10,3,
Lars2,10,10,10,10,3,
Lis,10,10,10,10,3,
Gupta,10,10,10,10,3,
Lars1,10,10,2,2,3,
Lars2,10,10,2,2,3,74.0
Lis,10,10,2,2,3,
Gupta,10,10,2,2,3,
Lars1,10,10,4,4,3,
Lars2,10,10,4,4,3,
Lis,10,10,4,4,3,
Gupta,10,10,4,4,3,
Lars1,10,10,6,6,3,
Lars2,10,10,6,6,3,
Lis,10,10,6,6,3,
Gupta,10,10,6,6,3,
Lars1,10,10,8,8,3,
Lars2,10,10,8,8,3,
Lis,10,10,8,8,3,
Gupta,10,10,8,8,3,
Lars1,10,1,10,10,3,
Lars2,10,1,10,10,3,
Lis,10,1,10,10,3,
Gupta,10,1,10,10,3,
Lars1,10,1,2,2,3,190.0
Lars2,10,1,2,2,3,49.0
Lis,10,1,2,2,3,
Gupta,10,1,2,2,3,
Lars1,10,1,4,4,3,
Lars2,10,1,4,4,3,
Lis,10,1,4,4,3,
Gupta,10,1,4,4,3,
Lars1,10,1,6,6,3,
Lars2,10,1,6,6,3,
Lis,10,1,6,6,3,
Gupta,10,1,6,6,3,
Lars1,10,1,8,8,3,
Lars2,10,1,8,8,3,
Lis,10,1,8,8,3,
Gupta,10,1,8,8,3,
Lars1,10,20,10,10,3,
Lars2,10,20,10,10,3,
Lis,10,20,10,10,3,
Gupta,10,20,10,10,3,
Lars1,10,20,2,2,3,
Lars2,10,20,2,2,3,67.0
Lis,10,20,2,2,3,
Gupta,10,20,2,2,3,
Lars1,10,20,4,4,3,
Lars2,10,20,4,4,3,
Lis,10,20,4,4,3,
Gupta,10,20,4,4,3,
Lars1,10,20,6,6,3,
Lars2,10,20,6,6,3,
Lis,10,20,6,6,3,
Gupta,10,20,6,6,3,
Lars1,10,20,8,8,3,
Lars2,10,20,8,8,3,
Lis,10,20,8,8,3,
Gupta,10,20,8,8,3,
Lars1,10,2,10,10,3,
Lars2,10,2,10,10,3,
Lis,10,2,10,10,3,
Gupta,10,2,10,10,3,
Lars1,10,2,2,2,3,
Lars2,10,2,2,2,3,74.0
Lis,10,2,2,2,3,
Gupta,10,2,2,2,3,
Lars1,10,2,4,4,3,
Lars2,10,2,4,4,3,
Lis,10,2,4,4,3,
Gupta,10,2,4,4,3,
Lars1,10,2,6,6,3,
Lars2,10,2,6,6,3,
Lis,10,2,6,6,3,
Gupta,10,2,6,6,3,
Lars1,10,2,8,8,3,
Lars2,10,2,8,8,3,
Lis,10,2,8,8,3,
Gupta,10,2,8,8,3,
Lars1,10,3,10,10,3,
Lars2,10,3,10,10,3,
Lis,10,3,10,10,3,
Gupta,10,3,10,10,3,
Lars1,10,3,2,2,3,
Lars2,10,3,2,2,3,83.0
Lis,10,3,2,2,3,
Gupta,10,3,2,2,3,
Lars1,10,3,4,4,3,
Lars2,10,3,4,4,3,
Lis,10,3,4,4,3,
Gupta,10,3,4,4,3,
Lars1,10,3,6,6,3,
Lars2,10,3,6,6,3,
Lis,10,3,6,6,3,
Gupta,10,3,6,6,3,
Lars1,10,3,8,8,3,
Lars2,10,3,8,8,3,
Lis,10,3,8,8,3,
Gupta,10,3,8,8,3,
Lars1,10,40,10,10,3,
Lars2,10,40,10,10,3,
Lis,10,40,10,10,3,
Gupta,10,40,10,10,3,
Lars1,10,40,2,2,3,
Lars2,10,40,2,2,3,75.0
Lis,10,40,2,2,3,
Gupta,10,40,2,2,3,
Lars1,10,40,4,4,3,
Lars2,10,40,4,4,3,
Lis,10,40,4,4,3,
Gupta,10,40,4,4,3,
Lars1,10,40,6,6,3,
Lars2,10,40,6,6,3,
Lis,10,40,6,6,3,
Gupta,10,40,6,6,3,
Lars1,10,40,8,8,3,
Lars2,10,40,8,8,3,
Lis,10,40,8,8,3,
Gupta,10,40,8,8,3,
Lars1,10,4,10,10,3,
Lars2,10,4,10,10,3,
Lis,10,4,10,10,3,
Gupta,10,4,10,10,3,
Lars1,10,4,2,2,3,428.0
Lars2,10,4,2,2,3,53.0
Lis,10,4,2,2,3,
Gupta,10,4,2,2,3,
Lars1,10,4,4,4,3,
Lars2,10,4,4,4,3,
Lis,10,4,4,4,3,
Gupta,10,4,4,4,3,
Lars1,10,4,6,6,3,
Lars2,10,4,6,6,3,
Lis,10,4,6,6,3,
Gupta,10,4,6,6,3,
Lars1,10,4,8,8,3,
Lars2,10,4,8,8,3,
Lis,10,4,8,8,3,
Gupta,10,4,8,8,3,
Lars1,10,500,10,10,3,
Lars2,10,500,10,10,3,
Lis,10,500,10,10,3,
Gupta,10,500,10,10,3,
Lars1,10,500,2,2,3,
Lars2,10,500,2,2,3,149.0
Lis,10,500,2,2,3,
Gupta,10,500,2,2,3,
Lars1,10,500,4,4,3,
Lars2,10,500,4,4,3,
Lis,10,500,4,4,3,
Gupta,10,500,4,4,3,
Lars1,10,500,6,6,3,
Lars2,10,500,6,6,3,
Lis,10,500,6,6,3,
Gupta,10,500,6,6,3,
Lars1,10,500,8,8,3,
Lars2,10,500,8,8,3,
Lis,10,500,8,8,3,
Gupta,10,500,8,8,3,
Lars1,10,5,10,10,3,
Lars2,10,5,10,10,3,
Lis,10,5,10,10,3,
Gupta,10,5,10,10,3,
Lars1,10,5,2,2,3,
Lars2,10,5,2,2,3,74.0
Lis,10,5,2,2,3,
Gupta,10,5,2,2,3,
Lars1,10,5,4,4,3,
Lars2,10,5,4,4,3,
Lis,10,5,4,4,3,
Gupta,10,5,4,4,3,
Lars1,10,5,6,6,3,
Lars2,10,5,6,6,3,
Lis,10,5,6,6,3,
Gupta,10,5,6,6,3,
Lars1,10,5,8,8,3,
Lars2,10,5,8,8,3,
Lis,10,5,8,8,3,
Gupta,10,5,8,8,3,
Lars1,10,60,10,10,3,
Lars2,10,60,10,10,3,
Lis,10,60,10,10,3,
Gupta,10,60,10,10,3,
Lars1,10,60,2,2,3,
Lars2,10,60,2,2,3,75.0
Lis,10,60,2,2,3,
Gupta,10,60,2,2,3,
Lars1,10,60,4,4,3,
Lars2,10,60,4,4,3,
Lis,10,60,4,4,3,
Gupta,10,60,4,4,3,
Lars1,10,60,6,6,3,
Lars2,10,60,6,6,3,
Lis,10,60,6,6,3,
Gupta,10,60,6,6,3,
Lars1,10,60,8,8,3,
Lars2,10,60,8,8,3,
Lis,10,60,8,8,3,
Gupta,10,60,8,8,3,
Lars1,10,6,10,10,3,
Lars2,10,6,10,10,3,
Lis,10,6,10,10,3,
Gupta,10,6,10,10,3,
Lars1,10,6,2,2,3,
Lars2,10,6,2,2,3,69.0
Lis,10,6,2,2,3,
Gupta,10,6,2,2,3,
Lars1,10,6,4,4,3,
Lars2,10,6,4,4,3,
Lis,10,6,4,4,3,
Gupta,10,6,4,4,3,
Lars1,10,6,6,6,3,
Lars2,10,6,6,6,3,
Lis,10,6,6,6,3,
Gupta,10,6,6,6,3,
Lars1,10,6,8,8,3,
Lars2,10,6,8,8,3,
Lis,10,6,8,8,3,
Gupta,10,6,8,8,3,
Lars1,10,7,10,10,3,
Lars2,10,7,10,10,3,
Lis,10,7,10,10,3,
Gupta,10,7,10,10,3,
Lars1,10,7,2,2,3,
Lars2,10,7,2,2,3,78.0
Lis,10,7,2,2,3,
Gupta,10,7,2,2,3,
Lars1,10,7,4,4,3,
Lars2,10,7,4,4,3,
Lis,10,7,4,4,3,
Gupta,10,7,4,4,3,
Lars1,10,7,6,6,3,
Lars2,10,7,6,6,3,
Lis,10,7,6,6,3,
Gupta,10,7,6,6,3,
Lars1,10,7,8,8,3,
Lars2,10,7,8,8,3,
Lis,10,7,8,8,3,
Gupta,10,7,8,8,3,
Lars1,10,80,10,10,3,
Lars2,10,80,10,10,3,
Lis,10,80,10,10,3,
Gupta,10,80,10,10,3,
Lars1,10,80,2,2,3,
Lars2,10,80,2,2,3,70.0
Lis,10,80,2,2,3,
Gupta,10,80,2,2,3,
Lars1,10,80,4,4,3,
Lars2,10,80,4,4,3,
Lis,10,80,4,4,3,
Gupta,10,80,4,4,3,
Lars1,10,80,6,6,3,
Lars2,10,80,6,6,3,
Lis,10,80,6,6,3,
Gupta,10,80,6,6,3,
Lars1,10,80,8,8,3,
Lars2,10,80,8,8,3,
Lis,10,80,8,8,3,
Gupta,10,80,8,8,3,
Lars1,10,8,10,10,3,
Lars2,10,8,10,10,3,
Lis,10,8,10,10,3,
Gupta,10,8,10,10,3,
Lars1,10,8,2,2,3,
Lars2,10,8,2,2,3,67.0
Lis,10,8,2,2,3,
Gupta,10,8,2,2,3,
Lars1,10,8,4,4,3,
Lars2,10,8,4,4,3,
Lis,10,8,4,4,3,
Gupta,10,8,4,4,3,
Lars1,10,8,6,6,3,
Lars2,10,8,6,6,3,
Lis,10,8,6,6,3,
Gupta,10,8,6,6,3,
Lars1,10,8,8,8,3,
Lars2,10,8,8,8,3,
Lis,10,8,8,8,3,
Gupta,10,8,8,8,3,
Lars1,10,9,10,10,3,
Lars2,10,9,10,10,3,
Lis,10,9,10,10,3,
Gupta,10,9,10,10,3,
Lars1,10,9,2,2,3,
Lars2,10,9,2,2,3,51.0
Lis,10,9,2,2,3,
Gupta,10,9,2,2,3,
Lars1,10,9,4,4,3,
Lars2,10,9,4,4,3,
Lis,10,9,4,4,3,
Gupta,10,9,4,4,3,
Lars1,10,9,6,6,3,
Lars2,10,9,6,6,3,
Lis,10,9,6,6,3,
Gupta,10,9,6,6,3,
Lars1,10,9,8,8,3,
Lars2,10,9,8,8,3,
Lis,10,9,8,8,3,
Gupta,10,9,8,8,3,
Lars1,1,1000,2,2,3,
Lars2,1,1000,2,2,3,158.0
Lis,1,1000,2,2,3,69710.0
Gupta,1,1000,2,2,3,
Lis,1,1000,4,4,3,
Lis,1,1000,6,6,3,
Lis,1,1000,8,8,3,
Lars1,1,100,2,2,3,
Lars2,1,100,2,2,3,157.0
Lis,1,100,2,2,3,27651.0
Gupta,1,100,2,2,3,
Lis,1,100,4,4,3,
Lis,1,100,6,6,3,
Lis,1,100,8,8,3,
Lars1,1,10,2,2,3,51.0
Lars2,1,10,2,2,3,65.0
Lis,1,10,2,2,3,7053.0
Gupta,1,10,2,2,3,4624.0
Lars1,1,10,4,4,3,
Lars2,1,10,4,4,3,2390.0
Lis,1,10,4,4,3,82661.0
Gupta,1,10,4,4,3,
Lars1,1,10,6,6,3,
Lars2,1,10,6,6,3,
Lis,1,10,6,6,3,3052740.0
Gupta,1,10,6,6,3,
Lis,1,10,8,8,3,
Lars1,1,1,2,2,3,62.0
Lars2,1,1,2,2,3,75.0
Lis,1,1,2,2,3,4210.0
Gupta,1,1,2,2,3,3172.0
Lars1,1,1,4,4,3,
Lars2,1,1,4,4,3,1397.0
Lis,1,1,4,4,3,173198.0
Gupta,1,1,4,4,3,
Lars1,1,1,6,6,3,
Lars2,1,1,6,6,3,
Lis,1,1,6,6,3,4178309.0
Gupta,1,1,6,6,3,
Lis,1,1,8,8,3,
Lars1,1,20,2,2,3,117.0
Lars2,1,20,2,2,3,89.0
Lis,1,20,2,2,3,11737.0
Gupta,1,20,2,2,3,13186.0
Lars1,1,20,4,4,3,
Lars2,1,20,4,4,3,6467.0
Lis,1,20,4,4,3,379759.0
Gupta,1,20,4,4,3,
Lars1,1,20,6,6,3,
Lars2,1,20,6,6,3,
Lis,1,20,6,6,3,9914156.0
Gupta,1,20,6,6,3,
Lis,1,20,8,8,3,
Lars1,1,2,2,2,3,46.0
Lars2,1,2,2,2,3,72.0
Lis,1,2,2,2,3,6046.0
Gupta,1,2,2,2,3,4769.0
Lars1,1,2,4,4,3,
Lars2,1,2,4,4,3,4086.0
Lis,1,2,4,4,3,68254.0
Gupta,1,2,4,4,3,
Lars1,1,2,6,6,3,
Lars2,1,2,6,6,3,
Lis,1,2,6,6,3,4209689.0
Gupta,1,2,6,6,3,
Lis,1,2,8,8,3,
Lars1,1,3,2,2,3,52.0
Lars2,1,3,2,2,3,66.0
Lis,1,3,2,2,3,4769.0
Gupta,1,3,2,2,3,2973.0
Lars1,1,3,4,4,3,
Lis,1,3,4,4,3,73562.0
Lars1,1,3,6,6,3,
Lars2,1,3,6,6,3,
Lis,1,3,6,6,3,8395175.0
Gupta,1,3,6,6,3,
Lis,1,3,8,8,3,
Lars1,1,40,2,2,3,413.0
Lars2,1,40,2,2,3,182.0
Lis,1,40,2,2,3,21969.0
Gupta,1,40,2,2,3,
Lars1,1,40,4,4,3,
Lars2,1,40,4,4,3,5154.0
Lis,1,40,4,4,3,253619.0
Gupta,1,40,4,4,3,
Lis,1,40,6,6,3,
Lis,1,40,8,8,3,
Lars1,1,4,2,2,3,48.0
Lars2,1,4,2,2,3,64.0
Lis,1,4,2,2,3,6239.0
Gupta,1,4,2,2,3,3261.0
Lars1,1,4,4,4,3,
Lis,1,4,4,4,3,184288.0
Lars1,1,4,6,6,3,
Lars2,1,4,6,6,3,
Lis,1,4,6,6,3,5886946.0
Gupta,1,4,6,6,3,
Lis,1,4,8,8,3,
Lars1,1,500,2,2,3,
Lars2,1,500,2,2,3,208.0
Lis,1,500,2,2,3,48879.0
Gupta,1,500,2,2,3,
Lis,1,500,4,4,3,
Lis,1,500,6,6,3,
Lis,1,500,8,8,3,
Lars1,1,5,2,2,3,54.0
Lars2,1,5,2,2,3,63.0
Lis,1,5,2,2,3,6522.0
Gupta,1,5,2,2,3,4114.0
Lars1,1,5,4,4,3,
Lars2,1,5,4,4,3,1722.0
Lis,1,5,4,4,3,132855.0
Gupta,1,5,4,4,3,
Lars1,1,5,6,6,3,
Lars2,1,5,6,6,3,
Lis,1,5,6,6,3,10468149.0
Gupta,1,5,6,6,3,
Lis,1,5,8,8,3,
Lars1,1,60,2,2,3,2149.0
Lars2,1,60,2,2,3,211.0
Lis,1,60,2,2,3,26488.0
Gupta,1,60,2,2,3,
Lars1,1,60,4,4,3,
Lars2,1,60,4,4,3,5625.0
Lis,1,60,4,4,3,2863764.0
Gupta,1,60,4,4,3,
Lis,1,60,6,6,3,
Lis,1,60,8,8,3,
Lars1,1,6,2,2,3,66.0
Lars2,1,6,2,2,3,72.0
Lis,1,6,2,2,3,8174.0
Gupta,1,6,2,2,3,6031.0
Lars1,1,6,4,4,3,
Lars2,1,6,4,4,3,2452.0
Lis,1,6,4,4,3,128902.0
Gupta,1,6,4,4,3,
Lars1,1,6,6,6,3,
Lars2,1,6,6,6,3,
Lis,1,6,6,6,3,6284180.0
Gupta,1,6,6,6,3,
Lis,1,6,8,8,3,
Lars1,1,7,2,2,3,60.0
Lars2,1,7,2,2,3,75.0
Lis,1,7,2,2,3,8760.0
Gupta,1,7,2,2,3,5757.0
Lars1,1,7,4,4,3,
Lars2,1,7,4,4,3,6522.0
Lis,1,7,4,4,3,209008.0
Gupta,1,7,4,4,3,
Lars1,1,7,6,6,3,
Lars2,1,7,6,6,3,
Lis,1,7,6,6,3,14770769.0
Gupta,1,7,6,6,3,
Lis,1,7,8,8,3,
Lars1,1,80,2,2,3,
Lars2,1,80,2,2,3,168.0
Lis,1,80,2,2,3,29755.0
Gupta,1,80,2,2,3,
Lis,1,80,4,4,3,
Lis,1,80,6,6,3,
Lis,1,80,8,8,3,
Lars1,1,8,2,2,3,39.0
Lars2,1,8,2,2,3,66.0
Lis,1,8,2,2,3,7433.0
Gupta,1,8,2,2,3,4868.0
Lars1,1,8,4,4,3,
Lis,1,8,4,4,3,131372.0
Lars1,1,8,6,6,3,
Lars2,1,8,6,6,3,
Lis,1,8,6,6,3,16910257.0
Gupta,1,8,6,6,3,
Lis,1,8,8,8,3,
Lars1,1,9,2,2,3,109.0
Lars2,1,9,2,2,3,74.0
Lis,1,9,2,2,3,8837.0
Gupta,1,9,2,2,3,6222.0
Lars1,1,9,4,4,3,
Lis,1,9,4,4,3,101745.0
Lars1,1,9,6,6,3,
Lars2,1,9,6,6,3,
Lis,1,9,6,6,3,11029244.0
Gupta,1,9,6,6,3,
Lis,1,9,8,8,3,
Lars1,20,1000,10,10,3,
Lars2,20,1000,10,10,3,
Lis,20,1000,10,10,3,
Gupta,20,1000,10,10,3,
Lars1,20,1000,2,2,3,
Lars2,20,1000,2,2,3,147.0
Lis,20,1000,2,2,3,
Gupta,20,1000,2,2,3,
Lars1,20,1000,4,4,3,
Lars2,20,1000,4,4,3,
Lis,20,1000,4,4,3,
Gupta,20,1000,4,4,3,
Lars1,20,1000,6,6,3,
Lars2,20,1000,6,6,3,
Lis,20,1000,6,6,3,
Gupta,20,1000,6,6,3,
Lars1,20,1000,8,8,3,
Lars2,20,1000,8,8,3,
Lis,20,1000,8,8,3,
Gupta,20,1000,8,8,3,
Lars1,20,100,10,10,3,
Lars2,20,100,10,10,3,
Lis,20,100,10,10,3,
Gupta,20,100,10,10,3,
Lars1,20,100,2,2,3,
Lars2,20,100,2,2,3,80.0
Lis,20,100,2,2,3,
Gupta,20,100,2,2,3,
Lars1,20,100,4,4,3,
Lars2,20,100,4,4,3,
Lis,20,100,4,4,3,
Gupta,20,100,4,4,3,
Lars1,20,100,6,6,3,
Lars2,20,100,6,6,3,
Lis,20,100,6,6,3,
Gupta,20,100,6,6,3,
Lars1,20,100,8,8,3,
Lars2,20,100,8,8,3,
Lis,20,100,8,8,3,
Gupta,20,100,8,8,3,
Lars1,20,10,10,10,3,
Lars2,20,10,10,10,3,
Lis,20,10,10,10,3,
Gupta,20,10,10,10,3,
Lars1,20,10,2,2,3,
Lars2,20,10,2,2,3,65.0
Lis,20,10,2,2,3,
Gupta,20,10,2,2,3,
Lars1,20,10,4,4,3,
Lars2,20,10,4,4,3,
Lis,20,10,4,4,3,
Gupta,20,10,4,4,3,
Lars1,20,10,6,6,3,
Lars2,20,10,6,6,3,
Lis,20,10,6,6,3,
Gupta,20,10,6,6,3,
Lars1,20,10,8,8,3,
Lars2,20,10,8,8,3,
Lis,20,10,8,8,3,
Gupta,20,10,8,8,3,
Lars1,20,1,10,10,3,
Lars2,20,1,10,10,3,
Lis,20,1,10,10,3,
Gupta,20,1,10,10,3,
Lars1,20,1,2,2,3,
Lars2,20,1,2,2,3,64.0
Lis,20,1,2,2,3,
Gupta,20,1,2,2,3,
Lars1,20,1,4,4,3,
Lars2,20,1,4,4,3,
Lis,20,1,4,4,3,
Gupta,20,1,4,4,3,
Lars1,20,1,6,6,3,
Lars2,20,1,6,6,3,
Lis,20,1,6,6,3,
Gupta,20,1,6,6,3,
Lars1,20,1,8,8,3,
Lars2,20,1,8,8,3,
Lis,20,1,8,8,3,
Gupta,20,1,8,8,3,
Lars1,20,20,10,10,3,
Lars2,20,20,10,10,3,
Lis,20,20,10,10,3,
Gupta,20,20,10,10,3,
Lars1,20,20,2,2,3,
Lars2,20,20,2,2,3,70.0
Lis,20,20,2,2,3,
Gupta,20,20,2,2,3,
Lars1,20,20,4,4,3,
Lars2,20,20,4,4,3,
Lis,20,20,4,4,3,
Gupta,20,20,4,4,3,
Lars1,20,20,6,6,3,
Lars2,20,20,6,6,3,
Lis,20,20,6,6,3,
Gupta,20,20,6,6,3,
Lars1,20,20,8,8,3,
Lars2,20,20,8,8,3,
Lis,20,20,8,8,3,
Gupta,20,20,8,8,3,
Lars1,20,2,10,10,3,
Lars2,20,2,10,10,3,
Lis,20,2,10,10,3,
Gupta,20,2,10,10,3,
Lars1,20,2,2,2,3,
Lars2,20,2,2,2,3,72.0
Lis,20,2,2,2,3,
Gupta,20,2,2,2,3,
Lars1,20,2,4,4,3,
Lars2,20,2,4,4,3,
Lis,20,2,4,4,3,
Gupta,20,2,4,4,3,
Lars1,20,2,6,6,3,
Lars2,20,2,6,6,3,
Lis,20,2,6,6,3,
Gupta,20,2,6,6,3,
Lars1,20,2,8,8,3,
Lars2,20,2,8,8,3,
Lis,20,2,8,8,3,
Gupta,20,2,8,8,3,
Lars1,20,3,10,10,3,
Lars2,20,3,10,10,3,
Lis,20,3,10,10,3,
Gupta,20,3,10,10,3,
Lars1,20,3,2,2,3,
Lars2,20,3,2,2,3,68.0
Lis,20,3,2,2,3,
Gupta,20,3,2,2,3,
Lars1,20,3,4,4,3,
Lars2,20,3,4,4,3,
Lis,20,3,4,4,3,
Gupta,20,3,4,4,3,
Lars1,20,3,6,6,3,
Lars2,20,3,6,6,3,
Lis,20,3,6,6,3,
Gupta,20,3,6,6,3,
Lars1,20,3,8,8,3,
Lars2,20,3,8,8,3,
Lis,20,3,8,8,3,
Gupta,20,3,8,8,3,
Lars1,20,40,10,10,3,
Lars2,20,40,10,10,3,
Lis,20,40,10,10,3,
Gupta,20,40,10,10,3,
Lars1,20,40,2,2,3,
Lars2,20,40,2,2,3,69.0
Lis,20,40,2,2,3,
Gupta,20,40,2,2,3,
Lars1,20,40,4,4,3,
Lars2,20,40,4,4,3,
Lis,20,40,4,4,3,
Gupta,20,40,4,4,3,
Lars1,20,40,6,6,3,
Lars2,20,40,6,6,3,
Lis,20,40,6,6,3,
Gupta,20,40,6,6,3,
Lars1,20,40,8,8,3,
Lars2,20,40,8,8,3,
Lis,20,40,8,8,3,
Gupta,20,40,8,8,3,
Lars1,20,4,10,10,3,
Lars2,20,4,10,10,3,
Lis,20,4,10,10,3,
Gupta,20,4,10,10,3,
Lars1,20,4,2,2,3,
Lars2,20,4,2,2,3,74.0
Lis,20,4,2,2,3,
Gupta,20,4,2,2,3,
Lars1,20,4,4,4,3,
Lars2,20,4,4,4,3,
Lis,20,4,4,4,3,
Gupta,20,4,4,4,3,
Lars1,20,4,6,6,3,
Lars2,20,4,6,6,3,
Lis,20,4,6,6,3,
Gupta,20,4,6,6,3,
Lars1,20,4,8,8,3,
Lars2,20,4,8,8,3,
Lis,20,4,8,8,3,
Gupta,20,4,8,8,3,
Lars1,20,500,10,10,3,
Lars2,20,500,10,10,3,
Lis,20,500,10,10,3,
Gupta,20,500,10,10,3,
Lars1,20,500,2,2,3,
Lars2,20,500,2,2,3,104.0
Lis,20,500,2,2,3,
Gupta,20,500,2,2,3,
Lars1,20,500,4,4,3,
Lars2,20,500,4,4,3,
Lis,20,500,4,4,3,
Gupta,20,500,4,4,3,
Lars1,20,500,6,6,3,
Lars2,20,500,6,6,3,
Lis,20,500,6,6,3,
Gupta,20,500,6,6,3,
Lars1,20,500,8,8,3,
Lars2,20,500,8,8,3,
Lis,20,500,8,8,3,
Gupta,20,500,8,8,3,
Lars1,20,5,10,10,3,
Lars2,20,5,10,10,3,
Lis,20,5,10,10,3,
Gupta,20,5,10,10,3,
Lars1,20,5,2,2,3,
Lars2,20,5,2,2,3,59.0
Lis,20,5,2,2,3,
Gupta,20,5,2,2,3,
Lars1,20,5,4,4,3,
Lars2,20,5,4,4,3,
Lis,20,5,4,4,3,
Gupta,20,5,4,4,3,
Lars1,20,5,6,6,3,
Lars2,20,5,6,6,3,
Lis,20,5,6,6,3,
Gupta,20,5,6,6,3,
Lars1,20,5,8,8,3,
Lars2,20,5,8,8,3,
Lis,20,5,8,8,3,
Gupta,20,5,8,8,3,
Lars1,20,60,10,10,3,
Lars2,20,60,10,10,3,
Lis,20,60,10,10,3,
Gupta,20,60,10,10,3,
Lars1,20,60,2,2,3,
Lars2,20,60,2,2,3,89.0
Lis,20,60,2,2,3,
Gupta,20,60,2,2,3,
Lars1,20,60,4,4,3,
Lars2,20,60,4,4,3,
Lis,20,60,4,4,3,
Gupta,20,60,4,4,3,
Lars1,20,60,6,6,3,
Lars2,20,60,6,6,3,
Lis,20,60,6,6,3,
Gupta,20,60,6,6,3,
Lars1,20,60,8,8,3,
Lars2,20,60,8,8,3,
Lis,20,60,8,8,3,
Gupta,20,60,8,8,3,
Lars1,20,6,10,10,3,
Lars2,20,6,10,10,3,
Lis,20,6,10,10,3,
Gupta,20,6,10,10,3,
Lars1,20,6,2,2,3,
Lars2,20,6,2,2,3,73.0
Lis,20,6,2,2,3,
Gupta,20,6,2,2,3,
Lars1,20,6,4,4,3,
Lars2,20,6,4,4,3,
Lis,20,6,4,4,3,
Gupta,20,6,4,4,3,
Lars1,20,6,6,6,3,
Lars2,20,6,6,6,3,
Lis,20,6,6,6,3,
Gupta,20,6,6,6,3,
Lars1,20,6,8,8,3,
Lars2,20,6,8,8,3,
Lis,20,6,8,8,3,
Gupta,20,6,8,8,3,
Lars1,20,7,10,10,3,
Lars2,20,7,10,10,3,
Lis,20,7,10,10,3,
Gupta,20,7,10,10,3,
Lars1,20,7,2,2,3,
Lars2,20,7,2,2,3,82.0
Lis,20,7,2,2,3,
Gupta,20,7,2,2,3,
Lars1,20,7,4,4,3,
Lars2,20,7,4,4,3,
Lis,20,7,4,4,3,
Gupta,20,7,4,4,3,
Lars1,20,7,6,6,3,
Lars2,20,7,6,6,3,
Lis,20,7,6,6,3,
Gupta,20,7,6,6,3,
Lars1,20,7,8,8,3,
Lars2,20,7,8,8,3,
Lis,20,7,8,8,3,
Gupta,20,7,8,8,3,
Lars1,20,80,10,10,3,
Lars2,20,80,10,10,3,
Lis,20,80,10,10,3,
Gupta,20,80,10,10,3,
Lars1,20,80,2,2,3,
Lars2,20,80,2,2,3,70.0
Lis,20,80,2,2,3,
Gupta,20,80,2,2,3,
Lars1,20,80,4,4,3,
Lars2,20,80,4,4,3,
Lis,20,80,4,4,3,
Gupta,20,80,4,4,3,
Lars1,20,80,6,6,3,
Lars2,20,80,6,6,3,
Lis,20,80,6,6,3,
Gupta,20,80,6,6,3,
Lars1,20,80,8,8,3,
Lars2,20,80,8,8,3,
Lis,20,80,8,8,3,
Gupta,20,80,8,8,3,
Lars1,20,8,10,10,3,
Lars2,20,8,10,10,3,
Lis,20,8,10,10,3,
Gupta,20,8,10,10,3,
Lars1,20,8,2,2,3,
Lars2,20,8,2,2,3,72.0
Lis,20,8,2,2,3,
Gupta,20,8,2,2,3,
Lars1,20,8,4,4,3,
Lars2,20,8,4,4,3,
Lis,20,8,4,4,3,
Gupta,20,8,4,4,3,
Lars1,20,8,6,6,3,
Lars2,20,8,6,6,3,
Lis,20,8,6,6,3,
Gupta,20,8,6,6,3,
Lars1,20,8,8,8,3,
Lars2,20,8,8,8,3,
Lis,20,8,8,8,3,
Gupta,20,8,8,8,3,
Lars1,20,9,10,10,3,
Lars2,20,9,10,10,3,
Lis,20,9,10,10,3,
Gupta,20,9,10,10,3,
Lars1,20,9,2,2,3,
Lars2,20,9,2,2,3,53.0
Lis,20,9,2,2,3,
Gupta,20,9,2,2,3,
Lars1,20,9,4,4,3,
Lars2,20,9,4,4,3,
Lis,20,9,4,4,3,
Gupta,20,9,4,4,3,
Lars1,20,9,6,6,3,
Lars2,20,9,6,6,3,
Lis,20,9,6,6,3,
Gupta,20,9,6,6,3,
Lars1,20,9,8,8,3,
Lars2,20,9,8,8,3,
Lis,20,9,8,8,3,
Gupta,20,9,8,8,3,
Lis,2,1000,10,10,3,
Lis,2,1000,2,2,3,
Lis,2,1000,4,4,3,
Lis,2,1000,6,6,3,
Lis,2,1000,8,8,3,
Lis,2,100,10,10,3,
Lis,2,100,2,2,3,
Lis,2,100,4,4,3,
Lis,2,100,6,6,3,
Lis,2,100,8,8,3,
Lis,2,10,10,10,3,
Lis,2,10,2,2,3,
Lis,2,10,4,4,3,
Lis,2,10,6,6,3,
Lis,2,10,8,8,3,
Lis,2,1,10,10,3,
Lis,2,1,2,2,3,
Lis,2,1,4,4,3,
Lis,2,1,6,6,3,
Lis,2,1,8,8,3,
Lis,2,20,10,10,3,
Lis,2,20,2,2,3,
Lis,2,20,4,4,3,
Lis,2,20,6,6,3,
Lis,2,20,8,8,3,
Lis,2,2,10,10,3,
Lis,2,2,2,2,3,
Lis,2,2,4,4,3,
Lis,2,2,6,6,3,
Lis,2,2,8,8,3,
Lis,2,3,10,10,3,
Lis,2,3,2,2,3,
Lis,2,3,4,4,3,
Lis,2,3,6,6,3,
Lis,2,3,8,8,3,
Lis,2,40,10,10,3,
Lis,2,40,2,2,3,
Lis,2,40,4,4,3,
Lis,2,40,6,6,3,
Lis,2,40,8,8,3,
Lis,2,4,10,10,3,
Lis,2,4,2,2,3,
Lis,2,4,4,4,3,
Lis,2,4,6,6,3,
Lis,2,4,8,8,3,
Lis,2,500,10,10,3,
Lis,2,500,2,2,3,
Lis,2,500,4,4,3,
Lis,2,500,6,6,3,
Lis,2,500,8,8,3,
Lis,2,5,10,10,3,
Lars1,2,5,2,2,3,104.0
Lars2,2,5,2,2,3,74.0
Lis,2,5,2,2,3,17410228.0
Gupta,2,5,2,2,3,
Lis,2,5,4,4,3,
Lis,2,5,6,6,3,
Lis,2,5,8,8,3,
Lis,2,60,10,10,3,
Lis,2,60,2,2,3,
Lis,2,60,4,4,3,
Lis,2,60,6,6,3,
Lis,2,60,8,8,3,
Lis,2,6,10,10,3,
Lis,2,6,2,2,3,
Lis,2,6,4,4,3,
Lis,2,6,6,6,3,
Lis,2,6,8,8,3,
Lis,2,7,10,10,3,
Lis,2,7,2,2,3,
Lis,2,7,4,4,3,
Lis,2,7,6,6,3,
Lis,2,7,8,8,3,
Lis,2,80,10,10,3,
Lis,2,80,2,2,3,
Lis,2,80,4,4,3,
Lis,2,80,6,6,3,
Lis,2,80,8,8,3,
Lis,2,8,10,10,3,
Lis,2,8,2,2,3,
Lis,2,8,4,4,3,
Lis,2,8,6,6,3,
Lis,2,8,8,8,3,
Lis,2,9,10,10,3,
Lis,2,9,2,2,3,
Lis,2,9,4,4,3,
Lis,2,9,6,6,3,
Lis,2,9,8,8,3,
Lars1,3,1000,10,10,3,
Lars2,3,1000,10,10,3,
Lis,3,1000,10,10,3,
Gupta,3,1000,10,10,3,
Lars1,3,1000,2,2,3,
Lars2,3,1000,2,2,3,136.0
Lis,3,1000,2,2,3,
Gupta,3,1000,2,2,3,
Lars1,3,1000,4,4,3,
Lars2,3,1000,4,4,3,
Lis,3,1000,4,4,3,
Gupta,3,1000,4,4,3,
Lars1,3,1000,6,6,3,
Lars2,3,1000,6,6,3,
Lis,3,1000,6,6,3,
Gupta,3,1000,6,6,3,
Lars1,3,1000,8,8,3,
Lars2,3,1000,8,8,3,
Lis,3,1000,8,8,3,
Gupta,3,1000,8,8,3,
Lars1,3,100,10,10,3,
Lars2,3,100,10,10,3,
Lis,3,100,10,10,3,
Gupta,3,100,10,10,3,
Lars1,3,100,2,2,3,
Lars2,3,100,2,2,3,77.0
Lis,3,100,2,2,3,
Gupta,3,100,2,2,3,
Lars1,3,100,4,4,3,
Lars2,3,100,4,4,3,
Lis,3,100,4,4,3,
Gupta,3,100,4,4,3,
Lars1,3,100,6,6,3,
Lars2,3,100,6,6,3,
Lis,3,100,6,6,3,
Gupta,3,100,6,6,3,
Lars1,3,100,8,8,3,
Lars2,3,100,8,8,3,
Lis,3,100,8,8,3,
Gupta,3,100,8,8,3,
Lars1,3,10,10,10,3,
Lars2,3,10,10,10,3,
Lis,3,10,10,10,3,
Gupta,3,10,10,10,3,
Lars1,3,10,2,2,3,63.0
Lars2,3,10,2,2,3,50.0
Lis,3,10,2,2,3,
Gupta,3,10,2,2,3,
Lars1,3,10,4,4,3,
Lars2,3,10,4,4,3,
Lis,3,10,4,4,3,
Gupta,3,10,4,4,3,
Lars1,3,10,6,6,3,
Lars2,3,10,6,6,3,
Lis,3,10,6,6,3,
Gupta,3,10,6,6,3,
Lars1,3,10,8,8,3,
Lars2,3,10,8,8,3,
Lis,3,10,8,8,3,
Gupta,3,10,8,8,3,
Lars1,3,1,10,10,3,
Lars2,3,1,10,10,3,
Lis,3,1,10,10,3,
Gupta,3,1,10,10,3,
Lars1,3,1,2,2,3,149.0
Lars2,3,1,2,2,3,71.0
Lis,3,1,2,2,3,
Gupta,3,1,2,2,3,
Lars1,3,1,4,4,3,
Lars2,3,1,4,4,3,
Lis,3,1,4,4,3,
Gupta,3,1,4,4,3,
Lars1,3,1,6,6,3,
Lars2,3,1,6,6,3,
Lis,3,1,6,6,3,
Gupta,3,1,6,6,3,
Lars1,3,1,8,8,3,
Lars2,3,1,8,8,3,
Lis,3,1,8,8,3,
Gupta,3,1,8,8,3,
Lars1,3,20,10,10,3,
Lars2,3,20,10,10,3,
Lis,3,20,10,10,3,
Gupta,3,20,10,10,3,
Lars1,3,20,2,2,3,101.0
Lars2,3,20,2,2,3,71.0
Lis,3,20,2,2,3,
Gupta,3,20,2,2,3,
Lars1,3,20,4,4,3,
Lars2,3,20,4,4,3,
Lis,3,20,4,4,3,
Gupta,3,20,4,4,3,
Lars1,3,20,6,6,3,
Lars2,3,20,6,6,3,
Lis,3,20,6,6,3,
Gupta,3,20,6,6,3,
Lars1,3,20,8,8,3,
Lars2,3,20,8,8,3,
Lis,3,20,8,8,3,
Gupta,3,20,8,8,3,
Lars1,3,2,10,10,3,
Lars2,3,2,10,10,3,
Lis,3,2,10,10,3,
Gupta,3,2,10,10,3,
Lars1,3,2,2,2,3,308.0
Lars2,3,2,2,2,3,80.0
Lis,3,2,2,2,3,
Gupta,3,2,2,2,3,
Lars1,3,2,4,4,3,
Lars2,3,2,4,4,3,
Lis,3,2,4,4,3,
Gupta,3,2,4,4,3,
Lars1,3,2,6,6,3,
Lars2,3,2,6,6,3,
Lis,3,2,6,6,3,
Gupta,3,2,6,6,3,
Lars1,3,2,8,8,3,
Lars2,3,2,8,8,3,
Lis,3,2,8,8,3,
Gupta,3,2,8,8,3,
Lars1,3,3,10,10,3,
Lars2,3,3,10,10,3,
Lis,3,3,10,10,3,
Gupta,3,3,10,10,3,
Lars1,3,3,2,2,3,85.0
Lars2,3,3,2,2,3,59.0
Lis,3,3,2,2,3,
Gupta,3,3,2,2,3,
Lars1,3,3,4,4,3,
Lars2,3,3,4,4,3,
Lis,3,3,4,4,3,
Gupta,3,3,4,4,3,
Lars1,3,3,6,6,3,
Lars2,3,3,6,6,3,
Lis,3,3,6,6,3,
Gupta,3,3,6,6,3,
Lars1,3,3,8,8,3,
Lars2,3,3,8,8,3,
Lis,3,3,8,8,3,
Gupta,3,3,8,8,3,
Lars1,3,40,10,10,3,
Lars2,3,40,10,10,3,
Lis,3,40,10,10,3,
Gupta,3,40,10,10,3,
Lars1,3,40,2,2,3,465.0
Lars2,3,40,2,2,3,82.0
Lis,3,40,2,2,3,
Gupta,3,40,2,2,3,
Lars1,3,40,4,4,3,
Lars2,3,40,4,4,3,
Lis,3,40,4,4,3,
Gupta,3,40,4,4,3,
Lars1,3,40,6,6,3,
Lars2,3,40,6,6,3,
Lis,3,40,6,6,3,
Gupta,3,40,6,6,3,
Lars1,3,40,8,8,3,
Lars2,3,40,8,8,3,
Lis,3,40,8,8,3,
Gupta,3,40,8,8,3,
Lars1,3,4,10,10,3,
Lars2,3,4,10,10,3,
Lis,3,4,10,10,3,
Gupta,3,4,10,10,3,
Lars1,3,4,2,2,3,381.0
Lars2,3,4,2,2,3,83.0
Lis,3,4,2,2,3,
Gupta,3,4,2,2,3,
Lars1,3,4,4,4,3,
Lars2,3,4,4,4,3,
Lis,3,4,4,4,3,
Gupta,3,4,4,4,3,
Lars1,3,4,6,6,3,
Lars2,3,4,6,6,3,
Lis,3,4,6,6,3,
Gupta,3,4,6,6,3,
Lars1,3,4,8,8,3,
Lars2,3,4,8,8,3,
Lis,3,4,8,8,3,
Gupta,3,4,8,8,3,
Lars1,3,500,10,10,3,
Lars2,3,500,10,10,3,
Lis,3,500,10,10,3,
Gupta,3,500,10,10,3,
Lars1,3,500,2,2,3,
Lars2,3,500,2,2,3,325.0
Lis,3,500,2,2,3,
Gupta,3,500,2,2,3,
Lars1,3,500,4,4,3,
Lars2,3,500,4,4,3,
Lis,3,500,4,4,3,
Gupta,3,500,4,4,3,
Lars1,3,500,6,6,3,
Lars2,3,500,6,6,3,
Lis,3,500,6,6,3,
Gupta,3,500,6,6,3,
Lars1,3,500,8,8,3,
Lars2,3,500,8,8,3,
Lis,3,500,8,8,3,
Gupta,3,500,8,8,3,
Lars1,3,5,10,10,3,
Lars2,3,5,10,10,3,
Lis,3,5,10,10,3,
Gupta,3,5,10,10,3,
Lars1,3,5,2,2,3,72.0
Lars2,3,5,2,2,3,74.0
Lis,3,5,2,2,3,
Gupta,3,5,2,2,3,
Lars1,3,5,4,4,3,
Lars2,3,5,4,4,3,
Lis,3,5,4,4,3,
Gupta,3,5,4,4,3,
Lars1,3,5,6,6,3,
Lars2,3,5,6,6,3,
Lis,3,5,6,6,3,
Gupta,3,5,6,6,3,
Lars1,3,5,8,8,3,
Lars2,3,5,8,8,3,
Lis,3,5,8,8,3,
Gupta,3,5,8,8,3,
Lars1,3,60,10,10,3,
Lars2,3,60,10,10,3,
Lis,3,60,10,10,3,
Gupta,3,60,10,10,3,
Lars1,3,60,2,2,3,2727.0
Lars2,3,60,2,2,3,87.0
Lis,3,60,2,2,3,
Gupta,3,60,2,2,3,
Lars1,3,60,4,4,3,
Lars2,3,60,4,4,3,6257.0
Lis,3,60,4,4,3,
Gupta,3,60,4,4,3,
Lars1,3,60,6,6,3,
Lars2,3,60,6,6,3,
Lis,3,60,6,6,3,
Gupta,3,60,6,6,3,
Lars1,3,60,8,8,3,
Lars2,3,60,8,8,3,
Lis,3,60,8,8,3,
Gupta,3,60,8,8,3,
Lars1,3,6,10,10,3,
Lars2,3,6,10,10,3,
Lis,3,6,10,10,3,
Gupta,3,6,10,10,3,
Lars1,3,6,2,2,3,120.0
Lars2,3,6,2,2,3,73.0
Lis,3,6,2,2,3,
Gupta,3,6,2,2,3,
Lars1,3,6,4,4,3,
Lars2,3,6,4,4,3,
Lis,3,6,4,4,3,
Gupta,3,6,4,4,3,
Lars1,3,6,6,6,3,
Lars2,3,6,6,6,3,
Lis,3,6,6,6,3,
Gupta,3,6,6,6,3,
Lars1,3,6,8,8,3,
Lars2,3,6,8,8,3,
Lis,3,6,8,8,3,
Gupta,3,6,8,8,3,
Lars1,3,7,10,10,3,
Lars2,3,7,10,10,3,
Lis,3,7,10,10,3,
Gupta,3,7,10,10,3,
Lars1,3,7,2,2,3,149.0
Lars2,3,7,2,2,3,98.0
Lis,3,7,2,2,3,
Gupta,3,7,2,2,3,
Lars1,3,7,4,4,3,
Lars2,3,7,4,4,3,
Lis,3,7,4,4,3,
Gupta,3,7,4,4,3,
Lars1,3,7,6,6,3,
Lars2,3,7,6,6,3,
Lis,3,7,6,6,3,
Gupta,3,7,6,6,3,
Lars1,3,7,8,8,3,
Lars2,3,7,8,8,3,
Lis,3,7,8,8,3,
Gupta,3,7,8,8,3,
Lars1,3,80,10,10,3,
Lars2,3,80,10,10,3,
Lis,3,80,10,10,3,
Gupta,3,80,10,10,3,
Lars1,3,80,2,2,3,
Lars2,3,80,2,2,3,114.0
Lis,3,80,2,2,3,
Gupta,3,80,2,2,3,
Lars1,3,80,4,4,3,
Lars2,3,80,4,4,3,
Lis,3,80,4,4,3,
Gupta,3,80,4,4,3,
Lars1,3,80,6,6,3,
Lars2,3,80,6,6,3,
Lis,3,80,6,6,3,
Gupta,3,80,6,6,3,
Lars1,3,80,8,8,3,
Lars2,3,80,8,8,3,
Lis,3,80,8,8,3,
Gupta,3,80,8,8,3,
Lars1,3,8,10,10,3,
Lars2,3,8,10,10,3,
Lis,3,8,10,10,3,
Gupta,3,8,10,10,3,
Lars1,3,8,2,2,3,277.0
Lars2,3,8,2,2,3,86.0
Lis,3,8,2,2,3,
Gupta,3,8,2,2,3,
Lars1,3,8,4,4,3,
Lars2,3,8,4,4,3,
Lis,3,8,4,4,3,
Gupta,3,8,4,4,3,
Lars1,3,8,6,6,3,
Lars2,3,8,6,6,3,
Lis,3,8,6,6,3,
Gupta,3,8,6,6,3,
Lars1,3,8,8,8,3,
Lars2,3,8,8,8,3,
Lis,3,8,8,8,3,
Gupta,3,8,8,8,3,
Lars1,3,9,10,10,3,
Lars2,3,9,10,10,3,
Lis,3,9,10,10,3,
Gupta,3,9,10,10,3,
Lars1,3,9,2,2,3,88.0
Lars2,3,9,2,2,3,59.0
Lis,3,9,2,2,3,
Gupta,3,9,2,2,3,
Lars1,3,9,4,4,3,
Lars2,3,9,4,4,3,
Lis,3,9,4,4,3,
Gupta,3,9,4,4,3,
Lars1,3,9,6,6,3,
Lars2,3,9,6,6,3,
Lis,3,9,6,6,3,
Gupta,3,9,6,6,3,
Lars1,3,9,8,8,3,
Lars2,3,9,8,8,3,
Lis,3,9,8,8,3,
Gupta,3,9,8,8,3,
Lars1,40,1000,10,10,3,
Lars2,40,1000,10,10,3,
Lis,40,1000,10,10,3,
Gupta,40,1000,10,10,3,
Lars1,40,1000,2,2,3,
Lars2,40,1000,2,2,3,92.0
Lis,40,1000,2,2,3,
Gupta,40,1000,2,2,3,
Lars1,40,1000,4,4,3,
Lars2,40,1000,4,4,3,
Lis,40,1000,4,4,3,
Gupta,40,1000,4,4,3,
Lars1,40,1000,6,6,3,
Lars2,40,1000,6,6,3,
Lis,40,1000,6,6,3,
Gupta,40,1000,6,6,3,
Lars1,40,1000,8,8,3,
Lars2,40,1000,8,8,3,
Lis,40,1000,8,8,3,
Gupta,40,1000,8,8,3,
Lars1,40,100,10,10,3,
Lars2,40,100,10,10,3,
Lis,40,100,10,10,3,
Gupta,40,100,10,10,3,
Lars1,40,100,2,2,3,
Lars2,40,100,2,2,3,75.0
Lis,40,100,2,2,3,
Gupta,40,100,2,2,3,
Lars1,40,100,4,4,3,
Lars2,40,100,4,4,3,
Lis,40,100,4,4,3,
Gupta,40,100,4,4,3,
Lars1,40,100,6,6,3,
Lars2,40,100,6,6,3,
Lis,40,100,6,6,3,
Gupta,40,100,6,6,3,
Lars1,40,100,8,8,3,
Lars2,40,100,8,8,3,
Lis,40,100,8,8,3,
Gupta,40,100,8,8,3,
Lars1,40,10,10,10,3,
Lars2,40,10,10,10,3,
Lis,40,10,10,10,3,
Gupta,40,10,10,10,3,
Lars1,40,10,2,2,3,
Lars2,40,10,2,2,3,98.0
Lis,40,10,2,2,3,
Gupta,40,10,2,2,3,
Lars1,40,10,4,4,3,
Lars2,40,10,4,4,3,
Lis,40,10,4,4,3,
Gupta,40,10,4,4,3,
Lars1,40,10,6,6,3,
Lars2,40,10,6,6,3,
Lis,40,10,6,6,3,
Gupta,40,10,6,6,3,
Lars1,40,10,8,8,3,
Lars2,40,10,8,8,3,
Lis,40,10,8,8,3,
Gupta,40,10,8,8,3,
Lars1,40,1,10,10,3,
Lars2,40,1,10,10,3,
Lis,40,1,10,10,3,
Gupta,40,1,10,10,3,
Lars1,40,1,2,2,3,
Lars2,40,1,2,2,3,82.0
Lis,40,1,2,2,3,
Gupta,40,1,2,2,3,
Lars1,40,1,4,4,3,
Lars2,40,1,4,4,3,
Lis,40,1,4,4,3,
Gupta,40,1,4,4,3,
Lars1,40,1,6,6,3,
Lars2,40,1,6,6,3,
Lis,40,1,6,6,3,
Gupta,40,1,6,6,3,
Lars1,40,1,8,8,3,
Lars2,40,1,8,8,3,
Lis,40,1,8,8,3,
Gupta,40,1,8,8,3,
Lars1,40,20,10,10,3,
Lars2,40,20,10,10,3,
Lis,40,20,10,10,3,
Gupta,40,20,10,10,3,
Lars1,40,20,2,2,3,
Lars2,40,20,2,2,3,80.0
Lis,40,20,2,2,3,
Gupta,40,20,2,2,3,
Lars1,40,20,4,4,3,
Lars2,40,20,4,4,3,
Lis,40,20,4,4,3,
Gupta,40,20,4,4,3,
Lars1,40,20,6,6,3,
Lars2,40,20,6,6,3,
Lis,40,20,6,6,3,
Gupta,40,20,6,6,3,
Lars1,40,20,8,8,3,
Lars2,40,20,8,8,3,
Lis,40,20,8,8,3,
Gupta,40,20,8,8,3,
Lars1,40,2,10,10,3,
Lars2,40,2,10,10,3,
Lis,40,2,10,10,3,
Gupta,40,2,10,10,3,
Lars1,40,2,2,2,3,
Lars2,40,2,2,2,3,74.0
Lis,40,2,2,2,3,
Gupta,40,2,2,2,3,
Lars1,40,2,4,4,3,
Lars2,40,2,4,4,3,
Lis,40,2,4,4,3,
Gupta,40,2,4,4,3,
Lars1,40,2,6,6,3,
Lars2,40,2,6,6,3,
Lis,40,2,6,6,3,
Gupta,40,2,6,6,3,
Lars1,40,2,8,8,3,
Lars2,40,2,8,8,3,
Lis,40,2,8,8,3,
Gupta,40,2,8,8,3,
Lars1,40,3,10,10,3,
Lars2,40,3,10,10,3,
Lis,40,3,10,10,3,
Gupta,40,3,10,10,3,
Lars1,40,3,2,2,3,
Lars2,40,3,2,2,3,66.0
Lis,40,3,2,2,3,
Gupta,40,3,2,2,3,
Lars1,40,3,4,4,3,
Lars2,40,3,4,4,3,
Lis,40,3,4,4,3,
Gupta,40,3,4,4,3,
Lars1,40,3,6,6,3,
Lars2,40,3,6,6,3,
Lis,40,3,6,6,3,
Gupta,40,3,6,6,3,
Lars1,40,3,8,8,3,
Lars2,40,3,8,8,3,
Lis,40,3,8,8,3,
Gupta,40,3,8,8,3,
Lars1,40,40,10,10,3,
Lars2,40,40,10,10,3,
Lis,40,40,10,10,3,
Gupta,40,40,10,10,3,
Lars1,40,40,2,2,3,
Lars2,40,40,2,2,3,75.0
Lis,40,40,2,2,3,
Gupta,40,40,2,2,3,
Lars1,40,40,4,4,3,
Lars2,40,40,4,4,3,
Lis,40,40,4,4,3,
Gupta,40,40,4,4,3,
Lars1,40,40,6,6,3,
Lars2,40,40,6,6,3,
Lis,40,40,6,6,3,
Gupta,40,40,6,6,3,
Lars1,40,40,8,8,3,
Lars2,40,40,8,8,3,
Lis,40,40,8,8,3,
Gupta,40,40,8,8,3,
Lars1,40,4,10,10,3,
Lars2,40,4,10,10,3,
Lis,40,4,10,10,3,
Gupta,40,4,10,10,3,
Lars1,40,4,2,2,3,
Lars2,40,4,2,2,3,76.0
Lis,40,4,2,2,3,
Gupta,40,4,2,2,3,
Lars1,40,4,4,4,3,
Lars2,40,4,4,4,3,
Lis,40,4,4,4,3,
Gupta,40,4,4,4,3,
Lars1,40,4,6,6,3,
Lars2,40,4,6,6,3,
Lis,40,4,6,6,3,
Gupta,40,4,6,6,3,
Lars1,40,4,8,8,3,
Lars2,40,4,8,8,3,
Lis,40,4,8,8,3,
Gupta,40,4,8,8,3,
Lars1,40,500,10,10,3,
Lars2,40,500,10,10,3,
Lis,40,500,10,10,3,
Gupta,40,500,10,10,3,
Lars1,40,500,2,2,3,
Lars2,40,500,2,2,3,139.0
Lis,40,500,2,2,3,
Gupta,40,500,2,2,3,
Lars1,40,500,4,4,3,
Lars2,40,500,4,4,3,
Lis,40,500,4,4,3,
Gupta,40,500,4,4,3,
Lars1,40,500,6,6,3,
Lars2,40,500,6,6,3,
Lis,40,500,6,6,3,
Gupta,40,500,6,6,3,
Lars1,40,500,8,8,3,
Lars2,40,500,8,8,3,
Lis,40,500,8,8,3,
Gupta,40,500,8,8,3,
Lars1,40,5,10,10,3,
Lars2,40,5,10,10,3,
Lis,40,5,10,10,3,
Gupta,40,5,10,10,3,
Lars1,40,5,2,2,3,
Lars2,40,5,2,2,3,65.0
Lis,40,5,2,2,3,
Gupta,40,5,2,2,3,
Lars1,40,5,4,4,3,
Lars2,40,5,4,4,3,
Lis,40,5,4,4,3,
Gupta,40,5,4,4,3,
Lars1,40,5,6,6,3,
Lars2,40,5,6,6,3,
Lis,40,5,6,6,3,
Gupta,40,5,6,6,3,
Lars1,40,5,8,8,3,
Lars2,40,5,8,8,3,
Lis,40,5,8,8,3,
Gupta,40,5,8,8,3,
Lars1,40,60,10,10,3,
Lars2,40,60,10,10,3,
Lis,40,60,10,10,3,
Gupta,40,60,10,10,3,
Lars1,40,60,2,2,3,
Lars2,40,60,2,2,3,74.0
Lis,40,60,2,2,3,
Gupta,40,60,2,2,3,
Lars1,40,60,4,4,3,
Lars2,40,60,4,4,3,
Lis,40,60,4,4,3,
Gupta,40,60,4,4,3,
Lars1,40,60,6,6,3,
Lars2,40,60,6,6,3,
Lis,40,60,6,6,3,
Gupta,40,60,6,6,3,
Lars1,40,60,8,8,3,
Lars2,40,60,8,8,3,
Lis,40,60,8,8,3,
Gupta,40,60,8,8,3,
Lars1,40,6,10,10,3,
Lars2,40,6,10,10,3,
Lis,40,6,10,10,3,
Gupta,40,6,10,10,3,
Lars1,40,6,2,2,3,
Lars2,40,6,2,2,3,72.0
Lis,40,6,2,2,3,
Gupta,40,6,2,2,3,
Lars1,40,6,4,4,3,
Lars2,40,6,4,4,3,
Lis,40,6,4,4,3,
Gupta,40,6,4,4,3,
Lars1,40,6,6,6,3,
Lars2,40,6,6,6,3,
Lis,40,6,6,6,3,
Gupta,40,6,6,6,3,
Lars1,40,6,8,8,3,
Lars2,40,6,8,8,3,
Lis,40,6,8,8,3,
Gupta,40,6,8,8,3,
Lars1,40,7,10,10,3,
Lars2,40,7,10,10,3,
Lis,40,7,10,10,3,
Gupta,40,7,10,10,3,
Lars1,40,7,2,2,3,
Lars2,40,7,2,2,3,71.0
Lis,40,7,2,2,3,
Gupta,40,7,2,2,3,
Lars1,40,7,4,4,3,
Lars2,40,7,4,4,3,
Lis,40,7,4,4,3,
Gupta,40,7,4,4,3,
Lars1,40,7,6,6,3,
Lars2,40,7,6,6,3,
Lis,40,7,6,6,3,
Gupta,40,7,6,6,3,
Lars1,40,7,8,8,3,
Lars2,40,7,8,8,3,
Lis,40,7,8,8,3,
Gupta,40,7,8,8,3,
Lars1,40,80,10,10,3,
Lars2,40,80,10,10,3,
Lis,40,80,10,10,3,
Gupta,40,80,10,10,3,
Lars1,40,80,2,2,3,
Lars2,40,80,2,2,3,83.0
Lis,40,80,2,2,3,
Gupta,40,80,2,2,3,
Lars1,40,80,4,4,3,
Lars2,40,80,4,4,3,
Lis,40,80,4,4,3,
Gupta,40,80,4,4,3,
Lars1,40,80,6,6,3,
Lars2,40,80,6,6,3,
Lis,40,80,6,6,3,
Gupta,40,80,6,6,3,
Lars1,40,80,8,8,3,
Lars2,40,80,8,8,3,
Lis,40,80,8,8,3,
Gupta,40,80,8,8,3,
Lars1,40,8,10,10,3,
Lars2,40,8,10,10,3,
Lis,40,8,10,10,3,
Gupta,40,8,10,10,3,
Lars1,40,8,2,2,3,
Lars2,40,8,2,2,3,72.0
Lis,40,8,2,2,3,
Gupta,40,8,2,2,3,
Lars1,40,8,4,4,3,
Lars2,40,8,4,4,3,
Lis,40,8,4,4,3,
Gupta,40,8,4,4,3,
Lars1,40,8,6,6,3,
Lars2,40,8,6,6,3,
Lis,40,8,6,6,3,
Gupta,40,8,6,6,3,
Lars1,40,8,8,8,3,
Lars2,40,8,8,8,3,
Lis,40,8,8,8,3,
Gupta,40,8,8,8,3,
Lars1,40,9,10,10,3,
Lars2,40,9,10,10,3,
Lis,40,9,10,10,3,
Gupta,40,9,10,10,3,
Lars1,40,9,2,2,3,
Lars2,40,9,2,2,3,88.0
Lis,40,9,2,2,3,
Gupta,40,9,2,2,3,
Lars1,40,9,4,4,3,
Lars2,40,9,4,4,3,
Lis,40,9,4,4,3,
Gupta,40,9,4,4,3,
Lars1,40,9,6,6,3,
Lars2,40,9,6,6,3,
Lis,40,9,6,6,3,
Gupta,40,9,6,6,3,
Lars1,40,9,8,8,3,
Lars2,40,9,8,8,3,
Lis,40,9,8,8,3,
Gupta,40,9,8,8,3,
Lars1,4,1000,10,10,3,
Lars2,4,1000,10,10,3,
Lis,4,1000,10,10,3,
Gupta,4,1000,10,10,3,
Lars1,4,1000,2,2,3,
Lars2,4,1000,2,2,3,549.0
Lis,4,1000,2,2,3,
Gupta,4,1000,2,2,3,
Lars1,4,1000,4,4,3,
Lars2,4,1000,4,4,3,
Lis,4,1000,4,4,3,
Gupta,4,1000,4,4,3,
Lars1,4,1000,6,6,3,
Lars2,4,1000,6,6,3,
Lis,4,1000,6,6,3,
Gupta,4,1000,6,6,3,
Lars1,4,1000,8,8,3,
Lars2,4,1000,8,8,3,
Lis,4,1000,8,8,3,
Gupta,4,1000,8,8,3,
Lars1,4,100,10,10,3,
Lars2,4,100,10,10,3,
Lis,4,100,10,10,3,
Gupta,4,100,10,10,3,
Lars1,4,100,2,2,3,3559.0
Lars2,4,100,2,2,3,88.0
Lis,4,100,2,2,3,
Gupta,4,100,2,2,3,
Lars1,4,100,4,4,3,
Lars2,4,100,4,4,3,
Lis,4,100,4,4,3,
Gupta,4,100,4,4,3,
Lars1,4,100,6,6,3,
Lars2,4,100,6,6,3,
Lis,4,100,6,6,3,
Gupta,4,100,6,6,3,
Lars1,4,100,8,8,3,
Lars2,4,100,8,8,3,
Lis,4,100,8,8,3,
Gupta,4,100,8,8,3,
Lars1,4,10,10,10,3,
Lars2,4,10,10,10,3,
Lis,4,10,10,10,3,
Gupta,4,10,10,10,3,
Lars1,4,10,2,2,3,205.0
Lars2,4,10,2,2,3,70.0
Lis,4,10,2,2,3,
Gupta,4,10,2,2,3,
Lars1,4,10,4,4,3,
Lars2,4,10,4,4,3,
Lis,4,10,4,4,3,
Gupta,4,10,4,4,3,
Lars1,4,10,6,6,3,
Lars2,4,10,6,6,3,
Lis,4,10,6,6,3,
Gupta,4,10,6,6,3,
Lars1,4,10,8,8,3,
Lars2,4,10,8,8,3,
Lis,4,10,8,8,3,
Gupta,4,10,8,8,3,
Lars1,4,1,10,10,3,
Lars2,4,1,10,10,3,
Lis,4,1,10,10,3,
Gupta,4,1,10,10,3,
Lars1,4,1,2,2,3,199.0
Lars2,4,1,2,2,3,74.0
Lis,4,1,2,2,3,
Gupta,4,1,2,2,3,
Lars1,4,1,4,4,3,
Lars2,4,1,4,4,3,
Lis,4,1,4,4,3,
Gupta,4,1,4,4,3,
Lars1,4,1,6,6,3,
Lars2,4,1,6,6,3,
Lis,4,1,6,6,3,
Gupta,4,1,6,6,3,
Lars1,4,1,8,8,3,
Lars2,4,1,8,8,3,
Lis,4,1,8,8,3,
Gupta,4,1,8,8,3,
Lars1,4,20,10,10,3,
Lars2,4,20,10,10,3,
Lis,4,20,10,10,3,
Gupta,4,20,10,10,3,
Lars1,4,20,2,2,3,102.0
Lars2,4,20,2,2,3,85.0
Lis,4,20,2,2,3,
Gupta,4,20,2,2,3,
Lars1,4,20,4,4,3,
Lars2,4,20,4,4,3,
Lis,4,20,4,4,3,
Gupta,4,20,4,4,3,
Lars1,4,20,6,6,3,
Lars2,4,20,6,6,3,
Lis,4,20,6,6,3,
Gupta,4,20,6,6,3,
Lars1,4,20,8,8,3,
Lars2,4,20,8,8,3,
Lis,4,20,8,8,3,
Gupta,4,20,8,8,3,
Lars1,4,2,10,10,3,
Lars2,4,2,10,10,3,
Lis,4,2,10,10,3,
Gupta,4,2,10,10,3,
Lars1,4,2,2,2,3,243.0
Lars2,4,2,2,2,3,68.0
Lis,4,2,2,2,3,
Gupta,4,2,2,2,3,
Lars1,4,2,4,4,3,
Lars2,4,2,4,4,3,
Lis,4,2,4,4,3,
Gupta,4,2,4,4,3,
Lars1,4,2,6,6,3,
Lars2,4,2,6,6,3,
Lis,4,2,6,6,3,
Gupta,4,2,6,6,3,
Lars1,4,2,8,8,3,
Lars2,4,2,8,8,3,
Lis,4,2,8,8,3,
Gupta,4,2,8,8,3,
Lars1,4,3,10,10,3,
Lars2,4,3,10,10,3,
Lis,4,3,10,10,3,
Gupta,4,3,10,10,3,
Lars1,4,3,2,2,3,261.0
Lars2,4,3,2,2,3,73.0
Lis,4,3,2,2,3,
Gupta,4,3,2,2,3,
Lars1,4,3,4,4,3,
Lars2,4,3,4,4,3,
Lis,4,3,4,4,3,
Gupta,4,3,4,4,3,
Lars1,4,3,6,6,3,
Lars2,4,3,6,6,3,
Lis,4,3,6,6,3,
Gupta,4,3,6,6,3,
Lars1,4,3,8,8,3,
Lars2,4,3,8,8,3,
Lis,4,3,8,8,3,
Gupta,4,3,8,8,3,
Lars1,4,40,10,10,3,
Lars2,4,40,10,10,3,
Lis,4,40,10,10,3,
Gupta,4,40,10,10,3,
Lars1,4,40,2,2,3,594.0
Lars2,4,40,2,2,3,92.0
Lis,4,40,2,2,3,
Gupta,4,40,2,2,3,
Lars1,4,40,4,4,3,
Lars2,4,40,4,4,3,
Lis,4,40,4,4,3,
Gupta,4,40,4,4,3,
Lars1,4,40,6,6,3,
Lars2,4,40,6,6,3,
Lis,4,40,6,6,3,
Gupta,4,40,6,6,3,
Lars1,4,40,8,8,3,
Lars2,4,40,8,8,3,
Lis,4,40,8,8,3,
Gupta,4,40,8,8,3,
Lars1,4,4,10,10,3,
Lars2,4,4,10,10,3,
Lis,4,4,10,10,3,
Gupta,4,4,10,10,3,
Lars1,4,4,2,2,3,153.0
Lars2,4,4,2,2,3,61.0
Lis,4,4,2,2,3,
Gupta,4,4,2,2,3,
Lars1,4,4,4,4,3,
Lars2,4,4,4,4,3,
Lis,4,4,4,4,3,
Gupta,4,4,4,4,3,
Lars1,4,4,6,6,3,
Lars2,4,4,6,6,3,
Lis,4,4,6,6,3,
Gupta,4,4,6,6,3,
Lars1,4,4,8,8,3,
Lars2,4,4,8,8,3,
Lis,4,4,8,8,3,
Gupta,4,4,8,8,3,
Lars1,4,500,10,10,3,
Lars2,4,500,10,10,3,
Lis,4,500,10,10,3,
Gupta,4,500,10,10,3,
Lars1,4,500,2,2,3,
Lars2,4,500,2,2,3,245.0
Lis,4,500,2,2,3,
Gupta,4,500,2,2,3,
Lars1,4,500,4,4,3,
Lars2,4,500,4,4,3,
Lis,4,500,4,4,3,
Gupta,4,500,4,4,3,
Lars1,4,500,6,6,3,
Lars2,4,500,6,6,3,
Lis,4,500,6,6,3,
Gupta,4,500,6,6,3,
Lars1,4,500,8,8,3,
Lars2,4,500,8,8,3,
Lis,4,500,8,8,3,
Gupta,4,500,8,8,3,
Lars1,4,5,10,10,3,
Lars2,4,5,10,10,3,
Lis,4,5,10,10,3,
Gupta,4,5,10,10,3,
Lars1,4,5,2,2,3,170.0
Lars2,4,5,2,2,3,68.0
Lis,4,5,2,2,3,
Gupta,4,5,2,2,3,
Lars1,4,5,4,4,3,
Lars2,4,5,4,4,3,
Lis,4,5,4,4,3,
Gupta,4,5,4,4,3,
Lars1,4,5,6,6,3,
Lars2,4,5,6,6,3,
Lis,4,5,6,6,3,
Gupta,4,5,6,6,3,
Lars1,4,5,8,8,3,
Lars2,4,5,8,8,3,
Lis,4,5,8,8,3,
Gupta,4,5,8,8,3,
Lars1,4,60,10,10,3,
Lars2,4,60,10,10,3,
Lis,4,60,10,10,3,
Gupta,4,60,10,10,3,
Lars1,4,60,2,2,3,1037.0
Lars2,4,60,2,2,3,87.0
Lis,4,60,2,2,3,
Gupta,4,60,2,2,3,
Lars1,4,60,4,4,3,
Lars2,4,60,4,4,3,
Lis,4,60,4,4,3,
Gupta,4,60,4,4,3,
Lars1,4,60,6,6,3,
Lars2,4,60,6,6,3,
Lis,4,60,6,6,3,
Gupta,4,60,6,6,3,
Lars1,4,60,8,8,3,
Lars2,4,60,8,8,3,
Lis,4,60,8,8,3,
Gupta,4,60,8,8,3,
Lars1,4,6,10,10,3,
Lars2,4,6,10,10,3,
Lis,4,6,10,10,3,
Gupta,4,6,10,10,3,
Lars1,4,6,2,2,3,151.0
Lars2,4,6,2,2,3,65.0
Lis,4,6,2,2,3,
Gupta,4,6,2,2,3,
Lars1,4,6,4,4,3,
Lars2,4,6,4,4,3,
Lis,4,6,4,4,3,
Gupta,4,6,4,4,3,
Lars1,4,6,6,6,3,
Lars2,4,6,6,6,3,
Lis,4,6,6,6,3,
Gupta,4,6,6,6,3,
Lars1,4,6,8,8,3,
Lars2,4,6,8,8,3,
Lis,4,6,8,8,3,
Gupta,4,6,8,8,3,
Lars1,4,7,10,10,3,
Lars2,4,7,10,10,3,
Lis,4,7,10,10,3,
Gupta,4,7,10,10,3,
Lars1,4,7,2,2,3,362.0
Lars2,4,7,2,2,3,69.0
Lis,4,7,2,2,3,
Gupta,4,7,2,2,3,
Lars1,4,7,4,4,3,
Lars2,4,7,4,4,3,
Lis,4,7,4,4,3,
Gupta,4,7,4,4,3,
Lars1,4,7,6,6,3,
Lars2,4,7,6,6,3,
Lis,4,7,6,6,3,
Gupta,4,7,6,6,3,
Lars1,4,7,8,8,3,
Lars2,4,7,8,8,3,
Lis,4,7,8,8,3,
Gupta,4,7,8,8,3,
Lars1,4,80,10,10,3,
Lars2,4,80,10,10,3,
Lis,4,80,10,10,3,
Gupta,4,80,10,10,3,
Lars1,4,80,2,2,3,
Lars2,4,80,2,2,3,91.0
Lis,4,80,2,2,3,
Gupta,4,80,2,2,3,
Lars1,4,80,4,4,3,
Lars2,4,80,4,4,3,
Lis,4,80,4,4,3,
Gupta,4,80,4,4,3,
Lars1,4,80,6,6,3,
Lars2,4,80,6,6,3,
Lis,4,80,6,6,3,
Gupta,4,80,6,6,3,
Lars1,4,80,8,8,3,
Lars2,4,80,8,8,3,
Lis,4,80,8,8,3,
Gupta,4,80,8,8,3,
Lars1,4,8,10,10,3,
Lars2,4,8,10,10,3,
Lis,4,8,10,10,3,
Gupta,4,8,10,10,3,
Lars1,4,8,2,2,3,320.0
Lars2,4,8,2,2,3,72.0
Lis,4,8,2,2,3,
Gupta,4,8,2,2,3,
Lars1,4,8,4,4,3,
Lars2,4,8,4,4,3,
Lis,4,8,4,4,3,
Gupta,4,8,4,4,3,
Lars1,4,8,6,6,3,
Lars2,4,8,6,6,3,
Lis,4,8,6,6,3,
Gupta,4,8,6,6,3,
Lars1,4,8,8,8,3,
Lars2,4,8,8,8,3,
Lis,4,8,8,8,3,
Gupta,4,8,8,8,3,
Lars1,4,9,10,10,3,
Lars2,4,9,10,10,3,
Lis,4,9,10,10,3,
Gupta,4,9,10,10,3,
Lars1,4,9,2,2,3,1464.0
Lars2,4,9,2,2,3,88.0
Lis,4,9,2,2,3,
Gupta,4,9,2,2,3,
Lars1,4,9,4,4,3,
Lars2,4,9,4,4,3,
Lis,4,9,4,4,3,
Gupta,4,9,4,4,3,
Lars1,4,9,6,6,3,
Lars2,4,9,6,6,3,
Lis,4,9,6,6,3,
Gupta,4,9,6,6,3,
Lars1,4,9,8,8,3,
Lars2,4,9,8,8,3,
Lis,4,9,8,8,3,
Gupta,4,9,8,8,3,
Lars1,500,1000,10,10,3,
Lars2,500,1000,10,10,3,
Lis,500,1000,10,10,3,
Gupta,500,1000,10,10,3,
Lars1,500,1000,2,2,3,
Lars2,500,1000,2,2,3,84.0
Lis,500,1000,2,2,3,
Gupta,500,1000,2,2,3,
Lars1,500,1000,4,4,3,
Lars2,500,1000,4,4,3,
Lis,500,1000,4,4,3,
Gupta,500,1000,4,4,3,
Lars1,500,1000,6,6,3,
Lars2,500,1000,6,6,3,
Lis,500,1000,6,6,3,
Gupta,500,1000,6,6,3,
Lars1,500,1000,8,8,3,
Lars2,500,1000,8,8,3,
Lis,500,1000,8,8,3,
Gupta,500,1000,8,8,3,
Lars1,500,100,10,10,3,
Lars2,500,100,10,10,3,
Lis,500,100,10,10,3,
Gupta,500,100,10,10,3,
Lars1,500,100,2,2,3,
Lars2,500,100,2,2,3,67.0
Lis,500,100,2,2,3,
Gupta,500,100,2,2,3,
Lars1,500,100,4,4,3,
Lars2,500,100,4,4,3,
Lis,500,100,4,4,3,
Gupta,500,100,4,4,3,
Lars1,500,100,6,6,3,
Lars2,500,100,6,6,3,
Lis,500,100,6,6,3,
Gupta,500,100,6,6,3,
Lars1,500,100,8,8,3,
Lars2,500,100,8,8,3,
Lis,500,100,8,8,3,
Gupta,500,100,8,8,3,
Lars1,500,10,10,10,3,
Lars2,500,10,10,10,3,
Lis,500,10,10,10,3,
Gupta,500,10,10,10,3,
Lars1,500,10,2,2,3,
Lars2,500,10,2,2,3,85.0
Lis,500,10,2,2,3,
Gupta,500,10,2,2,3,
Lars1,500,10,4,4,3,
Lars2,500,10,4,4,3,
Lis,500,10,4,4,3,
Gupta,500,10,4,4,3,
Lars1,500,10,6,6,3,
Lars2,500,10,6,6,3,
Lis,500,10,6,6,3,
Gupta,500,10,6,6,3,
Lars1,500,10,8,8,3,
Lars2,500,10,8,8,3,
Lis,500,10,8,8,3,
Gupta,500,10,8,8,3,
Lars1,500,1,10,10,3,
Lars2,500,1,10,10,3,
Lis,500,1,10,10,3,
Gupta,500,1,10,10,3,
Lars1,500,1,2,2,3,
Lars2,500,1,2,2,3,69.0
Lis,500,1,2,2,3,
Gupta,500,1,2,2,3,
Lars1,500,1,4,4,3,
Lars2,500,1,4,4,3,
Lis,500,1,4,4,3,
Gupta,500,1,4,4,3,
Lars1,500,1,6,6,3,
Lars2,500,1,6,6,3,
Lis,500,1,6,6,3,
Gupta,500,1,6,6,3,
Lars1,500,1,8,8,3,
Lars2,500,1,8,8,3,
Lis,500,1,8,8,3,
Gupta,500,1,8,8,3,
Lars1,500,20,10,10,3,
Lars2,500,20,10,10,3,
Lis,500,20,10,10,3,
Gupta,500,20,10,10,3,
Lars1,500,20,2,2,3,
Lars2,500,20,2,2,3,72.0
Lis,500,20,2,2,3,
Gupta,500,20,2,2,3,
Lars1,500,20,4,4,3,
Lars2,500,20,4,4,3,
Lis,500,20,4,4,3,
Gupta,500,20,4,4,3,
Lars1,500,20,6,6,3,
Lars2,500,20,6,6,3,
Lis,500,20,6,6,3,
Gupta,500,20,6,6,3,
Lars1,500,20,8,8,3,
Lars2,500,20,8,8,3,
Lis,500,20,8,8,3,
Gupta,500,20,8,8,3,
Lars1,500,2,10,10,3,
Lars2,500,2,10,10,3,
Lis,500,2,10,10,3,
Gupta,500,2,10,10,3,
Lars1,500,2,2,2,3,
Lars2,500,2,2,2,3,83.0
Lis,500,2,2,2,3,
Gupta,500,2,2,2,3,
Lars1,500,2,4,4,3,
Lars2,500,2,4,4,3,
Lis,500,2,4,4,3,
Gupta,500,2,4,4,3,
Lars1,500,2,6,6,3,
Lars2,500,2,6,6,3,
Lis,500,2,6,6,3,
Gupta,500,2,6,6,3,
Lars1,500,2,8,8,3,
Lars2,500,2,8,8,3,
Lis,500,2,8,8,3,
Gupta,500,2,8,8,3,
Lars1,500,3,10,10,3,
Lars2,500,3,10,10,3,
Lis,500,3,10,10,3,
Gupta,500,3,10,10,3,
Lars1,500,3,2,2,3,
Lars2,500,3,2,2,3,72.0
Lis,500,3,2,2,3,
Gupta,500,3,2,2,3,
Lars1,500,3,4,4,3,
Lars2,500,3,4,4,3,
Lis,500,3,4,4,3,
Gupta,500,3,4,4,3,
Lars1,500,3,6,6,3,
Lars2,500,3,6,6,3,
Lis,500,3,6,6,3,
Gupta,500,3,6,6,3,
Lars1,500,3,8,8,3,
Lars2,500,3,8,8,3,
Lis,500,3,8,8,3,
Gupta,500,3,8,8,3,
Lars1,500,40,10,10,3,
Lars2,500,40,10,10,3,
Lis,500,40,10,10,3,
Gupta,500,40,10,10,3,
Lars1,500,40,2,2,3,
Lars2,500,40,2,2,3,70.0
Lis,500,40,2,2,3,
Gupta,500,40,2,2,3,
Lars1,500,40,4,4,3,
Lars2,500,40,4,4,3,
Lis,500,40,4,4,3,
Gupta,500,40,4,4,3,
Lars1,500,40,6,6,3,
Lars2,500,40,6,6,3,
Lis,500,40,6,6,3,
Gupta,500,40,6,6,3,
Lars1,500,40,8,8,3,
Lars2,500,40,8,8,3,
Lis,500,40,8,8,3,
Gupta,500,40,8,8,3,
Lars1,500,4,10,10,3,
Lars2,500,4,10,10,3,
Lis,500,4,10,10,3,
Gupta,500,4,10,10,3,
Lars1,500,4,2,2,3,
Lars2,500,4,2,2,3,71.0
Lis,500,4,2,2,3,
Gupta,500,4,2,2,3,
Lars1,500,4,4,4,3,
Lars2,500,4,4,4,3,
Lis,500,4,4,4,3,
Gupta,500,4,4,4,3,
Lars1,500,4,6,6,3,
Lars2,500,4,6,6,3,
Lis,500,4,6,6,3,
Gupta,500,4,6,6,3,
Lars1,500,4,8,8,3,
Lars2,500,4,8,8,3,
Lis,500,4,8,8,3,
Gupta,500,4,8,8,3,
Lars1,500,500,10,10,3,
Lars2,500,500,10,10,3,
Lis,500,500,10,10,3,
Gupta,500,500,10,10,3,
Lars1,500,500,2,2,3,
Lars2,500,500,2,2,3,52.0
Lis,500,500,2,2,3,
Gupta,500,500,2,2,3,
Lars1,500,500,4,4,3,
Lars2,500,500,4,4,3,
Lis,500,500,4,4,3,
Gupta,500,500,4,4,3,
Lars1,500,500,6,6,3,
Lars2,500,500,6,6,3,
Lis,500,500,6,6,3,
Gupta,500,500,6,6,3,
Lars1,500,500,8,8,3,
Lars2,500,500,8,8,3,
Lis,500,500,8,8,3,
Gupta,500,500,8,8,3,
Lars1,500,5,10,10,3,
Lars2,500,5,10,10,3,
Lis,500,5,10,10,3,
Gupta,500,5,10,10,3,
Lars1,500,5,2,2,3,
Lars2,500,5,2,2,3,73.0
Lis,500,5,2,2,3,
Gupta,500,5,2,2,3,
Lars1,500,5,4,4,3,
Lars2,500,5,4,4,3,
Lis,500,5,4,4,3,
Gupta,500,5,4,4,3,
Lars1,500,5,6,6,3,
Lars2,500,5,6,6,3,
Lis,500,5,6,6,3,
Gupta,500,5,6,6,3,
Lars1,500,5,8,8,3,
Lars2,500,5,8,8,3,
Lis,500,5,8,8,3,
Gupta,500,5,8,8,3,
Lars1,500,60,10,10,3,
Lars2,500,60,10,10,3,
Lis,500,60,10,10,3,
Gupta,500,60,10,10,3,
Lars1,500,60,2,2,3,
Lars2,500,60,2,2,3,70.0
Lis,500,60,2,2,3,
Gupta,500,60,2,2,3,
Lars1,500,60,4,4,3,
Lars2,500,60,4,4,3,
Lis,500,60,4,4,3,
Gupta,500,60,4,4,3,
Lars1,500,60,6,6,3,
Lars2,500,60,6,6,3,
Lis,500,60,6,6,3,
Gupta,500,60,6,6,3,
Lars1,500,60,8,8,3,
Lars2,500,60,8,8,3,
Lis,500,60,8,8,3,
Gupta,500,60,8,8,3,
Lars1,500,6,10,10,3,
Lars2,500,6,10,10,3,
Lis,500,6,10,10,3,
Gupta,500,6,10,10,3,
Lars1,500,6,2,2,3,
Lars2,500,6,2,2,3,68.0
Lis,500,6,2,2,3,
Gupta,500,6,2,2,3,
Lars1,500,6,4,4,3,
Lars2,500,6,4,4,3,
Lis,500,6,4,4,3,
Gupta,500,6,4,4,3,
Lars1,500,6,6,6,3,
Lars2,500,6,6,6,3,
Lis,500,6,6,6,3,
Gupta,500,6,6,6,3,
Lars1,500,6,8,8,3,
Lars2,500,6,8,8,3,
Lis,500,6,8,8,3,
Gupta,500,6,8,8,3,
Lars1,500,7,10,10,3,
Lars2,500,7,10,10,3,
Lis,500,7,10,10,3,
Gupta,500,7,10,10,3,
Lars1,500,7,2,2,3,
Lars2,500,7,2,2,3,73.0
Lis,500,7,2,2,3,
Gupta,500,7,2,2,3,
Lars1,500,7,4,4,3,
Lars2,500,7,4,4,3,
Lis,500,7,4,4,3,
Gupta,500,7,4,4,3,
Lars1,500,7,6,6,3,
Lars2,500,7,6,6,3,
Lis,500,7,6,6,3,
Gupta,500,7,6,6,3,
Lars1,500,7,8,8,3,
Lars2,500,7,8,8,3,
Lis,500,7,8,8,3,
Gupta,500,7,8,8,3,
Lars1,500,80,10,10,3,
Lars2,500,80,10,10,3,
Lis,500,80,10,10,3,
Gupta,500,80,10,10,3,
Lars1,500,80,2,2,3,
Lars2,500,80,2,2,3,88.0
Lis,500,80,2,2,3,
Gupta,500,80,2,2,3,
Lars1,500,80,4,4,3,
Lars2,500,80,4,4,3,
Lis,500,80,4,4,3,
Gupta,500,80,4,4,3,
Lars1,500,80,6,6,3,
Lars2,500,80,6,6,3,
Lis,500,80,6,6,3,
Gupta,500,80,6,6,3,
Lars1,500,80,8,8,3,
Lars2,500,80,8,8,3,
Lis,500,80,8,8,3,
Gupta,500,80,8,8,3,
Lars1,500,8,10,10,3,
Lars2,500,8,10,10,3,
Lis,500,8,10,10,3,
Gupta,500,8,10,10,3,
Lars1,500,8,2,2,3,
Lars2,500,8,2,2,3,72.0
Lis,500,8,2,2,3,
Gupta,500,8,2,2,3,
Lars1,500,8,4,4,3,
Lars2,500,8,4,4,3,
Lis,500,8,4,4,3,
Gupta,500,8,4,4,3,
Lars1,500,8,6,6,3,
Lars2,500,8,6,6,3,
Lis,500,8,6,6,3,
Gupta,500,8,6,6,3,
Lars1,500,8,8,8,3,
Lars2,500,8,8,8,3,
Lis,500,8,8,8,3,
Gupta,500,8,8,8,3,
Lars1,500,9,10,10,3,
Lars2,500,9,10,10,3,
Lis,500,9,10,10,3,
Gupta,500,9,10,10,3,
Lars1,500,9,2,2,3,
Lars2,500,9,2,2,3,116.0
Lis,500,9,2,2,3,
Gupta,500,9,2,2,3,
Lars1,500,9,4,4,3,
Lars2,500,9,4,4,3,
Lis,500,9,4,4,3,
Gupta,500,9,4,4,3,
Lars1,500,9,6,6,3,
Lars2,500,9,6,6,3,
Lis,500,9,6,6,3,
Gupta,500,9,6,6,3,
Lars1,500,9,8,8,3,
Lars2,500,9,8,8,3,
Lis,500,9,8,8,3,
Gupta,500,9,8,8,3,
Lars1,5,1000,10,10,3,
Lars2,5,1000,10,10,3,
Lis,5,1000,10,10,3,
Gupta,5,1000,10,10,3,
Lars1,5,1000,2,2,3,
Lars2,5,1000,2,2,3,242.0
Lis,5,1000,2,2,3,
Gupta,5,1000,2,2,3,
Lars1,5,1000,4,4,3,
Lars2,5,1000,4,4,3,
Lis,5,1000,4,4,3,
Gupta,5,1000,4,4,3,
Lars1,5,1000,6,6,3,
Lars2,5,1000,6,6,3,
Lis,5,1000,6,6,3,
Gupta,5,1000,6,6,3,
Lars1,5,1000,8,8,3,
Lars2,5,1000,8,8,3,
Lis,5,1000,8,8,3,
Gupta,5,1000,8,8,3,
Lars1,5,100,10,10,3,
Lars2,5,100,10,10,3,
Lis,5,100,10,10,3,
Gupta,5,100,10,10,3,
Lars1,5,100,2,2,3,
Lars2,5,100,2,2,3,118.0
Lis,5,100,2,2,3,
Gupta,5,100,2,2,3,
Lars1,5,100,4,4,3,
Lars2,5,100,4,4,3,
Lis,5,100,4,4,3,
Gupta,5,100,4,4,3,
Lars1,5,100,6,6,3,
Lars2,5,100,6,6,3,
Lis,5,100,6,6,3,
Gupta,5,100,6,6,3,
Lars1,5,100,8,8,3,
Lars2,5,100,8,8,3,
Lis,5,100,8,8,3,
Gupta,5,100,8,8,3,
Lars1,5,10,10,10,3,
Lars2,5,10,10,10,3,
Lis,5,10,10,10,3,
Gupta,5,10,10,10,3,
Lars1,5,10,2,2,3,48.0
Lars2,5,10,2,2,3,50.0
Lis,5,10,2,2,3,
Gupta,5,10,2,2,3,
Lars1,5,10,4,4,3,
Lars2,5,10,4,4,3,
Lis,5,10,4,4,3,
Gupta,5,10,4,4,3,
Lars1,5,10,6,6,3,
Lars2,5,10,6,6,3,
Lis,5,10,6,6,3,
Gupta,5,10,6,6,3,
Lars1,5,10,8,8,3,
Lars2,5,10,8,8,3,
Lis,5,10,8,8,3,
Gupta,5,10,8,8,3,
Lars1,5,1,10,10,3,
Lars2,5,1,10,10,3,
Lis,5,1,10,10,3,
Gupta,5,1,10,10,3,
Lars1,5,1,2,2,3,195.0
Lars2,5,1,2,2,3,54.0
Lis,5,1,2,2,3,
Gupta,5,1,2,2,3,
Lars1,5,1,4,4,3,
Lars2,5,1,4,4,3,
Lis,5,1,4,4,3,
Gupta,5,1,4,4,3,
Lars1,5,1,6,6,3,
Lars2,5,1,6,6,3,
Lis,5,1,6,6,3,
Gupta,5,1,6,6,3,
Lars1,5,1,8,8,3,
Lars2,5,1,8,8,3,
Lis,5,1,8,8,3,
Gupta,5,1,8,8,3,
Lars1,5,20,10,10,3,
Lars2,5,20,10,10,3,
Lis,5,20,10,10,3,
Gupta,5,20,10,10,3,
Lars1,5,20,2,2,3,816.0
Lars2,5,20,2,2,3,70.0
Lis,5,20,2,2,3,
Gupta,5,20,2,2,3,
Lars1,5,20,4,4,3,
Lars2,5,20,4,4,3,
Lis,5,20,4,4,3,
Gupta,5,20,4,4,3,
Lars1,5,20,6,6,3,
Lars2,5,20,6,6,3,
Lis,5,20,6,6,3,
Gupta,5,20,6,6,3,
Lars1,5,20,8,8,3,
Lars2,5,20,8,8,3,
Lis,5,20,8,8,3,
Gupta,5,20,8,8,3,
Lars1,5,2,10,10,3,
Lars2,5,2,10,10,3,
Lis,5,2,10,10,3,
Gupta,5,2,10,10,3,
Lars1,5,2,2,2,3,363.0
Lars2,5,2,2,2,3,72.0
Lis,5,2,2,2,3,
Gupta,5,2,2,2,3,
Lars1,5,2,4,4,3,
Lars2,5,2,4,4,3,
Lis,5,2,4,4,3,
Gupta,5,2,4,4,3,
Lars1,5,2,6,6,3,
Lars2,5,2,6,6,3,
Lis,5,2,6,6,3,
Gupta,5,2,6,6,3,
Lars1,5,2,8,8,3,
Lars2,5,2,8,8,3,
Lis,5,2,8,8,3,
Gupta,5,2,8,8,3,
Lars1,5,3,10,10,3,
Lars2,5,3,10,10,3,
Lis,5,3,10,10,3,
Gupta,5,3,10,10,3,
Lars1,5,3,2,2,3,1237.0
Lars2,5,3,2,2,3,73.0
Lis,5,3,2,2,3,
Gupta,5,3,2,2,3,
Lars1,5,3,4,4,3,
Lars2,5,3,4,4,3,
Lis,5,3,4,4,3,
Gupta,5,3,4,4,3,
Lars1,5,3,6,6,3,
Lars2,5,3,6,6,3,
Lis,5,3,6,6,3,
Gupta,5,3,6,6,3,
Lars1,5,3,8,8,3,
Lars2,5,3,8,8,3,
Lis,5,3,8,8,3,
Gupta,5,3,8,8,3,
Lars1,5,40,10,10,3,
Lars2,5,40,10,10,3,
Lis,5,40,10,10,3,
Gupta,5,40,10,10,3,
Lars1,5,40,2,2,3,229.0
Lars2,5,40,2,2,3,80.0
Lis,5,40,2,2,3,
Gupta,5,40,2,2,3,
Lars1,5,40,4,4,3,
Lars2,5,40,4,4,3,
Lis,5,40,4,4,3,
Gupta,5,40,4,4,3,
Lars1,5,40,6,6,3,
Lars2,5,40,6,6,3,
Lis,5,40,6,6,3,
Gupta,5,40,6,6,3,
Lars1,5,40,8,8,3,
Lars2,5,40,8,8,3,
Lis,5,40,8,8,3,
Gupta,5,40,8,8,3,
Lars1,5,4,10,10,3,
Lars2,5,4,10,10,3,
Lis,5,4,10,10,3,
Gupta,5,4,10,10,3,
Lars1,5,4,2,2,3,548.0
Lars2,5,4,2,2,3,67.0
Lis,5,4,2,2,3,
Gupta,5,4,2,2,3,
Lars1,5,4,4,4,3,
Lars2,5,4,4,4,3,
Lis,5,4,4,4,3,
Gupta,5,4,4,4,3,
Lars1,5,4,6,6,3,
Lars2,5,4,6,6,3,
Lis,5,4,6,6,3,
Gupta,5,4,6,6,3,
Lars1,5,4,8,8,3,
Lars2,5,4,8,8,3,
Lis,5,4,8,8,3,
Gupta,5,4,8,8,3,
Lars1,5,500,10,10,3,
Lars2,5,500,10,10,3,
Lis,5,500,10,10,3,
Gupta,5,500,10,10,3,
Lars1,5,500,2,2,3,
Lars2,5,500,2,2,3,275.0
Lis,5,500,2,2,3,
Gupta,5,500,2,2,3,
Lars1,5,500,4,4,3,
Lars2,5,500,4,4,3,
Lis,5,500,4,4,3,
Gupta,5,500,4,4,3,
Lars1,5,500,6,6,3,
Lars2,5,500,6,6,3,
Lis,5,500,6,6,3,
Gupta,5,500,6,6,3,
Lars1,5,500,8,8,3,
Lars2,5,500,8,8,3,
Lis,5,500,8,8,3,
Gupta,5,500,8,8,3,
Lars1,5,5,10,10,3,
Lars2,5,5,10,10,3,
Lis,5,5,10,10,3,
Gupta,5,5,10,10,3,
Lars1,5,5,2,2,3,217.0
Lars2,5,5,2,2,3,66.0
Lis,5,5,2,2,3,
Gupta,5,5,2,2,3,
Lars1,5,5,4,4,3,
Lars2,5,5,4,4,3,
Lis,5,5,4,4,3,
Gupta,5,5,4,4,3,
Lars1,5,5,6,6,3,
Lars2,5,5,6,6,3,
Lis,5,5,6,6,3,
Gupta,5,5,6,6,3,
Lars1,5,5,8,8,3,
Lars2,5,5,8,8,3,
Lis,5,5,8,8,3,
Gupta,5,5,8,8,3,
Lars1,5,60,10,10,3,
Lars2,5,60,10,10,3,
Lis,5,60,10,10,3,
Gupta,5,60,10,10,3,
Lars1,5,60,2,2,3,835.0
Lars2,5,60,2,2,3,67.0
Lis,5,60,2,2,3,
Gupta,5,60,2,2,3,
Lars1,5,60,4,4,3,
Lars2,5,60,4,4,3,
Lis,5,60,4,4,3,
Gupta,5,60,4,4,3,
Lars1,5,60,6,6,3,
Lars2,5,60,6,6,3,
Lis,5,60,6,6,3,
Gupta,5,60,6,6,3,
Lars1,5,60,8,8,3,
Lars2,5,60,8,8,3,
Lis,5,60,8,8,3,
Gupta,5,60,8,8,3,
Lars1,5,6,10,10,3,
Lars2,5,6,10,10,3,
Lis,5,6,10,10,3,
Gupta,5,6,10,10,3,
Lars1,5,6,2,2,3,650.0
Lars2,5,6,2,2,3,70.0
Lis,5,6,2,2,3,
Gupta,5,6,2,2,3,
Lars1,5,6,4,4,3,
Lars2,5,6,4,4,3,
Lis,5,6,4,4,3,
Gupta,5,6,4,4,3,
Lars1,5,6,6,6,3,
Lars2,5,6,6,6,3,
Lis,5,6,6,6,3,
Gupta,5,6,6,6,3,
Lars1,5,6,8,8,3,
Lars2,5,6,8,8,3,
Lis,5,6,8,8,3,
Gupta,5,6,8,8,3,
Lars1,5,7,10,10,3,
Lars2,5,7,10,10,3,
Lis,5,7,10,10,3,
Gupta,5,7,10,10,3,
Lars1,5,7,2,2,3,421.0
Lars2,5,7,2,2,3,74.0
Lis,5,7,2,2,3,
Gupta,5,7,2,2,3,
Lars1,5,7,4,4,3,
Lars2,5,7,4,4,3,
Lis,5,7,4,4,3,
Gupta,5,7,4,4,3,
Lars1,5,7,6,6,3,
Lars2,5,7,6,6,3,
Lis,5,7,6,6,3,
Gupta,5,7,6,6,3,
Lars1,5,7,8,8,3,
Lars2,5,7,8,8,3,
Lis,5,7,8,8,3,
Gupta,5,7,8,8,3,
Lars1,5,80,10,10,3,
Lars2,5,80,10,10,3,
Lis,5,80,10,10,3,
Gupta,5,80,10,10,3,
Lars1,5,80,2,2,3,1371.0
Lars2,5,80,2,2,3,70.0
Lis,5,80,2,2,3,
Gupta,5,80,2,2,3,
Lars1,5,80,4,4,3,
Lars2,5,80,4,4,3,
Lis,5,80,4,4,3,
Gupta,5,80,4,4,3,
Lars1,5,80,6,6,3,
Lars2,5,80,6,6,3,
Lis,5,80,6,6,3,
Gupta,5,80,6,6,3,
Lars1,5,80,8,8,3,
Lars2,5,80,8,8,3,
Lis,5,80,8,8,3,
Gupta,5,80,8,8,3,
Lars1,5,8,10,10,3,
Lars2,5,8,10,10,3,
Lis,5,8,10,10,3,
Gupta,5,8,10,10,3,
Lars1,5,8,2,2,3,372.0
Lars2,5,8,2,2,3,66.0
Lis,5,8,2,2,3,
Gupta,5,8,2,2,3,
Lars1,5,8,4,4,3,
Lars2,5,8,4,4,3,
Lis,5,8,4,4,3,
Gupta,5,8,4,4,3,
Lars1,5,8,6,6,3,
Lars2,5,8,6,6,3,
Lis,5,8,6,6,3,
Gupta,5,8,6,6,3,
Lars1,5,8,8,8,3,
Lars2,5,8,8,8,3,
Lis,5,8,8,8,3,
Gupta,5,8,8,8,3,
Lars1,5,9,10,10,3,
Lars2,5,9,10,10,3,
Lis,5,9,10,10,3,
Gupta,5,9,10,10,3,
Lars1,5,9,2,2,3,438.0
Lars2,5,9,2,2,3,78.0
Lis,5,9,2,2,3,
Gupta,5,9,2,2,3,
Lars1,5,9,4,4,3,
Lars2,5,9,4,4,3,
Lis,5,9,4,4,3,
Gupta,5,9,4,4,3,
Lars1,5,9,6,6,3,
Lars2,5,9,6,6,3,
Lis,5,9,6,6,3,
Gupta,5,9,6,6,3,
Lars1,5,9,8,8,3,
Lars2,5,9,8,8,3,
Lis,5,9,8,8,3,
Gupta,5,9,8,8,3,
Lars1,60,1000,10,10,3,
Lars2,60,1000,10,10,3,
Lis,60,1000,10,10,3,
Gupta,60,1000,10,10,3,
Lars1,60,1000,2,2,3,
Lars2,60,1000,2,2,3,81.0
Lis,60,1000,2,2,3,
Gupta,60,1000,2,2,3,
Lars1,60,1000,4,4,3,
Lars2,60,1000,4,4,3,
Lis,60,1000,4,4,3,
Gupta,60,1000,4,4,3,
Lars1,60,1000,6,6,3,
Lars2,60,1000,6,6,3,
Lis,60,1000,6,6,3,
Gupta,60,1000,6,6,3,
Lars1,60,1000,8,8,3,
Lars2,60,1000,8,8,3,
Lis,60,1000,8,8,3,
Gupta,60,1000,8,8,3,
Lars1,60,100,10,10,3,
Lars2,60,100,10,10,3,
Lis,60,100,10,10,3,
Gupta,60,100,10,10,3,
Lars1,60,100,2,2,3,
Lars2,60,100,2,2,3,54.0
Lis,60,100,2,2,3,
Gupta,60,100,2,2,3,
Lars1,60,100,4,4,3,
Lars2,60,100,4,4,3,
Lis,60,100,4,4,3,
Gupta,60,100,4,4,3,
Lars1,60,100,6,6,3,
Lars2,60,100,6,6,3,
Lis,60,100,6,6,3,
Gupta,60,100,6,6,3,
Lars1,60,100,8,8,3,
Lars2,60,100,8,8,3,
Lis,60,100,8,8,3,
Gupta,60,100,8,8,3,
Lars1,60,10,10,10,3,
Lars2,60,10,10,10,3,
Lis,60,10,10,10,3,
Gupta,60,10,10,10,3,
Lars1,60,10,2,2,3,
Lars2,60,10,2,2,3,67.0
Lis,60,10,2,2,3,
Gupta,60,10,2,2,3,
Lars1,60,10,4,4,3,
Lars2,60,10,4,4,3,
Lis,60,10,4,4,3,
Gupta,60,10,4,4,3,
Lars1,60,10,6,6,3,
Lars2,60,10,6,6,3,
Lis,60,10,6,6,3,
Gupta,60,10,6,6,3,
Lars1,60,10,8,8,3,
Lars2,60,10,8,8,3,
Lis,60,10,8,8,3,
Gupta,60,10,8,8,3,
Lars1,60,1,10,10,3,
Lars2,60,1,10,10,3,
Lis,60,1,10,10,3,
Gupta,60,1,10,10,3,
Lars1,60,1,2,2,3,
Lars2,60,1,2,2,3,74.0
Lis,60,1,2,2,3,
Gupta,60,1,2,2,3,
Lars1,60,1,4,4,3,
Lars2,60,1,4,4,3,
Lis,60,1,4,4,3,
Gupta,60,1,4,4,3,
Lars1,60,1,6,6,3,
Lars2,60,1,6,6,3,
Lis,60,1,6,6,3,
Gupta,60,1,6,6,3,
Lars1,60,1,8,8,3,
Lars2,60,1,8,8,3,
Lis,60,1,8,8,3,
Gupta,60,1,8,8,3,
Lars1,60,20,10,10,3,
Lars2,60,20,10,10,3,
Lis,60,20,10,10,3,
Gupta,60,20,10,10,3,
Lars1,60,20,2,2,3,
Lars2,60,20,2,2,3,65.0
Lis,60,20,2,2,3,
Gupta,60,20,2,2,3,
Lars1,60,20,4,4,3,
Lars2,60,20,4,4,3,
Lis,60,20,4,4,3,
Gupta,60,20,4,4,3,
Lars1,60,20,6,6,3,
Lars2,60,20,6,6,3,
Lis,60,20,6,6,3,
Gupta,60,20,6,6,3,
Lars1,60,20,8,8,3,
Lars2,60,20,8,8,3,
Lis,60,20,8,8,3,
Gupta,60,20,8,8,3,
Lars1,60,2,10,10,3,
Lars2,60,2,10,10,3,
Lis,60,2,10,10,3,
Gupta,60,2,10,10,3,
Lars1,60,2,2,2,3,
Lars2,60,2,2,2,3,74.0
Lis,60,2,2,2,3,
Gupta,60,2,2,2,3,
Lars1,60,2,4,4,3,
Lars2,60,2,4,4,3,
Lis,60,2,4,4,3,
Gupta,60,2,4,4,3,
Lars1,60,2,6,6,3,
Lars2,60,2,6,6,3,
Lis,60,2,6,6,3,
Gupta,60,2,6,6,3,
Lars1,60,2,8,8,3,
Lars2,60,2,8,8,3,
Lis,60,2,8,8,3,
Gupta,60,2,8,8,3,
Lars1,60,3,10,10,3,
Lars2,60,3,10,10,3,
Lis,60,3,10,10,3,
Gupta,60,3,10,10,3,
Lars1,60,3,2,2,3,
Lars2,60,3,2,2,3,69.0
Lis,60,3,2,2,3,
Gupta,60,3,2,2,3,
Lars1,60,3,4,4,3,
Lars2,60,3,4,4,3,
Lis,60,3,4,4,3,
Gupta,60,3,4,4,3,
Lars1,60,3,6,6,3,
Lars2,60,3,6,6,3,
Lis,60,3,6,6,3,
Gupta,60,3,6,6,3,
Lars1,60,3,8,8,3,
Lars2,60,3,8,8,3,
Lis,60,3,8,8,3,
Gupta,60,3,8,8,3,
Lars1,60,40,10,10,3,
Lars2,60,40,10,10,3,
Lis,60,40,10,10,3,
Gupta,60,40,10,10,3,
Lars1,60,40,2,2,3,
Lars2,60,40,2,2,3,67.0
Lis,60,40,2,2,3,
Gupta,60,40,2,2,3,
Lars1,60,40,4,4,3,
Lars2,60,40,4,4,3,
Lis,60,40,4,4,3,
Gupta,60,40,4,4,3,
Lars1,60,40,6,6,3,
Lars2,60,40,6,6,3,
Lis,60,40,6,6,3,
Gupta,60,40,6,6,3,
Lars1,60,40,8,8,3,
Lars2,60,40,8,8,3,
Lis,60,40,8,8,3,
Gupta,60,40,8,8,3,
Lars1,60,4,10,10,3,
Lars2,60,4,10,10,3,
Lis,60,4,10,10,3,
Gupta,60,4,10,10,3,
Lars1,60,4,2,2,3,
Lars2,60,4,2,2,3,71.0
Lis,60,4,2,2,3,
Gupta,60,4,2,2,3,
Lars1,60,4,4,4,3,
Lars2,60,4,4,4,3,
Lis,60,4,4,4,3,
Gupta,60,4,4,4,3,
Lars1,60,4,6,6,3,
Lars2,60,4,6,6,3,
Lis,60,4,6,6,3,
Gupta,60,4,6,6,3,
Lars1,60,4,8,8,3,
Lars2,60,4,8,8,3,
Lis,60,4,8,8,3,
Gupta,60,4,8,8,3,
Lars1,60,500,10,10,3,
Lars2,60,500,10,10,3,
Lis,60,500,10,10,3,
Gupta,60,500,10,10,3,
Lars1,60,500,2,2,3,
Lars2,60,500,2,2,3,77.0
Lis,60,500,2,2,3,
Gupta,60,500,2,2,3,
Lars1,60,500,4,4,3,
Lars2,60,500,4,4,3,
Lis,60,500,4,4,3,
Gupta,60,500,4,4,3,
Lars1,60,500,6,6,3,
Lars2,60,500,6,6,3,
Lis,60,500,6,6,3,
Gupta,60,500,6,6,3,
Lars1,60,500,8,8,3,
Lars2,60,500,8,8,3,
Lis,60,500,8,8,3,
Gupta,60,500,8,8,3,
Lars1,60,5,10,10,3,
Lars2,60,5,10,10,3,
Lis,60,5,10,10,3,
Gupta,60,5,10,10,3,
Lars1,60,5,2,2,3,
Lars2,60,5,2,2,3,95.0
Lis,60,5,2,2,3,
Gupta,60,5,2,2,3,
Lars1,60,5,4,4,3,
Lars2,60,5,4,4,3,
Lis,60,5,4,4,3,
Gupta,60,5,4,4,3,
Lars1,60,5,6,6,3,
Lars2,60,5,6,6,3,
Lis,60,5,6,6,3,
Gupta,60,5,6,6,3,
Lars1,60,5,8,8,3,
Lars2,60,5,8,8,3,
Lis,60,5,8,8,3,
Gupta,60,5,8,8,3,
Lars1,60,60,10,10,3,
Lars2,60,60,10,10,3,
Lis,60,60,10,10,3,
Gupta,60,60,10,10,3,
Lars1,60,60,2,2,3,
Lars2,60,60,2,2,3,69.0
Lis,60,60,2,2,3,
Gupta,60,60,2,2,3,
Lars1,60,60,4,4,3,
Lars2,60,60,4,4,3,
Lis,60,60,4,4,3,
Gupta,60,60,4,4,3,
Lars1,60,60,6,6,3,
Lars2,60,60,6,6,3,
Lis,60,60,6,6,3,
Gupta,60,60,6,6,3,
Lars1,60,60,8,8,3,
Lars2,60,60,8,8,3,
Lis,60,60,8,8,3,
Gupta,60,60,8,8,3,
Lars1,60,6,10,10,3,
Lars2,60,6,10,10,3,
Lis,60,6,10,10,3,
Gupta,60,6,10,10,3,
Lars1,60,6,2,2,3,
Lars2,60,6,2,2,3,66.0
Lis,60,6,2,2,3,
Gupta,60,6,2,2,3,
Lars1,60,6,4,4,3,
Lars2,60,6,4,4,3,
Lis,60,6,4,4,3,
Gupta,60,6,4,4,3,
Lars1,60,6,6,6,3,
Lars2,60,6,6,6,3,
Lis,60,6,6,6,3,
Gupta,60,6,6,6,3,
Lars1,60,6,8,8,3,
Lars2,60,6,8,8,3,
Lis,60,6,8,8,3,
Gupta,60,6,8,8,3,
Lars1,60,7,10,10,3,
Lars2,60,7,10,10,3,
Lis,60,7,10,10,3,
Gupta,60,7,10,10,3,
Lars1,60,7,2,2,3,
Lars2,60,7,2,2,3,84.0
Lis,60,7,2,2,3,
Gupta,60,7,2,2,3,
Lars1,60,7,4,4,3,
Lars2,60,7,4,4,3,
Lis,60,7,4,4,3,
Gupta,60,7,4,4,3,
Lars1,60,7,6,6,3,
Lars2,60,7,6,6,3,
Lis,60,7,6,6,3,
Gupta,60,7,6,6,3,
Lars1,60,7,8,8,3,
Lars2,60,7,8,8,3,
Lis,60,7,8,8,3,
Gupta,60,7,8,8,3,
Lars1,60,80,10,10,3,
Lars2,60,80,10,10,3,
Lis,60,80,10,10,3,
Gupta,60,80,10,10,3,
Lars1,60,80,2,2,3,
Lars2,60,80,2,2,3,73.0
Lis,60,80,2,2,3,
Gupta,60,80,2,2,3,
Lars1,60,80,4,4,3,
Lars2,60,80,4,4,3,
Lis,60,80,4,4,3,
Gupta,60,80,4,4,3,
Lars1,60,80,6,6,3,
Lars2,60,80,6,6,3,
Lis,60,80,6,6,3,
Gupta,60,80,6,6,3,
Lars1,60,80,8,8,3,
Lars2,60,80,8,8,3,
Lis,60,80,8,8,3,
Gupta,60,80,8,8,3,
Lars1,60,8,10,10,3,
Lars2,60,8,10,10,3,
Lis,60,8,10,10,3,
Gupta,60,8,10,10,3,
Lars1,60,8,2,2,3,
Lars2,60,8,2,2,3,84.0
Lis,60,8,2,2,3,
Gupta,60,8,2,2,3,
Lars1,60,8,4,4,3,
Lars2,60,8,4,4,3,
Lis,60,8,4,4,3,
Gupta,60,8,4,4,3,
Lars1,60,8,6,6,3,
Lars2,60,8,6,6,3,
Lis,60,8,6,6,3,
Gupta,60,8,6,6,3,
Lars1,60,8,8,8,3,
Lars2,60,8,8,8,3,
Lis,60,8,8,8,3,
Gupta,60,8,8,8,3,
Lars1,60,9,10,10,3,
Lars2,60,9,10,10,3,
Lis,60,9,10,10,3,
Gupta,60,9,10,10,3,
Lars1,60,9,2,2,3,
Lars2,60,9,2,2,3,73.0
Lis,60,9,2,2,3,
Gupta,60,9,2,2,3,
Lars1,60,9,4,4,3,
Lars2,60,9,4,4,3,
Lis,60,9,4,4,3,
Gupta,60,9,4,4,3,
Lars1,60,9,6,6,3,
Lars2,60,9,6,6,3,
Lis,60,9,6,6,3,
Gupta,60,9,6,6,3,
Lars1,60,9,8,8,3,
Lars2,60,9,8,8,3,
Lis,60,9,8,8,3,
Gupta,60,9,8,8,3,
Lars1,6,1000,10,10,3,
Lars2,6,1000,10,10,3,
Lis,6,1000,10,10,3,
Gupta,6,1000,10,10,3,
Lars1,6,1000,2,2,3,
Lars2,6,1000,2,2,3,524.0
Lis,6,1000,2,2,3,
Gupta,6,1000,2,2,3,
Lars1,6,1000,4,4,3,
Lars2,6,1000,4,4,3,
Lis,6,1000,4,4,3,
Gupta,6,1000,4,4,3,
Lars1,6,1000,6,6,3,
Lars2,6,1000,6,6,3,
Lis,6,1000,6,6,3,
Gupta,6,1000,6,6,3,
Lars1,6,1000,8,8,3,
Lars2,6,1000,8,8,3,
Lis,6,1000,8,8,3,
Gupta,6,1000,8,8,3,
Lars1,6,100,10,10,3,
Lars2,6,100,10,10,3,
Lis,6,100,10,10,3,
Gupta,6,100,10,10,3,
Lars1,6,100,2,2,3,
Lars2,6,100,2,2,3,84.0
Lis,6,100,2,2,3,
Gupta,6,100,2,2,3,
Lars1,6,100,4,4,3,
Lars2,6,100,4,4,3,
Lis,6,100,4,4,3,
Gupta,6,100,4,4,3,
Lars1,6,100,6,6,3,
Lars2,6,100,6,6,3,
Lis,6,100,6,6,3,
Gupta,6,100,6,6,3,
Lars1,6,100,8,8,3,
Lars2,6,100,8,8,3,
Lis,6,100,8,8,3,
Gupta,6,100,8,8,3,
Lars1,6,10,10,10,3,
Lars2,6,10,10,10,3,
Lis,6,10,10,10,3,
Gupta,6,10,10,10,3,
Lars1,6,10,2,2,3,
Lars2,6,10,2,2,3,68.0
Lis,6,10,2,2,3,
Gupta,6,10,2,2,3,
Lars1,6,10,4,4,3,
Lars2,6,10,4,4,3,
Lis,6,10,4,4,3,
Gupta,6,10,4,4,3,
Lars1,6,10,6,6,3,
Lars2,6,10,6,6,3,
Lis,6,10,6,6,3,
Gupta,6,10,6,6,3,
Lars1,6,10,8,8,3,
Lars2,6,10,8,8,3,
Lis,6,10,8,8,3,
Gupta,6,10,8,8,3,
Lars1,6,1,10,10,3,
Lars2,6,1,10,10,3,
Lis,6,1,10,10,3,
Gupta,6,1,10,10,3,
Lars1,6,1,2,2,3,114.0
Lars2,6,1,2,2,3,54.0
Lis,6,1,2,2,3,
Gupta,6,1,2,2,3,
Lars1,6,1,4,4,3,
Lars2,6,1,4,4,3,
Lis,6,1,4,4,3,
Gupta,6,1,4,4,3,
Lars1,6,1,6,6,3,
Lars2,6,1,6,6,3,
Lis,6,1,6,6,3,
Gupta,6,1,6,6,3,
Lars1,6,1,8,8,3,
Lars2,6,1,8,8,3,
Lis,6,1,8,8,3,
Gupta,6,1,8,8,3,
Lars1,6,20,10,10,3,
Lars2,6,20,10,10,3,
Lis,6,20,10,10,3,
Gupta,6,20,10,10,3,
Lars1,6,20,2,2,3,1358.0
Lars2,6,20,2,2,3,74.0
Lis,6,20,2,2,3,
Gupta,6,20,2,2,3,
Lars1,6,20,4,4,3,
Lars2,6,20,4,4,3,
Lis,6,20,4,4,3,
Gupta,6,20,4,4,3,
Lars1,6,20,6,6,3,
Lars2,6,20,6,6,3,
Lis,6,20,6,6,3,
Gupta,6,20,6,6,3,
Lars1,6,20,8,8,3,
Lars2,6,20,8,8,3,
Lis,6,20,8,8,3,
Gupta,6,20,8,8,3,
Lars1,6,2,10,10,3,
Lars2,6,2,10,10,3,
Lis,6,2,10,10,3,
Gupta,6,2,10,10,3,
Lars1,6,2,2,2,3,937.0
Lars2,6,2,2,2,3,70.0
Lis,6,2,2,2,3,
Gupta,6,2,2,2,3,
Lars1,6,2,4,4,3,
Lars2,6,2,4,4,3,
Lis,6,2,4,4,3,
Gupta,6,2,4,4,3,
Lars1,6,2,6,6,3,
Lars2,6,2,6,6,3,
Lis,6,2,6,6,3,
Gupta,6,2,6,6,3,
Lars1,6,2,8,8,3,
Lars2,6,2,8,8,3,
Lis,6,2,8,8,3,
Gupta,6,2,8,8,3,
Lars1,6,3,10,10,3,
Lars2,6,3,10,10,3,
Lis,6,3,10,10,3,
Gupta,6,3,10,10,3,
Lars1,6,3,2,2,3,3779.0
Lars2,6,3,2,2,3,73.0
Lis,6,3,2,2,3,
Gupta,6,3,2,2,3,
Lars1,6,3,4,4,3,
Lars2,6,3,4,4,3,
Lis,6,3,4,4,3,
Gupta,6,3,4,4,3,
Lars1,6,3,6,6,3,
Lars2,6,3,6,6,3,
Lis,6,3,6,6,3,
Gupta,6,3,6,6,3,
Lars1,6,3,8,8,3,
Lars2,6,3,8,8,3,
Lis,6,3,8,8,3,
Gupta,6,3,8,8,3,
Lars1,6,40,10,10,3,
Lars2,6,40,10,10,3,
Lis,6,40,10,10,3,
Gupta,6,40,10,10,3,
Lars1,6,40,2,2,3,
Lars2,6,40,2,2,3,75.0
Lis,6,40,2,2,3,
Gupta,6,40,2,2,3,
Lars1,6,40,4,4,3,
Lars2,6,40,4,4,3,
Lis,6,40,4,4,3,
Gupta,6,40,4,4,3,
Lars1,6,40,6,6,3,
Lars2,6,40,6,6,3,
Lis,6,40,6,6,3,
Gupta,6,40,6,6,3,
Lars1,6,40,8,8,3,
Lars2,6,40,8,8,3,
Lis,6,40,8,8,3,
Gupta,6,40,8,8,3,
Lars1,6,4,10,10,3,
Lars2,6,4,10,10,3,
Lis,6,4,10,10,3,
Gupta,6,4,10,10,3,
Lars1,6,4,2,2,3,613.0
Lars2,6,4,2,2,3,74.0
Lis,6,4,2,2,3,
Gupta,6,4,2,2,3,
Lars1,6,4,4,4,3,
Lars2,6,4,4,4,3,
Lis,6,4,4,4,3,
Gupta,6,4,4,4,3,
Lars1,6,4,6,6,3,
Lars2,6,4,6,6,3,
Lis,6,4,6,6,3,
Gupta,6,4,6,6,3,
Lars1,6,4,8,8,3,
Lars2,6,4,8,8,3,
Lis,6,4,8,8,3,
Gupta,6,4,8,8,3,
Lars1,6,500,10,10,3,
Lars2,6,500,10,10,3,
Lis,6,500,10,10,3,
Gupta,6,500,10,10,3,
Lars1,6,500,2,2,3,
Lars2,6,500,2,2,3,786.0
Lis,6,500,2,2,3,
Gupta,6,500,2,2,3,
Lars1,6,500,4,4,3,
Lars2,6,500,4,4,3,
Lis,6,500,4,4,3,
Gupta,6,500,4,4,3,
Lars1,6,500,6,6,3,
Lars2,6,500,6,6,3,
Lis,6,500,6,6,3,
Gupta,6,500,6,6,3,
Lars1,6,500,8,8,3,
Lars2,6,500,8,8,3,
Lis,6,500,8,8,3,
Gupta,6,500,8,8,3,
Lars1,6,5,10,10,3,
Lars2,6,5,10,10,3,
Lis,6,5,10,10,3,
Gupta,6,5,10,10,3,
Lars1,6,5,2,2,3,881.0
Lars2,6,5,2,2,3,71.0
Lis,6,5,2,2,3,
Gupta,6,5,2,2,3,
Lars1,6,5,4,4,3,
Lars2,6,5,4,4,3,
Lis,6,5,4,4,3,
Gupta,6,5,4,4,3,
Lars1,6,5,6,6,3,
Lars2,6,5,6,6,3,
Lis,6,5,6,6,3,
Gupta,6,5,6,6,3,
Lars1,6,5,8,8,3,
Lars2,6,5,8,8,3,
Lis,6,5,8,8,3,
Gupta,6,5,8,8,3,
Lars1,6,60,10,10,3,
Lars2,6,60,10,10,3,
Lis,6,60,10,10,3,
Gupta,6,60,10,10,3,
Lars1,6,60,2,2,3,981.0
Lars2,6,60,2,2,3,68.0
Lis,6,60,2,2,3,
Gupta,6,60,2,2,3,
Lars1,6,60,4,4,3,
Lars2,6,60,4,4,3,
Lis,6,60,4,4,3,
Gupta,6,60,4,4,3,
Lars1,6,60,6,6,3,
Lars2,6,60,6,6,3,
Lis,6,60,6,6,3,
Gupta,6,60,6,6,3,
Lars1,6,60,8,8,3,
Lars2,6,60,8,8,3,
Lis,6,60,8,8,3,
Gupta,6,60,8,8,3,
Lars1,6,6,10,10,3,
Lars2,6,6,10,10,3,
Lis,6,6,10,10,3,
Gupta,6,6,10,10,3,
Lars1,6,6,2,2,3,405.0
Lars2,6,6,2,2,3,69.0
Lis,6,6,2,2,3,
Gupta,6,6,2,2,3,
Lars1,6,6,4,4,3,
Lars2,6,6,4,4,3,
Lis,6,6,4,4,3,
Gupta,6,6,4,4,3,
Lars1,6,6,6,6,3,
Lars2,6,6,6,6,3,
Lis,6,6,6,6,3,
Gupta,6,6,6,6,3,
Lars1,6,6,8,8,3,
Lars2,6,6,8,8,3,
Lis,6,6,8,8,3,
Gupta,6,6,8,8,3,
Lars1,6,7,10,10,3,
Lars2,6,7,10,10,3,
Lis,6,7,10,10,3,
Gupta,6,7,10,10,3,
Lars1,6,7,2,2,3,131.0
Lars2,6,7,2,2,3,64.0
Lis,6,7,2,2,3,
Gupta,6,7,2,2,3,
Lars1,6,7,4,4,3,
Lars2,6,7,4,4,3,
Lis,6,7,4,4,3,
Gupta,6,7,4,4,3,
Lars1,6,7,6,6,3,
Lars2,6,7,6,6,3,
Lis,6,7,6,6,3,
Gupta,6,7,6,6,3,
Lars1,6,7,8,8,3,
Lars2,6,7,8,8,3,
Lis,6,7,8,8,3,
Gupta,6,7,8,8,3,
Lars1,6,80,10,10,3,
Lars2,6,80,10,10,3,
Lis,6,80,10,10,3,
Gupta,6,80,10,10,3,
Lars1,6,80,2,2,3,
Lars2,6,80,2,2,3,73.0
Lis,6,80,2,2,3,
Gupta,6,80,2,2,3,
Lars1,6,80,4,4,3,
Lars2,6,80,4,4,3,
Lis,6,80,4,4,3,
Gupta,6,80,4,4,3,
Lars1,6,80,6,6,3,
Lars2,6,80,6,6,3,
Lis,6,80,6,6,3,
Gupta,6,80,6,6,3,
Lars1,6,80,8,8,3,
Lars2,6,80,8,8,3,
Lis,6,80,8,8,3,
Gupta,6,80,8,8,3,
Lars1,6,8,10,10,3,
Lars2,6,8,10,10,3,
Lis,6,8,10,10,3,
Gupta,6,8,10,10,3,
Lars1,6,8,2,2,3,1137.0
Lars2,6,8,2,2,3,71.0
Lis,6,8,2,2,3,
Gupta,6,8,2,2,3,
Lars1,6,8,4,4,3,
Lars2,6,8,4,4,3,
Lis,6,8,4,4,3,
Gupta,6,8,4,4,3,
Lars1,6,8,6,6,3,
Lars2,6,8,6,6,3,
Lis,6,8,6,6,3,
Gupta,6,8,6,6,3,
Lars1,6,8,8,8,3,
Lars2,6,8,8,8,3,
Lis,6,8,8,8,3,
Gupta,6,8,8,8,3,
Lars1,6,9,10,10,3,
Lars2,6,9,10,10,3,
Lis,6,9,10,10,3,
Gupta,6,9,10,10,3,
Lars1,6,9,2,2,3,825.0
Lars2,6,9,2,2,3,71.0
Lis,6,9,2,2,3,
Gupta,6,9,2,2,3,
Lars1,6,9,4,4,3,
Lars2,6,9,4,4,3,
Lis,6,9,4,4,3,
Gupta,6,9,4,4,3,
Lars1,6,9,6,6,3,
Lars2,6,9,6,6,3,
Lis,6,9,6,6,3,
Gupta,6,9,6,6,3,
Lars1,6,9,8,8,3,
Lars2,6,9,8,8,3,
Lis,6,9,8,8,3,
Gupta,6,9,8,8,3,
Lars1,7,1000,10,10,3,
Lars2,7,1000,10,10,3,
Lis,7,1000,10,10,3,
Gupta,7,1000,10,10,3,
Lars1,7,1000,2,2,3,
Lars2,7,1000,2,2,3,159.0
Lis,7,1000,2,2,3,
Gupta,7,1000,2,2,3,
Lars1,7,1000,4,4,3,
Lars2,7,1000,4,4,3,
Lis,7,1000,4,4,3,
Gupta,7,1000,4,4,3,
Lars1,7,1000,6,6,3,
Lars2,7,1000,6,6,3,
Lis,7,1000,6,6,3,
Gupta,7,1000,6,6,3,
Lars1,7,1000,8,8,3,
Lars2,7,1000,8,8,3,
Lis,7,1000,8,8,3,
Gupta,7,1000,8,8,3,
Lars1,7,100,10,10,3,
Lars2,7,100,10,10,3,
Lis,7,100,10,10,3,
Gupta,7,100,10,10,3,
Lars1,7,100,2,2,3,
Lars2,7,100,2,2,3,82.0
Lis,7,100,2,2,3,
Gupta,7,100,2,2,3,
Lars1,7,100,4,4,3,
Lars2,7,100,4,4,3,
Lis,7,100,4,4,3,
Gupta,7,100,4,4,3,
Lars1,7,100,6,6,3,
Lars2,7,100,6,6,3,
Lis,7,100,6,6,3,
Gupta,7,100,6,6,3,
Lars1,7,100,8,8,3,
Lars2,7,100,8,8,3,
Lis,7,100,8,8,3,
Gupta,7,100,8,8,3,
Lars1,7,10,10,10,3,
Lars2,7,10,10,10,3,
Lis,7,10,10,10,3,
Gupta,7,10,10,10,3,
Lars1,7,10,2,2,3,394.0
Lars2,7,10,2,2,3,72.0
Lis,7,10,2,2,3,
Gupta,7,10,2,2,3,
Lars1,7,10,4,4,3,
Lars2,7,10,4,4,3,
Lis,7,10,4,4,3,
Gupta,7,10,4,4,3,
Lars1,7,10,6,6,3,
Lars2,7,10,6,6,3,84.0
Lis,7,10,6,6,3,
Gupta,7,10,6,6,3,
Lars1,7,10,8,8,3,
Lars2,7,10,8,8,3,
Lis,7,10,8,8,3,
Gupta,7,10,8,8,3,
Lars1,7,1,10,10,3,
Lars2,7,1,10,10,3,
Lis,7,1,10,10,3,
Gupta,7,1,10,10,3,
Lars1,7,1,2,2,3,464.0
Lars2,7,1,2,2,3,51.0
Lis,7,1,2,2,3,
Gupta,7,1,2,2,3,
Lars1,1000,1000,10,10,4,
Lars2,1000,1000,10,10,4,
Lis,1000,1000,10,10,4,
Gupta,1000,1000,10,10,4,
Lars1,1000,1000,2,2,4,
Lars2,1000,1000,2,2,4,79.0
Lis,1000,1000,2,2,4,
Gupta,1000,1000,2,2,4,
Lars1,1000,1000,4,4,4,
Lars2,1000,1000,4,4,4,
Lis,1000,1000,4,4,4,
Gupta,1000,1000,4,4,4,
Lars1,1000,1000,6,6,4,
Lars2,1000,1000,6,6,4,
Lis,1000,1000,6,6,4,
Gupta,1000,1000,6,6,4,
Lars1,1000,1000,8,8,4,
Lars2,1000,1000,8,8,4,
Lis,1000,1000,8,8,4,
Gupta,1000,1000,8,8,4,
Lars1,1000,100,10,10,4,
Lars2,1000,100,10,10,4,
Lis,1000,100,10,10,4,
Gupta,1000,100,10,10,4,
Lars1,1000,100,2,2,4,
Lars2,1000,100,2,2,4,82.0
Lis,1000,100,2,2,4,
Gupta,1000,100,2,2,4,
Lars1,1000,100,4,4,4,
Lars2,1000,100,4,4,4,
Lis,1000,100,4,4,4,
Gupta,1000,100,4,4,4,
Lars1,1000,100,6,6,4,
Lars2,1000,100,6,6,4,
Lis,1000,100,6,6,4,
Gupta,1000,100,6,6,4,
Lars1,1000,100,8,8,4,
Lars2,1000,100,8,8,4,
Lis,1000,100,8,8,4,
Gupta,1000,100,8,8,4,
Lars1,1000,10,10,10,4,
Lars2,1000,10,10,10,4,
Lis,1000,10,10,10,4,
Gupta,1000,10,10,10,4,
Lars1,1000,10,2,2,4,
Lars2,1000,10,2,2,4,86.0
Lis,1000,10,2,2,4,
Gupta,1000,10,2,2,4,
Lars1,1000,10,4,4,4,
Lars2,1000,10,4,4,4,
Lis,1000,10,4,4,4,
Gupta,1000,10,4,4,4,
Lars1,1000,10,6,6,4,
Lars2,1000,10,6,6,4,
Lis,1000,10,6,6,4,
Gupta,1000,10,6,6,4,
Lars1,1000,10,8,8,4,
Lars2,1000,10,8,8,4,
Lis,1000,10,8,8,4,
Gupta,1000,10,8,8,4,
Lars1,1000,1,10,10,4,
Lars2,1000,1,10,10,4,
Lis,1000,1,10,10,4,
Gupta,1000,1,10,10,4,
Lars1,1000,1,2,2,4,
Lars2,1000,1,2,2,4,96.0
Lis,1000,1,2,2,4,
Gupta,1000,1,2,2,4,
Lars1,1000,1,4,4,4,
Lars2,1000,1,4,4,4,
Lis,1000,1,4,4,4,
Gupta,1000,1,4,4,4,
Lars1,1000,1,6,6,4,
Lars2,1000,1,6,6,4,
Lis,1000,1,6,6,4,
Gupta,1000,1,6,6,4,
Lars1,1000,1,8,8,4,
Lars2,1000,1,8,8,4,
Lis,1000,1,8,8,4,
Gupta,1000,1,8,8,4,
Lars1,1000,20,10,10,4,
Lars2,1000,20,10,10,4,
Lis,1000,20,10,10,4,
Gupta,1000,20,10,10,4,
Lars1,1000,20,2,2,4,
Lars2,1000,20,2,2,4,73.0
Lis,1000,20,2,2,4,
Gupta,1000,20,2,2,4,
Lars1,1000,20,4,4,4,
Lars2,1000,20,4,4,4,
Lis,1000,20,4,4,4,
Gupta,1000,20,4,4,4,
Lars1,1000,20,6,6,4,
Lars2,1000,20,6,6,4,
Lis,1000,20,6,6,4,
Gupta,1000,20,6,6,4,
Lars1,1000,20,8,8,4,
Lars2,1000,20,8,8,4,
Lis,1000,20,8,8,4,
Gupta,1000,20,8,8,4,
Lars1,1000,2,10,10,4,
Lars2,1000,2,10,10,4,
Lis,1000,2,10,10,4,
Gupta,1000,2,10,10,4,
Lars1,1000,2,2,2,4,
Lars2,1000,2,2,2,4,70.0
Lis,1000,2,2,2,4,
Gupta,1000,2,2,2,4,
Lars1,1000,2,4,4,4,
Lars2,1000,2,4,4,4,
Lis,1000,2,4,4,4,
Gupta,1000,2,4,4,4,
Lars1,1000,2,6,6,4,
Lars2,1000,2,6,6,4,
Lis,1000,2,6,6,4,
Gupta,1000,2,6,6,4,
Lars1,1000,2,8,8,4,
Lars2,1000,2,8,8,4,
Lis,1000,2,8,8,4,
Gupta,1000,2,8,8,4,
Lars1,1000,3,10,10,4,
Lars2,1000,3,10,10,4,
Lis,1000,3,10,10,4,
Gupta,1000,3,10,10,4,
Lars1,1000,3,2,2,4,
Lars2,1000,3,2,2,4,71.0
Lis,1000,3,2,2,4,
Gupta,1000,3,2,2,4,
Lars1,1000,3,4,4,4,
Lars2,1000,3,4,4,4,
Lis,1000,3,4,4,4,
Gupta,1000,3,4,4,4,
Lars1,1000,3,6,6,4,
Lars2,1000,3,6,6,4,
Lis,1000,3,6,6,4,
Gupta,1000,3,6,6,4,
Lars1,1000,3,8,8,4,
Lars2,1000,3,8,8,4,
Lis,1000,3,8,8,4,
Gupta,1000,3,8,8,4,
Lars1,1000,40,10,10,4,
Lars2,1000,40,10,10,4,
Lis,1000,40,10,10,4,
Gupta,1000,40,10,10,4,
Lars1,1000,40,2,2,4,
Lars2,1000,40,2,2,4,66.0
Lis,1000,40,2,2,4,
Gupta,1000,40,2,2,4,
Lars1,1000,40,4,4,4,
Lars2,1000,40,4,4,4,
Lis,1000,40,4,4,4,
Gupta,1000,40,4,4,4,
Lars1,1000,40,6,6,4,
Lars2,1000,40,6,6,4,
Lis,1000,40,6,6,4,
Gupta,1000,40,6,6,4,
Lars1,1000,40,8,8,4,
Lars2,1000,40,8,8,4,
Lis,1000,40,8,8,4,
Gupta,1000,40,8,8,4,
Lars1,1000,4,10,10,4,
Lars2,1000,4,10,10,4,
Lis,1000,4,10,10,4,
Gupta,1000,4,10,10,4,
Lars1,1000,4,2,2,4,
Lars2,1000,4,2,2,4,90.0
Lis,1000,4,2,2,4,
Gupta,1000,4,2,2,4,
Lars1,1000,4,4,4,4,
Lars2,1000,4,4,4,4,
Lis,1000,4,4,4,4,
Gupta,1000,4,4,4,4,
Lars1,1000,4,6,6,4,
Lars2,1000,4,6,6,4,
Lis,1000,4,6,6,4,
Gupta,1000,4,6,6,4,
Lars1,1000,4,8,8,4,
Lars2,1000,4,8,8,4,
Lis,1000,4,8,8,4,
Gupta,1000,4,8,8,4,
Lars1,1000,500,10,10,4,
Lars2,1000,500,10,10,4,
Lis,1000,500,10,10,4,
Gupta,1000,500,10,10,4,
Lars1,1000,500,2,2,4,
Lars2,1000,500,2,2,4,74.0
Lis,1000,500,2,2,4,
Gupta,1000,500,2,2,4,
Lars1,1000,500,4,4,4,
Lars2,1000,500,4,4,4,
Lis,1000,500,4,4,4,
Gupta,1000,500,4,4,4,
Lars1,1000,500,6,6,4,
Lars2,1000,500,6,6,4,
Lis,1000,500,6,6,4,
Gupta,1000,500,6,6,4,
Lars1,1000,500,8,8,4,
Lars2,1000,500,8,8,4,
Lis,1000,500,8,8,4,
Gupta,1000,500,8,8,4,
Lars1,1000,5,10,10,4,
Lars2,1000,5,10,10,4,
Lis,1000,5,10,10,4,
Gupta,1000,5,10,10,4,
Lars1,1000,5,2,2,4,
Lars2,1000,5,2,2,4,66.0
Lis,1000,5,2,2,4,
Gupta,1000,5,2,2,4,
Lars1,1000,5,4,4,4,
Lars2,1000,5,4,4,4,
Lis,1000,5,4,4,4,
Gupta,1000,5,4,4,4,
Lars1,1000,5,6,6,4,
Lars2,1000,5,6,6,4,
Lis,1000,5,6,6,4,
Gupta,1000,5,6,6,4,
Lars1,1000,5,8,8,4,
Lars2,1000,5,8,8,4,
Lis,1000,5,8,8,4,
Gupta,1000,5,8,8,4,
Lars1,1000,60,10,10,4,
Lars2,1000,60,10,10,4,
Lis,1000,60,10,10,4,
Gupta,1000,60,10,10,4,
Lars1,1000,60,2,2,4,
Lars2,1000,60,2,2,4,71.0
Lis,1000,60,2,2,4,
Gupta,1000,60,2,2,4,
Lars1,1000,60,4,4,4,
Lars2,1000,60,4,4,4,
Lis,1000,60,4,4,4,
Gupta,1000,60,4,4,4,
Lars1,1000,60,6,6,4,
Lars2,1000,60,6,6,4,
Lis,1000,60,6,6,4,
Gupta,1000,60,6,6,4,
Lars1,1000,60,8,8,4,
Lars2,1000,60,8,8,4,
Lis,1000,60,8,8,4,
Gupta,1000,60,8,8,4,
Lars1,1000,6,10,10,4,
Lars2,1000,6,10,10,4,
Lis,1000,6,10,10,4,
Gupta,1000,6,10,10,4,
Lars1,1000,6,2,2,4,
Lars2,1000,6,2,2,4,73.0
Lis,1000,6,2,2,4,
Gupta,1000,6,2,2,4,
Lars1,1000,6,4,4,4,
Lars2,1000,6,4,4,4,
Lis,1000,6,4,4,4,
Gupta,1000,6,4,4,4,
Lars1,1000,6,6,6,4,
Lars2,1000,6,6,6,4,
Lis,1000,6,6,6,4,
Gupta,1000,6,6,6,4,
Lars1,1000,6,8,8,4,
Lars2,1000,6,8,8,4,
Lis,1000,6,8,8,4,
Gupta,1000,6,8,8,4,
Lars1,1000,7,10,10,4,
Lars2,1000,7,10,10,4,
Lis,1000,7,10,10,4,
Gupta,1000,7,10,10,4,
Lars1,1000,7,2,2,4,
Lars2,1000,7,2,2,4,75.0
Lis,1000,7,2,2,4,
Gupta,1000,7,2,2,4,
Lars1,1000,7,4,4,4,
Lars2,1000,7,4,4,4,
Lis,1000,7,4,4,4,
Gupta,1000,7,4,4,4,
Lars1,1000,7,6,6,4,
Lars2,1000,7,6,6,4,
Lis,1000,7,6,6,4,
Gupta,1000,7,6,6,4,
Lars1,1000,7,8,8,4,
Lars2,1000,7,8,8,4,
Lis,1000,7,8,8,4,
Gupta,1000,7,8,8,4,
Lars1,1000,80,10,10,4,
Lars2,1000,80,10,10,4,
Lis,1000,80,10,10,4,
Gupta,1000,80,10,10,4,
Lars1,1000,80,2,2,4,
Lars2,1000,80,2,2,4,62.0
Lis,1000,80,2,2,4,
Gupta,1000,80,2,2,4,
Lars1,1000,80,4,4,4,
Lars2,1000,80,4,4,4,
Lis,1000,80,4,4,4,
Gupta,1000,80,4,4,4,
Lars1,1000,80,6,6,4,
Lars2,1000,80,6,6,4,
Lis,1000,80,6,6,4,
Gupta,1000,80,6,6,4,
Lars1,1000,80,8,8,4,
Lars2,1000,80,8,8,4,
Lis,1000,80,8,8,4,
Gupta,1000,80,8,8,4,
Lars1,1000,8,10,10,4,
Lars2,1000,8,10,10,4,
Lis,1000,8,10,10,4,
Gupta,1000,8,10,10,4,
Lars1,1000,8,2,2,4,
Lars2,1000,8,2,2,4,61.0
Lis,1000,8,2,2,4,
Gupta,1000,8,2,2,4,
Lars1,1000,8,4,4,4,
Lars2,1000,8,4,4,4,
Lis,1000,8,4,4,4,
Gupta,1000,8,4,4,4,
Lars1,1000,8,6,6,4,
Lars2,1000,8,6,6,4,
Lis,1000,8,6,6,4,
Gupta,1000,8,6,6,4,
Lars1,1000,8,8,8,4,
Lars2,1000,8,8,8,4,
Lis,1000,8,8,8,4,
Gupta,1000,8,8,8,4,
Lars1,1000,9,10,10,4,
Lars2,1000,9,10,10,4,
Lis,1000,9,10,10,4,
Gupta,1000,9,10,10,4,
Lars1,1000,9,2,2,4,
Lars2,1000,9,2,2,4,118.0
Lis,1000,9,2,2,4,
Gupta,1000,9,2,2,4,
Lars1,1000,9,4,4,4,
Lars2,1000,9,4,4,4,
Lis,1000,9,4,4,4,
Gupta,1000,9,4,4,4,
Lars1,1000,9,6,6,4,
Lars2,1000,9,6,6,4,
Lis,1000,9,6,6,4,
Gupta,1000,9,6,6,4,
Lars1,1000,9,8,8,4,
Lars2,1000,9,8,8,4,
Lis,1000,9,8,8,4,
Gupta,1000,9,8,8,4,
Lars1,100,1000,10,10,4,
Lars2,100,1000,10,10,4,
Lis,100,1000,10,10,4,
Gupta,100,1000,10,10,4,
Lars1,100,1000,2,2,4,
Lars2,100,1000,2,2,4,126.0
Lis,100,1000,2,2,4,
Gupta,100,1000,2,2,4,
Lars1,100,1000,4,4,4,
Lars2,100,1000,4,4,4,
Lis,100,1000,4,4,4,
Gupta,100,1000,4,4,4,
Lars1,100,1000,6,6,4,
Lars2,100,1000,6,6,4,
Lis,100,1000,6,6,4,
Gupta,100,1000,6,6,4,
Lars1,100,1000,8,8,4,
Lars2,100,1000,8,8,4,
Lis,100,1000,8,8,4,
Gupta,100,1000,8,8,4,
Lars1,100,100,10,10,4,
Lars2,100,100,10,10,4,
Lis,100,100,10,10,4,
Gupta,100,100,10,10,4,
Lars1,100,100,2,2,4,
Lars2,100,100,2,2,4,72.0
Lis,100,100,2,2,4,
Gupta,100,100,2,2,4,
Lars1,100,100,4,4,4,
Lars2,100,100,4,4,4,
Lis,100,100,4,4,4,
Gupta,100,100,4,4,4,
Lars1,100,100,6,6,4,
Lars2,100,100,6,6,4,
Lis,100,100,6,6,4,
Gupta,100,100,6,6,4,
Lars1,100,100,8,8,4,
Lars2,100,100,8,8,4,
Lis,100,100,8,8,4,
Gupta,100,100,8,8,4,
Lars1,100,10,10,10,4,
Lars2,100,10,10,10,4,
Lis,100,10,10,10,4,
Gupta,100,10,10,10,4,
Lars1,100,10,2,2,4,
Lars2,100,10,2,2,4,75.0
Lis,100,10,2,2,4,
Gupta,100,10,2,2,4,
Lars1,100,10,4,4,4,
Lars2,100,10,4,4,4,
Lis,100,10,4,4,4,
Gupta,100,10,4,4,4,
Lars1,100,10,6,6,4,
Lars2,100,10,6,6,4,
Lis,100,10,6,6,4,
Gupta,100,10,6,6,4,
Lars1,100,10,8,8,4,
Lars2,100,10,8,8,4,
Lis,100,10,8,8,4,
Gupta,100,10,8,8,4,
Lars1,100,1,10,10,4,
Lars2,100,1,10,10,4,
Lis,100,1,10,10,4,
Gupta,100,1,10,10,4,
Lars1,100,1,2,2,4,
Lars2,100,1,2,2,4,117.0
Lis,100,1,2,2,4,
Gupta,100,1,2,2,4,
Lars1,100,1,4,4,4,
Lars2,100,1,4,4,4,
Lis,100,1,4,4,4,
Gupta,100,1,4,4,4,
Lars1,100,1,6,6,4,
Lars2,100,1,6,6,4,
Lis,100,1,6,6,4,
Gupta,100,1,6,6,4,
Lars1,100,1,8,8,4,
Lars2,100,1,8,8,4,
Lis,100,1,8,8,4,
Gupta,100,1,8,8,4,
Lars1,100,20,10,10,4,
Lars2,100,20,10,10,4,
Lis,100,20,10,10,4,
Gupta,100,20,10,10,4,
Lars1,100,20,2,2,4,
Lars2,100,20,2,2,4,71.0
Lis,100,20,2,2,4,
Gupta,100,20,2,2,4,
Lars1,100,20,4,4,4,
Lars2,100,20,4,4,4,
Lis,100,20,4,4,4,
Gupta,100,20,4,4,4,
Lars1,100,20,6,6,4,
Lars2,100,20,6,6,4,
Lis,100,20,6,6,4,
Gupta,100,20,6,6,4,
Lars1,100,20,8,8,4,
Lars2,100,20,8,8,4,
Lis,100,20,8,8,4,
Gupta,100,20,8,8,4,
Lars1,100,2,10,10,4,
Lars2,100,2,10,10,4,
Lis,100,2,10,10,4,
Gupta,100,2,10,10,4,
Lars1,100,2,2,2,4,
Lars2,100,2,2,2,4,72.0
Lis,100,2,2,2,4,
Gupta,100,2,2,2,4,
Lars1,100,2,4,4,4,
Lars2,100,2,4,4,4,
Lis,100,2,4,4,4,
Gupta,100,2,4,4,4,
Lars1,100,2,6,6,4,
Lars2,100,2,6,6,4,
Lis,100,2,6,6,4,
Gupta,100,2,6,6,4,
Lars1,100,2,8,8,4,
Lars2,100,2,8,8,4,
Lis,100,2,8,8,4,
Gupta,100,2,8,8,4,
Lars1,100,3,10,10,4,
Lars2,100,3,10,10,4,
Lis,100,3,10,10,4,
Gupta,100,3,10,10,4,
Lars1,100,3,2,2,4,
Lars2,100,3,2,2,4,77.0
Lis,100,3,2,2,4,
Gupta,100,3,2,2,4,
Lars1,100,3,4,4,4,
Lars2,100,3,4,4,4,
Lis,100,3,4,4,4,
Gupta,100,3,4,4,4,
Lars1,100,3,6,6,4,
Lars2,100,3,6,6,4,
Lis,100,3,6,6,4,
Gupta,100,3,6,6,4,
Lars1,100,3,8,8,4,
Lars2,100,3,8,8,4,
Lis,100,3,8,8,4,
Gupta,100,3,8,8,4,
Lars1,100,40,10,10,4,
Lars2,100,40,10,10,4,
Lis,100,40,10,10,4,
Gupta,100,40,10,10,4,
Lars1,100,40,2,2,4,
Lars2,100,40,2,2,4,69.0
Lis,100,40,2,2,4,
Gupta,100,40,2,2,4,
Lars1,100,40,4,4,4,
Lars2,100,40,4,4,4,
Lis,100,40,4,4,4,
Gupta,100,40,4,4,4,
Lars1,100,40,6,6,4,
Lars2,100,40,6,6,4,
Lis,100,40,6,6,4,
Gupta,100,40,6,6,4,
Lars1,100,40,8,8,4,
Lars2,100,40,8,8,4,
Lis,100,40,8,8,4,
Gupta,100,40,8,8,4,
Lars1,100,4,10,10,4,
Lars2,100,4,10,10,4,
Lis,100,4,10,10,4,
Gupta,100,4,10,10,4,
Lars1,100,4,2,2,4,
Lars2,100,4,2,2,4,76.0
Lis,100,4,2,2,4,
Gupta,100,4,2,2,4,
Lars1,100,4,4,4,4,
Lars2,100,4,4,4,4,
Lis,100,4,4,4,4,
Gupta,100,4,4,4,4,
Lars1,100,4,6,6,4,
Lars2,100,4,6,6,4,
Lis,100,4,6,6,4,
Gupta,100,4,6,6,4,
Lars1,100,4,8,8,4,
Lars2,100,4,8,8,4,
Lis,100,4,8,8,4,
Gupta,100,4,8,8,4,
Lars1,100,500,10,10,4,
Lars2,100,500,10,10,4,
Lis,100,500,10,10,4,
Gupta,100,500,10,10,4,
Lars1,100,500,2,2,4,
Lars2,100,500,2,2,4,67.0
Lis,100,500,2,2,4,
Gupta,100,500,2,2,4,
Lars1,100,500,4,4,4,
Lars2,100,500,4,4,4,
Lis,100,500,4,4,4,
Gupta,100,500,4,4,4,
Lars1,100,500,6,6,4,
Lars2,100,500,6,6,4,
Lis,100,500,6,6,4,
Gupta,100,500,6,6,4,
Lars1,100,500,8,8,4,
Lars2,100,500,8,8,4,
Lis,100,500,8,8,4,
Gupta,100,500,8,8,4,
Lars1,100,5,10,10,4,
Lars2,100,5,10,10,4,
Lis,100,5,10,10,4,
Gupta,100,5,10,10,4,
Lars1,100,5,2,2,4,
Lars2,100,5,2,2,4,68.0
Lis,100,5,2,2,4,
Gupta,100,5,2,2,4,
Lars1,100,5,4,4,4,
Lars2,100,5,4,4,4,
Lis,100,5,4,4,4,
Gupta,100,5,4,4,4,
Lars1,100,5,6,6,4,
Lars2,100,5,6,6,4,
Lis,100,5,6,6,4,
Gupta,100,5,6,6,4,
Lars1,100,5,8,8,4,
Lars2,100,5,8,8,4,
Lis,100,5,8,8,4,
Gupta,100,5,8,8,4,
Lars1,100,60,10,10,4,
Lars2,100,60,10,10,4,
Lis,100,60,10,10,4,
Gupta,100,60,10,10,4,
Lars1,100,60,2,2,4,
Lars2,100,60,2,2,4,88.0
Lis,100,60,2,2,4,
Gupta,100,60,2,2,4,
Lars1,100,60,4,4,4,
Lars2,100,60,4,4,4,
Lis,100,60,4,4,4,
Gupta,100,60,4,4,4,
Lars1,100,60,6,6,4,
Lars2,100,60,6,6,4,
Lis,100,60,6,6,4,
Gupta,100,60,6,6,4,
Lars1,100,60,8,8,4,
Lars2,100,60,8,8,4,
Lis,100,60,8,8,4,
Gupta,100,60,8,8,4,
Lars1,100,6,10,10,4,
Lars2,100,6,10,10,4,
Lis,100,6,10,10,4,
Gupta,100,6,10,10,4,
Lars1,100,6,2,2,4,
Lars2,100,6,2,2,4,69.0
Lis,100,6,2,2,4,
Gupta,100,6,2,2,4,
Lars1,100,6,4,4,4,
Lars2,100,6,4,4,4,
Lis,100,6,4,4,4,
Gupta,100,6,4,4,4,
Lars1,100,6,6,6,4,
Lars2,100,6,6,6,4,
Lis,100,6,6,6,4,
Gupta,100,6,6,6,4,
Lars1,100,6,8,8,4,
Lars2,100,6,8,8,4,
Lis,100,6,8,8,4,
Gupta,100,6,8,8,4,
Lars1,100,7,10,10,4,
Lars2,100,7,10,10,4,
Lis,100,7,10,10,4,
Gupta,100,7,10,10,4,
Lars1,100,7,2,2,4,
Lars2,100,7,2,2,4,75.0
Lis,100,7,2,2,4,
Gupta,100,7,2,2,4,
Lars1,100,7,4,4,4,
Lars2,100,7,4,4,4,
Lis,100,7,4,4,4,
Gupta,100,7,4,4,4,
Lars1,100,7,6,6,4,
Lars2,100,7,6,6,4,
Lis,100,7,6,6,4,
Gupta,100,7,6,6,4,
Lars1,100,7,8,8,4,
Lars2,100,7,8,8,4,
Lis,100,7,8,8,4,
Gupta,100,7,8,8,4,
Lars1,100,80,10,10,4,
Lars2,100,80,10,10,4,
Lis,100,80,10,10,4,
Gupta,100,80,10,10,4,
Lars1,100,80,2,2,4,
Lars2,100,80,2,2,4,84.0
Lis,100,80,2,2,4,
Gupta,100,80,2,2,4,
Lars1,100,80,4,4,4,
Lars2,100,80,4,4,4,
Lis,100,80,4,4,4,
Gupta,100,80,4,4,4,
Lars1,100,80,6,6,4,
Lars2,100,80,6,6,4,
Lis,100,80,6,6,4,
Gupta,100,80,6,6,4,
Lars1,100,80,8,8,4,
Lars2,100,80,8,8,4,
Lis,100,80,8,8,4,
Gupta,100,80,8,8,4,
Lars1,100,8,10,10,4,
Lars2,100,8,10,10,4,
Lis,100,8,10,10,4,
Gupta,100,8,10,10,4,
Lars1,100,8,2,2,4,
Lars2,100,8,2,2,4,84.0
Lis,100,8,2,2,4,
Gupta,100,8,2,2,4,
Lars1,100,8,4,4,4,
Lars2,100,8,4,4,4,
Lis,100,8,4,4,4,
Gupta,100,8,4,4,4,
Lars1,100,8,6,6,4,
Lars2,100,8,6,6,4,
Lis,100,8,6,6,4,
Gupta,100,8,6,6,4,
Lars1,100,8,8,8,4,
Lars2,100,8,8,8,4,
Lis,100,8,8,8,4,
Gupta,100,8,8,8,4,
Lars1,100,9,10,10,4,
Lars2,100,9,10,10,4,
Lis,100,9,10,10,4,
Gupta,100,9,10,10,4,
Lars1,100,9,2,2,4,
Lars2,100,9,2,2,4,81.0
Lis,100,9,2,2,4,
Gupta,100,9,2,2,4,
Lars1,100,9,4,4,4,
Lars2,100,9,4,4,4,
Lis,100,9,4,4,4,
Gupta,100,9,4,4,4,
Lars1,100,9,6,6,4,
Lars2,100,9,6,6,4,
Lis,100,9,6,6,4,
Gupta,100,9,6,6,4,
Lars1,100,9,8,8,4,
Lars2,100,9,8,8,4,
Lis,100,9,8,8,4,
Gupta,100,9,8,8,4,
Lars1,10,1000,10,10,4,
Lars2,10,1000,10,10,4,
Lis,10,1000,10,10,4,
Gupta,10,1000,10,10,4,
Lars1,10,1000,2,2,4,
Lars2,10,1000,2,2,4,300.0
Lis,10,1000,2,2,4,
Gupta,10,1000,2,2,4,
Lars1,10,1000,4,4,4,
Lars2,10,1000,4,4,4,
Lis,10,1000,4,4,4,
Gupta,10,1000,4,4,4,
Lars1,10,1000,6,6,4,
Lars2,10,1000,6,6,4,
Lis,10,1000,6,6,4,
Gupta,10,1000,6,6,4,
Lars1,10,1000,8,8,4,
Lars2,10,1000,8,8,4,
Lis,10,1000,8,8,4,
Gupta,10,1000,8,8,4,
Lars1,10,100,10,10,4,
Lars2,10,100,10,10,4,
Lis,10,100,10,10,4,
Gupta,10,100,10,10,4,
Lars1,10,100,2,2,4,
Lars2,10,100,2,2,4,79.0
Lis,10,100,2,2,4,
Gupta,10,100,2,2,4,
Lars1,10,100,4,4,4,
Lars2,10,100,4,4,4,
Lis,10,100,4,4,4,
Gupta,10,100,4,4,4,
Lars1,10,100,6,6,4,
Lars2,10,100,6,6,4,
Lis,10,100,6,6,4,
Gupta,10,100,6,6,4,
Lars1,10,100,8,8,4,
Lars2,10,100,8,8,4,
Lis,10,100,8,8,4,
Gupta,10,100,8,8,4,
Lars1,10,10,10,10,4,
Lars2,10,10,10,10,4,
Lis,10,10,10,10,4,
Gupta,10,10,10,10,4,
Lars1,10,10,2,2,4,
Lars2,10,10,2,2,4,67.0
Lis,10,10,2,2,4,
Gupta,10,10,2,2,4,
Lars1,10,10,4,4,4,
Lars2,10,10,4,4,4,
Lis,10,10,4,4,4,
Gupta,10,10,4,4,4,
Lars1,10,10,6,6,4,
Lars2,10,10,6,6,4,
Lis,10,10,6,6,4,
Gupta,10,10,6,6,4,
Lars1,10,10,8,8,4,
Lars2,10,10,8,8,4,
Lis,10,10,8,8,4,
Gupta,10,10,8,8,4,
Lars1,10,1,10,10,4,
Lars2,10,1,10,10,4,
Lis,10,1,10,10,4,
Gupta,10,1,10,10,4,
Lars1,10,1,2,2,4,
Lars2,10,1,2,2,4,73.0
Lis,10,1,2,2,4,
Gupta,10,1,2,2,4,
Lars1,10,1,4,4,4,
Lars2,10,1,4,4,4,
Lis,10,1,4,4,4,
Gupta,10,1,4,4,4,
Lars1,10,1,6,6,4,
Lars2,10,1,6,6,4,
Lis,10,1,6,6,4,
Gupta,10,1,6,6,4,
Lars1,10,1,8,8,4,
Lars2,10,1,8,8,4,
Lis,10,1,8,8,4,
Gupta,10,1,8,8,4,
Lars1,10,20,10,10,4,
Lars2,10,20,10,10,4,
Lis,10,20,10,10,4,
Gupta,10,20,10,10,4,
Lars1,10,20,2,2,4,
Lars2,10,20,2,2,4,78.0
Lis,10,20,2,2,4,
Gupta,10,20,2,2,4,
Lars1,10,20,4,4,4,
Lars2,10,20,4,4,4,
Lis,10,20,4,4,4,
Gupta,10,20,4,4,4,
Lars1,10,20,6,6,4,
Lars2,10,20,6,6,4,
Lis,10,20,6,6,4,
Gupta,10,20,6,6,4,
Lars1,10,20,8,8,4,
Lars2,10,20,8,8,4,
Lis,10,20,8,8,4,
Gupta,10,20,8,8,4,
Lars1,10,2,10,10,4,
Lars2,10,2,10,10,4,
Lis,10,2,10,10,4,
Gupta,10,2,10,10,4,
Lars1,10,2,2,2,4,
Lars2,10,2,2,2,4,56.0
Lis,10,2,2,2,4,
Gupta,10,2,2,2,4,
Lars1,10,2,4,4,4,
Lars2,10,2,4,4,4,
Lis,10,2,4,4,4,
Gupta,10,2,4,4,4,
Lars1,10,2,6,6,4,
Lars2,10,2,6,6,4,
Lis,10,2,6,6,4,
Gupta,10,2,6,6,4,
Lars1,10,2,8,8,4,
Lars2,10,2,8,8,4,
Lis,10,2,8,8,4,
Gupta,10,2,8,8,4,
Lars1,10,3,10,10,4,
Lars2,10,3,10,10,4,
Lis,10,3,10,10,4,
Gupta,10,3,10,10,4,
Lars1,10,3,2,2,4,
Lars2,10,3,2,2,4,72.0
Lis,10,3,2,2,4,
Gupta,10,3,2,2,4,
Lars1,10,3,4,4,4,
Lars2,10,3,4,4,4,
Lis,10,3,4,4,4,
Gupta,10,3,4,4,4,
Lars1,10,3,6,6,4,
Lars2,10,3,6,6,4,
Lis,10,3,6,6,4,
Gupta,10,3,6,6,4,
Lars1,10,3,8,8,4,
Lars2,10,3,8,8,4,
Lis,10,3,8,8,4,
Gupta,10,3,8,8,4,
Lars1,10,40,10,10,4,
Lars2,10,40,10,10,4,
Lis,10,40,10,10,4,
Gupta,10,40,10,10,4,
Lars1,10,40,2,2,4,
Lars2,10,40,2,2,4,76.0
Lis,10,40,2,2,4,
Gupta,10,40,2,2,4,110.0
Lars1,10,40,4,4,4,
Lars2,10,40,4,4,4,
Lis,10,40,4,4,4,
Gupta,10,40,4,4,4,
Lars1,10,40,6,6,4,
Lars2,10,40,6,6,4,
Lis,10,40,6,6,4,
Gupta,10,40,6,6,4,
Lars1,10,40,8,8,4,
Lars2,10,40,8,8,4,
Lis,10,40,8,8,4,
Gupta,10,40,8,8,4,
Lars1,10,4,10,10,4,
Lars2,10,4,10,10,4,
Lis,10,4,10,10,4,
Gupta,10,4,10,10,4,
Lars1,10,4,2,2,4,
Lars2,10,4,2,2,4,56.0
Lis,10,4,2,2,4,
Gupta,10,4,2,2,4,
Lars1,10,4,4,4,4,
Lars2,10,4,4,4,4,
Lis,10,4,4,4,4,
Gupta,10,4,4,4,4,
Lars1,10,4,6,6,4,
Lars2,10,4,6,6,4,
Lis,10,4,6,6,4,
Gupta,10,4,6,6,4,
Lars1,10,4,8,8,4,
Lars2,10,4,8,8,4,
Lis,10,4,8,8,4,
Gupta,10,4,8,8,4,
Lars1,10,500,10,10,4,
Lars2,10,500,10,10,4,
Lis,10,500,10,10,4,
Gupta,10,500,10,10,4,
Lars1,10,500,2,2,4,
Lars2,10,500,2,2,4,141.0
Lis,10,500,2,2,4,
Gupta,10,500,2,2,4,
Lars1,10,500,4,4,4,
Lars2,10,500,4,4,4,
Lis,10,500,4,4,4,
Gupta,10,500,4,4,4,
Lars1,10,500,6,6,4,
Lars2,10,500,6,6,4,
Lis,10,500,6,6,4,
Gupta,10,500,6,6,4,
Lars1,10,500,8,8,4,
Lars2,10,500,8,8,4,
Lis,10,500,8,8,4,
Gupta,10,500,8,8,4,
Lars1,10,5,10,10,4,
Lars2,10,5,10,10,4,
Lis,10,5,10,10,4,
Gupta,10,5,10,10,4,
Lars1,10,5,2,2,4,
Lars2,10,5,2,2,4,67.0
Lis,10,5,2,2,4,
Gupta,10,5,2,2,4,
Lars1,10,5,4,4,4,
Lars2,10,5,4,4,4,
Lis,10,5,4,4,4,
Gupta,10,5,4,4,4,
Lars1,10,5,6,6,4,
Lars2,10,5,6,6,4,
Lis,10,5,6,6,4,
Gupta,10,5,6,6,4,
Lars1,10,5,8,8,4,
Lars2,10,5,8,8,4,
Lis,10,5,8,8,4,
Gupta,10,5,8,8,4,
Lars1,10,60,10,10,4,
Lars2,10,60,10,10,4,
Lis,10,60,10,10,4,
Gupta,10,60,10,10,4,
Lars1,10,60,2,2,4,
Lars2,10,60,2,2,4,80.0
Lis,10,60,2,2,4,
Gupta,10,60,2,2,4,
Lars1,10,60,4,4,4,
Lars2,10,60,4,4,4,
Lis,10,60,4,4,4,
Gupta,10,60,4,4,4,
Lars1,10,60,6,6,4,
Lars2,10,60,6,6,4,
Lis,10,60,6,6,4,
Gupta,10,60,6,6,4,
Lars1,10,60,8,8,4,
Lars2,10,60,8,8,4,
Lis,10,60,8,8,4,
Gupta,10,60,8,8,4,
Lars1,10,6,10,10,4,
Lars2,10,6,10,10,4,
Lis,10,6,10,10,4,
Gupta,10,6,10,10,4,
Lars1,10,6,2,2,4,
Lars2,10,6,2,2,4,67.0
Lis,10,6,2,2,4,
Gupta,10,6,2,2,4,
Lars1,10,6,4,4,4,
Lars2,10,6,4,4,4,
Lis,10,6,4,4,4,
Gupta,10,6,4,4,4,
Lars1,10,6,6,6,4,
Lars2,10,6,6,6,4,
Lis,10,6,6,6,4,
Gupta,10,6,6,6,4,
Lars1,10,6,8,8,4,
Lars2,10,6,8,8,4,
Lis,10,6,8,8,4,
Gupta,10,6,8,8,4,
Lars1,10,7,10,10,4,
Lars2,10,7,10,10,4,
Lis,10,7,10,10,4,
Gupta,10,7,10,10,4,
Lars1,10,7,2,2,4,
Lars2,10,7,2,2,4,66.0
Lis,10,7,2,2,4,
Gupta,10,7,2,2,4,
Lars1,10,7,4,4,4,
Lars2,10,7,4,4,4,
Lis,10,7,4,4,4,
Gupta,10,7,4,4,4,
Lars1,10,7,6,6,4,
Lars2,10,7,6,6,4,
Lis,10,7,6,6,4,
Gupta,10,7,6,6,4,
Lars1,10,7,8,8,4,
Lars2,10,7,8,8,4,
Lis,10,7,8,8,4,
Gupta,10,7,8,8,4,
Lars1,10,80,10,10,4,
Lars2,10,80,10,10,4,
Lis,10,80,10,10,4,
Gupta,10,80,10,10,4,
Lars1,10,80,2,2,4,
Lars2,10,80,2,2,4,78.0
Lis,10,80,2,2,4,
Gupta,10,80,2,2,4,
Lars1,10,80,4,4,4,
Lars2,10,80,4,4,4,
Lis,10,80,4,4,4,
Gupta,10,80,4,4,4,
Lars1,10,80,6,6,4,
Lars2,10,80,6,6,4,
Lis,10,80,6,6,4,
Gupta,10,80,6,6,4,
Lars1,10,80,8,8,4,
Lars2,10,80,8,8,4,
Lis,10,80,8,8,4,
Gupta,10,80,8,8,4,
Lars1,10,8,10,10,4,
Lars2,10,8,10,10,4,
Lis,10,8,10,10,4,
Gupta,10,8,10,10,4,
Lars1,10,8,2,2,4,
Lars2,10,8,2,2,4,60.0
Lis,10,8,2,2,4,
Gupta,10,8,2,2,4,
Lars1,10,8,4,4,4,
Lars2,10,8,4,4,4,
Lis,10,8,4,4,4,
Gupta,10,8,4,4,4,
Lars1,10,8,6,6,4,
Lars2,10,8,6,6,4,
Lis,10,8,6,6,4,
Gupta,10,8,6,6,4,
Lars1,10,8,8,8,4,
Lars2,10,8,8,8,4,
Lis,10,8,8,8,4,
Gupta,10,8,8,8,4,
Lars1,10,9,10,10,4,
Lars2,10,9,10,10,4,
Lis,10,9,10,10,4,
Gupta,10,9,10,10,4,
Lars1,10,9,2,2,4,
Lars2,10,9,2,2,4,60.0
Lis,10,9,2,2,4,
Gupta,10,9,2,2,4,
Lars1,10,9,4,4,4,
Lars2,10,9,4,4,4,
Lis,10,9,4,4,4,
Gupta,10,9,4,4,4,
Lars1,10,9,6,6,4,
Lars2,10,9,6,6,4,
Lis,10,9,6,6,4,
Gupta,10,9,6,6,4,
Lars1,10,9,8,8,4,
Lars2,10,9,8,8,4,
Lis,10,9,8,8,4,
Gupta,10,9,8,8,4,
Lis,1,1000,10,10,4,
Lis,1,1000,2,2,4,
Lis,1,1000,4,4,4,
Lis,1,1000,6,6,4,
Lis,1,1000,8,8,4,
Lis,1,100,10,10,4,
Lis,1,100,2,2,4,
Lis,1,100,4,4,4,
Lis,1,100,6,6,4,
Lis,1,100,8,8,4,
Lis,1,10,10,10,4,
Lis,1,10,2,2,4,
Lis,1,10,4,4,4,
Lis,1,10,6,6,4,
Lis,1,10,8,8,4,
Lis,1,1,10,10,4,
Lis,1,1,2,2,4,
Lis,1,1,4,4,4,
Lis,1,1,6,6,4,
Lis,1,1,8,8,4,
Lis,1,20,10,10,4,
Lis,1,20,2,2,4,
Lis,1,20,4,4,4,
Lis,1,20,6,6,4,
Lis,1,20,8,8,4,
Lis,1,2,10,10,4,
Lis,1,2,2,2,4,
Lis,1,2,4,4,4,
Lis,1,2,6,6,4,
Lis,1,2,8,8,4,
Lis,1,3,10,10,4,
Lis,1,3,2,2,4,
Lis,1,3,4,4,4,
Lis,1,3,6,6,4,
Lis,1,3,8,8,4,
Lis,1,40,10,10,4,
Lis,1,40,2,2,4,
Lis,1,40,4,4,4,
Lis,1,40,6,6,4,
Lis,1,40,8,8,4,
Lis,1,4,10,10,4,
Lis,1,4,2,2,4,
Lis,1,4,4,4,4,
Lis,1,4,6,6,4,
Lis,1,4,8,8,4,
Lis,1,500,10,10,4,
Lis,1,500,2,2,4,
Lis,1,500,4,4,4,
Lis,1,500,6,6,4,
Lis,1,500,8,8,4,
Lis,1,5,10,10,4,
Lis,1,5,2,2,4,
Lis,1,5,4,4,4,
Lis,1,5,6,6,4,
Lis,1,5,8,8,4,
Lis,1,60,10,10,4,
Lis,1,60,2,2,4,
Lis,1,60,4,4,4,
Lis,1,60,6,6,4,
Lis,1,60,8,8,4,
Lis,1,6,10,10,4,
Lis,1,6,2,2,4,
Lis,1,6,4,4,4,
Lis,1,6,6,6,4,
Lis,1,6,8,8,4,
Lis,1,7,10,10,4,
Lis,1,7,2,2,4,
Lis,1,7,4,4,4,
Lis,1,7,6,6,4,
Lis,1,7,8,8,4,
Lis,1,80,10,10,4,
Lis,1,80,2,2,4,
Lis,1,80,4,4,4,
Lis,1,80,6,6,4,
Lis,1,80,8,8,4,
Lis,1,8,10,10,4,
Lis,1,8,2,2,4,
Lis,1,8,4,4,4,
Lis,1,8,6,6,4,
Lis,1,8,8,8,4,
Lis,1,9,10,10,4,
Lis,1,9,2,2,4,
Lis,1,9,4,4,4,
Lis,1,9,6,6,4,
Lis,1,9,8,8,4,
Lars1,20,1000,10,10,4,
Lars2,20,1000,10,10,4,
Lis,20,1000,10,10,4,
Gupta,20,1000,10,10,4,
Lars1,20,1000,2,2,4,
Lars2,20,1000,2,2,4,134.0
Lis,20,1000,2,2,4,
Gupta,20,1000,2,2,4,
Lars1,20,1000,4,4,4,
Lars2,20,1000,4,4,4,
Lis,20,1000,4,4,4,
Gupta,20,1000,4,4,4,
Lars1,20,1000,6,6,4,
Lars2,20,1000,6,6,4,
Lis,20,1000,6,6,4,
Gupta,20,1000,6,6,4,
Lars1,20,1000,8,8,4,
Lars2,20,1000,8,8,4,
Lis,20,1000,8,8,4,
Gupta,20,1000,8,8,4,
Lars1,20,100,10,10,4,
Lars2,20,100,10,10,4,
Lis,20,100,10,10,4,
Gupta,20,100,10,10,4,
Lars1,20,100,2,2,4,
Lars2,20,100,2,2,4,73.0
Lis,20,100,2,2,4,
Gupta,20,100,2,2,4,
Lars1,20,100,4,4,4,
Lars2,20,100,4,4,4,
Lis,20,100,4,4,4,
Gupta,20,100,4,4,4,
Lars1,20,100,6,6,4,
Lars2,20,100,6,6,4,
Lis,20,100,6,6,4,
Gupta,20,100,6,6,4,
Lars1,20,100,8,8,4,
Lars2,20,100,8,8,4,
Lis,20,100,8,8,4,
Gupta,20,100,8,8,4,
Lars1,20,10,10,10,4,
Lars2,20,10,10,10,4,
Lis,20,10,10,10,4,
Gupta,20,10,10,10,4,
Lars1,20,10,2,2,4,
Lars2,20,10,2,2,4,66.0
Lis,20,10,2,2,4,
Gupta,20,10,2,2,4,
Lars1,20,10,4,4,4,
Lars2,20,10,4,4,4,
Lis,20,10,4,4,4,
Gupta,20,10,4,4,4,
Lars1,20,10,6,6,4,
Lars2,20,10,6,6,4,
Lis,20,10,6,6,4,
Gupta,20,10,6,6,4,
Lars1,20,10,8,8,4,
Lars2,20,10,8,8,4,
Lis,20,10,8,8,4,
Gupta,20,10,8,8,4,
Lars1,20,1,10,10,4,
Lars2,20,1,10,10,4,
Lis,20,1,10,10,4,
Gupta,20,1,10,10,4,
Lars1,20,1,2,2,4,
Lars2,20,1,2,2,4,74.0
Lis,20,1,2,2,4,
Gupta,20,1,2,2,4,
Lars1,20,1,4,4,4,
Lars2,20,1,4,4,4,
Lis,20,1,4,4,4,
Gupta,20,1,4,4,4,
Lars1,20,1,6,6,4,
Lars2,20,1,6,6,4,
Lis,20,1,6,6,4,
Gupta,20,1,6,6,4,
Lars1,20,1,8,8,4,
Lars2,20,1,8,8,4,
Lis,20,1,8,8,4,
Gupta,20,1,8,8,4,
Lars1,20,20,10,10,4,
Lars2,20,20,10,10,4,
Lis,20,20,10,10,4,
Gupta,20,20,10,10,4,
Lars1,20,20,2,2,4,
Lars2,20,20,2,2,4,73.0
Lis,20,20,2,2,4,
Gupta,20,20,2,2,4,
Lars1,20,20,4,4,4,
Lars2,20,20,4,4,4,
Lis,20,20,4,4,4,
Gupta,20,20,4,4,4,
Lars1,20,20,6,6,4,
Lars2,20,20,6,6,4,
Lis,20,20,6,6,4,
Gupta,20,20,6,6,4,
Lars1,20,20,8,8,4,
Lars2,20,20,8,8,4,
Lis,20,20,8,8,4,
Gupta,20,20,8,8,4,
Lars1,20,2,10,10,4,
Lars2,20,2,10,10,4,
Lis,20,2,10,10,4,
Gupta,20,2,10,10,4,
Lars1,20,2,2,2,4,
Lars2,20,2,2,2,4,84.0
Lis,20,2,2,2,4,
Gupta,20,2,2,2,4,
Lars1,20,2,4,4,4,
Lars2,20,2,4,4,4,
Lis,20,2,4,4,4,
Gupta,20,2,4,4,4,
Lars1,20,2,6,6,4,
Lars2,20,2,6,6,4,
Lis,20,2,6,6,4,
Gupta,20,2,6,6,4,
Lars1,20,2,8,8,4,
Lars2,20,2,8,8,4,
Lis,20,2,8,8,4,
Gupta,20,2,8,8,4,
Lars1,20,3,10,10,4,
Lars2,20,3,10,10,4,
Lis,20,3,10,10,4,
Gupta,20,3,10,10,4,
Lars1,20,3,2,2,4,
Lars2,20,3,2,2,4,70.0
Lis,20,3,2,2,4,
Gupta,20,3,2,2,4,
Lars1,20,3,4,4,4,
Lars2,20,3,4,4,4,
Lis,20,3,4,4,4,
Gupta,20,3,4,4,4,
Lars1,20,3,6,6,4,
Lars2,20,3,6,6,4,
Lis,20,3,6,6,4,
Gupta,20,3,6,6,4,
Lars1,20,3,8,8,4,
Lars2,20,3,8,8,4,
Lis,20,3,8,8,4,
Gupta,20,3,8,8,4,
Lars1,20,40,10,10,4,
Lars2,20,40,10,10,4,
Lis,20,40,10,10,4,
Gupta,20,40,10,10,4,
Lars1,20,40,2,2,4,
Lars2,20,40,2,2,4,78.0
Lis,20,40,2,2,4,
Gupta,20,40,2,2,4,
Lars1,20,40,4,4,4,
Lars2,20,40,4,4,4,
Lis,20,40,4,4,4,
Gupta,20,40,4,4,4,
Lars1,20,40,6,6,4,
Lars2,20,40,6,6,4,
Lis,20,40,6,6,4,
Gupta,20,40,6,6,4,
Lars1,20,40,8,8,4,
Lars2,20,40,8,8,4,
Lis,20,40,8,8,4,
Gupta,20,40,8,8,4,
Lars1,20,4,10,10,4,
Lars2,20,4,10,10,4,
Lis,20,4,10,10,4,
Gupta,20,4,10,10,4,
Lars1,20,4,2,2,4,
Lars2,20,4,2,2,4,57.0
Lis,20,4,2,2,4,
Gupta,20,4,2,2,4,
Lars1,20,4,4,4,4,
Lars2,20,4,4,4,4,
Lis,20,4,4,4,4,
Gupta,20,4,4,4,4,
Lars1,20,4,6,6,4,
Lars2,20,4,6,6,4,
Lis,20,4,6,6,4,
Gupta,20,4,6,6,4,
Lars1,20,4,8,8,4,
Lars2,20,4,8,8,4,
Lis,20,4,8,8,4,
Gupta,20,4,8,8,4,
Lars1,20,500,10,10,4,
Lars2,20,500,10,10,4,
Lis,20,500,10,10,4,
Gupta,20,500,10,10,4,
Lars1,20,500,2,2,4,
Lars2,20,500,2,2,4,138.0
Lis,20,500,2,2,4,
Gupta,20,500,2,2,4,
Lars1,20,500,4,4,4,
Lars2,20,500,4,4,4,
Lis,20,500,4,4,4,
Gupta,20,500,4,4,4,
Lars1,20,500,6,6,4,
Lars2,20,500,6,6,4,
Lis,20,500,6,6,4,
Gupta,20,500,6,6,4,
Lars1,20,500,8,8,4,
Lars2,20,500,8,8,4,
Lis,20,500,8,8,4,
Gupta,20,500,8,8,4,
Lars1,20,5,10,10,4,
Lars2,20,5,10,10,4,
Lis,20,5,10,10,4,
Gupta,20,5,10,10,4,
Lars1,20,5,2,2,4,
Lars2,20,5,2,2,4,71.0
Lis,20,5,2,2,4,
Gupta,20,5,2,2,4,
Lars1,20,5,4,4,4,
Lars2,20,5,4,4,4,
Lis,20,5,4,4,4,
Gupta,20,5,4,4,4,
Lars1,20,5,6,6,4,
Lars2,20,5,6,6,4,
Lis,20,5,6,6,4,
Gupta,20,5,6,6,4,
Lars1,20,5,8,8,4,
Lars2,20,5,8,8,4,
Lis,20,5,8,8,4,
Gupta,20,5,8,8,4,
Lars1,20,60,10,10,4,
Lars2,20,60,10,10,4,
Lis,20,60,10,10,4,
Gupta,20,60,10,10,4,
Lars1,20,60,2,2,4,
Lars2,20,60,2,2,4,76.0
Lis,20,60,2,2,4,
Gupta,20,60,2,2,4,
Lars1,20,60,4,4,4,
Lars2,20,60,4,4,4,
Lis,20,60,4,4,4,
Gupta,20,60,4,4,4,
Lars1,20,60,6,6,4,
Lars2,20,60,6,6,4,
Lis,20,60,6,6,4,
Gupta,20,60,6,6,4,
Lars1,20,60,8,8,4,
Lars2,20,60,8,8,4,
Lis,20,60,8,8,4,
Gupta,20,60,8,8,4,
Lars1,20,6,10,10,4,
Lars2,20,6,10,10,4,
Lis,20,6,10,10,4,
Gupta,20,6,10,10,4,
Lars1,20,6,2,2,4,
Lars2,20,6,2,2,4,75.0
Lis,20,6,2,2,4,
Gupta,20,6,2,2,4,
Lars1,20,6,4,4,4,
Lars2,20,6,4,4,4,
Lis,20,6,4,4,4,
Gupta,20,6,4,4,4,
Lars1,20,6,6,6,4,
Lars2,20,6,6,6,4,
Lis,20,6,6,6,4,
Gupta,20,6,6,6,4,
Lars1,20,6,8,8,4,
Lars2,20,6,8,8,4,
Lis,20,6,8,8,4,
Gupta,20,6,8,8,4,
Lars1,20,7,10,10,4,
Lars2,20,7,10,10,4,
Lis,20,7,10,10,4,
Gupta,20,7,10,10,4,
Lars1,20,7,2,2,4,
Lars2,20,7,2,2,4,88.0
Lis,20,7,2,2,4,
Gupta,20,7,2,2,4,
Lars1,20,7,4,4,4,
Lars2,20,7,4,4,4,
Lis,20,7,4,4,4,
Gupta,20,7,4,4,4,
Lars1,20,7,6,6,4,
Lars2,20,7,6,6,4,
Lis,20,7,6,6,4,
Gupta,20,7,6,6,4,
Lars1,20,7,8,8,4,
Lars2,20,7,8,8,4,
Lis,20,7,8,8,4,
Gupta,20,7,8,8,4,
Lars1,20,80,10,10,4,
Lars2,20,80,10,10,4,
Lis,20,80,10,10,4,
Gupta,20,80,10,10,4,
Lars1,20,80,2,2,4,
Lars2,20,80,2,2,4,82.0
Lis,20,80,2,2,4,
Gupta,20,80,2,2,4,
Lars1,20,80,4,4,4,
Lars2,20,80,4,4,4,
Lis,20,80,4,4,4,
Gupta,20,80,4,4,4,
Lars1,20,80,6,6,4,
Lars2,20,80,6,6,4,
Lis,20,80,6,6,4,
Gupta,20,80,6,6,4,
Lars1,20,80,8,8,4,
Lars2,20,80,8,8,4,
Lis,20,80,8,8,4,
Gupta,20,80,8,8,4,
Lars1,20,8,10,10,4,
Lars2,20,8,10,10,4,
Lis,20,8,10,10,4,
Gupta,20,8,10,10,4,
Lars1,20,8,2,2,4,
Lars2,20,8,2,2,4,76.0
Lis,20,8,2,2,4,
Gupta,20,8,2,2,4,
Lars1,20,8,4,4,4,
Lars2,20,8,4,4,4,
Lis,20,8,4,4,4,
Gupta,20,8,4,4,4,
Lars1,20,8,6,6,4,
Lars2,20,8,6,6,4,
Lis,20,8,6,6,4,
Gupta,20,8,6,6,4,
Lars1,20,8,8,8,4,
Lars2,20,8,8,8,4,
Lis,20,8,8,8,4,
Gupta,20,8,8,8,4,
Lars1,20,9,10,10,4,
Lars2,20,9,10,10,4,
Lis,20,9,10,10,4,
Gupta,20,9,10,10,4,
Lars1,20,9,2,2,4,
Lars2,20,9,2,2,4,69.0
Lis,20,9,2,2,4,
Gupta,20,9,2,2,4,
Lars1,20,9,4,4,4,
Lars2,20,9,4,4,4,
Lis,20,9,4,4,4,
Gupta,20,9,4,4,4,
Lars1,20,9,6,6,4,
Lars2,20,9,6,6,4,
Lis,20,9,6,6,4,
Gupta,20,9,6,6,4,
Lars1,20,9,8,8,4,
Lars2,20,9,8,8,4,
Lis,20,9,8,8,4,
Gupta,20,9,8,8,4,
Lars1,2,1000,10,10,4,
Lars2,2,1000,10,10,4,
Lis,2,1000,10,10,4,
Gupta,2,1000,10,10,4,
Lars1,2,1000,2,2,4,
Lars2,2,1000,2,2,4,
Lis,2,1000,2,2,4,
Gupta,2,1000,2,2,4,
Lars1,2,1000,4,4,4,
Lars2,2,1000,4,4,4,
Lis,2,1000,4,4,4,
Gupta,2,1000,4,4,4,
Lars1,2,1000,6,6,4,
Lars2,2,1000,6,6,4,
Lis,2,1000,6,6,4,
Gupta,2,1000,6,6,4,
Lars1,2,1000,8,8,4,
Lars2,2,1000,8,8,4,
Lis,2,1000,8,8,4,
Gupta,2,1000,8,8,4,
Lars1,2,100,10,10,4,
Lars2,2,100,10,10,4,
Lis,2,100,10,10,4,
Gupta,2,100,10,10,4,
Lars1,2,100,2,2,4,
Lars2,2,100,2,2,4,142.0
Lis,2,100,2,2,4,
Gupta,2,100,2,2,4,
Lars1,2,100,4,4,4,
Lars2,2,100,4,4,4,
Lis,2,100,4,4,4,
Gupta,2,100,4,4,4,
Lars1,2,100,6,6,4,
Lars2,2,100,6,6,4,
Lis,2,100,6,6,4,
Gupta,2,100,6,6,4,
Lars1,2,100,8,8,4,
Lars2,2,100,8,8,4,
Lis,2,100,8,8,4,
Gupta,2,100,8,8,4,
Lars1,2,10,10,10,4,
Lars2,2,10,10,10,4,
Lis,2,10,10,10,4,
Gupta,2,10,10,10,4,
Lars1,2,10,2,2,4,947.0
Lars2,2,10,2,2,4,88.0
Lis,2,10,2,2,4,
Gupta,2,10,2,2,4,
Lars1,2,10,4,4,4,
Lars2,2,10,4,4,4,
Lis,2,10,4,4,4,
Gupta,2,10,4,4,4,
Lars1,2,10,6,6,4,
Lars2,2,10,6,6,4,
Lis,2,10,6,6,4,
Gupta,2,10,6,6,4,
Lars1,2,10,8,8,4,
Lars2,2,10,8,8,4,
Lis,2,10,8,8,4,
Gupta,2,10,8,8,4,
Lars1,2,1,10,10,4,
Lars2,2,1,10,10,4,
Lis,2,1,10,10,4,
Gupta,2,1,10,10,4,
Lars1,2,1,2,2,4,119.0
Lars2,2,1,2,2,4,72.0
Lis,2,1,2,2,4,
Gupta,2,1,2,2,4,
Lars1,2,1,4,4,4,
Lars2,2,1,4,4,4,
Lis,2,1,4,4,4,
Gupta,2,1,4,4,4,
Lars1,2,1,6,6,4,
Lars2,2,1,6,6,4,
Lis,2,1,6,6,4,
Gupta,2,1,6,6,4,
Lars1,2,1,8,8,4,
Lars2,2,1,8,8,4,
Lis,2,1,8,8,4,
Gupta,2,1,8,8,4,
Lars1,2,20,10,10,4,
Lars2,2,20,10,10,4,
Lis,2,20,10,10,4,
Gupta,2,20,10,10,4,
Lars1,2,20,2,2,4,381.0
Lars2,2,20,2,2,4,67.0
Lis,2,20,2,2,4,
Gupta,2,20,2,2,4,
Lars1,2,20,4,4,4,
Lars2,2,20,4,4,4,
Lis,2,20,4,4,4,
Gupta,2,20,4,4,4,
Lars1,2,20,6,6,4,
Lars2,2,20,6,6,4,
Lis,2,20,6,6,4,
Gupta,2,20,6,6,4,
Lars1,2,20,8,8,4,
Lars2,2,20,8,8,4,
Lis,2,20,8,8,4,
Gupta,2,20,8,8,4,
Lars1,2,2,10,10,4,
Lars2,2,2,10,10,4,
Lis,2,2,10,10,4,
Gupta,2,2,10,10,4,
Lars1,2,2,2,2,4,239.0
Lars2,2,2,2,2,4,71.0
Lis,2,2,2,2,4,
Gupta,2,2,2,2,4,
Lars1,2,2,4,4,4,
Lars2,2,2,4,4,4,
Lis,2,2,4,4,4,
Gupta,2,2,4,4,4,
Lars1,2,2,6,6,4,
Lars2,2,2,6,6,4,
Lis,2,2,6,6,4,
Gupta,2,2,6,6,4,
Lars1,2,2,8,8,4,
Lars2,2,2,8,8,4,
Lis,2,2,8,8,4,
Gupta,2,2,8,8,4,
Lars1,2,3,10,10,4,
Lars2,2,3,10,10,4,
Lis,2,3,10,10,4,
Gupta,2,3,10,10,4,
Lars1,2,3,2,2,4,586.0
Lars2,2,3,2,2,4,84.0
Lis,2,3,2,2,4,
Gupta,2,3,2,2,4,
Lars1,2,3,4,4,4,
Lars2,2,3,4,4,4,
Lis,2,3,4,4,4,
Gupta,2,3,4,4,4,
Lars1,2,3,6,6,4,
Lars2,2,3,6,6,4,
Lis,2,3,6,6,4,
Gupta,2,3,6,6,4,
Lars1,2,3,8,8,4,
Lars2,2,3,8,8,4,
Lis,2,3,8,8,4,
Gupta,2,3,8,8,4,
Lars1,2,40,10,10,4,
Lars2,2,40,10,10,4,
Lis,2,40,10,10,4,
Gupta,2,40,10,10,4,
Lars1,2,40,2,2,4,
Lars2,2,40,2,2,4,88.0
Lis,2,40,2,2,4,
Gupta,2,40,2,2,4,
Lars1,2,40,4,4,4,
Lars2,2,40,4,4,4,
Lis,2,40,4,4,4,
Gupta,2,40,4,4,4,
Lars1,2,40,6,6,4,
Lars2,2,40,6,6,4,
Lis,2,40,6,6,4,
Gupta,2,40,6,6,4,
Lars1,2,40,8,8,4,
Lars2,2,40,8,8,4,
Lis,2,40,8,8,4,
Gupta,2,40,8,8,4,
Lars1,2,4,10,10,4,
Lars2,2,4,10,10,4,
Lis,2,4,10,10,4,
Gupta,2,4,10,10,4,
Lars1,2,4,2,2,4,113.0
Lars2,2,4,2,2,4,61.0
Lis,2,4,2,2,4,
Gupta,2,4,2,2,4,
Lars1,2,4,4,4,4,
Lars2,2,4,4,4,4,
Lis,2,4,4,4,4,
Gupta,2,4,4,4,4,
Lars1,2,4,6,6,4,
Lars2,2,4,6,6,4,
Lis,2,4,6,6,4,
Gupta,2,4,6,6,4,
Lars1,2,4,8,8,4,
Lars2,2,4,8,8,4,
Lis,2,4,8,8,4,
Gupta,2,4,8,8,4,
Lars1,2,500,10,10,4,
Lars2,2,500,10,10,4,
Lis,2,500,10,10,4,
Gupta,2,500,10,10,4,
Lars1,2,500,2,2,4,
Lars2,2,500,2,2,4,626.0
Lis,2,500,2,2,4,
Gupta,2,500,2,2,4,
Lars1,2,500,4,4,4,
Lars2,2,500,4,4,4,
Lis,2,500,4,4,4,
Gupta,2,500,4,4,4,
Lars1,2,500,6,6,4,
Lars2,2,500,6,6,4,
Lis,2,500,6,6,4,
Gupta,2,500,6,6,4,
Lars1,2,500,8,8,4,
Lars2,2,500,8,8,4,
Lis,2,500,8,8,4,
Gupta,2,500,8,8,4,
Lars1,2,5,10,10,4,
Lars2,2,5,10,10,4,
Lis,2,5,10,10,4,
Gupta,2,5,10,10,4,
Lars1,2,5,2,2,4,457.0
Lars2,2,5,2,2,4,73.0
Lis,2,5,2,2,4,
Gupta,2,5,2,2,4,
Lars1,2,5,4,4,4,
Lars2,2,5,4,4,4,
Lis,2,5,4,4,4,
Gupta,2,5,4,4,4,
Lars1,2,5,6,6,4,
Lars2,2,5,6,6,4,
Lis,2,5,6,6,4,
Gupta,2,5,6,6,4,
Lars1,2,5,8,8,4,
Lars2,2,5,8,8,4,
Lis,2,5,8,8,4,
Gupta,2,5,8,8,4,
Lars1,2,60,10,10,4,
Lars2,2,60,10,10,4,
Lis,2,60,10,10,4,
Gupta,2,60,10,10,4,
Lars1,2,60,2,2,4,
Lars2,2,60,2,2,4,96.0
Lis,2,60,2,2,4,
Gupta,2,60,2,2,4,
Lars1,2,60,4,4,4,
Lars2,2,60,4,4,4,
Lis,2,60,4,4,4,
Gupta,2,60,4,4,4,
Lars1,2,60,6,6,4,
Lars2,2,60,6,6,4,
Lis,2,60,6,6,4,
Gupta,2,60,6,6,4,
Lars1,2,60,8,8,4,
Lars2,2,60,8,8,4,
Lis,2,60,8,8,4,
Gupta,2,60,8,8,4,
Lars1,2,6,10,10,4,
Lars2,2,6,10,10,4,
Lis,2,6,10,10,4,
Gupta,2,6,10,10,4,
Lars1,2,6,2,2,4,94.0
Lars2,2,6,2,2,4,69.0
Lis,2,6,2,2,4,
Gupta,2,6,2,2,4,
Lars1,2,6,4,4,4,
Lars2,2,6,4,4,4,
Lis,2,6,4,4,4,
Gupta,2,6,4,4,4,
Lars1,2,6,6,6,4,
Lars2,2,6,6,6,4,
Lis,2,6,6,6,4,
Gupta,2,6,6,6,4,
Lars1,2,6,8,8,4,
Lars2,2,6,8,8,4,
Lis,2,6,8,8,4,
Gupta,2,6,8,8,4,
Lars1,2,7,10,10,4,
Lars2,2,7,10,10,4,
Lis,2,7,10,10,4,
Gupta,2,7,10,10,4,
Lars1,2,7,2,2,4,144.0
Lars2,2,7,2,2,4,68.0
Lis,2,7,2,2,4,
Gupta,2,7,2,2,4,
Lars1,2,7,4,4,4,
Lars2,2,7,4,4,4,
Lis,2,7,4,4,4,
Gupta,2,7,4,4,4,
Lars1,2,7,6,6,4,
Lars2,2,7,6,6,4,
Lis,2,7,6,6,4,
Gupta,2,7,6,6,4,
Lars1,2,7,8,8,4,
Lars2,2,7,8,8,4,
Lis,2,7,8,8,4,
Gupta,2,7,8,8,4,
Lars1,2,80,10,10,4,
Lars2,2,80,10,10,4,
Lis,2,80,10,10,4,
Gupta,2,80,10,10,4,
Lars1,2,80,2,2,4,
Lars2,2,80,2,2,4,82.0
Lis,2,80,2,2,4,
Gupta,2,80,2,2,4,
Lars1,2,80,4,4,4,
Lars2,2,80,4,4,4,
Lis,2,80,4,4,4,
Gupta,2,80,4,4,4,
Lars1,2,80,6,6,4,
Lars2,2,80,6,6,4,
Lis,2,80,6,6,4,
Gupta,2,80,6,6,4,
Lars1,2,80,8,8,4,
Lars2,2,80,8,8,4,
Lis,2,80,8,8,4,
Gupta,2,80,8,8,4,
Lars1,2,8,10,10,4,
Lars2,2,8,10,10,4,
Lis,2,8,10,10,4,
Gupta,2,8,10,10,4,
Lars1,2,8,2,2,4,160.0
Lars2,2,8,2,2,4,52.0
Lis,2,8,2,2,4,
Gupta,2,8,2,2,4,
Lars1,2,8,4,4,4,
Lars2,2,8,4,4,4,
Lis,2,8,4,4,4,
Gupta,2,8,4,4,4,
Lars1,2,8,6,6,4,
Lars2,2,8,6,6,4,
Lis,2,8,6,6,4,
Gupta,2,8,6,6,4,
Lars1,2,8,8,8,4,
Lars2,2,8,8,8,4,
Lis,2,8,8,8,4,
Gupta,2,8,8,8,4,
Lars1,2,9,10,10,4,
Lars2,2,9,10,10,4,
Lis,2,9,10,10,4,
Gupta,2,9,10,10,4,
Lars1,2,9,2,2,4,115.0
Lars2,2,9,2,2,4,67.0
Lis,2,9,2,2,4,
Gupta,2,9,2,2,4,
Lars1,2,9,4,4,4,
Lars2,2,9,4,4,4,
Lis,2,9,4,4,4,
Gupta,2,9,4,4,4,
Lars1,2,9,6,6,4,
Lars2,2,9,6,6,4,
Lis,2,9,6,6,4,
Gupta,2,9,6,6,4,
Lars1,2,9,8,8,4,
Lars2,2,9,8,8,4,
Lis,2,9,8,8,4,
Gupta,2,9,8,8,4,
Lars1,3,1000,10,10,4,
Lars2,3,1000,10,10,4,
Lis,3,1000,10,10,4,
Gupta,3,1000,10,10,4,
Lars1,3,1000,2,2,4,
Lars2,3,1000,2,2,4,261.0
Lis,3,1000,2,2,4,
Gupta,3,1000,2,2,4,
Lars1,3,1000,4,4,4,
Lars2,3,1000,4,4,4,
Lis,3,1000,4,4,4,
Gupta,3,1000,4,4,4,
Lars1,3,1000,6,6,4,
Lars2,3,1000,6,6,4,
Lis,3,1000,6,6,4,
Gupta,3,1000,6,6,4,
Lars1,3,1000,8,8,4,
Lars2,3,1000,8,8,4,
Lis,3,1000,8,8,4,
Gupta,3,1000,8,8,4,
Lars1,3,100,10,10,4,
Lars2,3,100,10,10,4,
Lis,3,100,10,10,4,
Gupta,3,100,10,10,4,
Lars1,3,100,2,2,4,
Lars2,3,100,2,2,4,176.0
Lis,3,100,2,2,4,
Gupta,3,100,2,2,4,
Lars1,3,100,4,4,4,
Lars2,3,100,4,4,4,
Lis,3,100,4,4,4,
Gupta,3,100,4,4,4,
Lars1,3,100,6,6,4,
Lars2,3,100,6,6,4,
Lis,3,100,6,6,4,
Gupta,3,100,6,6,4,
Lars1,3,100,8,8,4,
Lars2,3,100,8,8,4,
Lis,3,100,8,8,4,
Gupta,3,100,8,8,4,
Lars1,3,10,10,10,4,
Lars2,3,10,10,10,4,
Lis,3,10,10,10,4,
Gupta,3,10,10,10,4,
Lars1,3,10,2,2,4,
Lars2,3,10,2,2,4,1152.0
Lis,3,10,2,2,4,
Gupta,3,10,2,2,4,
Lars1,3,10,4,4,4,
Lars2,3,10,4,4,4,
Lis,3,10,4,4,4,
Gupta,3,10,4,4,4,
Lars1,3,10,6,6,4,
Lars2,3,10,6,6,4,
Lis,3,10,6,6,4,
Gupta,3,10,6,6,4,
Lars1,3,10,8,8,4,
Lars2,3,10,8,8,4,
Lis,3,10,8,8,4,
Gupta,3,10,8,8,4,
Lars1,3,1,10,10,4,
Lars2,3,1,10,10,4,
Lis,3,1,10,10,4,
Gupta,3,1,10,10,4,
Lars1,3,1,2,2,4,1993.0
Lars2,3,1,2,2,4,76.0
Lis,3,1,2,2,4,
Gupta,3,1,2,2,4,
Lars1,3,1,4,4,4,
Lars2,3,1,4,4,4,
Lis,3,1,4,4,4,
Gupta,3,1,4,4,4,
Lars1,3,1,6,6,4,
Lars2,3,1,6,6,4,
Lis,3,1,6,6,4,
Gupta,3,1,6,6,4,
Lars1,3,1,8,8,4,
Lars2,3,1,8,8,4,
Lis,3,1,8,8,4,
Gupta,3,1,8,8,4,
Lars1,3,20,10,10,4,
Lars2,3,20,10,10,4,
Lis,3,20,10,10,4,
Gupta,3,20,10,10,4,
Lars1,3,20,2,2,4,2531.0
Lars2,3,20,2,2,4,73.0
Lis,3,20,2,2,4,
Gupta,3,20,2,2,4,
Lars1,3,20,4,4,4,
Lars2,3,20,4,4,4,
Lis,3,20,4,4,4,
Gupta,3,20,4,4,4,
Lars1,3,20,6,6,4,
Lars2,3,20,6,6,4,
Lis,3,20,6,6,4,
Gupta,3,20,6,6,4,
Lars1,3,20,8,8,4,
Lars2,3,20,8,8,4,
Lis,3,20,8,8,4,
Gupta,3,20,8,8,4,
Lars1,3,2,10,10,4,
Lars2,3,2,10,10,4,
Lis,3,2,10,10,4,
Gupta,3,2,10,10,4,
Lars1,3,2,2,2,4,
Lars2,3,2,2,2,4,70.0
Lis,3,2,2,2,4,
Gupta,3,2,2,2,4,
Lars1,3,2,4,4,4,
Lars2,3,2,4,4,4,
Lis,3,2,4,4,4,
Gupta,3,2,4,4,4,
Lars1,3,2,6,6,4,
Lars2,3,2,6,6,4,
Lis,3,2,6,6,4,
Gupta,3,2,6,6,4,
Lars1,3,2,8,8,4,
Lars2,3,2,8,8,4,
Lis,3,2,8,8,4,
Gupta,3,2,8,8,4,
Lars1,3,3,10,10,4,
Lars2,3,3,10,10,4,
Lis,3,3,10,10,4,
Gupta,3,3,10,10,4,
Lars1,3,3,2,2,4,
Lars2,3,3,2,2,4,87.0
Lis,3,3,2,2,4,
Gupta,3,3,2,2,4,
Lars1,3,3,4,4,4,
Lars2,3,3,4,4,4,
Lis,3,3,4,4,4,
Gupta,3,3,4,4,4,
Lars1,3,3,6,6,4,
Lars2,3,3,6,6,4,
Lis,3,3,6,6,4,
Gupta,3,3,6,6,4,
Lars1,3,3,8,8,4,
Lars2,3,3,8,8,4,
Lis,3,3,8,8,4,
Gupta,3,3,8,8,4,
Lars1,3,40,10,10,4,
Lars2,3,40,10,10,4,
Lis,3,40,10,10,4,
Gupta,3,40,10,10,4,
Lars1,3,40,2,2,4,
Lars2,3,40,2,2,4,71.0
Lis,3,40,2,2,4,
Gupta,3,40,2,2,4,
Lars1,3,40,4,4,4,
Lars2,3,40,4,4,4,
Lis,3,40,4,4,4,
Gupta,3,40,4,4,4,
Lars1,3,40,6,6,4,
Lars2,3,40,6,6,4,
Lis,3,40,6,6,4,
Gupta,3,40,6,6,4,
Lars1,3,40,8,8,4,
Lars2,3,40,8,8,4,
Lis,3,40,8,8,4,
Gupta,3,40,8,8,4,
Lars1,3,4,10,10,4,
Lars2,3,4,10,10,4,
Lis,3,4,10,10,4,
Gupta,3,4,10,10,4,
Lars1,3,4,2,2,4,57.0
Lars2,3,4,2,2,4,48.0
Lis,3,4,2,2,4,
Gupta,3,4,2,2,4,
Lars1,3,4,4,4,4,
Lars2,3,4,4,4,4,
Lis,3,4,4,4,4,
Gupta,3,4,4,4,4,
Lars1,3,4,6,6,4,
Lars2,3,4,6,6,4,
Lis,3,4,6,6,4,
Gupta,3,4,6,6,4,
Lars1,3,4,8,8,4,
Lars2,3,4,8,8,4,
Lis,3,4,8,8,4,
Gupta,3,4,8,8,4,
Lars1,3,500,10,10,4,
Lars2,3,500,10,10,4,
Lis,3,500,10,10,4,
Gupta,3,500,10,10,4,
Lars1,3,500,2,2,4,
Lars2,3,500,2,2,4,192.0
Lis,3,500,2,2,4,
Gupta,3,500,2,2,4,
Lars1,3,500,4,4,4,
Lars2,3,500,4,4,4,
Lis,3,500,4,4,4,
Gupta,3,500,4,4,4,
Lars1,3,500,6,6,4,
Lars2,3,500,6,6,4,
Lis,3,500,6,6,4,
Gupta,3,500,6,6,4,
Lars1,3,500,8,8,4,
Lars2,3,500,8,8,4,
Lis,3,500,8,8,4,
Gupta,3,500,8,8,4,
Lars1,3,5,10,10,4,
Lars2,3,5,10,10,4,
Lis,3,5,10,10,4,
Gupta,3,5,10,10,4,
Lars1,3,5,2,2,4,394.0
Lars2,3,5,2,2,4,57.0
Lis,3,5,2,2,4,
Gupta,3,5,2,2,4,
Lars1,3,5,4,4,4,
Lars2,3,5,4,4,4,
Lis,3,5,4,4,4,
Gupta,3,5,4,4,4,
Lars1,3,5,6,6,4,
Lars2,3,5,6,6,4,
Lis,3,5,6,6,4,
Gupta,3,5,6,6,4,
Lars1,3,5,8,8,4,
Lars2,3,5,8,8,4,
Lis,3,5,8,8,4,
Gupta,3,5,8,8,4,
Lars1,3,60,10,10,4,
Lars2,3,60,10,10,4,
Lis,3,60,10,10,4,
Gupta,3,60,10,10,4,
Lars1,3,60,2,2,4,
Lars2,3,60,2,2,4,75.0
Lis,3,60,2,2,4,
Gupta,3,60,2,2,4,
Lars1,3,60,4,4,4,
Lars2,3,60,4,4,4,
Lis,3,60,4,4,4,
Gupta,3,60,4,4,4,
Lars1,3,60,6,6,4,
Lars2,3,60,6,6,4,
Lis,3,60,6,6,4,
Gupta,3,60,6,6,4,
Lars1,3,60,8,8,4,
Lars2,3,60,8,8,4,
Lis,3,60,8,8,4,
Gupta,3,60,8,8,4,
Lars1,3,6,10,10,4,
Lars2,3,6,10,10,4,
Lis,3,6,10,10,4,
Gupta,3,6,10,10,4,
Lars1,3,6,2,2,4,
Lars2,3,6,2,2,4,68.0
Lis,3,6,2,2,4,
Gupta,3,6,2,2,4,
Lars1,3,6,4,4,4,
Lars2,3,6,4,4,4,
Lis,3,6,4,4,4,
Gupta,3,6,4,4,4,
Lars1,3,6,6,6,4,
Lars2,3,6,6,6,4,
Lis,3,6,6,6,4,
Gupta,3,6,6,6,4,
Lars1,3,6,8,8,4,
Lars2,3,6,8,8,4,
Lis,3,6,8,8,4,
Gupta,3,6,8,8,4,
Lars1,3,7,10,10,4,
Lars2,3,7,10,10,4,
Lis,3,7,10,10,4,
Gupta,3,7,10,10,4,
Lars1,3,7,2,2,4,1597.0
Lars2,3,7,2,2,4,70.0
Lis,3,7,2,2,4,
Gupta,3,7,2,2,4,
Lars1,3,7,4,4,4,
Lars2,3,7,4,4,4,
Lis,3,7,4,4,4,
Gupta,3,7,4,4,4,
Lars1,3,7,6,6,4,
Lars2,3,7,6,6,4,
Lis,3,7,6,6,4,
Gupta,3,7,6,6,4,
Lars1,3,7,8,8,4,
Lars2,3,7,8,8,4,
Lis,3,7,8,8,4,
Gupta,3,7,8,8,4,
Lars1,3,80,10,10,4,
Lars2,3,80,10,10,4,
Lis,3,80,10,10,4,
Gupta,3,80,10,10,4,
Lars1,3,80,2,2,4,
Lars2,3,80,2,2,4,100.0
Lis,3,80,2,2,4,
Gupta,3,80,2,2,4,
Lars1,3,80,4,4,4,
Lars2,3,80,4,4,4,
Lis,3,80,4,4,4,
Gupta,3,80,4,4,4,
Lars1,3,80,6,6,4,
Lars2,3,80,6,6,4,
Lis,3,80,6,6,4,
Gupta,3,80,6,6,4,
Lars1,3,80,8,8,4,
Lars2,3,80,8,8,4,
Lis,3,80,8,8,4,
Gupta,3,80,8,8,4,
Lars1,3,8,10,10,4,
Lars2,3,8,10,10,4,
Lis,3,8,10,10,4,
Gupta,3,8,10,10,4,
Lars1,3,8,2,2,4,437.0
Lars2,3,8,2,2,4,54.0
Lis,3,8,2,2,4,
Gupta,3,8,2,2,4,
Lars1,3,8,4,4,4,
Lars2,3,8,4,4,4,
Lis,3,8,4,4,4,
Gupta,3,8,4,4,4,
Lars1,3,8,6,6,4,
Lars2,3,8,6,6,4,
Lis,3,8,6,6,4,
Gupta,3,8,6,6,4,
Lars1,3,8,8,8,4,
Lars2,3,8,8,8,4,
Lis,3,8,8,8,4,
Gupta,3,8,8,8,4,
Lars1,3,9,10,10,4,
Lars2,3,9,10,10,4,
Lis,3,9,10,10,4,
Gupta,3,9,10,10,4,
Lars1,3,9,2,2,4,1133.0
Lars2,3,9,2,2,4,70.0
Lis,3,9,2,2,4,
Gupta,3,9,2,2,4,
Lars1,3,9,4,4,4,
Lars2,3,9,4,4,4,
Lis,3,9,4,4,4,
Gupta,3,9,4,4,4,
Lars1,3,9,6,6,4,
Lars2,3,9,6,6,4,
Lis,3,9,6,6,4,
Gupta,3,9,6,6,4,
Lars1,3,9,8,8,4,
Lars2,3,9,8,8,4,
Lis,3,9,8,8,4,
Gupta,3,9,8,8,4,
Lars1,40,1000,10,10,4,
Lars2,40,1000,10,10,4,
Lis,40,1000,10,10,4,
Gupta,40,1000,10,10,4,
Lars1,40,1000,2,2,4,
Lars2,40,1000,2,2,4,101.0
Lis,40,1000,2,2,4,
Gupta,40,1000,2,2,4,
Lars1,40,1000,4,4,4,
Lars2,40,1000,4,4,4,
Lis,40,1000,4,4,4,
Gupta,40,1000,4,4,4,
Lars1,40,1000,6,6,4,
Lars2,40,1000,6,6,4,
Lis,40,1000,6,6,4,
Gupta,40,1000,6,6,4,
Lars1,40,1000,8,8,4,
Lars2,40,1000,8,8,4,
Lis,40,1000,8,8,4,
Gupta,40,1000,8,8,4,
Lars1,40,100,10,10,4,
Lars2,40,100,10,10,4,
Lis,40,100,10,10,4,
Gupta,40,100,10,10,4,
Lars1,40,100,2,2,4,
Lars2,40,100,2,2,4,72.0
Lis,40,100,2,2,4,
Gupta,40,100,2,2,4,
Lars1,40,100,4,4,4,
Lars2,40,100,4,4,4,
Lis,40,100,4,4,4,
Gupta,40,100,4,4,4,
Lars1,40,100,6,6,4,
Lars2,40,100,6,6,4,
Lis,40,100,6,6,4,
Gupta,40,100,6,6,4,
Lars1,40,100,8,8,4,
Lars2,40,100,8,8,4,
Lis,40,100,8,8,4,
Gupta,40,100,8,8,4,
Lars1,40,10,10,10,4,
Lars2,40,10,10,10,4,
Lis,40,10,10,10,4,
Gupta,40,10,10,10,4,
Lars1,40,10,2,2,4,
Lars2,40,10,2,2,4,57.0
Lis,40,10,2,2,4,
Gupta,40,10,2,2,4,
Lars1,40,10,4,4,4,
Lars2,40,10,4,4,4,
Lis,40,10,4,4,4,
Gupta,40,10,4,4,4,
Lars1,40,10,6,6,4,
Lars2,40,10,6,6,4,
Lis,40,10,6,6,4,
Gupta,40,10,6,6,4,
Lars1,40,10,8,8,4,
Lars2,40,10,8,8,4,
Lis,40,10,8,8,4,
Gupta,40,10,8,8,4,
Lars1,40,1,10,10,4,
Lars2,40,1,10,10,4,
Lis,40,1,10,10,4,
Gupta,40,1,10,10,4,
Lars1,40,1,2,2,4,
Lars2,40,1,2,2,4,68.0
Lis,40,1,2,2,4,
Gupta,40,1,2,2,4,
Lars1,40,1,4,4,4,
Lars2,40,1,4,4,4,
Lis,40,1,4,4,4,
Gupta,40,1,4,4,4,
Lars1,40,1,6,6,4,
Lars2,40,1,6,6,4,
Lis,40,1,6,6,4,
Gupta,40,1,6,6,4,
Lars1,40,1,8,8,4,
Lars2,40,1,8,8,4,
Lis,40,1,8,8,4,
Gupta,40,1,8,8,4,
Lars1,40,20,10,10,4,
Lars2,40,20,10,10,4,
Lis,40,20,10,10,4,
Gupta,40,20,10,10,4,
Lars1,40,20,2,2,4,
Lars2,40,20,2,2,4,74.0
Lis,40,20,2,2,4,
Gupta,40,20,2,2,4,
Lars1,40,20,4,4,4,
Lars2,40,20,4,4,4,
Lis,40,20,4,4,4,
Gupta,40,20,4,4,4,
Lars1,40,20,6,6,4,
Lars2,40,20,6,6,4,
Lis,40,20,6,6,4,
Gupta,40,20,6,6,4,
Lars1,40,20,8,8,4,
Lars2,40,20,8,8,4,
Lis,40,20,8,8,4,
Gupta,40,20,8,8,4,
Lars1,40,2,10,10,4,
Lars2,40,2,10,10,4,
Lis,40,2,10,10,4,
Gupta,40,2,10,10,4,
Lars1,40,2,2,2,4,
Lars2,40,2,2,2,4,65.0
Lis,40,2,2,2,4,
Gupta,40,2,2,2,4,
Lars1,40,2,4,4,4,
Lars2,40,2,4,4,4,
Lis,40,2,4,4,4,
Gupta,40,2,4,4,4,
Lars1,40,2,6,6,4,
Lars2,40,2,6,6,4,
Lis,40,2,6,6,4,
Gupta,40,2,6,6,4,
Lars1,40,2,8,8,4,
Lars2,40,2,8,8,4,
Lis,40,2,8,8,4,
Gupta,40,2,8,8,4,
Lars1,40,3,10,10,4,
Lars2,40,3,10,10,4,
Lis,40,3,10,10,4,
Gupta,40,3,10,10,4,
Lars1,40,3,2,2,4,
Lars2,40,3,2,2,4,69.0
Lis,40,3,2,2,4,
Gupta,40,3,2,2,4,
Lars1,40,3,4,4,4,
Lars2,40,3,4,4,4,
Lis,40,3,4,4,4,
Gupta,40,3,4,4,4,
Lars1,40,3,6,6,4,
Lars2,40,3,6,6,4,
Lis,40,3,6,6,4,
Gupta,40,3,6,6,4,
Lars1,40,3,8,8,4,
Lars2,40,3,8,8,4,
Lis,40,3,8,8,4,
Gupta,40,3,8,8,4,
Lars1,40,40,10,10,4,
Lars2,40,40,10,10,4,
Lis,40,40,10,10,4,
Gupta,40,40,10,10,4,
Lars1,40,40,2,2,4,
Lars2,40,40,2,2,4,57.0
Lis,40,40,2,2,4,
Gupta,40,40,2,2,4,
Lars1,40,40,4,4,4,
Lars2,40,40,4,4,4,
Lis,40,40,4,4,4,
Gupta,40,40,4,4,4,
Lars1,40,40,6,6,4,
Lars2,40,40,6,6,4,
Lis,40,40,6,6,4,
Gupta,40,40,6,6,4,
Lars1,40,40,8,8,4,
Lars2,40,40,8,8,4,
Lis,40,40,8,8,4,
Gupta,40,40,8,8,4,
Lars1,40,4,10,10,4,
Lars2,40,4,10,10,4,
Lis,40,4,10,10,4,
Gupta,40,4,10,10,4,
Lars1,40,4,2,2,4,
Lars2,40,4,2,2,4,69.0
Lis,40,4,2,2,4,
Gupta,40,4,2,2,4,
Lars1,40,4,4,4,4,
Lars2,40,4,4,4,4,
Lis,40,4,4,4,4,
Gupta,40,4,4,4,4,
Lars1,40,4,6,6,4,
Lars2,40,4,6,6,4,
Lis,40,4,6,6,4,
Gupta,40,4,6,6,4,
Lars1,40,4,8,8,4,
Lars2,40,4,8,8,4,
Lis,40,4,8,8,4,
Gupta,40,4,8,8,4,
Lars1,40,500,10,10,4,
Lars2,40,500,10,10,4,
Lis,40,500,10,10,4,
Gupta,40,500,10,10,4,
Lars1,40,500,2,2,4,
Lars2,40,500,2,2,4,73.0
Lis,40,500,2,2,4,
Gupta,40,500,2,2,4,
Lars1,40,500,4,4,4,
Lars2,40,500,4,4,4,
Lis,40,500,4,4,4,
Gupta,40,500,4,4,4,
Lars1,40,500,6,6,4,
Lars2,40,500,6,6,4,
Lis,40,500,6,6,4,
Gupta,40,500,6,6,4,
Lars1,40,500,8,8,4,
Lars2,40,500,8,8,4,
Lis,40,500,8,8,4,
Gupta,40,500,8,8,4,
Lars1,40,5,10,10,4,
Lars2,40,5,10,10,4,
Lis,40,5,10,10,4,
Gupta,40,5,10,10,4,
Lars1,40,5,2,2,4,
Lars2,40,5,2,2,4,73.0
Lis,40,5,2,2,4,
Gupta,40,5,2,2,4,
Lars1,40,5,4,4,4,
Lars2,40,5,4,4,4,
Lis,40,5,4,4,4,
Gupta,40,5,4,4,4,
Lars1,40,5,6,6,4,
Lars2,40,5,6,6,4,
Lis,40,5,6,6,4,
Gupta,40,5,6,6,4,
Lars1,40,5,8,8,4,
Lars2,40,5,8,8,4,
Lis,40,5,8,8,4,
Gupta,40,5,8,8,4,
Lars1,40,60,10,10,4,
Lars2,40,60,10,10,4,
Lis,40,60,10,10,4,
Gupta,40,60,10,10,4,
Lars1,40,60,2,2,4,
Lars2,40,60,2,2,4,76.0
Lis,40,60,2,2,4,
Gupta,40,60,2,2,4,
Lars1,40,60,4,4,4,
Lars2,40,60,4,4,4,
Lis,40,60,4,4,4,
Gupta,40,60,4,4,4,
Lars1,40,60,6,6,4,
Lars2,40,60,6,6,4,
Lis,40,60,6,6,4,
Gupta,40,60,6,6,4,
Lars1,40,60,8,8,4,
Lars2,40,60,8,8,4,
Lis,40,60,8,8,4,
Gupta,40,60,8,8,4,
Lars1,40,6,10,10,4,
Lars2,40,6,10,10,4,
Lis,40,6,10,10,4,
Gupta,40,6,10,10,4,
Lars1,40,6,2,2,4,
Lars2,40,6,2,2,4,72.0
Lis,40,6,2,2,4,
Gupta,40,6,2,2,4,
Lars1,40,6,4,4,4,
Lars2,40,6,4,4,4,
Lis,40,6,4,4,4,
Gupta,40,6,4,4,4,
Lars1,40,6,6,6,4,
Lars2,40,6,6,6,4,
Lis,40,6,6,6,4,
Gupta,40,6,6,6,4,
Lars1,40,6,8,8,4,
Lars2,40,6,8,8,4,
Lis,40,6,8,8,4,
Gupta,40,6,8,8,4,
Lars1,40,7,10,10,4,
Lars2,40,7,10,10,4,
Lis,40,7,10,10,4,
Gupta,40,7,10,10,4,
Lars1,40,7,2,2,4,
Lars2,40,7,2,2,4,74.0
Lis,40,7,2,2,4,
Gupta,40,7,2,2,4,
Lars1,40,7,4,4,4,
Lars2,40,7,4,4,4,
Lis,40,7,4,4,4,
Gupta,40,7,4,4,4,
Lars1,40,7,6,6,4,
Lars2,40,7,6,6,4,
Lis,40,7,6,6,4,
Gupta,40,7,6,6,4,
Lars1,40,7,8,8,4,
Lars2,40,7,8,8,4,
Lis,40,7,8,8,4,
Gupta,40,7,8,8,4,
Lars1,40,80,10,10,4,
Lars2,40,80,10,10,4,
Lis,40,80,10,10,4,
Gupta,40,80,10,10,4,
Lars1,40,80,2,2,4,
Lars2,40,80,2,2,4,54.0
Lis,40,80,2,2,4,
Gupta,40,80,2,2,4,
Lars1,40,80,4,4,4,
Lars2,40,80,4,4,4,
Lis,40,80,4,4,4,
Gupta,40,80,4,4,4,
Lars1,40,80,6,6,4,
Lars2,40,80,6,6,4,
Lis,40,80,6,6,4,
Gupta,40,80,6,6,4,
Lars1,40,80,8,8,4,
Lars2,40,80,8,8,4,
Lis,40,80,8,8,4,
Gupta,40,80,8,8,4,
Lars1,40,8,10,10,4,
Lars2,40,8,10,10,4,
Lis,40,8,10,10,4,
Gupta,40,8,10,10,4,
Lars1,40,8,2,2,4,
Lars2,40,8,2,2,4,73.0
Lis,40,8,2,2,4,
Gupta,40,8,2,2,4,
Lars1,40,8,4,4,4,
Lars2,40,8,4,4,4,
Lis,40,8,4,4,4,
Gupta,40,8,4,4,4,
Lars1,40,8,6,6,4,
Lars2,40,8,6,6,4,
Lis,40,8,6,6,4,
Gupta,40,8,6,6,4,
Lars1,40,8,8,8,4,
Lars2,40,8,8,8,4,
Lis,40,8,8,8,4,
Gupta,40,8,8,8,4,
Lars1,40,9,10,10,4,
Lars2,40,9,10,10,4,
Lis,40,9,10,10,4,
Gupta,40,9,10,10,4,
Lars1,40,9,2,2,4,
Lars2,40,9,2,2,4,78.0
Lis,40,9,2,2,4,
Gupta,40,9,2,2,4,
Lars1,40,9,4,4,4,
Lars2,40,9,4,4,4,
Lis,40,9,4,4,4,
Gupta,40,9,4,4,4,
Lars1,40,9,6,6,4,
Lars2,40,9,6,6,4,
Lis,40,9,6,6,4,
Gupta,40,9,6,6,4,
Lars1,40,9,8,8,4,
Lars2,40,9,8,8,4,
Lis,40,9,8,8,4,
Gupta,40,9,8,8,4,
Lars1,4,1000,10,10,4,
Lars2,4,1000,10,10,4,
Lis,4,1000,10,10,4,
Gupta,4,1000,10,10,4,
Lars1,4,1000,2,2,4,
Lars2,4,1000,2,2,4,350.0
Lis,4,1000,2,2,4,
Gupta,4,1000,2,2,4,
Lars1,4,1000,4,4,4,
Lars2,4,1000,4,4,4,
Lis,4,1000,4,4,4,
Gupta,4,1000,4,4,4,
Lars1,4,1000,6,6,4,
Lars2,4,1000,6,6,4,
Lis,4,1000,6,6,4,
Gupta,4,1000,6,6,4,
Lars1,4,1000,8,8,4,
Lars2,4,1000,8,8,4,
Lis,4,1000,8,8,4,
Gupta,4,1000,8,8,4,
Lars1,4,100,10,10,4,
Lars2,4,100,10,10,4,
Lis,4,100,10,10,4,
Gupta,4,100,10,10,4,
Lars1,4,100,2,2,4,
Lars2,4,100,2,2,4,93.0
Lis,4,100,2,2,4,
Gupta,4,100,2,2,4,
Lars1,4,100,4,4,4,
Lars2,4,100,4,4,4,
Lis,4,100,4,4,4,
Gupta,4,100,4,4,4,
Lars1,4,100,6,6,4,
Lars2,4,100,6,6,4,
Lis,4,100,6,6,4,
Gupta,4,100,6,6,4,
Lars1,4,100,8,8,4,
Lars2,4,100,8,8,4,
Lis,4,100,8,8,4,
Gupta,4,100,8,8,4,
Lars1,4,10,10,10,4,
Lars2,4,10,10,10,4,
Lis,4,10,10,10,4,
Gupta,4,10,10,10,4,
Lars1,4,10,2,2,4,
Lars2,4,10,2,2,4,71.0
Lis,4,10,2,2,4,
Gupta,4,10,2,2,4,
Lars1,4,10,4,4,4,
Lars2,4,10,4,4,4,
Lis,4,10,4,4,4,
Gupta,4,10,4,4,4,
Lars1,4,10,6,6,4,
Lars2,4,10,6,6,4,
Lis,4,10,6,6,4,
Gupta,4,10,6,6,4,
Lars1,4,10,8,8,4,
Lars2,4,10,8,8,4,
Lis,4,10,8,8,4,
Gupta,4,10,8,8,4,
Lars1,4,1,10,10,4,
Lars2,4,1,10,10,4,
Lis,4,1,10,10,4,
Gupta,4,1,10,10,4,
Lars1,4,1,2,2,4,
Lars2,4,1,2,2,4,84.0
Lis,4,1,2,2,4,
Gupta,4,1,2,2,4,
Lars1,4,1,4,4,4,
Lars2,4,1,4,4,4,
Lis,4,1,4,4,4,
Gupta,4,1,4,4,4,
Lars1,4,1,6,6,4,
Lars2,4,1,6,6,4,
Lis,4,1,6,6,4,
Gupta,4,1,6,6,4,
Lars1,4,1,8,8,4,
Lars2,4,1,8,8,4,
Lis,4,1,8,8,4,
Gupta,4,1,8,8,4,
Lars1,4,20,10,10,4,
Lars2,4,20,10,10,4,
Lis,4,20,10,10,4,
Gupta,4,20,10,10,4,
Lars1,4,20,2,2,4,5426.0
Lars2,4,20,2,2,4,68.0
Lis,4,20,2,2,4,
Gupta,4,20,2,2,4,
Lars1,4,20,4,4,4,
Lars2,4,20,4,4,4,
Lis,4,20,4,4,4,
Gupta,4,20,4,4,4,
Lars1,4,20,6,6,4,
Lars2,4,20,6,6,4,
Lis,4,20,6,6,4,
Gupta,4,20,6,6,4,
Lars1,4,20,8,8,4,
Lars2,4,20,8,8,4,
Lis,4,20,8,8,4,
Gupta,4,20,8,8,4,
Lars1,4,2,10,10,4,
Lars2,4,2,10,10,4,
Lis,4,2,10,10,4,
Gupta,4,2,10,10,4,
Lars1,4,2,2,2,4,
Lars2,4,2,2,2,4,66.0
Lis,4,2,2,2,4,
Gupta,4,2,2,2,4,
Lars1,4,2,4,4,4,
Lars2,4,2,4,4,4,
Lis,4,2,4,4,4,
Gupta,4,2,4,4,4,
Lars1,4,2,6,6,4,
Lars2,4,2,6,6,4,
Lis,4,2,6,6,4,
Gupta,4,2,6,6,4,
Lars1,4,2,8,8,4,
Lars2,4,2,8,8,4,
Lis,4,2,8,8,4,
Gupta,4,2,8,8,4,
Lars1,4,3,10,10,4,
Lars2,4,3,10,10,4,
Lis,4,3,10,10,4,
Gupta,4,3,10,10,4,
Lars1,4,3,2,2,4,1748.0
Lars2,4,3,2,2,4,66.0
Lis,4,3,2,2,4,
Gupta,4,3,2,2,4,
Lars1,4,3,4,4,4,
Lars2,4,3,4,4,4,
Lis,4,3,4,4,4,
Gupta,4,3,4,4,4,
Lars1,4,3,6,6,4,
Lars2,4,3,6,6,4,
Lis,4,3,6,6,4,
Gupta,4,3,6,6,4,
Lars1,4,3,8,8,4,
Lars2,4,3,8,8,4,
Lis,4,3,8,8,4,
Gupta,4,3,8,8,4,
Lars1,4,40,10,10,4,
Lars2,4,40,10,10,4,
Lis,4,40,10,10,4,
Gupta,4,40,10,10,4,
Lars1,4,40,2,2,4,
Lars2,4,40,2,2,4,68.0
Lis,4,40,2,2,4,
Gupta,4,40,2,2,4,
Lars1,4,40,4,4,4,
Lars2,4,40,4,4,4,
Lis,4,40,4,4,4,
Gupta,4,40,4,4,4,
Lars1,4,40,6,6,4,
Lars2,4,40,6,6,4,
Lis,4,40,6,6,4,
Gupta,4,40,6,6,4,
Lars1,4,40,8,8,4,
Lars2,4,40,8,8,4,
Lis,4,40,8,8,4,
Gupta,4,40,8,8,4,
Lars1,4,4,10,10,4,
Lars2,4,4,10,10,4,
Lis,4,4,10,10,4,
Gupta,4,4,10,10,4,
Lars1,4,4,2,2,4,
Lars2,4,4,2,2,4,1324.0
Lis,4,4,2,2,4,
Gupta,4,4,2,2,4,
Lars1,4,4,4,4,4,
Lars2,4,4,4,4,4,
Lis,4,4,4,4,4,
Gupta,4,4,4,4,4,
Lars1,4,4,6,6,4,
Lars2,4,4,6,6,4,
Lis,4,4,6,6,4,
Gupta,4,4,6,6,4,
Lars1,4,4,8,8,4,
Lars2,4,4,8,8,4,
Lis,4,4,8,8,4,
Gupta,4,4,8,8,4,
Lars1,4,500,10,10,4,
Lars2,4,500,10,10,4,
Lis,4,500,10,10,4,
Gupta,4,500,10,10,4,
Lars1,4,500,2,2,4,
Lars2,4,500,2,2,4,451.0
Lis,4,500,2,2,4,
Gupta,4,500,2,2,4,
Lars1,4,500,4,4,4,
Lars2,4,500,4,4,4,
Lis,4,500,4,4,4,
Gupta,4,500,4,4,4,
Lars1,4,500,6,6,4,
Lars2,4,500,6,6,4,
Lis,4,500,6,6,4,
Gupta,4,500,6,6,4,
Lars1,4,500,8,8,4,
Lars2,4,500,8,8,4,
Lis,4,500,8,8,4,
Gupta,4,500,8,8,4,
Lars1,4,5,10,10,4,
Lars2,4,5,10,10,4,
Lis,4,5,10,10,4,
Gupta,4,5,10,10,4,
Lars1,4,5,2,2,4,
Lars2,4,5,2,2,4,74.0
Lis,4,5,2,2,4,
Gupta,4,5,2,2,4,
Lars1,4,5,4,4,4,
Lars2,4,5,4,4,4,
Lis,4,5,4,4,4,
Gupta,4,5,4,4,4,
Lars1,4,5,6,6,4,
Lars2,4,5,6,6,4,
Lis,4,5,6,6,4,
Gupta,4,5,6,6,4,
Lars1,4,5,8,8,4,
Lars2,4,5,8,8,4,
Lis,4,5,8,8,4,
Gupta,4,5,8,8,4,
Lars1,4,60,10,10,4,
Lars2,4,60,10,10,4,
Lis,4,60,10,10,4,
Gupta,4,60,10,10,4,
Lars1,4,60,2,2,4,
Lars2,4,60,2,2,4,75.0
Lis,4,60,2,2,4,
Gupta,4,60,2,2,4,
Lars1,4,60,4,4,4,
Lars2,4,60,4,4,4,
Lis,4,60,4,4,4,
Gupta,4,60,4,4,4,
Lars1,4,60,6,6,4,
Lars2,4,60,6,6,4,
Lis,4,60,6,6,4,
Gupta,4,60,6,6,4,
Lars1,4,60,8,8,4,
Lars2,4,60,8,8,4,
Lis,4,60,8,8,4,
Gupta,4,60,8,8,4,
Lars1,4,6,10,10,4,
Lars2,4,6,10,10,4,
Lis,4,6,10,10,4,
Gupta,4,6,10,10,4,
Lars1,4,6,2,2,4,
Lars2,4,6,2,2,4,70.0
Lis,4,6,2,2,4,
Gupta,4,6,2,2,4,
Lars1,4,6,4,4,4,
Lars2,4,6,4,4,4,
Lis,4,6,4,4,4,
Gupta,4,6,4,4,4,
Lars1,4,6,6,6,4,
Lars2,4,6,6,6,4,
Lis,4,6,6,6,4,
Gupta,4,6,6,6,4,
Lars1,4,6,8,8,4,
Lars2,4,6,8,8,4,
Lis,4,6,8,8,4,
Gupta,4,6,8,8,4,
Lars1,4,7,10,10,4,
Lars2,4,7,10,10,4,
Lis,4,7,10,10,4,
Gupta,4,7,10,10,4,
Lars1,4,7,2,2,4,26.0
Lars2,4,7,2,2,4,52.0
Lis,4,7,2,2,4,
Gupta,4,7,2,2,4,
Lars1,4,7,4,4,4,
Lars2,4,7,4,4,4,
Lis,4,7,4,4,4,
Gupta,4,7,4,4,4,
Lars1,4,7,6,6,4,
Lars2,4,7,6,6,4,
Lis,4,7,6,6,4,
Gupta,4,7,6,6,4,
Lars1,4,7,8,8,4,
Lars2,4,7,8,8,4,
Lis,4,7,8,8,4,
Gupta,4,7,8,8,4,
Lars1,4,80,10,10,4,
Lars2,4,80,10,10,4,
Lis,4,80,10,10,4,
Gupta,4,80,10,10,4,
Lars1,4,80,2,2,4,
Lars2,4,80,2,2,4,75.0
Lis,4,80,2,2,4,
Gupta,4,80,2,2,4,
Lars1,4,80,4,4,4,
Lars2,4,80,4,4,4,
Lis,4,80,4,4,4,
Gupta,4,80,4,4,4,
Lars1,4,80,6,6,4,
Lars2,4,80,6,6,4,
Lis,4,80,6,6,4,
Gupta,4,80,6,6,4,
Lars1,4,80,8,8,4,
Lars2,4,80,8,8,4,
Lis,4,80,8,8,4,
Gupta,4,80,8,8,4,
Lars1,4,8,10,10,4,
Lars2,4,8,10,10,4,
Lis,4,8,10,10,4,
Gupta,4,8,10,10,4,
Lars1,4,8,2,2,4,
Lars2,4,8,2,2,4,74.0
Lis,4,8,2,2,4,
Gupta,4,8,2,2,4,
Lars1,4,8,4,4,4,
Lars2,4,8,4,4,4,
Lis,4,8,4,4,4,
Gupta,4,8,4,4,4,
Lars1,4,8,6,6,4,
Lars2,4,8,6,6,4,
Lis,4,8,6,6,4,
Gupta,4,8,6,6,4,
Lars1,4,8,8,8,4,
Lars2,4,8,8,8,4,
Lis,4,8,8,8,4,
Gupta,4,8,8,8,4,
Lars1,4,9,10,10,4,
Lars2,4,9,10,10,4,
Lis,4,9,10,10,4,
Gupta,4,9,10,10,4,
Lars1,4,9,2,2,4,
Lars2,4,9,2,2,4,74.0
Lis,4,9,2,2,4,
Gupta,4,9,2,2,4,
Lars1,4,9,4,4,4,
Lars2,4,9,4,4,4,
Lis,4,9,4,4,4,
Gupta,4,9,4,4,4,
Lars1,4,9,6,6,4,
Lars2,4,9,6,6,4,
Lis,4,9,6,6,4,
Gupta,4,9,6,6,4,
Lars1,4,9,8,8,4,
Lars2,4,9,8,8,4,
Lis,4,9,8,8,4,
Gupta,4,9,8,8,4,
Lars1,500,1000,10,10,4,
Lars2,500,1000,10,10,4,
Lis,500,1000,10,10,4,
Gupta,500,1000,10,10,4,
Lars1,500,1000,2,2,4,
Lars2,500,1000,2,2,4,80.0
Lis,500,1000,2,2,4,
Gupta,500,1000,2,2,4,
Lars1,500,1000,4,4,4,
Lars2,500,1000,4,4,4,
Lis,500,1000,4,4,4,
Gupta,500,1000,4,4,4,
Lars1,500,1000,6,6,4,
Lars2,500,1000,6,6,4,
Lis,500,1000,6,6,4,
Gupta,500,1000,6,6,4,
Lars1,500,1000,8,8,4,
Lars2,500,1000,8,8,4,
Lis,500,1000,8,8,4,
Gupta,500,1000,8,8,4,
Lars1,500,100,10,10,4,
Lars2,500,100,10,10,4,
Lis,500,100,10,10,4,
Gupta,500,100,10,10,4,
Lars1,500,100,2,2,4,
Lars2,500,100,2,2,4,69.0
Lis,500,100,2,2,4,
Gupta,500,100,2,2,4,
Lars1,500,100,4,4,4,
Lars2,500,100,4,4,4,
Lis,500,100,4,4,4,
Gupta,500,100,4,4,4,
Lars1,500,100,6,6,4,
Lars2,500,100,6,6,4,
Lis,500,100,6,6,4,
Gupta,500,100,6,6,4,
Lars1,500,100,8,8,4,
Lars2,500,100,8,8,4,
Lis,500,100,8,8,4,
Gupta,500,100,8,8,4,
Lars1,500,10,10,10,4,
Lars2,500,10,10,10,4,
Lis,500,10,10,10,4,
Gupta,500,10,10,10,4,
Lars1,500,10,2,2,4,
Lars2,500,10,2,2,4,1209.0
Lis,500,10,2,2,4,
Gupta,500,10,2,2,4,
Lars1,500,10,4,4,4,
Lars2,500,10,4,4,4,
Lis,500,10,4,4,4,
Gupta,500,10,4,4,4,
Lars1,500,10,6,6,4,
Lars2,500,10,6,6,4,
Lis,500,10,6,6,4,
Gupta,500,10,6,6,4,
Lars1,500,10,8,8,4,
Lars2,500,10,8,8,4,
Lis,500,10,8,8,4,
Gupta,500,10,8,8,4,
Lars1,500,1,10,10,4,
Lars2,500,1,10,10,4,
Lis,500,1,10,10,4,
Gupta,500,1,10,10,4,
Lars1,500,1,2,2,4,
Lars2,500,1,2,2,4,76.0
Lis,500,1,2,2,4,
Gupta,500,1,2,2,4,
Lars1,500,1,4,4,4,
Lars2,500,1,4,4,4,
Lis,500,1,4,4,4,
Gupta,500,1,4,4,4,
Lars1,500,1,6,6,4,
Lars2,500,1,6,6,4,
Lis,500,1,6,6,4,
Gupta,500,1,6,6,4,
Lars1,500,1,8,8,4,
Lars2,500,1,8,8,4,
Lis,500,1,8,8,4,
Gupta,500,1,8,8,4,
Lars1,500,20,10,10,4,
Lars2,500,20,10,10,4,
Lis,500,20,10,10,4,
Gupta,500,20,10,10,4,
Lars1,500,20,2,2,4,
Lars2,500,20,2,2,4,74.0
Lis,500,20,2,2,4,
Gupta,500,20,2,2,4,
Lars1,500,20,4,4,4,
Lars2,500,20,4,4,4,
Lis,500,20,4,4,4,
Gupta,500,20,4,4,4,
Lars1,500,20,6,6,4,
Lars2,500,20,6,6,4,
Lis,500,20,6,6,4,
Gupta,500,20,6,6,4,
Lars1,500,20,8,8,4,
Lars2,500,20,8,8,4,
Lis,500,20,8,8,4,
Gupta,500,20,8,8,4,
Lars1,500,2,10,10,4,
Lars2,500,2,10,10,4,
Lis,500,2,10,10,4,
Gupta,500,2,10,10,4,
Lars1,500,2,2,2,4,
Lars2,500,2,2,2,4,74.0
Lis,500,2,2,2,4,
Gupta,500,2,2,2,4,
Lars1,500,2,4,4,4,
Lars2,500,2,4,4,4,
Lis,500,2,4,4,4,
Gupta,500,2,4,4,4,
Lars1,500,2,6,6,4,
Lars2,500,2,6,6,4,
Lis,500,2,6,6,4,
Gupta,500,2,6,6,4,
Lars1,500,2,8,8,4,
Lars2,500,2,8,8,4,
Lis,500,2,8,8,4,
Gupta,500,2,8,8,4,
Lars1,500,3,10,10,4,
Lars2,500,3,10,10,4,
Lis,500,3,10,10,4,
Gupta,500,3,10,10,4,
Lars1,500,3,2,2,4,
Lars2,500,3,2,2,4,76.0
Lis,500,3,2,2,4,
Gupta,500,3,2,2,4,
Lars1,500,3,4,4,4,
Lars2,500,3,4,4,4,
Lis,500,3,4,4,4,
Gupta,500,3,4,4,4,
Lars1,500,3,6,6,4,
Lars2,500,3,6,6,4,
Lis,500,3,6,6,4,
Gupta,500,3,6,6,4,
Lars1,500,3,8,8,4,
Lars2,500,3,8,8,4,
Lis,500,3,8,8,4,
Gupta,500,3,8,8,4,
Lars1,500,40,10,10,4,
Lars2,500,40,10,10,4,
Lis,500,40,10,10,4,
Gupta,500,40,10,10,4,
Lars1,500,40,2,2,4,
Lars2,500,40,2,2,4,70.0
Lis,500,40,2,2,4,
Gupta,500,40,2,2,4,
Lars1,500,40,4,4,4,
Lars2,500,40,4,4,4,
Lis,500,40,4,4,4,
Gupta,500,40,4,4,4,
Lars1,500,40,6,6,4,
Lars2,500,40,6,6,4,
Lis,500,40,6,6,4,
Gupta,500,40,6,6,4,
Lars1,500,40,8,8,4,
Lars2,500,40,8,8,4,
Lis,500,40,8,8,4,
Gupta,500,40,8,8,4,
Lars1,500,4,10,10,4,
Lars2,500,4,10,10,4,
Lis,500,4,10,10,4,
Gupta,500,4,10,10,4,
Lars1,500,4,2,2,4,
Lars2,500,4,2,2,4,70.0
Lis,500,4,2,2,4,
Gupta,500,4,2,2,4,
Lars1,500,4,4,4,4,
Lars2,500,4,4,4,4,
Lis,500,4,4,4,4,
Gupta,500,4,4,4,4,
Lars1,500,4,6,6,4,
Lars2,500,4,6,6,4,
Lis,500,4,6,6,4,
Gupta,500,4,6,6,4,
Lars1,500,4,8,8,4,
Lars2,500,4,8,8,4,
Lis,500,4,8,8,4,
Gupta,500,4,8,8,4,
Lars1,500,500,10,10,4,
Lars2,500,500,10,10,4,
Lis,500,500,10,10,4,
Gupta,500,500,10,10,4,
Lars1,500,500,2,2,4,
Lars2,500,500,2,2,4,71.0
Lis,500,500,2,2,4,
Gupta,500,500,2,2,4,
Lars1,500,500,4,4,4,
Lars2,500,500,4,4,4,
Lis,500,500,4,4,4,
Gupta,500,500,4,4,4,
Lars1,500,500,6,6,4,
Lars2,500,500,6,6,4,
Lis,500,500,6,6,4,
Gupta,500,500,6,6,4,
Lars1,500,500,8,8,4,
Lars2,500,500,8,8,4,
Lis,500,500,8,8,4,
Gupta,500,500,8,8,4,
Lars1,500,5,10,10,4,
Lars2,500,5,10,10,4,
Lis,500,5,10,10,4,
Gupta,500,5,10,10,4,
Lars1,500,5,2,2,4,
Lars2,500,5,2,2,4,72.0
Lis,500,5,2,2,4,
Gupta,500,5,2,2,4,
Lars1,500,5,4,4,4,
Lars2,500,5,4,4,4,
Lis,500,5,4,4,4,
Gupta,500,5,4,4,4,
Lars1,500,5,6,6,4,
Lars2,500,5,6,6,4,
Lis,500,5,6,6,4,
Gupta,500,5,6,6,4,
Lars1,500,5,8,8,4,
Lars2,500,5,8,8,4,
Lis,500,5,8,8,4,
Gupta,500,5,8,8,4,
Lars1,500,60,10,10,4,
Lars2,500,60,10,10,4,
Lis,500,60,10,10,4,
Gupta,500,60,10,10,4,
Lars1,500,60,2,2,4,
Lars2,500,60,2,2,4,70.0
Lis,500,60,2,2,4,
Gupta,500,60,2,2,4,
Lars1,500,60,4,4,4,
Lars2,500,60,4,4,4,
Lis,500,60,4,4,4,
Gupta,500,60,4,4,4,
Lars1,500,60,6,6,4,
Lars2,500,60,6,6,4,
Lis,500,60,6,6,4,
Gupta,500,60,6,6,4,
Lars1,500,60,8,8,4,
Lars2,500,60,8,8,4,
Lis,500,60,8,8,4,
Gupta,500,60,8,8,4,
Lars1,500,6,10,10,4,
Lars2,500,6,10,10,4,
Lis,500,6,10,10,4,
Gupta,500,6,10,10,4,
Lars1,500,6,2,2,4,
Lars2,500,6,2,2,4,87.0
Lis,500,6,2,2,4,
Gupta,500,6,2,2,4,
Lars1,500,6,4,4,4,
Lars2,500,6,4,4,4,
Lis,500,6,4,4,4,
Gupta,500,6,4,4,4,
Lars1,500,6,6,6,4,
Lars2,500,6,6,6,4,
Lis,500,6,6,6,4,
Gupta,500,6,6,6,4,
Lars1,500,6,8,8,4,
Lars2,500,6,8,8,4,
Lis,500,6,8,8,4,
Gupta,500,6,8,8,4,
Lars1,500,7,10,10,4,
Lars2,500,7,10,10,4,
Lis,500,7,10,10,4,
Gupta,500,7,10,10,4,
Lars1,500,7,2,2,4,
Lars2,500,7,2,2,4,75.0
Lis,500,7,2,2,4,
Gupta,500,7,2,2,4,
Lars1,500,7,4,4,4,
Lars2,500,7,4,4,4,
Lis,500,7,4,4,4,
Gupta,500,7,4,4,4,
Lars1,500,7,6,6,4,
Lars2,500,7,6,6,4,
Lis,500,7,6,6,4,
Gupta,500,7,6,6,4,
Lars1,500,7,8,8,4,
Lars2,500,7,8,8,4,
Lis,500,7,8,8,4,
Gupta,500,7,8,8,4,
Lars1,500,80,10,10,4,
Lars2,500,80,10,10,4,
Lis,500,80,10,10,4,
Gupta,500,80,10,10,4,
Lars1,500,80,2,2,4,
Lars2,500,80,2,2,4,58.0
Lis,500,80,2,2,4,
Gupta,500,80,2,2,4,
Lars1,500,80,4,4,4,
Lars2,500,80,4,4,4,
Lis,500,80,4,4,4,
Gupta,500,80,4,4,4,
Lars1,500,80,6,6,4,
Lars2,500,80,6,6,4,
Lis,500,80,6,6,4,
Gupta,500,80,6,6,4,
Lars1,500,80,8,8,4,
Lars2,500,80,8,8,4,
Lis,500,80,8,8,4,
Gupta,500,80,8,8,4,
Lars1,500,8,10,10,4,
Lars2,500,8,10,10,4,
Lis,500,8,10,10,4,
Gupta,500,8,10,10,4,
Lars1,500,8,2,2,4,
Lars2,500,8,2,2,4,55.0
Lis,500,8,2,2,4,
Gupta,500,8,2,2,4,
Lars1,500,8,4,4,4,
Lars2,500,8,4,4,4,
Lis,500,8,4,4,4,
Gupta,500,8,4,4,4,
Lars1,500,8,6,6,4,
Lars2,500,8,6,6,4,
Lis,500,8,6,6,4,
Gupta,500,8,6,6,4,
Lars1,500,8,8,8,4,
Lars2,500,8,8,8,4,
Lis,500,8,8,8,4,
Gupta,500,8,8,8,4,
Lars1,500,9,10,10,4,
Lars2,500,9,10,10,4,
Lis,500,9,10,10,4,
Gupta,500,9,10,10,4,
Lars1,500,9,2,2,4,
Lars2,500,9,2,2,4,55.0
Lis,500,9,2,2,4,
Gupta,500,9,2,2,4,
Lars1,500,9,4,4,4,
Lars2,500,9,4,4,4,
Lis,500,9,4,4,4,
Gupta,500,9,4,4,4,
Lars1,500,9,6,6,4,
Lars2,500,9,6,6,4,
Lis,500,9,6,6,4,
Gupta,500,9,6,6,4,
Lars1,500,9,8,8,4,
Lars2,500,9,8,8,4,
Lis,500,9,8,8,4,
Gupta,500,9,8,8,4,
Lars1,5,1000,10,10,4,
Lars2,5,1000,10,10,4,
Lis,5,1000,10,10,4,
Gupta,5,1000,10,10,4,
Lars1,5,1000,2,2,4,
Lars2,5,1000,2,2,4,220.0
Lis,5,1000,2,2,4,
Gupta,5,1000,2,2,4,
Lars1,5,1000,4,4,4,
Lars2,5,1000,4,4,4,
Lis,5,1000,4,4,4,
Gupta,5,1000,4,4,4,
Lars1,5,1000,6,6,4,
Lars2,5,1000,6,6,4,
Lis,5,1000,6,6,4,
Gupta,5,1000,6,6,4,
Lars1,5,1000,8,8,4,
Lars2,5,1000,8,8,4,
Lis,5,1000,8,8,4,
Gupta,5,1000,8,8,4,
Lars1,5,100,10,10,4,
Lars2,5,100,10,10,4,
Lis,5,100,10,10,4,
Gupta,5,100,10,10,4,
Lars1,5,100,2,2,4,
Lars2,5,100,2,2,4,85.0
Lis,5,100,2,2,4,
Gupta,5,100,2,2,4,
Lars1,5,100,4,4,4,
Lars2,5,100,4,4,4,
Lis,5,100,4,4,4,
Gupta,5,100,4,4,4,
Lars1,5,100,6,6,4,
Lars2,5,100,6,6,4,
Lis,5,100,6,6,4,
Gupta,5,100,6,6,4,
Lars1,5,100,8,8,4,
Lars2,5,100,8,8,4,
Lis,5,100,8,8,4,
Gupta,5,100,8,8,4,
Lars1,5,10,10,10,4,
Lars2,5,10,10,10,4,
Lis,5,10,10,10,4,
Gupta,5,10,10,10,4,
Lars1,5,10,2,2,4,
Lars2,5,10,2,2,4,61.0
Lis,5,10,2,2,4,
Gupta,5,10,2,2,4,
Lars1,5,10,4,4,4,
Lars2,5,10,4,4,4,
Lis,5,10,4,4,4,
Gupta,5,10,4,4,4,
Lars1,5,10,6,6,4,
Lars2,5,10,6,6,4,
Lis,5,10,6,6,4,
Gupta,5,10,6,6,4,
Lars1,5,10,8,8,4,
Lars2,5,10,8,8,4,
Lis,5,10,8,8,4,
Gupta,5,10,8,8,4,
Lars1,5,1,10,10,4,
Lars2,5,1,10,10,4,
Lis,5,1,10,10,4,
Gupta,5,1,10,10,4,
Lars1,5,1,2,2,4,
Lars2,5,1,2,2,4,69.0
Lis,5,1,2,2,4,
Gupta,5,1,2,2,4,
Lars1,5,1,4,4,4,
Lars2,5,1,4,4,4,
Lis,5,1,4,4,4,
Gupta,5,1,4,4,4,
Lars1,5,1,6,6,4,
Lars2,5,1,6,6,4,
Lis,5,1,6,6,4,
Gupta,5,1,6,6,4,
Lars1,5,1,8,8,4,
Lars2,5,1,8,8,4,
Lis,5,1,8,8,4,
Gupta,5,1,8,8,4,
Lars1,5,20,10,10,4,
Lars2,5,20,10,10,4,
Lis,5,20,10,10,4,
Gupta,5,20,10,10,4,
Lars1,5,20,2,2,4,
Lars2,5,20,2,2,4,92.0
Lis,5,20,2,2,4,
Gupta,5,20,2,2,4,
Lars1,5,20,4,4,4,
Lars2,5,20,4,4,4,
Lis,5,20,4,4,4,
Gupta,5,20,4,4,4,
Lars1,5,20,6,6,4,
Lars2,5,20,6,6,4,
Lis,5,20,6,6,4,
Gupta,5,20,6,6,4,
Lars1,5,20,8,8,4,
Lars2,5,20,8,8,4,
Lis,5,20,8,8,4,
Gupta,5,20,8,8,4,
Lars1,5,2,10,10,4,
Lars2,5,2,10,10,4,
Lis,5,2,10,10,4,
Gupta,5,2,10,10,4,
Lars1,5,2,2,2,4,
Lars2,5,2,2,2,4,72.0
Lis,5,2,2,2,4,
Gupta,5,2,2,2,4,
Lars1,5,2,4,4,4,
Lars2,5,2,4,4,4,
Lis,5,2,4,4,4,
Gupta,5,2,4,4,4,
Lars1,5,2,6,6,4,
Lars2,5,2,6,6,4,
Lis,5,2,6,6,4,
Gupta,5,2,6,6,4,
Lars1,5,2,8,8,4,
Lars2,5,2,8,8,4,
Lis,5,2,8,8,4,
Gupta,5,2,8,8,4,
Lars1,5,3,10,10,4,
Lars2,5,3,10,10,4,
Lis,5,3,10,10,4,
Gupta,5,3,10,10,4,
Lars1,5,3,2,2,4,
Lars2,5,3,2,2,4,64.0
Lis,5,3,2,2,4,
Gupta,5,3,2,2,4,
Lars1,5,3,4,4,4,
Lars2,5,3,4,4,4,
Lis,5,3,4,4,4,
Gupta,5,3,4,4,4,
Lars1,5,3,6,6,4,
Lars2,5,3,6,6,4,
Lis,5,3,6,6,4,
Gupta,5,3,6,6,4,
Lars1,5,3,8,8,4,
Lars2,5,3,8,8,4,
Lis,5,3,8,8,4,
Gupta,5,3,8,8,4,
Lars1,5,40,10,10,4,
Lars2,5,40,10,10,4,
Lis,5,40,10,10,4,
Gupta,5,40,10,10,4,
Lars1,5,40,2,2,4,
Lars2,5,40,2,2,4,83.0
Lis,5,40,2,2,4,
Gupta,5,40,2,2,4,
Lars1,5,40,4,4,4,
Lars2,5,40,4,4,4,
Lis,5,40,4,4,4,
Gupta,5,40,4,4,4,
Lars1,5,40,6,6,4,
Lars2,5,40,6,6,4,
Lis,5,40,6,6,4,
Gupta,5,40,6,6,4,
Lars1,5,40,8,8,4,
Lars2,5,40,8,8,4,
Lis,5,40,8,8,4,
Gupta,5,40,8,8,4,
Lars1,5,4,10,10,4,
Lars2,5,4,10,10,4,
Lis,5,4,10,10,4,
Gupta,5,4,10,10,4,
Lars1,5,4,2,2,4,
Lars2,5,4,2,2,4,81.0
Lis,5,4,2,2,4,
Gupta,5,4,2,2,4,
Lars1,5,4,4,4,4,
Lars2,5,4,4,4,4,
Lis,5,4,4,4,4,
Gupta,5,4,4,4,4,
Lars1,5,4,6,6,4,
Lars2,5,4,6,6,4,
Lis,5,4,6,6,4,
Gupta,5,4,6,6,4,
Lars1,5,4,8,8,4,
Lars2,5,4,8,8,4,
Lis,5,4,8,8,4,
Gupta,5,4,8,8,4,
Lars1,5,500,10,10,4,
Lars2,5,500,10,10,4,
Lis,5,500,10,10,4,
Gupta,5,500,10,10,4,
Lars1,5,500,2,2,4,
Lars2,5,500,2,2,4,276.0
Lis,5,500,2,2,4,
Gupta,5,500,2,2,4,
Lars1,5,500,4,4,4,
Lars2,5,500,4,4,4,
Lis,5,500,4,4,4,
Gupta,5,500,4,4,4,
Lars1,5,500,6,6,4,
Lars2,5,500,6,6,4,
Lis,5,500,6,6,4,
Gupta,5,500,6,6,4,
Lars1,5,500,8,8,4,
Lars2,5,500,8,8,4,
Lis,5,500,8,8,4,
Gupta,5,500,8,8,4,
Lars1,5,5,10,10,4,
Lars2,5,5,10,10,4,
Lis,5,5,10,10,4,
Gupta,5,5,10,10,4,
Lars1,5,5,2,2,4,
Lars2,5,5,2,2,4,73.0
Lis,5,5,2,2,4,
Gupta,5,5,2,2,4,
Lars1,5,5,4,4,4,
Lars2,5,5,4,4,4,
Lis,5,5,4,4,4,
Gupta,5,5,4,4,4,
Lars1,5,5,6,6,4,
Lars2,5,5,6,6,4,
Lis,5,5,6,6,4,
Gupta,5,5,6,6,4,
Lars1,5,5,8,8,4,
Lars2,5,5,8,8,4,
Lis,5,5,8,8,4,
Gupta,5,5,8,8,4,
Lars1,5,60,10,10,4,
Lars2,5,60,10,10,4,
Lis,5,60,10,10,4,
Gupta,5,60,10,10,4,
Lars1,5,60,2,2,4,
Lars2,5,60,2,2,4,77.0
Lis,5,60,2,2,4,
Gupta,5,60,2,2,4,
Lars1,5,60,4,4,4,
Lars2,5,60,4,4,4,
Lis,5,60,4,4,4,
Gupta,5,60,4,4,4,
Lars1,5,60,6,6,4,
Lars2,5,60,6,6,4,
Lis,5,60,6,6,4,
Gupta,5,60,6,6,4,
Lars1,5,60,8,8,4,
Lars2,5,60,8,8,4,
Lis,5,60,8,8,4,
Gupta,5,60,8,8,4,
Lars1,5,6,10,10,4,
Lars2,5,6,10,10,4,
Lis,5,6,10,10,4,
Gupta,5,6,10,10,4,
Lars1,5,6,2,2,4,
Lars2,5,6,2,2,4,52.0
Lis,5,6,2,2,4,
Gupta,5,6,2,2,4,
Lars1,5,6,4,4,4,
Lars2,5,6,4,4,4,
Lis,5,6,4,4,4,
Gupta,5,6,4,4,4,
Lars1,5,6,6,6,4,
Lars2,5,6,6,6,4,
Lis,5,6,6,6,4,
Gupta,5,6,6,6,4,
Lars1,5,6,8,8,4,
Lars2,5,6,8,8,4,
Lis,5,6,8,8,4,
Gupta,5,6,8,8,4,
Lars1,5,7,10,10,4,
Lars2,5,7,10,10,4,
Lis,5,7,10,10,4,
Gupta,5,7,10,10,4,
Lars1,5,7,2,2,4,
Lars2,5,7,2,2,4,84.0
Lis,5,7,2,2,4,
Gupta,5,7,2,2,4,
Lars1,5,7,4,4,4,
Lars2,5,7,4,4,4,
Lis,5,7,4,4,4,
Gupta,5,7,4,4,4,
Lars1,5,7,6,6,4,
Lars2,5,7,6,6,4,100.0
Lis,5,7,6,6,4,
Gupta,5,7,6,6,4,
Lars1,5,7,8,8,4,
Lars2,5,7,8,8,4,
Lis,5,7,8,8,4,
Gupta,5,7,8,8,4,
Lars1,5,80,10,10,4,
Lars2,5,80,10,10,4,
Lis,5,80,10,10,4,
Gupta,5,80,10,10,4,
Lars1,5,80,2,2,4,
Lars2,5,80,2,2,4,66.0
Lis,5,80,2,2,4,
Gupta,5,80,2,2,4,
Lars1,5,80,4,4,4,
Lars2,5,80,4,4,4,
Lis,5,80,4,4,4,
Gupta,5,80,4,4,4,
Lars1,5,80,6,6,4,
Lars2,5,80,6,6,4,
Lis,5,80,6,6,4,
Gupta,5,80,6,6,4,
Lars1,5,80,8,8,4,
Lars2,5,80,8,8,4,
Lis,5,80,8,8,4,
Gupta,5,80,8,8,4,
Lars1,5,8,10,10,4,
Lars2,5,8,10,10,4,
Lis,5,8,10,10,4,
Gupta,5,8,10,10,4,
Lars1,5,8,2,2,4,
Lars2,5,8,2,2,4,68.0
Lis,5,8,2,2,4,
Gupta,5,8,2,2,4,
Lars1,5,8,4,4,4,
Lars2,5,8,4,4,4,
Lis,5,8,4,4,4,
Gupta,5,8,4,4,4,
Lars1,5,8,6,6,4,
Lars2,5,8,6,6,4,
Lis,5,8,6,6,4,
Gupta,5,8,6,6,4,
Lars1,5,8,8,8,4,
Lars2,5,8,8,8,4,
Lis,5,8,8,8,4,
Gupta,5,8,8,8,4,
Lars1,5,9,10,10,4,
Lars2,5,9,10,10,4,
Lis,5,9,10,10,4,
Gupta,5,9,10,10,4,
Lars1,5,9,2,2,4,
Lars2,5,9,2,2,4,56.0
Lis,5,9,2,2,4,
Gupta,5,9,2,2,4,
Lars1,5,9,4,4,4,
Lars2,5,9,4,4,4,
Lis,5,9,4,4,4,
Gupta,5,9,4,4,4,
Lars1,5,9,6,6,4,
Lars2,5,9,6,6,4,
Lis,5,9,6,6,4,
Gupta,5,9,6,6,4,
Lars1,5,9,8,8,4,
Lars2,5,9,8,8,4,
Lis,5,9,8,8,4,
Gupta,5,9,8,8,4,
Lars1,60,1000,10,10,4,
Lars2,60,1000,10,10,4,
Lis,60,1000,10,10,4,
Gupta,60,1000,10,10,4,
Lars1,60,1000,2,2,4,
Lars2,60,1000,2,2,4,104.0
Lis,60,1000,2,2,4,
Gupta,60,1000,2,2,4,
Lars1,60,1000,4,4,4,
Lars2,60,1000,4,4,4,
Lis,60,1000,4,4,4,
Gupta,60,1000,4,4,4,
Lars1,60,1000,6,6,4,
Lars2,60,1000,6,6,4,
Lis,60,1000,6,6,4,
Gupta,60,1000,6,6,4,
Lars1,60,1000,8,8,4,
Lars2,60,1000,8,8,4,
Lis,60,1000,8,8,4,
Gupta,60,1000,8,8,4,
Lars1,60,100,10,10,4,
Lars2,60,100,10,10,4,
Lis,60,100,10,10,4,
Gupta,60,100,10,10,4,
Lars1,60,100,2,2,4,
Lars2,60,100,2,2,4,80.0
Lis,60,100,2,2,4,
Gupta,60,100,2,2,4,
Lars1,60,100,4,4,4,
Lars2,60,100,4,4,4,
Lis,60,100,4,4,4,
Gupta,60,100,4,4,4,
Lars1,60,100,6,6,4,
Lars2,60,100,6,6,4,
Lis,60,100,6,6,4,
Gupta,60,100,6,6,4,
Lars1,60,100,8,8,4,
Lars2,60,100,8,8,4,
Lis,60,100,8,8,4,
Gupta,60,100,8,8,4,
Lars1,60,10,10,10,4,
Lars2,60,10,10,10,4,
Lis,60,10,10,10,4,
Gupta,60,10,10,10,4,
Lars1,60,10,2,2,4,
Lars2,60,10,2,2,4,55.0
Lis,60,10,2,2,4,
Gupta,60,10,2,2,4,
Lars1,60,10,4,4,4,
Lars2,60,10,4,4,4,
Lis,60,10,4,4,4,
Gupta,60,10,4,4,4,
Lars1,60,10,6,6,4,
Lars2,60,10,6,6,4,
Lis,60,10,6,6,4,
Gupta,60,10,6,6,4,
Lars1,60,10,8,8,4,
Lars2,60,10,8,8,4,
Lis,60,10,8,8,4,
Gupta,60,10,8,8,4,
Lars1,60,1,10,10,4,
Lars2,60,1,10,10,4,
Lis,60,1,10,10,4,
Gupta,60,1,10,10,4,
Lars1,60,1,2,2,4,
Lars2,60,1,2,2,4,66.0
Lis,60,1,2,2,4,
Gupta,60,1,2,2,4,
Lars1,60,1,4,4,4,
Lars2,60,1,4,4,4,
Lis,60,1,4,4,4,
Gupta,60,1,4,4,4,
Lars1,60,1,6,6,4,
Lars2,60,1,6,6,4,
Lis,60,1,6,6,4,
Gupta,60,1,6,6,4,
Lars1,60,1,8,8,4,
Lars2,60,1,8,8,4,
Lis,60,1,8,8,4,
Gupta,60,1,8,8,4,
Lars1,60,20,10,10,4,
Lars2,60,20,10,10,4,
Lis,60,20,10,10,4,
Gupta,60,20,10,10,4,
Lars1,60,20,2,2,4,
Lars2,60,20,2,2,4,69.0
Lis,60,20,2,2,4,
Gupta,60,20,2,2,4,
Lars1,60,20,4,4,4,
Lars2,60,20,4,4,4,
Lis,60,20,4,4,4,
Gupta,60,20,4,4,4,
Lars1,60,20,6,6,4,
Lars2,60,20,6,6,4,
Lis,60,20,6,6,4,
Gupta,60,20,6,6,4,
Lars1,60,20,8,8,4,
Lars2,60,20,8,8,4,
Lis,60,20,8,8,4,
Gupta,60,20,8,8,4,
Lars1,60,2,10,10,4,
Lars2,60,2,10,10,4,
Lis,60,2,10,10,4,
Gupta,60,2,10,10,4,
Lars1,60,2,2,2,4,
Lars2,60,2,2,2,4,59.0
Lis,60,2,2,2,4,
Gupta,60,2,2,2,4,
Lars1,60,2,4,4,4,
Lars2,60,2,4,4,4,
Lis,60,2,4,4,4,
Gupta,60,2,4,4,4,
Lars1,60,2,6,6,4,
Lars2,60,2,6,6,4,
Lis,60,2,6,6,4,
Gupta,60,2,6,6,4,
Lars1,60,2,8,8,4,
Lars2,60,2,8,8,4,
Lis,60,2,8,8,4,
Gupta,60,2,8,8,4,
Lars1,60,3,10,10,4,
Lars2,60,3,10,10,4,
Lis,60,3,10,10,4,
Gupta,60,3,10,10,4,
Lars1,60,3,2,2,4,
Lars2,60,3,2,2,4,66.0
Lis,60,3,2,2,4,
Gupta,60,3,2,2,4,
Lars1,60,3,4,4,4,
Lars2,60,3,4,4,4,
Lis,60,3,4,4,4,
Gupta,60,3,4,4,4,
Lars1,60,3,6,6,4,
Lars2,60,3,6,6,4,
Lis,60,3,6,6,4,
Gupta,60,3,6,6,4,
Lars1,60,3,8,8,4,
Lars2,60,3,8,8,4,
Lis,60,3,8,8,4,
Gupta,60,3,8,8,4,
Lars1,60,40,10,10,4,
Lars2,60,40,10,10,4,
Lis,60,40,10,10,4,
Gupta,60,40,10,10,4,
Lars1,60,40,2,2,4,
Lars2,60,40,2,2,4,70.0
Lis,60,40,2,2,4,
Gupta,60,40,2,2,4,
Lars1,60,40,4,4,4,
Lars2,60,40,4,4,4,
Lis,60,40,4,4,4,
Gupta,60,40,4,4,4,
Lars1,60,40,6,6,4,
Lars2,60,40,6,6,4,
Lis,60,40,6,6,4,
Gupta,60,40,6,6,4,
Lars1,60,40,8,8,4,
Lars2,60,40,8,8,4,
Lis,60,40,8,8,4,
Gupta,60,40,8,8,4,
Lars1,60,4,10,10,4,
Lars2,60,4,10,10,4,
Lis,60,4,10,10,4,
Gupta,60,4,10,10,4,
Lars1,60,4,2,2,4,
Lars2,60,4,2,2,4,78.0
Lis,60,4,2,2,4,
Gupta,60,4,2,2,4,
Lars1,60,4,4,4,4,
Lars2,60,4,4,4,4,
Lis,60,4,4,4,4,
Gupta,60,4,4,4,4,
Lars1,60,4,6,6,4,
Lars2,60,4,6,6,4,
Lis,60,4,6,6,4,
Gupta,60,4,6,6,4,
Lars1,60,4,8,8,4,
Lars2,60,4,8,8,4,
Lis,60,4,8,8,4,
Gupta,60,4,8,8,4,
Lars1,60,500,10,10,4,
Lars2,60,500,10,10,4,
Lis,60,500,10,10,4,
Gupta,60,500,10,10,4,
Lars1,60,500,2,2,4,
Lars2,60,500,2,2,4,76.0
Lis,60,500,2,2,4,
Gupta,60,500,2,2,4,
Lars1,60,500,4,4,4,
Lars2,60,500,4,4,4,
Lis,60,500,4,4,4,
Gupta,60,500,4,4,4,
Lars1,60,500,6,6,4,
Lars2,60,500,6,6,4,
Lis,60,500,6,6,4,
Gupta,60,500,6,6,4,
Lars1,60,500,8,8,4,
Lars2,60,500,8,8,4,
Lis,60,500,8,8,4,
Gupta,60,500,8,8,4,
Lars1,60,5,10,10,4,
Lars2,60,5,10,10,4,
Lis,60,5,10,10,4,
Gupta,60,5,10,10,4,
Lars1,60,5,2,2,4,
Lars2,60,5,2,2,4,84.0
Lis,60,5,2,2,4,
Gupta,60,5,2,2,4,
Lars1,60,5,4,4,4,
Lars2,60,5,4,4,4,
Lis,60,5,4,4,4,
Gupta,60,5,4,4,4,
Lars1,60,5,6,6,4,
Lars2,60,5,6,6,4,
Lis,60,5,6,6,4,
Gupta,60,5,6,6,4,
Lars1,60,5,8,8,4,
Lars2,60,5,8,8,4,
Lis,60,5,8,8,4,
Gupta,60,5,8,8,4,
Lars1,60,60,10,10,4,
Lars2,60,60,10,10,4,
Lis,60,60,10,10,4,
Gupta,60,60,10,10,4,
Lars1,60,60,2,2,4,
Lars2,60,60,2,2,4,77.0
Lis,60,60,2,2,4,
Gupta,60,60,2,2,4,
Lars1,60,60,4,4,4,
Lars2,60,60,4,4,4,
Lis,60,60,4,4,4,
Gupta,60,60,4,4,4,
Lars1,60,60,6,6,4,
Lars2,60,60,6,6,4,
Lis,60,60,6,6,4,
Gupta,60,60,6,6,4,
Lars1,60,60,8,8,4,
Lars2,60,60,8,8,4,
Lis,60,60,8,8,4,
Gupta,60,60,8,8,4,
Lars1,60,6,10,10,4,
Lars2,60,6,10,10,4,
Lis,60,6,10,10,4,
Gupta,60,6,10,10,4,
Lars1,60,6,2,2,4,
Lars2,60,6,2,2,4,67.0
Lis,60,6,2,2,4,
Gupta,60,6,2,2,4,
Lars1,60,6,4,4,4,
Lars2,60,6,4,4,4,
Lis,60,6,4,4,4,
Gupta,60,6,4,4,4,
Lars1,60,6,6,6,4,
Lars2,60,6,6,6,4,
Lis,60,6,6,6,4,
Gupta,60,6,6,6,4,
Lars1,60,6,8,8,4,
Lars2,60,6,8,8,4,
Lis,60,6,8,8,4,
Gupta,60,6,8,8,4,
Lars1,60,7,10,10,4,
Lars2,60,7,10,10,4,
Lis,60,7,10,10,4,
Gupta,60,7,10,10,4,
Lars1,60,7,2,2,4,
Lars2,60,7,2,2,4,58.0
Lis,60,7,2,2,4,
Gupta,60,7,2,2,4,
Lars1,60,7,4,4,4,
Lars2,60,7,4,4,4,
Lis,60,7,4,4,4,
Gupta,60,7,4,4,4,
Lars1,60,7,6,6,4,
Lars2,60,7,6,6,4,
Lis,60,7,6,6,4,
Gupta,60,7,6,6,4,
Lars1,60,7,8,8,4,
Lars2,60,7,8,8,4,
Lis,60,7,8,8,4,
Gupta,60,7,8,8,4,
Lars1,60,80,10,10,4,
Lars2,60,80,10,10,4,
Lis,60,80,10,10,4,
Gupta,60,80,10,10,4,
Lars1,60,80,2,2,4,
Lars2,60,80,2,2,4,71.0
Lis,60,80,2,2,4,
Gupta,60,80,2,2,4,
Lars1,60,80,4,4,4,
Lars2,60,80,4,4,4,
Lis,60,80,4,4,4,
Gupta,60,80,4,4,4,
Lars1,60,80,6,6,4,
Lars2,60,80,6,6,4,
Lis,60,80,6,6,4,
Gupta,60,80,6,6,4,
Lars1,60,80,8,8,4,
Lars2,60,80,8,8,4,
Lis,60,80,8,8,4,
Gupta,60,80,8,8,4,
Lars1,60,8,10,10,4,
Lars2,60,8,10,10,4,
Lis,60,8,10,10,4,
Gupta,60,8,10,10,4,
Lars1,60,8,2,2,4,
Lars2,60,8,2,2,4,50.0
Lis,60,8,2,2,4,
Gupta,60,8,2,2,4,
Lars1,60,8,4,4,4,
Lars2,60,8,4,4,4,
Lis,60,8,4,4,4,
Gupta,60,8,4,4,4,
Lars1,60,8,6,6,4,
Lars2,60,8,6,6,4,
Lis,60,8,6,6,4,
Gupta,60,8,6,6,4,
Lars1,60,8,8,8,4,
Lars2,60,8,8,8,4,
Lis,60,8,8,8,4,
Gupta,60,8,8,8,4,
Lars1,60,9,10,10,4,
Lars2,60,9,10,10,4,
Lis,60,9,10,10,4,
Gupta,60,9,10,10,4,
Lars1,60,9,2,2,4,
Lars2,60,9,2,2,4,63.0
Lis,60,9,2,2,4,
Gupta,60,9,2,2,4,
Lars1,60,9,4,4,4,
Lars2,60,9,4,4,4,
Lis,60,9,4,4,4,
Gupta,60,9,4,4,4,
Lars1,60,9,6,6,4,
Lars2,60,9,6,6,4,
Lis,60,9,6,6,4,
Gupta,60,9,6,6,4,
Lars1,60,9,8,8,4,
Lars2,60,9,8,8,4,
Lis,60,9,8,8,4,
Gupta,60,9,8,8,4,
Lars1,6,1000,10,10,4,
Lars2,6,1000,10,10,4,
Lis,6,1000,10,10,4,
Gupta,6,1000,10,10,4,
Lars1,6,1000,2,2,4,
Lars2,6,1000,2,2,4,250.0
Lis,6,1000,2,2,4,
Gupta,6,1000,2,2,4,
Lars1,6,1000,4,4,4,
Lars2,6,1000,4,4,4,
Lis,6,1000,4,4,4,
Gupta,6,1000,4,4,4,
Lars1,6,1000,6,6,4,
Lars2,6,1000,6,6,4,
Lis,6,1000,6,6,4,
Gupta,6,1000,6,6,4,
Lars1,6,1000,8,8,4,
Lars2,6,1000,8,8,4,
Lis,6,1000,8,8,4,
Gupta,6,1000,8,8,4,
Lars1,6,100,10,10,4,
Lars2,6,100,10,10,4,
Lis,6,100,10,10,4,
Gupta,6,100,10,10,4,
Lars1,6,100,2,2,4,
Lars2,6,100,2,2,4,86.0
Lis,6,100,2,2,4,
Gupta,6,100,2,2,4,
Lars1,6,100,4,4,4,
Lars2,6,100,4,4,4,
Lis,6,100,4,4,4,
Gupta,6,100,4,4,4,
Lars1,6,100,6,6,4,
Lars2,6,100,6,6,4,
Lis,6,100,6,6,4,
Gupta,6,100,6,6,4,
Lars1,6,100,8,8,4,
Lars2,6,100,8,8,4,
Lis,6,100,8,8,4,
Gupta,6,100,8,8,4,
Lars1,6,10,10,10,4,
Lars2,6,10,10,10,4,
Lis,6,10,10,10,4,
Gupta,6,10,10,10,4,
Lars1,6,10,2,2,4,
Lars2,6,10,2,2,4,54.0
Lis,6,10,2,2,4,
Gupta,6,10,2,2,4,88.0
Lars1,6,10,4,4,4,
Lars2,6,10,4,4,4,
Lis,6,10,4,4,4,
Gupta,6,10,4,4,4,
Lars1,6,10,6,6,4,
Lars2,6,10,6,6,4,
Lis,6,10,6,6,4,
Gupta,6,10,6,6,4,
Lars1,6,10,8,8,4,
Lars2,6,10,8,8,4,
Lis,6,10,8,8,4,
Gupta,6,10,8,8,4,
Lars1,6,1,10,10,4,
Lars2,6,1,10,10,4,
Lis,6,1,10,10,4,
Gupta,6,1,10,10,4,
Lars1,6,1,2,2,4,
Lars2,6,1,2,2,4,71.0
Lis,6,1,2,2,4,
Gupta,6,1,2,2,4,72.0
Lars1,6,1,4,4,4,
Lars2,6,1,4,4,4,
Lis,6,1,4,4,4,
Gupta,6,1,4,4,4,
Lars1,6,1,6,6,4,
Lars2,6,1,6,6,4,
Lis,6,1,6,6,4,
Gupta,6,1,6,6,4,
Lars1,6,1,8,8,4,
Lars2,6,1,8,8,4,
Lis,6,1,8,8,4,
Gupta,6,1,8,8,4,
Lars1,6,20,10,10,4,
Lars2,6,20,10,10,4,
Lis,6,20,10,10,4,
Gupta,6,20,10,10,4,
Lars1,6,20,2,2,4,
Lars2,6,20,2,2,4,64.0
Lis,6,20,2,2,4,
Gupta,6,20,2,2,4,
Lars1,6,20,4,4,4,
Lars2,6,20,4,4,4,
Lis,6,20,4,4,4,
Gupta,6,20,4,4,4,
Lars1,6,20,6,6,4,
Lars2,6,20,6,6,4,
Lis,6,20,6,6,4,
Gupta,6,20,6,6,4,
Lars1,6,20,8,8,4,
Lars2,6,20,8,8,4,
Lis,6,20,8,8,4,
Gupta,6,20,8,8,4,
Lars1,6,2,10,10,4,
Lars2,6,2,10,10,4,
Lis,6,2,10,10,4,
Gupta,6,2,10,10,4,
Lars1,6,2,2,2,4,
Lars2,6,2,2,2,4,75.0
Lis,6,2,2,2,4,
Gupta,6,2,2,2,4,
Lars1,6,2,4,4,4,
Lars2,6,2,4,4,4,
Lis,6,2,4,4,4,
Gupta,6,2,4,4,4,
Lars1,6,2,6,6,4,
Lars2,6,2,6,6,4,
Lis,6,2,6,6,4,
Gupta,6,2,6,6,4,
Lars1,6,2,8,8,4,
Lars2,6,2,8,8,4,
Lis,6,2,8,8,4,
Gupta,6,2,8,8,4,
Lars1,6,3,10,10,4,
Lars2,6,3,10,10,4,
Lis,6,3,10,10,4,
Gupta,6,3,10,10,4,
Lars1,6,3,2,2,4,
Lars2,6,3,2,2,4,55.0
Lis,6,3,2,2,4,
Gupta,6,3,2,2,4,64.0
Lars1,6,3,4,4,4,
Lars2,6,3,4,4,4,
Lis,6,3,4,4,4,
Gupta,6,3,4,4,4,
Lars1,6,3,6,6,4,
Lars2,6,3,6,6,4,
Lis,6,3,6,6,4,
Gupta,6,3,6,6,4,
Lars1,6,3,8,8,4,
Lars2,6,3,8,8,4,
Lis,6,3,8,8,4,
Gupta,6,3,8,8,4,
Lars1,6,40,10,10,4,
Lars2,6,40,10,10,4,
Lis,6,40,10,10,4,
Gupta,6,40,10,10,4,
Lars1,6,40,2,2,4,
Lars2,6,40,2,2,4,62.0
Lis,6,40,2,2,4,
Gupta,6,40,2,2,4,138.0
Lars1,6,40,4,4,4,
Lars2,6,40,4,4,4,
Lis,6,40,4,4,4,
Gupta,6,40,4,4,4,
Lars1,6,40,6,6,4,
Lars2,6,40,6,6,4,
Lis,6,40,6,6,4,
Gupta,6,40,6,6,4,
Lars1,6,40,8,8,4,
Lars2,6,40,8,8,4,
Lis,6,40,8,8,4,
Gupta,6,40,8,8,4,
Lars1,6,4,10,10,4,
Lars2,6,4,10,10,4,
Lis,6,4,10,10,4,
Gupta,6,4,10,10,4,
Lars1,6,4,2,2,4,
Lars2,6,4,2,2,4,71.0
Lis,6,4,2,2,4,
Gupta,6,4,2,2,4,84.0
Lars1,6,4,4,4,4,
Lars2,6,4,4,4,4,
Lis,6,4,4,4,4,
Gupta,6,4,4,4,4,
Lars1,6,4,6,6,4,
Lars2,6,4,6,6,4,
Lis,6,4,6,6,4,
Gupta,6,4,6,6,4,
Lars1,6,4,8,8,4,
Lars2,6,4,8,8,4,
Lis,6,4,8,8,4,
Gupta,6,4,8,8,4,
Lars1,6,500,10,10,4,
Lars2,6,500,10,10,4,
Lis,6,500,10,10,4,
Gupta,6,500,10,10,4,
Lars1,6,500,2,2,4,
Lars2,6,500,2,2,4,104.0
Lis,6,500,2,2,4,
Gupta,6,500,2,2,4,
Lars1,6,500,4,4,4,
Lars2,6,500,4,4,4,
Lis,6,500,4,4,4,
Gupta,6,500,4,4,4,
Lars1,6,500,6,6,4,
Lars2,6,500,6,6,4,
Lis,6,500,6,6,4,
Gupta,6,500,6,6,4,
Lars1,6,500,8,8,4,
Lars2,6,500,8,8,4,
Lis,6,500,8,8,4,
Gupta,6,500,8,8,4,
Lars1,6,5,10,10,4,
Lars2,6,5,10,10,4,
Lis,6,5,10,10,4,
Gupta,6,5,10,10,4,
Lars1,6,5,2,2,4,
Lars2,6,5,2,2,4,70.0
Lis,6,5,2,2,4,
Gupta,6,5,2,2,4,
Lars1,6,5,4,4,4,
Lars2,6,5,4,4,4,
Lis,6,5,4,4,4,
Gupta,6,5,4,4,4,
Lars1,6,5,6,6,4,
Lars2,6,5,6,6,4,
Lis,6,5,6,6,4,
Gupta,6,5,6,6,4,
Lars1,6,5,8,8,4,
Lars2,6,5,8,8,4,
Lis,6,5,8,8,4,
Gupta,6,5,8,8,4,
Lars1,6,60,10,10,4,
Lars2,6,60,10,10,4,
Lis,6,60,10,10,4,
Gupta,6,60,10,10,4,
Lars1,6,60,2,2,4,
Lars2,6,60,2,2,4,75.0
Lis,6,60,2,2,4,
Gupta,6,60,2,2,4,149.0
Lars1,6,60,4,4,4,
Lars2,6,60,4,4,4,
Lis,6,60,4,4,4,
Gupta,6,60,4,4,4,
Lars1,6,60,6,6,4,
Lars2,6,60,6,6,4,
Lis,6,60,6,6,4,
Gupta,6,60,6,6,4,
Lars1,6,60,8,8,4,
Lars2,6,60,8,8,4,
Lis,6,60,8,8,4,
Gupta,6,60,8,8,4,
Lars1,6,6,10,10,4,
Lars2,6,6,10,10,4,
Lis,6,6,10,10,4,
Gupta,6,6,10,10,4,
Lars1,6,6,2,2,4,
Lars2,6,6,2,2,4,60.0
Lis,6,6,2,2,4,
Gupta,6,6,2,2,4,
Lars1,6,6,4,4,4,
Lars2,6,6,4,4,4,
Lis,6,6,4,4,4,
Gupta,6,6,4,4,4,
Lars1,6,6,6,6,4,
Lars2,6,6,6,6,4,
Lis,6,6,6,6,4,
Gupta,6,6,6,6,4,
Lars1,6,6,8,8,4,
Lars2,6,6,8,8,4,
Lis,6,6,8,8,4,
Gupta,6,6,8,8,4,
Lars1,6,7,10,10,4,
Lars2,6,7,10,10,4,
Lis,6,7,10,10,4,
Gupta,6,7,10,10,4,
Lars1,6,7,2,2,4,
Lars2,6,7,2,2,4,66.0
Lis,6,7,2,2,4,
Gupta,6,7,2,2,4,
Lars1,6,7,4,4,4,
Lars2,6,7,4,4,4,
Lis,6,7,4,4,4,
Gupta,6,7,4,4,4,
Lars1,6,7,6,6,4,
Lars2,6,7,6,6,4,
Lis,6,7,6,6,4,
Gupta,6,7,6,6,4,
Lars1,6,7,8,8,4,
Lars2,6,7,8,8,4,
Lis,6,7,8,8,4,
Gupta,6,7,8,8,4,
Lars1,6,80,10,10,4,
Lars2,6,80,10,10,4,
Lis,6,80,10,10,4,
Gupta,6,80,10,10,4,
Lars1,6,80,2,2,4,
Lars2,6,80,2,2,4,1324.0
Lis,6,80,2,2,4,
Gupta,6,80,2,2,4,
Lars1,6,80,4,4,4,
Lars2,6,80,4,4,4,
Lis,6,80,4,4,4,
Gupta,6,80,4,4,4,
Lars1,6,80,6,6,4,
Lars2,6,80,6,6,4,
Lis,6,80,6,6,4,
Gupta,6,80,6,6,4,
Lars1,6,80,8,8,4,
Lars2,6,80,8,8,4,
Lis,6,80,8,8,4,
Gupta,6,80,8,8,4,
Lars1,6,8,10,10,4,
Lars2,6,8,10,10,4,
Lis,6,8,10,10,4,
Gupta,6,8,10,10,4,
Lars1,6,8,2,2,4,
Lars2,6,8,2,2,4,70.0
Lis,6,8,2,2,4,
Gupta,6,8,2,2,4,
Lars1,6,8,4,4,4,
Lars2,6,8,4,4,4,
Lis,6,8,4,4,4,
Gupta,6,8,4,4,4,
Lars1,6,8,6,6,4,
Lars2,6,8,6,6,4,
Lis,6,8,6,6,4,
Gupta,6,8,6,6,4,
Lars1,6,8,8,8,4,
Lars2,6,8,8,8,4,
Lis,6,8,8,8,4,
Gupta,6,8,8,8,4,
Lars1,6,9,10,10,4,
Lars2,6,9,10,10,4,
Lis,6,9,10,10,4,
Gupta,6,9,10,10,4,
Lars1,6,9,2,2,4,
Lars2,6,9,2,2,4,66.0
Lis,6,9,2,2,4,
Gupta,6,9,2,2,4,73.0
Lars1,6,9,4,4,4,
Lars2,6,9,4,4,4,
Lis,6,9,4,4,4,
Gupta,6,9,4,4,4,
Lars1,6,9,6,6,4,
Lars2,6,9,6,6,4,
Lis,6,9,6,6,4,
Gupta,6,9,6,6,4,
Lars1,6,9,8,8,4,
Lars2,6,9,8,8,4,
Lis,6,9,8,8,4,
Gupta,6,9,8,8,4,
Lars1,1000,1000,10,10,5,
Lars2,1000,1000,10,10,5,
Lis,1000,1000,10,10,5,
Gupta,1000,1000,10,10,5,
Lars1,1000,1000,2,2,5,
Lars2,1000,1000,2,2,5,231.0
Lis,1000,1000,2,2,5,
Gupta,1000,1000,2,2,5,
Lars1,1000,1000,4,4,5,
Lars2,1000,1000,4,4,5,
Lis,1000,1000,4,4,5,
Gupta,1000,1000,4,4,5,
Lars1,1000,1000,6,6,5,
Lars2,1000,1000,6,6,5,
Lis,1000,1000,6,6,5,
Gupta,1000,1000,6,6,5,
Lars1,1000,1000,8,8,5,
Lars2,1000,1000,8,8,5,
Lis,1000,1000,8,8,5,
Gupta,1000,1000,8,8,5,
Lars1,1000,100,10,10,5,
Lars2,1000,100,10,10,5,
Lis,1000,100,10,10,5,
Gupta,1000,100,10,10,5,
Lars1,1000,100,2,2,5,
Lars2,1000,100,2,2,5,226.0
Lis,1000,100,2,2,5,
Gupta,1000,100,2,2,5,
Lars1,1000,100,4,4,5,
Lars2,1000,100,4,4,5,
Lis,1000,100,4,4,5,
Gupta,1000,100,4,4,5,
Lars1,1000,100,6,6,5,
Lars2,1000,100,6,6,5,
Lis,1000,100,6,6,5,
Gupta,1000,100,6,6,5,
Lars1,1000,100,8,8,5,
Lars2,1000,100,8,8,5,
Lis,1000,100,8,8,5,
Gupta,1000,100,8,8,5,
Lars1,1000,10,10,10,5,
Lars2,1000,10,10,10,5,
Lis,1000,10,10,10,5,
Gupta,1000,10,10,10,5,
Lars1,1000,10,2,2,5,
Lars2,1000,10,2,2,5,240.0
Lis,1000,10,2,2,5,
Gupta,1000,10,2,2,5,
Lars1,1000,10,4,4,5,
Lars2,1000,10,4,4,5,
Lis,1000,10,4,4,5,
Gupta,1000,10,4,4,5,
Lars1,1000,10,6,6,5,
Lars2,1000,10,6,6,5,
Lis,1000,10,6,6,5,
Gupta,1000,10,6,6,5,
Lars1,1000,10,8,8,5,
Lars2,1000,10,8,8,5,
Lis,1000,10,8,8,5,
Gupta,1000,10,8,8,5,
Lars1,1000,1,10,10,5,
Lars2,1000,1,10,10,5,
Lis,1000,1,10,10,5,
Gupta,1000,1,10,10,5,
Lars1,1000,1,2,2,5,
Lars2,1000,1,2,2,5,68.0
Lis,1000,1,2,2,5,
Gupta,1000,1,2,2,5,
Lars1,1000,1,4,4,5,
Lars2,1000,1,4,4,5,
Lis,1000,1,4,4,5,
Gupta,1000,1,4,4,5,
Lars1,1000,1,6,6,5,
Lars2,1000,1,6,6,5,
Lis,1000,1,6,6,5,
Gupta,1000,1,6,6,5,
Lars1,1000,1,8,8,5,
Lars2,1000,1,8,8,5,
Lis,1000,1,8,8,5,
Gupta,1000,1,8,8,5,
Lars1,1000,20,10,10,5,
Lars2,1000,20,10,10,5,
Lis,1000,20,10,10,5,
Gupta,1000,20,10,10,5,
Lars1,1000,20,2,2,5,
Lars2,1000,20,2,2,5,67.0
Lis,1000,20,2,2,5,
Gupta,1000,20,2,2,5,
Lars1,1000,20,4,4,5,
Lars2,1000,20,4,4,5,
Lis,1000,20,4,4,5,
Gupta,1000,20,4,4,5,
Lars1,1000,20,6,6,5,
Lars2,1000,20,6,6,5,
Lis,1000,20,6,6,5,
Gupta,1000,20,6,6,5,
Lars1,1000,20,8,8,5,
Lars2,1000,20,8,8,5,
Lis,1000,20,8,8,5,
Gupta,1000,20,8,8,5,
Lars1,1000,2,10,10,5,
Lars2,1000,2,10,10,5,
Lis,1000,2,10,10,5,
Gupta,1000,2,10,10,5,
Lars1,1000,2,2,2,5,
Lars2,1000,2,2,2,5,216.0
Lis,1000,2,2,2,5,
Gupta,1000,2,2,2,5,
Lars1,1000,2,4,4,5,
Lars2,1000,2,4,4,5,
Lis,1000,2,4,4,5,
Gupta,1000,2,4,4,5,
Lars1,1000,2,6,6,5,
Lars2,1000,2,6,6,5,
Lis,1000,2,6,6,5,
Gupta,1000,2,6,6,5,
Lars1,1000,2,8,8,5,
Lars2,1000,2,8,8,5,
Lis,1000,2,8,8,5,
Gupta,1000,2,8,8,5,
Lars1,1000,3,10,10,5,
Lars2,1000,3,10,10,5,
Lis,1000,3,10,10,5,
Gupta,1000,3,10,10,5,
Lars1,1000,3,2,2,5,
Lars2,1000,3,2,2,5,77.0
Lis,1000,3,2,2,5,
Gupta,1000,3,2,2,5,
Lars1,1000,3,4,4,5,
Lars2,1000,3,4,4,5,
Lis,1000,3,4,4,5,
Gupta,1000,3,4,4,5,
Lars1,1000,3,6,6,5,
Lars2,1000,3,6,6,5,
Lis,1000,3,6,6,5,
Gupta,1000,3,6,6,5,
Lars1,1000,3,8,8,5,
Lars2,1000,3,8,8,5,
Lis,1000,3,8,8,5,
Gupta,1000,3,8,8,5,
Lars1,1000,40,10,10,5,
Lars2,1000,40,10,10,5,
Lis,1000,40,10,10,5,
Gupta,1000,40,10,10,5,
Lars1,1000,40,2,2,5,
Lars2,1000,40,2,2,5,76.0
Lis,1000,40,2,2,5,
Gupta,1000,40,2,2,5,
Lars1,1000,40,4,4,5,
Lars2,1000,40,4,4,5,
Lis,1000,40,4,4,5,
Gupta,1000,40,4,4,5,
Lars1,1000,40,6,6,5,
Lars2,1000,40,6,6,5,
Lis,1000,40,6,6,5,
Gupta,1000,40,6,6,5,
Lars1,1000,40,8,8,5,
Lars2,1000,40,8,8,5,
Lis,1000,40,8,8,5,
Gupta,1000,40,8,8,5,
Lars1,1000,4,10,10,5,
Lars2,1000,4,10,10,5,
Lis,1000,4,10,10,5,
Gupta,1000,4,10,10,5,
Lars1,1000,4,2,2,5,
Lars2,1000,4,2,2,5,64.0
Lis,1000,4,2,2,5,
Gupta,1000,4,2,2,5,
Lars1,1000,4,4,4,5,
Lars2,1000,4,4,4,5,
Lis,1000,4,4,4,5,
Gupta,1000,4,4,4,5,
Lars1,1000,4,6,6,5,
Lars2,1000,4,6,6,5,
Lis,1000,4,6,6,5,
Gupta,1000,4,6,6,5,
Lars1,1000,4,8,8,5,
Lars2,1000,4,8,8,5,
Lis,1000,4,8,8,5,
Gupta,1000,4,8,8,5,
Lars1,1000,500,10,10,5,
Lars2,1000,500,10,10,5,
Lis,1000,500,10,10,5,
Gupta,1000,500,10,10,5,
Lars1,1000,500,2,2,5,
Lars2,1000,500,2,2,5,212.0
Lis,1000,500,2,2,5,
Gupta,1000,500,2,2,5,
Lars1,1000,500,4,4,5,
Lars2,1000,500,4,4,5,
Lis,1000,500,4,4,5,
Gupta,1000,500,4,4,5,
Lars1,1000,500,6,6,5,
Lars2,1000,500,6,6,5,
Lis,1000,500,6,6,5,
Gupta,1000,500,6,6,5,
Lars1,1000,500,8,8,5,
Lars2,1000,500,8,8,5,
Lis,1000,500,8,8,5,
Gupta,1000,500,8,8,5,
Lars1,1000,5,10,10,5,
Lars2,1000,5,10,10,5,
Lis,1000,5,10,10,5,
Gupta,1000,5,10,10,5,
Lars1,1000,5,2,2,5,
Lars2,1000,5,2,2,5,219.0
Lis,1000,5,2,2,5,
Gupta,1000,5,2,2,5,
Lars1,1000,5,4,4,5,
Lars2,1000,5,4,4,5,
Lis,1000,5,4,4,5,
Gupta,1000,5,4,4,5,
Lars1,1000,5,6,6,5,
Lars2,1000,5,6,6,5,
Lis,1000,5,6,6,5,
Gupta,1000,5,6,6,5,
Lars1,1000,5,8,8,5,
Lars2,1000,5,8,8,5,
Lis,1000,5,8,8,5,
Gupta,1000,5,8,8,5,
Lars1,1000,60,10,10,5,
Lars2,1000,60,10,10,5,
Lis,1000,60,10,10,5,
Gupta,1000,60,10,10,5,
Lars1,1000,60,2,2,5,
Lars2,1000,60,2,2,5,219.0
Lis,1000,60,2,2,5,
Gupta,1000,60,2,2,5,
Lars1,1000,60,4,4,5,
Lars2,1000,60,4,4,5,
Lis,1000,60,4,4,5,
Gupta,1000,60,4,4,5,
Lars1,1000,60,6,6,5,
Lars2,1000,60,6,6,5,
Lis,1000,60,6,6,5,
Gupta,1000,60,6,6,5,
Lars1,1000,60,8,8,5,
Lars2,1000,60,8,8,5,
Lis,1000,60,8,8,5,
Gupta,1000,60,8,8,5,
Lars1,1000,6,10,10,5,
Lars2,1000,6,10,10,5,
Lis,1000,6,10,10,5,
Gupta,1000,6,10,10,5,
Lars1,1000,6,2,2,5,
Lars2,1000,6,2,2,5,120.0
Lis,1000,6,2,2,5,
Gupta,1000,6,2,2,5,
Lars1,1000,6,4,4,5,
Lars2,1000,6,4,4,5,
Lis,1000,6,4,4,5,
Gupta,1000,6,4,4,5,
Lars1,1000,6,6,6,5,
Lars2,1000,6,6,6,5,
Lis,1000,6,6,6,5,
Gupta,1000,6,6,6,5,
Lars1,1000,6,8,8,5,
Lars2,1000,6,8,8,5,
Lis,1000,6,8,8,5,
Gupta,1000,6,8,8,5,
Lars1,1000,7,10,10,5,
Lars2,1000,7,10,10,5,
Lis,1000,7,10,10,5,
Gupta,1000,7,10,10,5,
Lars1,1000,7,2,2,5,
Lars2,1000,7,2,2,5,122.0
Lis,1000,7,2,2,5,
Gupta,1000,7,2,2,5,
Lars1,1000,7,4,4,5,
Lars2,1000,7,4,4,5,
Lis,1000,7,4,4,5,
Gupta,1000,7,4,4,5,
Lars1,1000,7,6,6,5,
Lars2,1000,7,6,6,5,
Lis,1000,7,6,6,5,
Gupta,1000,7,6,6,5,
Lars1,1000,7,8,8,5,
Lars2,1000,7,8,8,5,
Lis,1000,7,8,8,5,
Gupta,1000,7,8,8,5,
Lars1,1000,80,10,10,5,
Lars2,1000,80,10,10,5,
Lis,1000,80,10,10,5,
Gupta,1000,80,10,10,5,
Lars1,1000,80,2,2,5,
Lars2,1000,80,2,2,5,65.0
Lis,1000,80,2,2,5,
Gupta,1000,80,2,2,5,
Lars1,1000,80,4,4,5,
Lars2,1000,80,4,4,5,
Lis,1000,80,4,4,5,
Gupta,1000,80,4,4,5,
Lars1,1000,80,6,6,5,
Lars2,1000,80,6,6,5,
Lis,1000,80,6,6,5,
Gupta,1000,80,6,6,5,
Lars1,1000,80,8,8,5,
Lars2,1000,80,8,8,5,
Lis,1000,80,8,8,5,
Gupta,1000,80,8,8,5,
Lars1,1000,8,10,10,5,
Lars2,1000,8,10,10,5,
Lis,1000,8,10,10,5,
Gupta,1000,8,10,10,5,
Lars1,1000,8,2,2,5,
Lars2,1000,8,2,2,5,82.0
Lis,1000,8,2,2,5,
Gupta,1000,8,2,2,5,
Lars1,1000,8,4,4,5,
Lars2,1000,8,4,4,5,
Lis,1000,8,4,4,5,
Gupta,1000,8,4,4,5,
Lars1,1000,8,6,6,5,
Lars2,1000,8,6,6,5,
Lis,1000,8,6,6,5,
Gupta,1000,8,6,6,5,
Lars1,1000,8,8,8,5,
Lars2,1000,8,8,8,5,
Lis,1000,8,8,8,5,
Gupta,1000,8,8,8,5,
Lars1,1000,9,10,10,5,
Lars2,1000,9,10,10,5,
Lis,1000,9,10,10,5,
Gupta,1000,9,10,10,5,
Lars1,1000,9,2,2,5,
Lars2,1000,9,2,2,5,121.0
Lis,1000,9,2,2,5,
Gupta,1000,9,2,2,5,
Lars1,1000,9,4,4,5,
Lars2,1000,9,4,4,5,
Lis,1000,9,4,4,5,
Gupta,1000,9,4,4,5,
Lars1,1000,9,6,6,5,
Lars2,1000,9,6,6,5,
Lis,1000,9,6,6,5,
Gupta,1000,9,6,6,5,
Lars1,1000,9,8,8,5,
Lars2,1000,9,8,8,5,
Lis,1000,9,8,8,5,
Gupta,1000,9,8,8,5,
Lars1,100,1000,10,10,5,
Lars2,100,1000,10,10,5,
Lis,100,1000,10,10,5,
Gupta,100,1000,10,10,5,
Lars1,100,1000,2,2,5,
Lars2,100,1000,2,2,5,81.0
Lis,100,1000,2,2,5,
Gupta,100,1000,2,2,5,
Lars1,100,1000,4,4,5,
Lars2,100,1000,4,4,5,
Lis,100,1000,4,4,5,
Gupta,100,1000,4,4,5,
Lars1,100,1000,6,6,5,
Lars2,100,1000,6,6,5,
Lis,100,1000,6,6,5,
Gupta,100,1000,6,6,5,
Lars1,100,1000,8,8,5,
Lars2,100,1000,8,8,5,
Lis,100,1000,8,8,5,
Gupta,100,1000,8,8,5,
Lars1,100,100,10,10,5,
Lars2,100,100,10,10,5,
Lis,100,100,10,10,5,
Gupta,100,100,10,10,5,
Lars1,100,100,2,2,5,
Lars2,100,100,2,2,5,119.0
Lis,100,100,2,2,5,
Gupta,100,100,2,2,5,
Lars1,100,100,4,4,5,
Lars2,100,100,4,4,5,
Lis,100,100,4,4,5,
Gupta,100,100,4,4,5,
Lars1,100,100,6,6,5,
Lars2,100,100,6,6,5,
Lis,100,100,6,6,5,
Gupta,100,100,6,6,5,
Lars1,100,100,8,8,5,
Lars2,100,100,8,8,5,
Lis,100,100,8,8,5,
Gupta,100,100,8,8,5,
Lars1,100,10,10,10,5,
Lars2,100,10,10,10,5,
Lis,100,10,10,10,5,
Gupta,100,10,10,10,5,
Lars1,100,10,2,2,5,
Lars2,100,10,2,2,5,70.0
Lis,100,10,2,2,5,
Gupta,100,10,2,2,5,
Lars1,100,10,4,4,5,
Lars2,100,10,4,4,5,
Lis,100,10,4,4,5,
Gupta,100,10,4,4,5,
Lars1,100,10,6,6,5,
Lars2,100,10,6,6,5,
Lis,100,10,6,6,5,
Gupta,100,10,6,6,5,
Lars1,100,10,8,8,5,
Lars2,100,10,8,8,5,
Lis,100,10,8,8,5,
Gupta,100,10,8,8,5,
Lars1,100,1,10,10,5,
Lars2,100,1,10,10,5,
Lis,100,1,10,10,5,
Gupta,100,1,10,10,5,
Lars1,100,1,2,2,5,
Lars2,100,1,2,2,5,82.0
Lis,100,1,2,2,5,
Gupta,100,1,2,2,5,
Lars1,100,1,4,4,5,
Lars2,100,1,4,4,5,
Lis,100,1,4,4,5,
Gupta,100,1,4,4,5,
Lars1,100,1,6,6,5,
Lars2,100,1,6,6,5,
Lis,100,1,6,6,5,
Gupta,100,1,6,6,5,
Lars1,100,1,8,8,5,
Lars2,100,1,8,8,5,
Lis,100,1,8,8,5,
Gupta,100,1,8,8,5,
Lars1,100,20,10,10,5,
Lars2,100,20,10,10,5,
Lis,100,20,10,10,5,
Gupta,100,20,10,10,5,
Lars1,100,20,2,2,5,
Lars2,100,20,2,2,5,66.0
Lis,100,20,2,2,5,
Gupta,100,20,2,2,5,
Lars1,100,20,4,4,5,
Lars2,100,20,4,4,5,
Lis,100,20,4,4,5,
Gupta,100,20,4,4,5,
Lars1,100,20,6,6,5,
Lars2,100,20,6,6,5,
Lis,100,20,6,6,5,
Gupta,100,20,6,6,5,
Lars1,100,20,8,8,5,
Lars2,100,20,8,8,5,
Lis,100,20,8,8,5,
Gupta,100,20,8,8,5,
Lars1,100,2,10,10,5,
Lars2,100,2,10,10,5,
Lis,100,2,10,10,5,
Gupta,100,2,10,10,5,
Lars1,100,2,2,2,5,
Lars2,100,2,2,2,5,74.0
Lis,100,2,2,2,5,
Gupta,100,2,2,2,5,
Lars1,100,2,4,4,5,
Lars2,100,2,4,4,5,
Lis,100,2,4,4,5,
Gupta,100,2,4,4,5,
Lars1,100,2,6,6,5,
Lars2,100,2,6,6,5,
Lis,100,2,6,6,5,
Gupta,100,2,6,6,5,
Lars1,100,2,8,8,5,
Lars2,100,2,8,8,5,
Lis,100,2,8,8,5,
Gupta,100,2,8,8,5,
Lars1,100,3,10,10,5,
Lars2,100,3,10,10,5,
Lis,100,3,10,10,5,
Gupta,100,3,10,10,5,
Lars1,100,3,2,2,5,
Lars2,100,3,2,2,5,78.0
Lis,100,3,2,2,5,
Gupta,100,3,2,2,5,
Lars1,100,3,4,4,5,
Lars2,100,3,4,4,5,
Lis,100,3,4,4,5,
Gupta,100,3,4,4,5,
Lars1,100,3,6,6,5,
Lars2,100,3,6,6,5,
Lis,100,3,6,6,5,
Gupta,100,3,6,6,5,
Lars1,100,3,8,8,5,
Lars2,100,3,8,8,5,
Lis,100,3,8,8,5,
Gupta,100,3,8,8,5,
Lars1,100,40,10,10,5,
Lars2,100,40,10,10,5,
Lis,100,40,10,10,5,
Gupta,100,40,10,10,5,
Lars1,100,40,2,2,5,
Lars2,100,40,2,2,5,97.0
Lis,100,40,2,2,5,
Gupta,100,40,2,2,5,
Lars1,100,40,4,4,5,
Lars2,100,40,4,4,5,
Lis,100,40,4,4,5,
Gupta,100,40,4,4,5,
Lars1,100,40,6,6,5,
Lars2,100,40,6,6,5,
Lis,100,40,6,6,5,
Gupta,100,40,6,6,5,
Lars1,100,40,8,8,5,
Lars2,100,40,8,8,5,
Lis,100,40,8,8,5,
Gupta,100,40,8,8,5,
Lars1,100,4,10,10,5,
Lars2,100,4,10,10,5,
Lis,100,4,10,10,5,
Gupta,100,4,10,10,5,
Lars1,100,4,2,2,5,
Lars2,100,4,2,2,5,86.0
Lis,100,4,2,2,5,
Gupta,100,4,2,2,5,
Lars1,100,4,4,4,5,
Lars2,100,4,4,4,5,
Lis,100,4,4,4,5,
Gupta,100,4,4,4,5,
Lars1,100,4,6,6,5,
Lars2,100,4,6,6,5,
Lis,100,4,6,6,5,
Gupta,100,4,6,6,5,
Lars1,100,4,8,8,5,
Lars2,100,4,8,8,5,
Lis,100,4,8,8,5,
Gupta,100,4,8,8,5,
Lars1,100,500,10,10,5,
Lars2,100,500,10,10,5,
Lis,100,500,10,10,5,
Gupta,100,500,10,10,5,
Lars1,100,500,2,2,5,
Lars2,100,500,2,2,5,75.0
Lis,100,500,2,2,5,
Gupta,100,500,2,2,5,
Lars1,100,500,4,4,5,
Lars2,100,500,4,4,5,
Lis,100,500,4,4,5,
Gupta,100,500,4,4,5,
Lars1,100,500,6,6,5,
Lars2,100,500,6,6,5,
Lis,100,500,6,6,5,
Gupta,100,500,6,6,5,
Lars1,100,500,8,8,5,
Lars2,100,500,8,8,5,
Lis,100,500,8,8,5,
Gupta,100,500,8,8,5,
Lars1,100,5,10,10,5,
Lars2,100,5,10,10,5,
Lis,100,5,10,10,5,
Gupta,100,5,10,10,5,
Lars1,100,5,2,2,5,
Lars2,100,5,2,2,5,71.0
Lis,100,5,2,2,5,
Gupta,100,5,2,2,5,
Lars1,100,5,4,4,5,
Lars2,100,5,4,4,5,
Lis,100,5,4,4,5,
Gupta,100,5,4,4,5,
Lars1,100,5,6,6,5,
Lars2,100,5,6,6,5,
Lis,100,5,6,6,5,
Gupta,100,5,6,6,5,
Lars1,100,5,8,8,5,
Lars2,100,5,8,8,5,
Lis,100,5,8,8,5,
Gupta,100,5,8,8,5,
Lars1,100,60,10,10,5,
Lars2,100,60,10,10,5,
Lis,100,60,10,10,5,
Gupta,100,60,10,10,5,
Lars1,100,60,2,2,5,
Lars2,100,60,2,2,5,76.0
Lis,100,60,2,2,5,
Gupta,100,60,2,2,5,
Lars1,100,60,4,4,5,
Lars2,100,60,4,4,5,
Lis,100,60,4,4,5,
Gupta,100,60,4,4,5,
Lars1,100,60,6,6,5,
Lars2,100,60,6,6,5,
Lis,100,60,6,6,5,
Gupta,100,60,6,6,5,
Lars1,100,60,8,8,5,
Lars2,100,60,8,8,5,
Lis,100,60,8,8,5,
Gupta,100,60,8,8,5,
Lars1,100,6,10,10,5,
Lars2,100,6,10,10,5,
Lis,100,6,10,10,5,
Gupta,100,6,10,10,5,
Lars1,100,6,2,2,5,
Lars2,100,6,2,2,5,66.0
Lis,100,6,2,2,5,
Gupta,100,6,2,2,5,
Lars1,100,6,4,4,5,
Lars2,100,6,4,4,5,
Lis,100,6,4,4,5,
Gupta,100,6,4,4,5,
Lars1,100,6,6,6,5,
Lars2,100,6,6,6,5,
Lis,100,6,6,6,5,
Gupta,100,6,6,6,5,
Lars1,100,6,8,8,5,
Lars2,100,6,8,8,5,
Lis,100,6,8,8,5,
Gupta,100,6,8,8,5,
Lars1,100,7,10,10,5,
Lars2,100,7,10,10,5,
Lis,100,7,10,10,5,
Gupta,100,7,10,10,5,
Lars1,100,7,2,2,5,
Lars2,100,7,2,2,5,76.0
Lis,100,7,2,2,5,
Gupta,100,7,2,2,5,
Lars1,100,7,4,4,5,
Lars2,100,7,4,4,5,
Lis,100,7,4,4,5,
Gupta,100,7,4,4,5,
Lars1,100,7,6,6,5,
Lars2,100,7,6,6,5,
Lis,100,7,6,6,5,
Gupta,100,7,6,6,5,
Lars1,100,7,8,8,5,
Lars2,100,7,8,8,5,
Lis,100,7,8,8,5,
Gupta,100,7,8,8,5,
Lars1,100,80,10,10,5,
Lars2,100,80,10,10,5,
Lis,100,80,10,10,5,
Gupta,100,80,10,10,5,
Lars1,100,80,2,2,5,
Lars2,100,80,2,2,5,66.0
Lis,100,80,2,2,5,
Gupta,100,80,2,2,5,
Lars1,100,80,4,4,5,
Lars2,100,80,4,4,5,
Lis,100,80,4,4,5,
Gupta,100,80,4,4,5,
Lars1,100,80,6,6,5,
Lars2,100,80,6,6,5,
Lis,100,80,6,6,5,
Gupta,100,80,6,6,5,
Lars1,100,80,8,8,5,
Lars2,100,80,8,8,5,
Lis,100,80,8,8,5,
Gupta,100,80,8,8,5,
Lars1,100,8,10,10,5,
Lars2,100,8,10,10,5,
Lis,100,8,10,10,5,
Gupta,100,8,10,10,5,
Lars1,100,8,2,2,5,
Lars2,100,8,2,2,5,52.0
Lis,100,8,2,2,5,
Gupta,100,8,2,2,5,
Lars1,100,8,4,4,5,
Lars2,100,8,4,4,5,
Lis,100,8,4,4,5,
Gupta,100,8,4,4,5,
Lars1,100,8,6,6,5,
Lars2,100,8,6,6,5,
Lis,100,8,6,6,5,
Gupta,100,8,6,6,5,
Lars1,100,8,8,8,5,
Lars2,100,8,8,8,5,
Lis,100,8,8,8,5,
Gupta,100,8,8,8,5,
Lars1,100,9,10,10,5,
Lars2,100,9,10,10,5,
Lis,100,9,10,10,5,
Gupta,100,9,10,10,5,
Lars1,100,9,2,2,5,
Lars2,100,9,2,2,5,73.0
Lis,100,9,2,2,5,
Gupta,100,9,2,2,5,
Lars1,100,9,4,4,5,
Lars2,100,9,4,4,5,
Lis,100,9,4,4,5,
Gupta,100,9,4,4,5,
Lars1,100,9,6,6,5,
Lars2,100,9,6,6,5,
Lis,100,9,6,6,5,
Gupta,100,9,6,6,5,
Lars1,100,9,8,8,5,
Lars2,100,9,8,8,5,
Lis,100,9,8,8,5,
Gupta,100,9,8,8,5,
Lars1,10,1000,10,10,5,
Lars2,10,1000,10,10,5,
Lis,10,1000,10,10,5,
Gupta,10,1000,10,10,5,
Lars1,10,1000,2,2,5,
Lars2,10,1000,2,2,5,201.0
Lis,10,1000,2,2,5,
Gupta,10,1000,2,2,5,
Lars1,10,1000,4,4,5,
Lars2,10,1000,4,4,5,
Lis,10,1000,4,4,5,
Gupta,10,1000,4,4,5,
Lars1,10,1000,6,6,5,
Lars2,10,1000,6,6,5,
Lis,10,1000,6,6,5,
Gupta,10,1000,6,6,5,
Lars1,10,1000,8,8,5,
Lars2,10,1000,8,8,5,
Lis,10,1000,8,8,5,
Gupta,10,1000,8,8,5,
Lars1,10,100,10,10,5,
Lars2,10,100,10,10,5,
Lis,10,100,10,10,5,
Gupta,10,100,10,10,5,
Lars1,10,100,2,2,5,
Lars2,10,100,2,2,5,68.0
Lis,10,100,2,2,5,
Gupta,10,100,2,2,5,
Lars1,10,100,4,4,5,
Lars2,10,100,4,4,5,
Lis,10,100,4,4,5,
Gupta,10,100,4,4,5,
Lars1,10,100,6,6,5,
Lars2,10,100,6,6,5,
Lis,10,100,6,6,5,
Gupta,10,100,6,6,5,
Lars1,10,100,8,8,5,
Lars2,10,100,8,8,5,
Lis,10,100,8,8,5,
Gupta,10,100,8,8,5,
Lars1,10,10,10,10,5,
Lars2,10,10,10,10,5,
Lis,10,10,10,10,5,
Gupta,10,10,10,10,5,
Lars1,10,10,2,2,5,
Lars2,10,10,2,2,5,76.0
Lis,10,10,2,2,5,
Gupta,10,10,2,2,5,
Lars1,10,10,4,4,5,
Lars2,10,10,4,4,5,
Lis,10,10,4,4,5,
Gupta,10,10,4,4,5,
Lars1,10,10,6,6,5,
Lars2,10,10,6,6,5,
Lis,10,10,6,6,5,
Gupta,10,10,6,6,5,
Lars1,10,10,8,8,5,
Lars2,10,10,8,8,5,
Lis,10,10,8,8,5,
Gupta,10,10,8,8,5,
Lars1,10,1,10,10,5,
Lars2,10,1,10,10,5,
Lis,10,1,10,10,5,
Gupta,10,1,10,10,5,
Lars1,10,1,2,2,5,
Lars2,10,1,2,2,5,72.0
Lis,10,1,2,2,5,
Gupta,10,1,2,2,5,
Lars1,10,1,4,4,5,
Lars2,10,1,4,4,5,
Lis,10,1,4,4,5,
Gupta,10,1,4,4,5,
Lars1,10,1,6,6,5,
Lars2,10,1,6,6,5,
Lis,10,1,6,6,5,
Gupta,10,1,6,6,5,
Lars1,10,1,8,8,5,
Lars2,10,1,8,8,5,
Lis,10,1,8,8,5,
Gupta,10,1,8,8,5,
Lars1,10,20,10,10,5,
Lars2,10,20,10,10,5,
Lis,10,20,10,10,5,
Gupta,10,20,10,10,5,
Lars1,10,20,2,2,5,
Lars2,10,20,2,2,5,84.0
Lis,10,20,2,2,5,
Gupta,10,20,2,2,5,
Lars1,10,20,4,4,5,
Lars2,10,20,4,4,5,
Lis,10,20,4,4,5,
Gupta,10,20,4,4,5,
Lars1,10,20,6,6,5,
Lars2,10,20,6,6,5,
Lis,10,20,6,6,5,
Gupta,10,20,6,6,5,
Lars1,10,20,8,8,5,
Lars2,10,20,8,8,5,
Lis,10,20,8,8,5,
Gupta,10,20,8,8,5,
Lars1,10,2,10,10,5,
Lars2,10,2,10,10,5,
Lis,10,2,10,10,5,
Gupta,10,2,10,10,5,
Lars1,10,2,2,2,5,
Lars2,10,2,2,2,5,72.0
Lis,10,2,2,2,5,
Gupta,10,2,2,2,5,
Lars1,10,2,4,4,5,
Lars2,10,2,4,4,5,
Lis,10,2,4,4,5,
Gupta,10,2,4,4,5,
Lars1,10,2,6,6,5,
Lars2,10,2,6,6,5,
Lis,10,2,6,6,5,
Gupta,10,2,6,6,5,
Lars1,10,2,8,8,5,
Lars2,10,2,8,8,5,
Lis,10,2,8,8,5,
Gupta,10,2,8,8,5,
Lars1,10,3,10,10,5,
Lars2,10,3,10,10,5,
Lis,10,3,10,10,5,
Gupta,10,3,10,10,5,
Lars1,10,3,2,2,5,
Lars2,10,3,2,2,5,57.0
Lis,10,3,2,2,5,
Gupta,10,3,2,2,5,
Lars1,10,3,4,4,5,
Lars2,10,3,4,4,5,
Lis,10,3,4,4,5,
Gupta,10,3,4,4,5,
Lars1,10,3,6,6,5,
Lars2,10,3,6,6,5,
Lis,10,3,6,6,5,
Gupta,10,3,6,6,5,
Lars1,10,3,8,8,5,
Lars2,10,3,8,8,5,
Lis,10,3,8,8,5,
Gupta,10,3,8,8,5,
Lars1,10,40,10,10,5,
Lars2,10,40,10,10,5,
Lis,10,40,10,10,5,
Gupta,10,40,10,10,5,
Lars1,10,40,2,2,5,
Lars2,10,40,2,2,5,50.0
Lis,10,40,2,2,5,
Gupta,10,40,2,2,5,
Lars1,10,40,4,4,5,
Lars2,10,40,4,4,5,
Lis,10,40,4,4,5,
Gupta,10,40,4,4,5,
Lars1,10,40,6,6,5,
Lars2,10,40,6,6,5,
Lis,10,40,6,6,5,
Gupta,10,40,6,6,5,
Lars1,10,40,8,8,5,
Lars2,10,40,8,8,5,
Lis,10,40,8,8,5,
Gupta,10,40,8,8,5,
Lars1,10,4,10,10,5,
Lars2,10,4,10,10,5,
Lis,10,4,10,10,5,
Gupta,10,4,10,10,5,
Lars1,10,4,2,2,5,
Lars2,10,4,2,2,5,67.0
Lis,10,4,2,2,5,
Gupta,10,4,2,2,5,
Lars1,10,4,4,4,5,
Lars2,10,4,4,4,5,
Lis,10,4,4,4,5,
Gupta,10,4,4,4,5,
Lars1,10,4,6,6,5,
Lars2,10,4,6,6,5,
Lis,10,4,6,6,5,
Gupta,10,4,6,6,5,
Lars1,10,4,8,8,5,
Lars2,10,4,8,8,5,
Lis,10,4,8,8,5,
Gupta,10,4,8,8,5,
Lars1,10,500,10,10,5,
Lars2,10,500,10,10,5,
Lis,10,500,10,10,5,
Gupta,10,500,10,10,5,
Lars1,10,500,2,2,5,
Lars2,10,500,2,2,5,95.0
Lis,10,500,2,2,5,
Gupta,10,500,2,2,5,
Lars1,10,500,4,4,5,
Lars2,10,500,4,4,5,
Lis,10,500,4,4,5,
Gupta,10,500,4,4,5,
Lars1,10,500,6,6,5,
Lars2,10,500,6,6,5,
Lis,10,500,6,6,5,
Gupta,10,500,6,6,5,
Lars1,10,500,8,8,5,
Lars2,10,500,8,8,5,
Lis,10,500,8,8,5,
Gupta,10,500,8,8,5,
Lars1,10,5,10,10,5,
Lars2,10,5,10,10,5,
Lis,10,5,10,10,5,
Gupta,10,5,10,10,5,
Lars1,10,5,2,2,5,
Lars2,10,5,2,2,5,79.0
Lis,10,5,2,2,5,
Gupta,10,5,2,2,5,
Lars1,10,5,4,4,5,
Lars2,10,5,4,4,5,
Lis,10,5,4,4,5,
Gupta,10,5,4,4,5,
Lars1,10,5,6,6,5,
Lars2,10,5,6,6,5,
Lis,10,5,6,6,5,
Gupta,10,5,6,6,5,
Lars1,10,5,8,8,5,
Lars2,10,5,8,8,5,
Lis,10,5,8,8,5,
Gupta,10,5,8,8,5,
Lars1,10,60,10,10,5,
Lars2,10,60,10,10,5,
Lis,10,60,10,10,5,
Gupta,10,60,10,10,5,
Lars1,10,60,2,2,5,
Lars2,10,60,2,2,5,77.0
Lis,10,60,2,2,5,
Gupta,10,60,2,2,5,
Lars1,10,60,4,4,5,
Lars2,10,60,4,4,5,
Lis,10,60,4,4,5,
Gupta,10,60,4,4,5,
Lars1,10,60,6,6,5,
Lars2,10,60,6,6,5,
Lis,10,60,6,6,5,
Gupta,10,60,6,6,5,
Lars1,10,60,8,8,5,
Lars2,10,60,8,8,5,
Lis,10,60,8,8,5,
Gupta,10,60,8,8,5,
Lars1,10,6,10,10,5,
Lars2,10,6,10,10,5,
Lis,10,6,10,10,5,
Gupta,10,6,10,10,5,
Lars1,10,6,2,2,5,
Lars2,10,6,2,2,5,199.0
Lis,10,6,2,2,5,
Gupta,10,6,2,2,5,
Lars1,10,6,4,4,5,
Lars2,10,6,4,4,5,
Lis,10,6,4,4,5,
Gupta,10,6,4,4,5,
Lars1,10,6,6,6,5,
Lars2,10,6,6,6,5,
Lis,10,6,6,6,5,
Gupta,10,6,6,6,5,
Lars1,10,6,8,8,5,
Lars2,10,6,8,8,5,
Lis,10,6,8,8,5,
Gupta,10,6,8,8,5,
Lars1,10,7,10,10,5,
Lars2,10,7,10,10,5,
Lis,10,7,10,10,5,
Gupta,10,7,10,10,5,
Lars1,10,7,2,2,5,
Lars2,10,7,2,2,5,68.0
Lis,10,7,2,2,5,
Gupta,10,7,2,2,5,
Lars1,10,7,4,4,5,
Lars2,10,7,4,4,5,
Lis,10,7,4,4,5,
Gupta,10,7,4,4,5,
Lars1,10,7,6,6,5,
Lars2,10,7,6,6,5,
Lis,10,7,6,6,5,
Gupta,10,7,6,6,5,
Lars1,10,7,8,8,5,
Lars2,10,7,8,8,5,
Lis,10,7,8,8,5,
Gupta,10,7,8,8,5,
Lars1,10,80,10,10,5,
Lars2,10,80,10,10,5,
Lis,10,80,10,10,5,
Gupta,10,80,10,10,5,
Lars1,10,80,2,2,5,
Lars2,10,80,2,2,5,53.0
Lis,10,80,2,2,5,
Gupta,10,80,2,2,5,
Lars1,10,80,4,4,5,
Lars2,10,80,4,4,5,
Lis,10,80,4,4,5,
Gupta,10,80,4,4,5,
Lars1,10,80,6,6,5,
Lars2,10,80,6,6,5,
Lis,10,80,6,6,5,
Gupta,10,80,6,6,5,
Lars1,10,80,8,8,5,
Lars2,10,80,8,8,5,
Lis,10,80,8,8,5,
Gupta,10,80,8,8,5,
Lars1,10,8,10,10,5,
Lars2,10,8,10,10,5,
Lis,10,8,10,10,5,
Gupta,10,8,10,10,5,
Lars1,10,8,2,2,5,
Lars2,10,8,2,2,5,72.0
Lis,10,8,2,2,5,
Gupta,10,8,2,2,5,
Lars1,10,8,4,4,5,
Lars2,10,8,4,4,5,
Lis,10,8,4,4,5,
Gupta,10,8,4,4,5,
Lars1,10,8,6,6,5,
Lars2,10,8,6,6,5,
Lis,10,8,6,6,5,
Gupta,10,8,6,6,5,
Lars1,10,8,8,8,5,
Lars2,10,8,8,8,5,
Lis,10,8,8,8,5,
Gupta,10,8,8,8,5,
Lars1,10,9,10,10,5,
Lars2,10,9,10,10,5,
Lis,10,9,10,10,5,
Gupta,10,9,10,10,5,
Lars1,10,9,2,2,5,
Lars2,10,9,2,2,5,66.0
Lis,10,9,2,2,5,
Gupta,10,9,2,2,5,
Lars1,10,9,4,4,5,
Lars2,10,9,4,4,5,
Lis,10,9,4,4,5,
Gupta,10,9,4,4,5,
Lars1,10,9,6,6,5,
Lars2,10,9,6,6,5,
Lis,10,9,6,6,5,
Gupta,10,9,6,6,5,
Lars1,10,9,8,8,5,
Lars2,10,9,8,8,5,
Lis,10,9,8,8,5,
Gupta,10,9,8,8,5,
Lars1,1,1000,10,10,5,
Lars2,1,1000,10,10,5,
Lis,1,1000,10,10,5,
Gupta,1,1000,10,10,5,
Lars1,1,1000,2,2,5,
Lars2,1,1000,2,2,5,295.0
Lis,1,1000,2,2,5,
Gupta,1,1000,2,2,5,
Lars1,1,1000,4,4,5,
Lars2,1,1000,4,4,5,
Lis,1,1000,4,4,5,
Gupta,1,1000,4,4,5,
Lars1,1,1000,6,6,5,
Lars2,1,1000,6,6,5,
Lis,1,1000,6,6,5,
Gupta,1,1000,6,6,5,
Lars1,1,1000,8,8,5,
Lars2,1,1000,8,8,5,
Lis,1,1000,8,8,5,
Gupta,1,1000,8,8,5,
Lars1,1,100,10,10,5,
Lars2,1,100,10,10,5,
Lis,1,100,10,10,5,
Gupta,1,100,10,10,5,
Lars1,1,100,2,2,5,
Lars2,1,100,2,2,5,140.0
Lis,1,100,2,2,5,
Gupta,1,100,2,2,5,
Lars1,1,100,4,4,5,
Lars2,1,100,4,4,5,
Lis,1,100,4,4,5,
Gupta,1,100,4,4,5,
Lars1,1,100,6,6,5,
Lars2,1,100,6,6,5,
Lis,1,100,6,6,5,
Gupta,1,100,6,6,5,
Lars1,1,100,8,8,5,
Lars2,1,100,8,8,5,
Lis,1,100,8,8,5,
Gupta,1,100,8,8,5,
Lars1,1,10,10,10,5,
Lars2,1,10,10,10,5,
Lis,1,10,10,10,5,
Gupta,1,10,10,10,5,
Lars1,1,10,2,2,5,250.0
Lars2,1,10,2,2,5,74.0
Lis,1,10,2,2,5,
Gupta,1,10,2,2,5,
Lars1,1,10,4,4,5,
Lars2,1,10,4,4,5,
Lis,1,10,4,4,5,
Gupta,1,10,4,4,5,
Lars1,1,10,6,6,5,
Lars2,1,10,6,6,5,
Lis,1,10,6,6,5,
Gupta,1,10,6,6,5,
Lars1,1,10,8,8,5,
Lars2,1,10,8,8,5,
Lis,1,10,8,8,5,
Gupta,1,10,8,8,5,
Lars1,1,1,10,10,5,
Lars2,1,1,10,10,5,
Lis,1,1,10,10,5,
Gupta,1,1,10,10,5,
Lars1,1,1,2,2,5,53.0
Lars2,1,1,2,2,5,110.0
Lis,1,1,2,2,5,
Gupta,1,1,2,2,5,
Lars1,1,1,4,4,5,
Lars2,1,1,4,4,5,
Lis,1,1,4,4,5,
Gupta,1,1,4,4,5,
Lars1,1,1,6,6,5,
Lars2,1,1,6,6,5,
Lis,1,1,6,6,5,
Gupta,1,1,6,6,5,
Lars1,1,1,8,8,5,
Lars2,1,1,8,8,5,
Lis,1,1,8,8,5,
Gupta,1,1,8,8,5,
Lars1,1,20,10,10,5,
Lars2,1,20,10,10,5,
Lis,1,20,10,10,5,
Gupta,1,20,10,10,5,
Lars1,1,20,2,2,5,2727.0
Lars2,1,20,2,2,5,88.0
Lis,1,20,2,2,5,
Gupta,1,20,2,2,5,
Lars1,1,20,4,4,5,
Lars2,1,20,4,4,5,
Lis,1,20,4,4,5,
Gupta,1,20,4,4,5,
Lars1,1,20,6,6,5,
Lars2,1,20,6,6,5,
Lis,1,20,6,6,5,
Gupta,1,20,6,6,5,
Lars1,1,20,8,8,5,
Lars2,1,20,8,8,5,
Lis,1,20,8,8,5,
Gupta,1,20,8,8,5,
Lars1,1,2,10,10,5,
Lars2,1,2,10,10,5,
Lis,1,2,10,10,5,
Gupta,1,2,10,10,5,
Lars1,1,2,2,2,5,598.0
Lars2,1,2,2,2,5,80.0
Lis,1,2,2,2,5,
Gupta,1,2,2,2,5,
Lars1,1,2,4,4,5,
Lars2,1,2,4,4,5,
Lis,1,2,4,4,5,
Gupta,1,2,4,4,5,
Lars1,1,2,6,6,5,
Lars2,1,2,6,6,5,
Lis,1,2,6,6,5,
Gupta,1,2,6,6,5,
Lars1,1,2,8,8,5,
Lars2,1,2,8,8,5,
Lis,1,2,8,8,5,
Gupta,1,2,8,8,5,
Lars1,1,3,10,10,5,
Lars2,1,3,10,10,5,
Lis,1,3,10,10,5,
Gupta,1,3,10,10,5,
Lars1,1,3,2,2,5,239.0
Lars2,1,3,2,2,5,77.0
Lis,1,3,2,2,5,
Gupta,1,3,2,2,5,
Lars1,1,3,4,4,5,
Lars2,1,3,4,4,5,
Lis,1,3,4,4,5,
Gupta,1,3,4,4,5,
Lars1,1,3,6,6,5,
Lars2,1,3,6,6,5,
Lis,1,3,6,6,5,
Gupta,1,3,6,6,5,
Lars1,1,3,8,8,5,
Lars2,1,3,8,8,5,
Lis,1,3,8,8,5,
Gupta,1,3,8,8,5,
Lars1,1,40,10,10,5,
Lars2,1,40,10,10,5,
Lis,1,40,10,10,5,
Gupta,1,40,10,10,5,
Lars1,1,40,2,2,5,
Lars2,1,40,2,2,5,123.0
Lis,1,40,2,2,5,
Gupta,1,40,2,2,5,
Lars1,1,40,4,4,5,
Lars2,1,40,4,4,5,
Lis,1,40,4,4,5,
Gupta,1,40,4,4,5,
Lars1,1,40,6,6,5,
Lars2,1,40,6,6,5,
Lis,1,40,6,6,5,
Gupta,1,40,6,6,5,
Lars1,1,40,8,8,5,
Lars2,1,40,8,8,5,
Lis,1,40,8,8,5,
Gupta,1,40,8,8,5,
Lars1,1,4,10,10,5,
Lars2,1,4,10,10,5,
Lis,1,4,10,10,5,
Gupta,1,4,10,10,5,
Lars1,1,4,2,2,5,108.0
Lars2,1,4,2,2,5,75.0
Lis,1,4,2,2,5,
Gupta,1,4,2,2,5,
Lars1,1,4,4,4,5,
Lars2,1,4,4,4,5,
Lis,1,4,4,4,5,
Gupta,1,4,4,4,5,
Lars1,1,4,6,6,5,
Lars2,1,4,6,6,5,
Lis,1,4,6,6,5,
Gupta,1,4,6,6,5,
Lars1,1,4,8,8,5,
Lars2,1,4,8,8,5,
Lis,1,4,8,8,5,
Gupta,1,4,8,8,5,
Lars1,1,500,10,10,5,
Lars2,1,500,10,10,5,
Lis,1,500,10,10,5,
Gupta,1,500,10,10,5,
Lars1,1,500,2,2,5,
Lars2,1,500,2,2,5,263.0
Lis,1,500,2,2,5,
Gupta,1,500,2,2,5,
Lars1,1,500,4,4,5,
Lars2,1,500,4,4,5,
Lis,1,500,4,4,5,
Gupta,1,500,4,4,5,
Lars1,1,500,6,6,5,
Lars2,1,500,6,6,5,
Lis,1,500,6,6,5,
Gupta,1,500,6,6,5,
Lars1,1,500,8,8,5,
Lars2,1,500,8,8,5,
Lis,1,500,8,8,5,
Gupta,1,500,8,8,5,
Lars1,1,5,10,10,5,
Lars2,1,5,10,10,5,
Lis,1,5,10,10,5,
Gupta,1,5,10,10,5,
Lars1,1,5,2,2,5,169.0
Lars2,1,5,2,2,5,72.0
Lis,1,5,2,2,5,
Gupta,1,5,2,2,5,
Lars1,1,5,4,4,5,
Lars2,1,5,4,4,5,
Lis,1,5,4,4,5,
Gupta,1,5,4,4,5,
Lars1,1,5,6,6,5,
Lars2,1,5,6,6,5,
Lis,1,5,6,6,5,
Gupta,1,5,6,6,5,
Lars1,1,5,8,8,5,
Lars2,1,5,8,8,5,
Lis,1,5,8,8,5,
Gupta,1,5,8,8,5,
Lars1,1,60,10,10,5,
Lars2,1,60,10,10,5,
Lis,1,60,10,10,5,
Gupta,1,60,10,10,5,
Lars1,1,60,2,2,5,
Lars2,1,60,2,2,5,93.0
Lis,1,60,2,2,5,
Gupta,1,60,2,2,5,
Lars1,1,60,4,4,5,
Lars2,1,60,4,4,5,
Lis,1,60,4,4,5,
Gupta,1,60,4,4,5,
Lars1,1,60,6,6,5,
Lars2,1,60,6,6,5,
Lis,1,60,6,6,5,
Gupta,1,60,6,6,5,
Lars1,1,60,8,8,5,
Lars2,1,60,8,8,5,
Lis,1,60,8,8,5,
Gupta,1,60,8,8,5,
Lars1,1,6,10,10,5,
Lars2,1,6,10,10,5,
Lis,1,6,10,10,5,
Gupta,1,6,10,10,5,
Lars1,1,6,2,2,5,498.0
Lars2,1,6,2,2,5,74.0
Lis,1,6,2,2,5,
Gupta,1,6,2,2,5,
Lars1,1,6,4,4,5,
Lars2,1,6,4,4,5,
Lis,1,6,4,4,5,
Gupta,1,6,4,4,5,
Lars1,1,6,6,6,5,
Lars2,1,6,6,6,5,
Lis,1,6,6,6,5,
Gupta,1,6,6,6,5,
Lars1,1,6,8,8,5,
Lars2,1,6,8,8,5,
Lis,1,6,8,8,5,
Gupta,1,6,8,8,5,
Lars1,1,7,10,10,5,
Lars2,1,7,10,10,5,
Lis,1,7,10,10,5,
Gupta,1,7,10,10,5,
Lars1,1,7,2,2,5,590.0
Lars2,1,7,2,2,5,65.0
Lis,1,7,2,2,5,
Gupta,1,7,2,2,5,
Lars1,1,7,4,4,5,
Lars2,1,7,4,4,5,
Lis,1,7,4,4,5,
Gupta,1,7,4,4,5,
Lars1,1,7,6,6,5,
Lars2,1,7,6,6,5,
Lis,1,7,6,6,5,
Gupta,1,7,6,6,5,
Lars1,1,7,8,8,5,
Lars2,1,7,8,8,5,
Lis,1,7,8,8,5,
Gupta,1,7,8,8,5,
Lars1,1,80,10,10,5,
Lars2,1,80,10,10,5,
Lis,1,80,10,10,5,
Gupta,1,80,10,10,5,
Lars1,1,80,2,2,5,
Lars2,1,80,2,2,5,199.0
Lis,1,80,2,2,5,
Gupta,1,80,2,2,5,
Lars1,1,80,4,4,5,
Lars2,1,80,4,4,5,
Lis,1,80,4,4,5,
Gupta,1,80,4,4,5,
Lars1,1,80,6,6,5,
Lars2,1,80,6,6,5,
Lis,1,80,6,6,5,
Gupta,1,80,6,6,5,
Lars1,1,80,8,8,5,
Lars2,1,80,8,8,5,
Lis,1,80,8,8,5,
Gupta,1,80,8,8,5,
Lars1,1,8,10,10,5,
Lars2,1,8,10,10,5,
Lis,1,8,10,10,5,
Gupta,1,8,10,10,5,
Lars1,1,8,2,2,5,115.0
Lars2,1,8,2,2,5,70.0
Lis,1,8,2,2,5,
Gupta,1,8,2,2,5,
Lars1,1,8,4,4,5,
Lars2,1,8,4,4,5,
Lis,1,8,4,4,5,
Gupta,1,8,4,4,5,
Lars1,1,8,6,6,5,
Lars2,1,8,6,6,5,
Lis,1,8,6,6,5,
Gupta,1,8,6,6,5,
Lars1,1,8,8,8,5,
Lars2,1,8,8,8,5,
Lis,1,8,8,8,5,
Gupta,1,8,8,8,5,
Lars1,1,9,10,10,5,
Lars2,1,9,10,10,5,
Lis,1,9,10,10,5,
Gupta,1,9,10,10,5,
Lars1,1,9,2,2,5,469.0
Lars2,1,9,2,2,5,61.0
Lis,1,9,2,2,5,
Gupta,1,9,2,2,5,
Lars1,1,9,4,4,5,
Lars2,1,9,4,4,5,
Lis,1,9,4,4,5,
Gupta,1,9,4,4,5,
Lars1,1,9,6,6,5,
Lars2,1,9,6,6,5,
Lis,1,9,6,6,5,
Gupta,1,9,6,6,5,
Lars1,1,9,8,8,5,
Lars2,1,9,8,8,5,
Lis,1,9,8,8,5,
Gupta,1,9,8,8,5,
Lars1,20,1000,10,10,5,
Lars2,20,1000,10,10,5,
Lis,20,1000,10,10,5,
Gupta,20,1000,10,10,5,
Lars1,20,1000,2,2,5,
Lars2,20,1000,2,2,5,117.0
Lis,20,1000,2,2,5,
Gupta,20,1000,2,2,5,
Lars1,20,1000,4,4,5,
Lars2,20,1000,4,4,5,
Lis,20,1000,4,4,5,
Gupta,20,1000,4,4,5,
Lars1,20,1000,6,6,5,
Lars2,20,1000,6,6,5,
Lis,20,1000,6,6,5,
Gupta,20,1000,6,6,5,
Lars1,20,1000,8,8,5,
Lars2,20,1000,8,8,5,
Lis,20,1000,8,8,5,
Gupta,20,1000,8,8,5,
Lars1,20,100,10,10,5,
Lars2,20,100,10,10,5,
Lis,20,100,10,10,5,
Gupta,20,100,10,10,5,
Lars1,20,100,2,2,5,
Lars2,20,100,2,2,5,73.0
Lis,20,100,2,2,5,
Gupta,20,100,2,2,5,
Lars1,20,100,4,4,5,
Lars2,20,100,4,4,5,
Lis,20,100,4,4,5,
Gupta,20,100,4,4,5,
Lars1,20,100,6,6,5,
Lars2,20,100,6,6,5,
Lis,20,100,6,6,5,
Gupta,20,100,6,6,5,
Lars1,20,100,8,8,5,
Lars2,20,100,8,8,5,
Lis,20,100,8,8,5,
Gupta,20,100,8,8,5,
Lars1,20,10,10,10,5,
Lars2,20,10,10,10,5,
Lis,20,10,10,10,5,
Gupta,20,10,10,10,5,
Lars1,20,10,2,2,5,
Lars2,20,10,2,2,5,76.0
Lis,20,10,2,2,5,
Gupta,20,10,2,2,5,
Lars1,20,10,4,4,5,
Lars2,20,10,4,4,5,
Lis,20,10,4,4,5,
Gupta,20,10,4,4,5,
Lars1,20,10,6,6,5,
Lars2,20,10,6,6,5,
Lis,20,10,6,6,5,
Gupta,20,10,6,6,5,
Lars1,20,10,8,8,5,
Lars2,20,10,8,8,5,
Lis,20,10,8,8,5,
Gupta,20,10,8,8,5,
Lars1,20,1,10,10,5,
Lars2,20,1,10,10,5,
Lis,20,1,10,10,5,
Gupta,20,1,10,10,5,
Lars1,20,1,2,2,5,
Lars2,20,1,2,2,5,70.0
Lis,20,1,2,2,5,
Gupta,20,1,2,2,5,
Lars1,20,1,4,4,5,
Lars2,20,1,4,4,5,
Lis,20,1,4,4,5,
Gupta,20,1,4,4,5,
Lars1,20,1,6,6,5,
Lars2,20,1,6,6,5,
Lis,20,1,6,6,5,
Gupta,20,1,6,6,5,
Lars1,20,1,8,8,5,
Lars2,20,1,8,8,5,
Lis,20,1,8,8,5,
Gupta,20,1,8,8,5,
Lars1,20,20,10,10,5,
Lars2,20,20,10,10,5,
Lis,20,20,10,10,5,
Gupta,20,20,10,10,5,
Lars1,20,20,2,2,5,
Lars2,20,20,2,2,5,68.0
Lis,20,20,2,2,5,
Gupta,20,20,2,2,5,
Lars1,20,20,4,4,5,
Lars2,20,20,4,4,5,
Lis,20,20,4,4,5,
Gupta,20,20,4,4,5,
Lars1,20,20,6,6,5,
Lars2,20,20,6,6,5,
Lis,20,20,6,6,5,
Gupta,20,20,6,6,5,
Lars1,20,20,8,8,5,
Lars2,20,20,8,8,5,
Lis,20,20,8,8,5,
Gupta,20,20,8,8,5,
Lars1,20,2,10,10,5,
Lars2,20,2,10,10,5,
Lis,20,2,10,10,5,
Gupta,20,2,10,10,5,
Lars1,20,2,2,2,5,
Lars2,20,2,2,2,5,74.0
Lis,20,2,2,2,5,
Gupta,20,2,2,2,5,
Lars1,20,2,4,4,5,
Lars2,20,2,4,4,5,
Lis,20,2,4,4,5,
Gupta,20,2,4,4,5,
Lars1,20,2,6,6,5,
Lars2,20,2,6,6,5,
Lis,20,2,6,6,5,
Gupta,20,2,6,6,5,
Lars1,20,2,8,8,5,
Lars2,20,2,8,8,5,
Lis,20,2,8,8,5,
Gupta,20,2,8,8,5,
Lars1,20,3,10,10,5,
Lars2,20,3,10,10,5,
Lis,20,3,10,10,5,
Gupta,20,3,10,10,5,
Lars1,20,3,2,2,5,
Lars2,20,3,2,2,5,76.0
Lis,20,3,2,2,5,
Gupta,20,3,2,2,5,
Lars1,20,3,4,4,5,
Lars2,20,3,4,4,5,
Lis,20,3,4,4,5,
Gupta,20,3,4,4,5,
Lars1,20,3,6,6,5,
Lars2,20,3,6,6,5,
Lis,20,3,6,6,5,
Gupta,20,3,6,6,5,
Lars1,20,3,8,8,5,
Lars2,20,3,8,8,5,
Lis,20,3,8,8,5,
Gupta,20,3,8,8,5,
Lars1,20,40,10,10,5,
Lars2,20,40,10,10,5,
Lis,20,40,10,10,5,
Gupta,20,40,10,10,5,
Lars1,20,40,2,2,5,
Lars2,20,40,2,2,5,66.0
Lis,20,40,2,2,5,
Gupta,20,40,2,2,5,
Lars1,20,40,4,4,5,
Lars2,20,40,4,4,5,
Lis,20,40,4,4,5,
Gupta,20,40,4,4,5,
Lars1,20,40,6,6,5,
Lars2,20,40,6,6,5,
Lis,20,40,6,6,5,
Gupta,20,40,6,6,5,
Lars1,20,40,8,8,5,
Lars2,20,40,8,8,5,
Lis,20,40,8,8,5,
Gupta,20,40,8,8,5,
Lars1,20,4,10,10,5,
Lars2,20,4,10,10,5,
Lis,20,4,10,10,5,
Gupta,20,4,10,10,5,
Lars1,20,4,2,2,5,
Lars2,20,4,2,2,5,85.0
Lis,20,4,2,2,5,
Gupta,20,4,2,2,5,
Lars1,20,4,4,4,5,
Lars2,20,4,4,4,5,
Lis,20,4,4,4,5,
Gupta,20,4,4,4,5,
Lars1,20,4,6,6,5,
Lars2,20,4,6,6,5,
Lis,20,4,6,6,5,
Gupta,20,4,6,6,5,
Lars1,20,4,8,8,5,
Lars2,20,4,8,8,5,
Lis,20,4,8,8,5,
Gupta,20,4,8,8,5,
Lars1,20,500,10,10,5,
Lars2,20,500,10,10,5,
Lis,20,500,10,10,5,
Gupta,20,500,10,10,5,
Lars1,20,500,2,2,5,
Lars2,20,500,2,2,5,105.0
Lis,20,500,2,2,5,
Gupta,20,500,2,2,5,
Lars1,20,500,4,4,5,
Lars2,20,500,4,4,5,
Lis,20,500,4,4,5,
Gupta,20,500,4,4,5,
Lars1,20,500,6,6,5,
Lars2,20,500,6,6,5,
Lis,20,500,6,6,5,
Gupta,20,500,6,6,5,
Lars1,20,500,8,8,5,
Lars2,20,500,8,8,5,
Lis,20,500,8,8,5,
Gupta,20,500,8,8,5,
Lars1,20,5,10,10,5,
Lars2,20,5,10,10,5,
Lis,20,5,10,10,5,
Gupta,20,5,10,10,5,
Lars1,20,5,2,2,5,
Lars2,20,5,2,2,5,78.0
Lis,20,5,2,2,5,
Gupta,20,5,2,2,5,
Lars1,20,5,4,4,5,
Lars2,20,5,4,4,5,
Lis,20,5,4,4,5,
Gupta,20,5,4,4,5,
Lars1,20,5,6,6,5,
Lars2,20,5,6,6,5,
Lis,20,5,6,6,5,
Gupta,20,5,6,6,5,
Lars1,20,5,8,8,5,
Lars2,20,5,8,8,5,
Lis,20,5,8,8,5,
Gupta,20,5,8,8,5,
Lars1,20,60,10,10,5,
Lars2,20,60,10,10,5,
Lis,20,60,10,10,5,
Gupta,20,60,10,10,5,
Lars1,20,60,2,2,5,
Lars2,20,60,2,2,5,79.0
Lis,20,60,2,2,5,
Gupta,20,60,2,2,5,
Lars1,20,60,4,4,5,
Lars2,20,60,4,4,5,
Lis,20,60,4,4,5,
Gupta,20,60,4,4,5,
Lars1,20,60,6,6,5,
Lars2,20,60,6,6,5,
Lis,20,60,6,6,5,
Gupta,20,60,6,6,5,
Lars1,20,60,8,8,5,
Lars2,20,60,8,8,5,
Lis,20,60,8,8,5,
Gupta,20,60,8,8,5,
Lars1,20,6,10,10,5,
Lars2,20,6,10,10,5,
Lis,20,6,10,10,5,
Gupta,20,6,10,10,5,
Lars1,20,6,2,2,5,
Lars2,20,6,2,2,5,82.0
Lis,20,6,2,2,5,
Gupta,20,6,2,2,5,
Lars1,20,6,4,4,5,
Lars2,20,6,4,4,5,
Lis,20,6,4,4,5,
Gupta,20,6,4,4,5,
Lars1,20,6,6,6,5,
Lars2,20,6,6,6,5,
Lis,20,6,6,6,5,
Gupta,20,6,6,6,5,
Lars1,20,6,8,8,5,
Lars2,20,6,8,8,5,
Lis,20,6,8,8,5,
Gupta,20,6,8,8,5,
Lars1,20,7,10,10,5,
Lars2,20,7,10,10,5,
Lis,20,7,10,10,5,
Gupta,20,7,10,10,5,
Lars1,20,7,2,2,5,
Lars2,20,7,2,2,5,78.0
Lis,20,7,2,2,5,
Gupta,20,7,2,2,5,
Lars1,20,7,4,4,5,
Lars2,20,7,4,4,5,
Lis,20,7,4,4,5,
Gupta,20,7,4,4,5,
Lars1,20,7,6,6,5,
Lars2,20,7,6,6,5,
Lis,20,7,6,6,5,
Gupta,20,7,6,6,5,
Lars1,20,7,8,8,5,
Lars2,20,7,8,8,5,
Lis,20,7,8,8,5,
Gupta,20,7,8,8,5,
Lars1,20,80,10,10,5,
Lars2,20,80,10,10,5,
Lis,20,80,10,10,5,
Gupta,20,80,10,10,5,
Lars1,20,80,2,2,5,
Lars2,20,80,2,2,5,77.0
Lis,20,80,2,2,5,
Gupta,20,80,2,2,5,
Lars1,20,80,4,4,5,
Lars2,20,80,4,4,5,
Lis,20,80,4,4,5,
Gupta,20,80,4,4,5,
Lars1,20,80,6,6,5,
Lars2,20,80,6,6,5,
Lis,20,80,6,6,5,
Gupta,20,80,6,6,5,
Lars1,20,80,8,8,5,
Lars2,20,80,8,8,5,
Lis,20,80,8,8,5,
Gupta,20,80,8,8,5,
Lars1,20,8,10,10,5,
Lars2,20,8,10,10,5,
Lis,20,8,10,10,5,
Gupta,20,8,10,10,5,
Lars1,20,8,2,2,5,
Lars2,20,8,2,2,5,75.0
Lis,20,8,2,2,5,
Gupta,20,8,2,2,5,
Lars1,20,8,4,4,5,
Lars2,20,8,4,4,5,
Lis,20,8,4,4,5,
Gupta,20,8,4,4,5,
Lars1,20,8,6,6,5,
Lars2,20,8,6,6,5,
Lis,20,8,6,6,5,
Gupta,20,8,6,6,5,
Lars1,20,8,8,8,5,
Lars2,20,8,8,8,5,
Lis,20,8,8,8,5,
Gupta,20,8,8,8,5,
Lars1,20,9,10,10,5,
Lars2,20,9,10,10,5,
Lis,20,9,10,10,5,
Gupta,20,9,10,10,5,
Lars1,20,9,2,2,5,
Lars2,20,9,2,2,5,71.0
Lis,20,9,2,2,5,
Gupta,20,9,2,2,5,
Lars1,20,9,4,4,5,
Lars2,20,9,4,4,5,
Lis,20,9,4,4,5,
Gupta,20,9,4,4,5,
Lars1,20,9,6,6,5,
Lars2,20,9,6,6,5,
Lis,20,9,6,6,5,
Gupta,20,9,6,6,5,
Lars1,20,9,8,8,5,
Lars2,20,9,8,8,5,
Lis,20,9,8,8,5,
Gupta,20,9,8,8,5,
Lars1,2,1000,10,10,5,
Lars2,2,1000,10,10,5,
Lis,2,1000,10,10,5,
Gupta,2,1000,10,10,5,
Lars1,2,1000,2,2,5,
Lars2,2,1000,2,2,5,571.0
Lis,2,1000,2,2,5,
Gupta,2,1000,2,2,5,274.0
Lars1,2,1000,4,4,5,
Lars2,2,1000,4,4,5,
Lis,2,1000,4,4,5,
Gupta,2,1000,4,4,5,
Lars1,2,1000,6,6,5,
Lars2,2,1000,6,6,5,
Lis,2,1000,6,6,5,
Gupta,2,1000,6,6,5,
Lars1,2,1000,8,8,5,
Lars2,2,1000,8,8,5,
Lis,2,1000,8,8,5,
Gupta,2,1000,8,8,5,
Lars1,2,100,10,10,5,
Lars2,2,100,10,10,5,
Lis,2,100,10,10,5,
Gupta,2,100,10,10,5,
Lars1,2,100,2,2,5,
Lars2,2,100,2,2,5,138.0
Lis,2,100,2,2,5,
Gupta,2,100,2,2,5,260.0
Lars1,2,100,4,4,5,
Lars2,2,100,4,4,5,
Lis,2,100,4,4,5,
Gupta,2,100,4,4,5,
Lars1,2,100,6,6,5,
Lars2,2,100,6,6,5,
Lis,2,100,6,6,5,
Gupta,2,100,6,6,5,
Lars1,2,100,8,8,5,
Lars2,2,100,8,8,5,
Lis,2,100,8,8,5,
Gupta,2,100,8,8,5,
Lars1,2,10,10,10,5,
Lars2,2,10,10,10,5,
Lis,2,10,10,10,5,
Gupta,2,10,10,10,5,
Lars1,2,10,2,2,5,
Lars2,2,10,2,2,5,56.0
Lis,2,10,2,2,5,
Gupta,2,10,2,2,5,77.0
Lars1,2,10,4,4,5,
Lars2,2,10,4,4,5,
Lis,2,10,4,4,5,
Gupta,2,10,4,4,5,
Lars1,2,10,6,6,5,
Lars2,2,10,6,6,5,
Lis,2,10,6,6,5,
Gupta,2,10,6,6,5,
Lars1,2,10,8,8,5,
Lars2,2,10,8,8,5,
Lis,2,10,8,8,5,
Gupta,2,10,8,8,5,
Lars1,2,1,10,10,5,
Lars2,2,1,10,10,5,
Lis,2,1,10,10,5,
Gupta,2,1,10,10,5,
Lars1,2,1,2,2,5,
Lars2,2,1,2,2,5,86.0
Lis,2,1,2,2,5,
Gupta,2,1,2,2,5,73.0
Lars1,2,1,4,4,5,
Lars2,2,1,4,4,5,
Lis,2,1,4,4,5,
Gupta,2,1,4,4,5,
Lars1,2,1,6,6,5,
Lars2,2,1,6,6,5,
Lis,2,1,6,6,5,
Gupta,2,1,6,6,5,
Lars1,2,1,8,8,5,
Lars2,2,1,8,8,5,
Lis,2,1,8,8,5,
Gupta,2,1,8,8,5,
Lars1,2,20,10,10,5,
Lars2,2,20,10,10,5,
Lis,2,20,10,10,5,
Gupta,2,20,10,10,5,
Lars1,2,20,2,2,5,
Lars2,2,20,2,2,5,89.0
Lis,2,20,2,2,5,
Gupta,2,20,2,2,5,108.0
Lars1,2,20,4,4,5,
Lars2,2,20,4,4,5,
Lis,2,20,4,4,5,
Gupta,2,20,4,4,5,
Lars1,2,20,6,6,5,
Lars2,2,20,6,6,5,
Lis,2,20,6,6,5,
Gupta,2,20,6,6,5,
Lars1,2,20,8,8,5,
Lars2,2,20,8,8,5,
Lis,2,20,8,8,5,
Gupta,2,20,8,8,5,
Lars1,2,2,10,10,5,
Lars2,2,2,10,10,5,
Lis,2,2,10,10,5,
Gupta,2,2,10,10,5,
Lars1,2,2,2,2,5,
Lars2,2,2,2,2,5,80.0
Lis,2,2,2,2,5,
Gupta,2,2,2,2,5,87.0
Lars1,2,2,4,4,5,
Lars2,2,2,4,4,5,
Lis,2,2,4,4,5,
Gupta,2,2,4,4,5,
Lars1,2,2,6,6,5,
Lars2,2,2,6,6,5,
Lis,2,2,6,6,5,
Gupta,2,2,6,6,5,
Lars1,2,2,8,8,5,
Lars2,2,2,8,8,5,
Lis,2,2,8,8,5,
Gupta,2,2,8,8,5,
Lars1,2,3,10,10,5,
Lars2,2,3,10,10,5,
Lis,2,3,10,10,5,
Gupta,2,3,10,10,5,
Lars1,2,3,2,2,5,1399.0
Lars2,2,3,2,2,5,63.0
Lis,2,3,2,2,5,
Gupta,2,3,2,2,5,69.0
Lars1,2,3,4,4,5,
Lars2,2,3,4,4,5,
Lis,2,3,4,4,5,
Gupta,2,3,4,4,5,
Lars1,2,3,6,6,5,
Lars2,2,3,6,6,5,
Lis,2,3,6,6,5,
Gupta,2,3,6,6,5,
Lars1,2,3,8,8,5,
Lars2,2,3,8,8,5,
Lis,2,3,8,8,5,
Gupta,2,3,8,8,5,
Lars1,2,40,10,10,5,
Lars2,2,40,10,10,5,
Lis,2,40,10,10,5,
Gupta,2,40,10,10,5,
Lars1,2,40,2,2,5,
Lars2,2,40,2,2,5,99.0
Lis,2,40,2,2,5,
Gupta,2,40,2,2,5,200.0
Lars1,2,40,4,4,5,
Lars2,2,40,4,4,5,
Lis,2,40,4,4,5,
Gupta,2,40,4,4,5,
Lars1,2,40,6,6,5,
Lars2,2,40,6,6,5,
Lis,2,40,6,6,5,
Gupta,2,40,6,6,5,
Lars1,2,40,8,8,5,
Lars2,2,40,8,8,5,
Lis,2,40,8,8,5,
Gupta,2,40,8,8,5,
Lars1,2,4,10,10,5,
Lars2,2,4,10,10,5,
Lis,2,4,10,10,5,
Gupta,2,4,10,10,5,
Lars1,2,4,2,2,5,99.0
Lars2,2,4,2,2,5,48.0
Lis,2,4,2,2,5,
Gupta,2,4,2,2,5,47.0
Lars1,2,4,4,4,5,
Lars2,2,4,4,4,5,
Lis,2,4,4,4,5,
Gupta,2,4,4,4,5,
Lars1,2,4,6,6,5,
Lars2,2,4,6,6,5,
Lis,2,4,6,6,5,
Gupta,2,4,6,6,5,
Lars1,2,4,8,8,5,
Lars2,2,4,8,8,5,
Lis,2,4,8,8,5,
Gupta,2,4,8,8,5,
Lars1,2,500,10,10,5,
Lars2,2,500,10,10,5,
Lis,2,500,10,10,5,
Gupta,2,500,10,10,5,
Lars1,2,500,2,2,5,
Lars2,2,500,2,2,5,4560.0
Lis,2,500,2,2,5,
Gupta,2,500,2,2,5,1920.0
Lars1,2,500,4,4,5,
Lars2,2,500,4,4,5,
Lis,2,500,4,4,5,
Gupta,2,500,4,4,5,
Lars1,2,500,6,6,5,
Lars2,2,500,6,6,5,
Lis,2,500,6,6,5,
Gupta,2,500,6,6,5,
Lars1,2,500,8,8,5,
Lars2,2,500,8,8,5,
Lis,2,500,8,8,5,
Gupta,2,500,8,8,5,
Lars1,2,5,10,10,5,
Lars2,2,5,10,10,5,
Lis,2,5,10,10,5,
Gupta,2,5,10,10,5,
Lars1,2,5,2,2,5,70.0
Lars2,2,5,2,2,5,50.0
Lis,2,5,2,2,5,
Gupta,2,5,2,2,5,55.0
Lars1,2,5,4,4,5,
Lars2,2,5,4,4,5,
Lis,2,5,4,4,5,
Gupta,2,5,4,4,5,
Lars1,2,5,6,6,5,
Lars2,2,5,6,6,5,
Lis,2,5,6,6,5,
Gupta,2,5,6,6,5,
Lars1,2,5,8,8,5,
Lars2,2,5,8,8,5,
Lis,2,5,8,8,5,
Gupta,2,5,8,8,5,
Lars1,2,60,10,10,5,
Lars2,2,60,10,10,5,
Lis,2,60,10,10,5,
Gupta,2,60,10,10,5,
Lars1,2,60,2,2,5,
Lars2,2,60,2,2,5,95.0
Lis,2,60,2,2,5,
Gupta,2,60,2,2,5,499.0
Lars1,2,60,4,4,5,
Lars2,2,60,4,4,5,
Lis,2,60,4,4,5,
Gupta,2,60,4,4,5,
Lars1,2,60,6,6,5,
Lars2,2,60,6,6,5,
Lis,2,60,6,6,5,
Gupta,2,60,6,6,5,
Lars1,2,60,8,8,5,
Lars2,2,60,8,8,5,
Lis,2,60,8,8,5,
Gupta,2,60,8,8,5,
Lars1,2,6,10,10,5,
Lars2,2,6,10,10,5,
Lis,2,6,10,10,5,
Gupta,2,6,10,10,5,
Lars1,2,6,2,2,5,1386.0
Lars2,2,6,2,2,5,71.0
Lis,2,6,2,2,5,
Gupta,2,6,2,2,5,88.0
Lars1,2,6,4,4,5,
Lars2,2,6,4,4,5,
Lis,2,6,4,4,5,
Gupta,2,6,4,4,5,
Lars1,2,6,6,6,5,
Lars2,2,6,6,6,5,
Lis,2,6,6,6,5,
Gupta,2,6,6,6,5,
Lars1,2,6,8,8,5,
Lars2,2,6,8,8,5,
Lis,2,6,8,8,5,
Gupta,2,6,8,8,5,
Lars1,2,7,10,10,5,
Lars2,2,7,10,10,5,
Lis,2,7,10,10,5,
Gupta,2,7,10,10,5,
Lars1,2,7,2,2,5,
Lars2,2,7,2,2,5,92.0
Lis,2,7,2,2,5,
Gupta,2,7,2,2,5,97.0
Lars1,2,7,4,4,5,
Lars2,2,7,4,4,5,
Lis,2,7,4,4,5,
Gupta,2,7,4,4,5,
Lars1,2,7,6,6,5,
Lars2,2,7,6,6,5,
Lis,2,7,6,6,5,
Gupta,2,7,6,6,5,
Lars1,2,7,8,8,5,
Lars2,2,7,8,8,5,
Lis,2,7,8,8,5,
Gupta,2,7,8,8,5,
Lars1,2,80,10,10,5,
Lars2,2,80,10,10,5,
Lis,2,80,10,10,5,
Gupta,2,80,10,10,5,
Lars1,2,80,2,2,5,
Lars2,2,80,2,2,5,83.0
Lis,2,80,2,2,5,
Gupta,2,80,2,2,5,214.0
Lars1,2,80,4,4,5,
Lars2,2,80,4,4,5,
Lis,2,80,4,4,5,
Gupta,2,80,4,4,5,
Lars1,2,80,6,6,5,
Lars2,2,80,6,6,5,
Lis,2,80,6,6,5,
Gupta,2,80,6,6,5,
Lars1,2,80,8,8,5,
Lars2,2,80,8,8,5,
Lis,2,80,8,8,5,
Gupta,2,80,8,8,5,
Lars1,2,8,10,10,5,
Lars2,2,8,10,10,5,
Lis,2,8,10,10,5,
Gupta,2,8,10,10,5,
Lars1,2,8,2,2,5,
Lars2,2,8,2,2,5,93.0
Lis,2,8,2,2,5,
Gupta,2,8,2,2,5,108.0
Lars1,2,8,4,4,5,
Lars2,2,8,4,4,5,
Lis,2,8,4,4,5,
Gupta,2,8,4,4,5,
Lars1,2,8,6,6,5,
Lars2,2,8,6,6,5,
Lis,2,8,6,6,5,
Gupta,2,8,6,6,5,
Lars1,2,8,8,8,5,
Lars2,2,8,8,8,5,
Lis,2,8,8,8,5,
Gupta,2,8,8,8,5,
Lars1,2,9,10,10,5,
Lars2,2,9,10,10,5,
Lis,2,9,10,10,5,
Gupta,2,9,10,10,5,
Lars1,2,9,2,2,5,
Lars2,2,9,2,2,5,81.0
Lis,2,9,2,2,5,
Gupta,2,9,2,2,5,103.0
Lars1,2,9,4,4,5,
Lars2,2,9,4,4,5,
Lis,2,9,4,4,5,
Gupta,2,9,4,4,5,
Lars1,2,9,6,6,5,
Lars2,2,9,6,6,5,
Lis,2,9,6,6,5,
Gupta,2,9,6,6,5,
Lars1,2,9,8,8,5,
Lars2,2,9,8,8,5,
Lis,2,9,8,8,5,
Gupta,2,9,8,8,5,
Lars1,3,1000,10,10,5,
Lars2,3,1000,10,10,5,
Lis,3,1000,10,10,5,
Gupta,3,1000,10,10,5,
Lars1,3,1000,2,2,5,
Lars2,3,1000,2,2,5,1525.0
Lis,3,1000,2,2,5,
Gupta,3,1000,2,2,5,
Lars1,3,1000,4,4,5,
Lars2,3,1000,4,4,5,
Lis,3,1000,4,4,5,
Gupta,3,1000,4,4,5,
Lars1,3,1000,6,6,5,
Lars2,3,1000,6,6,5,
Lis,3,1000,6,6,5,
Gupta,3,1000,6,6,5,
Lars1,3,1000,8,8,5,
Lars2,3,1000,8,8,5,
Lis,3,1000,8,8,5,
Gupta,3,1000,8,8,5,
Lars1,3,100,10,10,5,
Lars2,3,100,10,10,5,
Lis,3,100,10,10,5,
Gupta,3,100,10,10,5,
Lars1,3,100,2,2,5,
Lars2,3,100,2,2,5,88.0
Lis,3,100,2,2,5,
Gupta,3,100,2,2,5,
Lars1,3,100,4,4,5,
Lars2,3,100,4,4,5,
Lis,3,100,4,4,5,
Gupta,3,100,4,4,5,
Lars1,3,100,6,6,5,
Lars2,3,100,6,6,5,
Lis,3,100,6,6,5,
Gupta,3,100,6,6,5,
Lars1,3,100,8,8,5,
Lars2,3,100,8,8,5,
Lis,3,100,8,8,5,
Gupta,3,100,8,8,5,
Lars1,3,10,10,10,5,
Lars2,3,10,10,10,5,
Lis,3,10,10,10,5,
Gupta,3,10,10,10,5,
Lars1,3,10,2,2,5,
Lars2,3,10,2,2,5,90.0
Lis,3,10,2,2,5,
Gupta,3,10,2,2,5,
Lars1,3,10,4,4,5,
Lars2,3,10,4,4,5,
Lis,3,10,4,4,5,
Gupta,3,10,4,4,5,
Lars1,3,10,6,6,5,
Lars2,3,10,6,6,5,
Lis,3,10,6,6,5,
Gupta,3,10,6,6,5,
Lars1,3,10,8,8,5,
Lars2,3,10,8,8,5,
Lis,3,10,8,8,5,
Gupta,3,10,8,8,5,
Lars1,3,1,10,10,5,
Lars2,3,1,10,10,5,
Lis,3,1,10,10,5,
Gupta,3,1,10,10,5,
Lars1,3,1,2,2,5,
Lars2,3,1,2,2,5,67.0
Lis,3,1,2,2,5,
Gupta,3,1,2,2,5,
Lars1,3,1,4,4,5,
Lars2,3,1,4,4,5,
Lis,3,1,4,4,5,
Gupta,3,1,4,4,5,
Lars1,3,1,6,6,5,
Lars2,3,1,6,6,5,
Lis,3,1,6,6,5,
Gupta,3,1,6,6,5,
Lars1,3,1,8,8,5,
Lars2,3,1,8,8,5,
Lis,3,1,8,8,5,
Gupta,3,1,8,8,5,
Lars1,3,20,10,10,5,
Lars2,3,20,10,10,5,
Lis,3,20,10,10,5,
Gupta,3,20,10,10,5,
Lars1,3,20,2,2,5,
Lars2,3,20,2,2,5,70.0
Lis,3,20,2,2,5,
Gupta,3,20,2,2,5,
Lars1,3,20,4,4,5,
Lars2,3,20,4,4,5,
Lis,3,20,4,4,5,
Gupta,3,20,4,4,5,
Lars1,3,20,6,6,5,
Lars2,3,20,6,6,5,
Lis,3,20,6,6,5,
Gupta,3,20,6,6,5,
Lars1,3,20,8,8,5,
Lars2,3,20,8,8,5,
Lis,3,20,8,8,5,
Gupta,3,20,8,8,5,
Lars1,3,2,10,10,5,
Lars2,3,2,10,10,5,
Lis,3,2,10,10,5,
Gupta,3,2,10,10,5,
Lars1,3,2,2,2,5,
Lars2,3,2,2,2,5,72.0
Lis,3,2,2,2,5,
Gupta,3,2,2,2,5,
Lars1,3,2,4,4,5,
Lars2,3,2,4,4,5,
Lis,3,2,4,4,5,
Gupta,3,2,4,4,5,
Lars1,3,2,6,6,5,
Lars2,3,2,6,6,5,
Lis,3,2,6,6,5,
Gupta,3,2,6,6,5,
Lars1,3,2,8,8,5,
Lars2,3,2,8,8,5,
Lis,3,2,8,8,5,
Gupta,3,2,8,8,5,
Lars1,3,3,10,10,5,
Lars2,3,3,10,10,5,
Lis,3,3,10,10,5,
Gupta,3,3,10,10,5,
Lars1,3,3,2,2,5,
Lars2,3,3,2,2,5,67.0
Lis,3,3,2,2,5,
Gupta,3,3,2,2,5,
Lars1,3,3,4,4,5,
Lars2,3,3,4,4,5,
Lis,3,3,4,4,5,
Gupta,3,3,4,4,5,
Lars1,3,3,6,6,5,
Lars2,3,3,6,6,5,
Lis,3,3,6,6,5,
Gupta,3,3,6,6,5,
Lars1,3,3,8,8,5,
Lars2,3,3,8,8,5,
Lis,3,3,8,8,5,
Gupta,3,3,8,8,5,
Lars1,3,40,10,10,5,
Lars2,3,40,10,10,5,
Lis,3,40,10,10,5,
Gupta,3,40,10,10,5,
Lars1,3,40,2,2,5,
Lars2,3,40,2,2,5,86.0
Lis,3,40,2,2,5,
Gupta,3,40,2,2,5,
Lars1,3,40,4,4,5,
Lars2,3,40,4,4,5,
Lis,3,40,4,4,5,
Gupta,3,40,4,4,5,
Lars1,3,40,6,6,5,
Lars2,3,40,6,6,5,
Lis,3,40,6,6,5,
Gupta,3,40,6,6,5,
Lars1,3,40,8,8,5,
Lars2,3,40,8,8,5,
Lis,3,40,8,8,5,
Gupta,3,40,8,8,5,
Lars1,3,4,10,10,5,
Lars2,3,4,10,10,5,
Lis,3,4,10,10,5,
Gupta,3,4,10,10,5,
Lars1,3,4,2,2,5,
Lars2,3,4,2,2,5,72.0
Lis,3,4,2,2,5,
Gupta,3,4,2,2,5,
Lars1,3,4,4,4,5,
Lars2,3,4,4,4,5,
Lis,3,4,4,4,5,
Gupta,3,4,4,4,5,
Lars1,3,4,6,6,5,
Lars2,3,4,6,6,5,
Lis,3,4,6,6,5,
Gupta,3,4,6,6,5,
Lars1,3,4,8,8,5,
Lars2,3,4,8,8,5,
Lis,3,4,8,8,5,
Gupta,3,4,8,8,5,
Lars1,3,500,10,10,5,
Lars2,3,500,10,10,5,
Lis,3,500,10,10,5,
Gupta,3,500,10,10,5,
Lars1,3,500,2,2,5,
Lars2,3,500,2,2,5,2047.0
Lis,3,500,2,2,5,
Gupta,3,500,2,2,5,
Lars1,3,500,4,4,5,
Lars2,3,500,4,4,5,
Lis,3,500,4,4,5,
Gupta,3,500,4,4,5,
Lars1,3,500,6,6,5,
Lars2,3,500,6,6,5,
Lis,3,500,6,6,5,
Gupta,3,500,6,6,5,
Lars1,3,500,8,8,5,
Lars2,3,500,8,8,5,
Lis,3,500,8,8,5,
Gupta,3,500,8,8,5,
Lars1,3,5,10,10,5,
Lars2,3,5,10,10,5,
Lis,3,5,10,10,5,
Gupta,3,5,10,10,5,
Lars1,3,5,2,2,5,
Lars2,3,5,2,2,5,54.0
Lis,3,5,2,2,5,
Gupta,3,5,2,2,5,
Lars1,3,5,4,4,5,
Lars2,3,5,4,4,5,
Lis,3,5,4,4,5,
Gupta,3,5,4,4,5,
Lars1,3,5,6,6,5,
Lars2,3,5,6,6,5,
Lis,3,5,6,6,5,
Gupta,3,5,6,6,5,
Lars1,3,5,8,8,5,
Lars2,3,5,8,8,5,
Lis,3,5,8,8,5,
Gupta,3,5,8,8,5,
Lars1,3,60,10,10,5,
Lars2,3,60,10,10,5,
Lis,3,60,10,10,5,
Gupta,3,60,10,10,5,
Lars1,3,60,2,2,5,
Lars2,3,60,2,2,5,80.0
Lis,3,60,2,2,5,
Gupta,3,60,2,2,5,
Lars1,3,60,4,4,5,
Lars2,3,60,4,4,5,
Lis,3,60,4,4,5,
Gupta,3,60,4,4,5,
Lars1,3,60,6,6,5,
Lars2,3,60,6,6,5,
Lis,3,60,6,6,5,
Gupta,3,60,6,6,5,
Lars1,3,60,8,8,5,
Lars2,3,60,8,8,5,
Lis,3,60,8,8,5,
Gupta,3,60,8,8,5,
Lars1,3,6,10,10,5,
Lars2,3,6,10,10,5,
Lis,3,6,10,10,5,
Gupta,3,6,10,10,5,
Lars1,3,6,2,2,5,
Lars2,3,6,2,2,5,56.0
Lis,3,6,2,2,5,
Gupta,3,6,2,2,5,
Lars1,3,6,4,4,5,
Lars2,3,6,4,4,5,
Lis,3,6,4,4,5,
Gupta,3,6,4,4,5,
Lars1,3,6,6,6,5,
Lars2,3,6,6,6,5,
Lis,3,6,6,6,5,
Gupta,3,6,6,6,5,
Lars1,3,6,8,8,5,
Lars2,3,6,8,8,5,
Lis,3,6,8,8,5,
Gupta,3,6,8,8,5,
Lars1,3,7,10,10,5,
Lars2,3,7,10,10,5,
Lis,3,7,10,10,5,
Gupta,3,7,10,10,5,
Lars1,3,7,2,2,5,
Lars2,3,7,2,2,5,76.0
Lis,3,7,2,2,5,
Gupta,3,7,2,2,5,
Lars1,3,7,4,4,5,
Lars2,3,7,4,4,5,
Lis,3,7,4,4,5,
Gupta,3,7,4,4,5,
Lars1,3,7,6,6,5,
Lars2,3,7,6,6,5,
Lis,3,7,6,6,5,
Gupta,3,7,6,6,5,
Lars1,3,7,8,8,5,
Lars2,3,7,8,8,5,
Lis,3,7,8,8,5,
Gupta,3,7,8,8,5,
Lars1,3,80,10,10,5,
Lars2,3,80,10,10,5,
Lis,3,80,10,10,5,
Gupta,3,80,10,10,5,
Lars1,3,80,2,2,5,
Lars2,3,80,2,2,5,92.0
Lis,3,80,2,2,5,
Gupta,3,80,2,2,5,
Lars1,3,80,4,4,5,
Lars2,3,80,4,4,5,
Lis,3,80,4,4,5,
Gupta,3,80,4,4,5,
Lars1,3,80,6,6,5,
Lars2,3,80,6,6,5,
Lis,3,80,6,6,5,
Gupta,3,80,6,6,5,
Lars1,3,80,8,8,5,
Lars2,3,80,8,8,5,
Lis,3,80,8,8,5,
Gupta,3,80,8,8,5,
Lars1,3,8,10,10,5,
Lars2,3,8,10,10,5,
Lis,3,8,10,10,5,
Gupta,3,8,10,10,5,
Lars1,3,8,2,2,5,
Lars2,3,8,2,2,5,65.0
Lis,3,8,2,2,5,
Gupta,3,8,2,2,5,
Lars1,3,8,4,4,5,
Lars2,3,8,4,4,5,
Lis,3,8,4,4,5,
Gupta,3,8,4,4,5,
Lars1,3,8,6,6,5,
Lars2,3,8,6,6,5,
Lis,3,8,6,6,5,
Gupta,3,8,6,6,5,
Lars1,3,8,8,8,5,
Lars2,3,8,8,8,5,
Lis,3,8,8,8,5,
Gupta,3,8,8,8,5,
Lars1,3,9,10,10,5,
Lars2,3,9,10,10,5,
Lis,3,9,10,10,5,
Gupta,3,9,10,10,5,
Lars1,3,9,2,2,5,
Lars2,3,9,2,2,5,77.0
Lis,3,9,2,2,5,
Gupta,3,9,2,2,5,
Lars1,3,9,4,4,5,
Lars2,3,9,4,4,5,
Lis,3,9,4,4,5,
Gupta,3,9,4,4,5,
Lars1,3,9,6,6,5,
Lars2,3,9,6,6,5,
Lis,3,9,6,6,5,
Gupta,3,9,6,6,5,
Lars1,3,9,8,8,5,
Lars2,3,9,8,8,5,
Lis,3,9,8,8,5,
Gupta,3,9,8,8,5,
Lars1,40,1000,10,10,5,
Lars2,40,1000,10,10,5,
Lis,40,1000,10,10,5,
Gupta,40,1000,10,10,5,
Lars1,40,1000,2,2,5,
Lars2,40,1000,2,2,5,106.0
Lis,40,1000,2,2,5,
Gupta,40,1000,2,2,5,
Lars1,40,1000,4,4,5,
Lars2,40,1000,4,4,5,
Lis,40,1000,4,4,5,
Gupta,40,1000,4,4,5,
Lars1,40,1000,6,6,5,
Lars2,40,1000,6,6,5,
Lis,40,1000,6,6,5,
Gupta,40,1000,6,6,5,
Lars1,40,1000,8,8,5,
Lars2,40,1000,8,8,5,
Lis,40,1000,8,8,5,
Gupta,40,1000,8,8,5,
Lars1,40,100,10,10,5,
Lars2,40,100,10,10,5,
Lis,40,100,10,10,5,
Gupta,40,100,10,10,5,
Lars1,40,100,2,2,5,
Lars2,40,100,2,2,5,175.0
Lis,40,100,2,2,5,
Gupta,40,100,2,2,5,
Lars1,40,100,4,4,5,
Lars2,40,100,4,4,5,
Lis,40,100,4,4,5,
Gupta,40,100,4,4,5,
Lars1,40,100,6,6,5,
Lars2,40,100,6,6,5,
Lis,40,100,6,6,5,
Gupta,40,100,6,6,5,
Lars1,40,100,8,8,5,
Lars2,40,100,8,8,5,
Lis,40,100,8,8,5,
Gupta,40,100,8,8,5,
Lars1,40,10,10,10,5,
Lars2,40,10,10,10,5,
Lis,40,10,10,10,5,
Gupta,40,10,10,10,5,
Lars1,40,10,2,2,5,
Lars2,40,10,2,2,5,203.0
Lis,40,10,2,2,5,
Gupta,40,10,2,2,5,
Lars1,40,10,4,4,5,
Lars2,40,10,4,4,5,
Lis,40,10,4,4,5,
Gupta,40,10,4,4,5,
Lars1,40,10,6,6,5,
Lars2,40,10,6,6,5,
Lis,40,10,6,6,5,
Gupta,40,10,6,6,5,
Lars1,40,10,8,8,5,
Lars2,40,10,8,8,5,
Lis,40,10,8,8,5,
Gupta,40,10,8,8,5,
Lars1,40,1,10,10,5,
Lars2,40,1,10,10,5,
Lis,40,1,10,10,5,
Gupta,40,1,10,10,5,
Lars1,40,1,2,2,5,
Lars2,40,1,2,2,5,61.0
Lis,40,1,2,2,5,
Gupta,40,1,2,2,5,
Lars1,40,1,4,4,5,
Lars2,40,1,4,4,5,
Lis,40,1,4,4,5,
Gupta,40,1,4,4,5,
Lars1,40,1,6,6,5,
Lars2,40,1,6,6,5,
Lis,40,1,6,6,5,
Gupta,40,1,6,6,5,
Lars1,40,1,8,8,5,
Lars2,40,1,8,8,5,
Lis,40,1,8,8,5,
Gupta,40,1,8,8,5,
Lars1,40,20,10,10,5,
Lars2,40,20,10,10,5,
Lis,40,20,10,10,5,
Gupta,40,20,10,10,5,
Lars1,40,20,2,2,5,
Lars2,40,20,2,2,5,69.0
Lis,40,20,2,2,5,
Gupta,40,20,2,2,5,
Lars1,40,20,4,4,5,
Lars2,40,20,4,4,5,
Lis,40,20,4,4,5,
Gupta,40,20,4,4,5,
Lars1,40,20,6,6,5,
Lars2,40,20,6,6,5,
Lis,40,20,6,6,5,
Gupta,40,20,6,6,5,
Lars1,40,20,8,8,5,
Lars2,40,20,8,8,5,
Lis,40,20,8,8,5,
Gupta,40,20,8,8,5,
Lars1,40,2,10,10,5,
Lars2,40,2,10,10,5,
Lis,40,2,10,10,5,
Gupta,40,2,10,10,5,
Lars1,40,2,2,2,5,
Lars2,40,2,2,2,5,87.0
Lis,40,2,2,2,5,
Gupta,40,2,2,2,5,
Lars1,40,2,4,4,5,
Lars2,40,2,4,4,5,
Lis,40,2,4,4,5,
Gupta,40,2,4,4,5,
Lars1,40,2,6,6,5,
Lars2,40,2,6,6,5,
Lis,40,2,6,6,5,
Gupta,40,2,6,6,5,
Lars1,40,2,8,8,5,
Lars2,40,2,8,8,5,
Lis,40,2,8,8,5,
Gupta,40,2,8,8,5,
Lars1,40,3,10,10,5,
Lars2,40,3,10,10,5,
Lis,40,3,10,10,5,
Gupta,40,3,10,10,5,
Lars1,40,3,2,2,5,
Lars2,40,3,2,2,5,58.0
Lis,40,3,2,2,5,
Gupta,40,3,2,2,5,
Lars1,40,3,4,4,5,
Lars2,40,3,4,4,5,
Lis,40,3,4,4,5,
Gupta,40,3,4,4,5,
Lars1,40,3,6,6,5,
Lars2,40,3,6,6,5,
Lis,40,3,6,6,5,
Gupta,40,3,6,6,5,
Lars1,40,3,8,8,5,
Lars2,40,3,8,8,5,
Lis,40,3,8,8,5,
Gupta,40,3,8,8,5,
Lars1,40,40,10,10,5,
Lars2,40,40,10,10,5,
Lis,40,40,10,10,5,
Gupta,40,40,10,10,5,
Lars1,40,40,2,2,5,
Lars2,40,40,2,2,5,68.0
Lis,40,40,2,2,5,
Gupta,40,40,2,2,5,
Lars1,40,40,4,4,5,
Lars2,40,40,4,4,5,
Lis,40,40,4,4,5,
Gupta,40,40,4,4,5,
Lars1,40,40,6,6,5,
Lars2,40,40,6,6,5,
Lis,40,40,6,6,5,
Gupta,40,40,6,6,5,
Lars1,40,40,8,8,5,
Lars2,40,40,8,8,5,
Lis,40,40,8,8,5,
Gupta,40,40,8,8,5,
Lars1,40,4,10,10,5,
Lars2,40,4,10,10,5,
Lis,40,4,10,10,5,
Gupta,40,4,10,10,5,
Lars1,40,4,2,2,5,
Lars2,40,4,2,2,5,69.0
Lis,40,4,2,2,5,
Gupta,40,4,2,2,5,
Lars1,40,4,4,4,5,
Lars2,40,4,4,4,5,
Lis,40,4,4,4,5,
Gupta,40,4,4,4,5,
Lars1,40,4,6,6,5,
Lars2,40,4,6,6,5,
Lis,40,4,6,6,5,
Gupta,40,4,6,6,5,
Lars1,40,4,8,8,5,
Lars2,40,4,8,8,5,
Lis,40,4,8,8,5,
Gupta,40,4,8,8,5,
Lars1,40,500,10,10,5,
Lars2,40,500,10,10,5,
Lis,40,500,10,10,5,
Gupta,40,500,10,10,5,
Lars1,40,500,2,2,5,
Lars2,40,500,2,2,5,83.0
Lis,40,500,2,2,5,
Gupta,40,500,2,2,5,
Lars1,40,500,4,4,5,
Lars2,40,500,4,4,5,
Lis,40,500,4,4,5,
Gupta,40,500,4,4,5,
Lars1,40,500,6,6,5,
Lars2,40,500,6,6,5,
Lis,40,500,6,6,5,
Gupta,40,500,6,6,5,
Lars1,40,500,8,8,5,
Lars2,40,500,8,8,5,
Lis,40,500,8,8,5,
Gupta,40,500,8,8,5,
Lars1,40,5,10,10,5,
Lars2,40,5,10,10,5,
Lis,40,5,10,10,5,
Gupta,40,5,10,10,5,
Lars1,40,5,2,2,5,
Lars2,40,5,2,2,5,85.0
Lis,40,5,2,2,5,
Gupta,40,5,2,2,5,
Lars1,40,5,4,4,5,
Lars2,40,5,4,4,5,
Lis,40,5,4,4,5,
Gupta,40,5,4,4,5,
Lars1,40,5,6,6,5,
Lars2,40,5,6,6,5,
Lis,40,5,6,6,5,
Gupta,40,5,6,6,5,
Lars1,40,5,8,8,5,
Lars2,40,5,8,8,5,
Lis,40,5,8,8,5,
Gupta,40,5,8,8,5,
Lars1,40,60,10,10,5,
Lars2,40,60,10,10,5,
Lis,40,60,10,10,5,
Gupta,40,60,10,10,5,
Lars1,40,60,2,2,5,
Lars2,40,60,2,2,5,69.0
Lis,40,60,2,2,5,
Gupta,40,60,2,2,5,
Lars1,40,60,4,4,5,
Lars2,40,60,4,4,5,
Lis,40,60,4,4,5,
Gupta,40,60,4,4,5,
Lars1,40,60,6,6,5,
Lars2,40,60,6,6,5,
Lis,40,60,6,6,5,
Gupta,40,60,6,6,5,
Lars1,40,60,8,8,5,
Lars2,40,60,8,8,5,
Lis,40,60,8,8,5,
Gupta,40,60,8,8,5,
Lars1,40,6,10,10,5,
Lars2,40,6,10,10,5,
Lis,40,6,10,10,5,
Gupta,40,6,10,10,5,
Lars1,40,6,2,2,5,
Lars2,40,6,2,2,5,67.0
Lis,40,6,2,2,5,
Gupta,40,6,2,2,5,
Lars1,40,6,4,4,5,
Lars2,40,6,4,4,5,
Lis,40,6,4,4,5,
Gupta,40,6,4,4,5,
Lars1,40,6,6,6,5,
Lars2,40,6,6,6,5,
Lis,40,6,6,6,5,
Gupta,40,6,6,6,5,
Lars1,40,6,8,8,5,
Lars2,40,6,8,8,5,
Lis,40,6,8,8,5,
Gupta,40,6,8,8,5,
Lars1,40,7,10,10,5,
Lars2,40,7,10,10,5,
Lis,40,7,10,10,5,
Gupta,40,7,10,10,5,
Lars1,40,7,2,2,5,
Lars2,40,7,2,2,5,72.0
Lis,40,7,2,2,5,
Gupta,40,7,2,2,5,
Lars1,40,7,4,4,5,
Lars2,40,7,4,4,5,
Lis,40,7,4,4,5,
Gupta,40,7,4,4,5,
Lars1,40,7,6,6,5,
Lars2,40,7,6,6,5,
Lis,40,7,6,6,5,
Gupta,40,7,6,6,5,
Lars1,40,7,8,8,5,
Lars2,40,7,8,8,5,
Lis,40,7,8,8,5,
Gupta,40,7,8,8,5,
Lars1,40,80,10,10,5,
Lars2,40,80,10,10,5,
Lis,40,80,10,10,5,
Gupta,40,80,10,10,5,
Lars1,40,80,2,2,5,
Lars2,40,80,2,2,5,97.0
Lis,40,80,2,2,5,
Gupta,40,80,2,2,5,
Lars1,40,80,4,4,5,
Lars2,40,80,4,4,5,
Lis,40,80,4,4,5,
Gupta,40,80,4,4,5,
Lars1,40,80,6,6,5,
Lars2,40,80,6,6,5,
Lis,40,80,6,6,5,
Gupta,40,80,6,6,5,
Lars1,40,80,8,8,5,
Lars2,40,80,8,8,5,
Lis,40,80,8,8,5,
Gupta,40,80,8,8,5,
Lars1,40,8,10,10,5,
Lars2,40,8,10,10,5,
Lis,40,8,10,10,5,
Gupta,40,8,10,10,5,
Lars1,40,8,2,2,5,
Lars2,40,8,2,2,5,73.0
Lis,40,8,2,2,5,
Gupta,40,8,2,2,5,
Lars1,40,8,4,4,5,
Lars2,40,8,4,4,5,
Lis,40,8,4,4,5,
Gupta,40,8,4,4,5,
Lars1,40,8,6,6,5,
Lars2,40,8,6,6,5,
Lis,40,8,6,6,5,
Gupta,40,8,6,6,5,
Lars1,40,8,8,8,5,
Lars2,40,8,8,8,5,
Lis,40,8,8,8,5,
Gupta,40,8,8,8,5,
Lars1,40,9,10,10,5,
Lars2,40,9,10,10,5,
Lis,40,9,10,10,5,
Gupta,40,9,10,10,5,
Lars1,40,9,2,2,5,
Lars2,40,9,2,2,5,67.0
Lis,40,9,2,2,5,
Gupta,40,9,2,2,5,
Lars1,40,9,4,4,5,
Lars2,40,9,4,4,5,
Lis,40,9,4,4,5,
Gupta,40,9,4,4,5,
Lars1,40,9,6,6,5,
Lars2,40,9,6,6,5,
Lis,40,9,6,6,5,
Gupta,40,9,6,6,5,
Lars1,40,9,8,8,5,
Lars2,40,9,8,8,5,
Lis,40,9,8,8,5,
Gupta,40,9,8,8,5,
Lars1,4,1000,10,10,5,
Lars2,4,1000,10,10,5,
Lis,4,1000,10,10,5,
Gupta,4,1000,10,10,5,
Lars1,4,1000,2,2,5,
Lars2,4,1000,2,2,5,444.0
Lis,4,1000,2,2,5,
Gupta,4,1000,2,2,5,
Lars1,4,1000,4,4,5,
Lars2,4,1000,4,4,5,
Lis,4,1000,4,4,5,
Gupta,4,1000,4,4,5,
Lars1,4,1000,6,6,5,
Lars2,4,1000,6,6,5,
Lis,4,1000,6,6,5,
Gupta,4,1000,6,6,5,
Lars1,4,1000,8,8,5,
Lars2,4,1000,8,8,5,
Lis,4,1000,8,8,5,
Gupta,4,1000,8,8,5,
Lars1,4,100,10,10,5,
Lars2,4,100,10,10,5,
Lis,4,100,10,10,5,
Gupta,4,100,10,10,5,
Lars1,4,100,2,2,5,
Lars2,4,100,2,2,5,75.0
Lis,4,100,2,2,5,
Gupta,4,100,2,2,5,
Lars1,4,100,4,4,5,
Lars2,4,100,4,4,5,
Lis,4,100,4,4,5,
Gupta,4,100,4,4,5,
Lars1,4,100,6,6,5,
Lars2,4,100,6,6,5,
Lis,4,100,6,6,5,
Gupta,4,100,6,6,5,
Lars1,4,100,8,8,5,
Lars2,4,100,8,8,5,
Lis,4,100,8,8,5,
Gupta,4,100,8,8,5,
Lars1,4,10,10,10,5,
Lars2,4,10,10,10,5,
Lis,4,10,10,10,5,
Gupta,4,10,10,10,5,
Lars1,4,10,2,2,5,
Lars2,4,10,2,2,5,75.0
Lis,4,10,2,2,5,
Gupta,4,10,2,2,5,
Lars1,4,10,4,4,5,
Lars2,4,10,4,4,5,
Lis,4,10,4,4,5,
Gupta,4,10,4,4,5,
Lars1,4,10,6,6,5,
Lars2,4,10,6,6,5,
Lis,4,10,6,6,5,
Gupta,4,10,6,6,5,
Lars1,4,10,8,8,5,
Lars2,4,10,8,8,5,
Lis,4,10,8,8,5,
Gupta,4,10,8,8,5,
Lars1,4,1,10,10,5,
Lars2,4,1,10,10,5,
Lis,4,1,10,10,5,
Gupta,4,1,10,10,5,
Lars1,4,1,2,2,5,
Lars2,4,1,2,2,5,83.0
Lis,4,1,2,2,5,
Gupta,4,1,2,2,5,
Lars1,4,1,4,4,5,
Lars2,4,1,4,4,5,
Lis,4,1,4,4,5,
Gupta,4,1,4,4,5,
Lars1,4,1,6,6,5,
Lars2,4,1,6,6,5,
Lis,4,1,6,6,5,
Gupta,4,1,6,6,5,
Lars1,4,1,8,8,5,
Lars2,4,1,8,8,5,
Lis,4,1,8,8,5,
Gupta,4,1,8,8,5,
Lars1,4,20,10,10,5,
Lars2,4,20,10,10,5,
Lis,4,20,10,10,5,
Gupta,4,20,10,10,5,
Lars1,4,20,2,2,5,
Lars2,4,20,2,2,5,51.0
Lis,4,20,2,2,5,
Gupta,4,20,2,2,5,
Lars1,4,20,4,4,5,
Lars2,4,20,4,4,5,
Lis,4,20,4,4,5,
Gupta,4,20,4,4,5,
Lars1,4,20,6,6,5,
Lars2,4,20,6,6,5,
Lis,4,20,6,6,5,
Gupta,4,20,6,6,5,
Lars1,4,20,8,8,5,
Lars2,4,20,8,8,5,
Lis,4,20,8,8,5,
Gupta,4,20,8,8,5,
Lars1,4,2,10,10,5,
Lars2,4,2,10,10,5,
Lis,4,2,10,10,5,
Gupta,4,2,10,10,5,
Lars1,4,2,2,2,5,
Lars2,4,2,2,2,5,77.0
Lis,4,2,2,2,5,
Gupta,4,2,2,2,5,
Lars1,4,2,4,4,5,
Lars2,4,2,4,4,5,
Lis,4,2,4,4,5,
Gupta,4,2,4,4,5,
Lars1,4,2,6,6,5,
Lars2,4,2,6,6,5,
Lis,4,2,6,6,5,
Gupta,4,2,6,6,5,
Lars1,4,2,8,8,5,
Lars2,4,2,8,8,5,
Lis,4,2,8,8,5,
Gupta,4,2,8,8,5,
Lars1,4,3,10,10,5,
Lars2,4,3,10,10,5,
Lis,4,3,10,10,5,
Gupta,4,3,10,10,5,
Lars1,4,3,2,2,5,
Lars2,4,3,2,2,5,91.0
Lis,4,3,2,2,5,
Gupta,4,3,2,2,5,
Lars1,4,3,4,4,5,
Lars2,4,3,4,4,5,
Lis,4,3,4,4,5,
Gupta,4,3,4,4,5,
Lars1,4,3,6,6,5,
Lars2,4,3,6,6,5,
Lis,4,3,6,6,5,
Gupta,4,3,6,6,5,
Lars1,4,3,8,8,5,
Lars2,4,3,8,8,5,
Lis,4,3,8,8,5,
Gupta,4,3,8,8,5,
Lars1,4,40,10,10,5,
Lars2,4,40,10,10,5,
Lis,4,40,10,10,5,
Gupta,4,40,10,10,5,
Lars1,4,40,2,2,5,
Lars2,4,40,2,2,5,57.0
Lis,4,40,2,2,5,
Gupta,4,40,2,2,5,
Lars1,4,40,4,4,5,
Lars2,4,40,4,4,5,
Lis,4,40,4,4,5,
Gupta,4,40,4,4,5,
Lars1,4,40,6,6,5,
Lars2,4,40,6,6,5,
Lis,4,40,6,6,5,
Gupta,4,40,6,6,5,
Lars1,4,40,8,8,5,
Lars2,4,40,8,8,5,
Lis,4,40,8,8,5,
Gupta,4,40,8,8,5,
Lars1,4,4,10,10,5,
Lars2,4,4,10,10,5,
Lis,4,4,10,10,5,
Gupta,4,4,10,10,5,
Lars1,4,4,2,2,5,
Lars2,4,4,2,2,5,71.0
Lis,4,4,2,2,5,
Gupta,4,4,2,2,5,
Lars1,4,4,4,4,5,
Lars2,4,4,4,4,5,
Lis,4,4,4,4,5,
Gupta,4,4,4,4,5,
Lars1,4,4,6,6,5,
Lars2,4,4,6,6,5,
Lis,4,4,6,6,5,
Gupta,4,4,6,6,5,
Lars1,4,4,8,8,5,
Lars2,4,4,8,8,5,
Lis,4,4,8,8,5,
Gupta,4,4,8,8,5,
Lars1,4,500,10,10,5,
Lars2,4,500,10,10,5,
Lis,4,500,10,10,5,
Gupta,4,500,10,10,5,
Lars1,4,500,2,2,5,
Lars2,4,500,2,2,5,201.0
Lis,4,500,2,2,5,
Gupta,4,500,2,2,5,
Lars1,4,500,4,4,5,
Lars2,4,500,4,4,5,
Lis,4,500,4,4,5,
Gupta,4,500,4,4,5,
Lars1,4,500,6,6,5,
Lars2,4,500,6,6,5,
Lis,4,500,6,6,5,
Gupta,4,500,6,6,5,
Lars1,4,500,8,8,5,
Lars2,4,500,8,8,5,
Lis,4,500,8,8,5,
Gupta,4,500,8,8,5,
Lars1,4,5,10,10,5,
Lars2,4,5,10,10,5,
Lis,4,5,10,10,5,
Gupta,4,5,10,10,5,
Lars1,4,5,2,2,5,
Lars2,4,5,2,2,5,65.0
Lis,4,5,2,2,5,
Gupta,4,5,2,2,5,
Lars1,4,5,4,4,5,
Lars2,4,5,4,4,5,
Lis,4,5,4,4,5,
Gupta,4,5,4,4,5,
Lars1,4,5,6,6,5,
Lars2,4,5,6,6,5,
Lis,4,5,6,6,5,
Gupta,4,5,6,6,5,
Lars1,4,5,8,8,5,
Lars2,4,5,8,8,5,
Lis,4,5,8,8,5,
Gupta,4,5,8,8,5,
Lars1,4,60,10,10,5,
Lars2,4,60,10,10,5,
Lis,4,60,10,10,5,
Gupta,4,60,10,10,5,
Lars1,4,60,2,2,5,
Lars2,4,60,2,2,5,82.0
Lis,4,60,2,2,5,
Gupta,4,60,2,2,5,
Lars1,4,60,4,4,5,
Lars2,4,60,4,4,5,
Lis,4,60,4,4,5,
Gupta,4,60,4,4,5,
Lars1,4,60,6,6,5,
Lars2,4,60,6,6,5,
Lis,4,60,6,6,5,
Gupta,4,60,6,6,5,
Lars1,4,60,8,8,5,
Lars2,4,60,8,8,5,
Lis,4,60,8,8,5,
Gupta,4,60,8,8,5,
Lars1,4,6,10,10,5,
Lars2,4,6,10,10,5,
Lis,4,6,10,10,5,
Gupta,4,6,10,10,5,
Lars1,4,6,2,2,5,
Lars2,4,6,2,2,5,75.0
Lis,4,6,2,2,5,
Gupta,4,6,2,2,5,
Lars1,4,6,4,4,5,
Lars2,4,6,4,4,5,
Lis,4,6,4,4,5,
Gupta,4,6,4,4,5,
Lars1,4,6,6,6,5,
Lars2,4,6,6,6,5,
Lis,4,6,6,6,5,
Gupta,4,6,6,6,5,
Lars1,4,6,8,8,5,
Lars2,4,6,8,8,5,
Lis,4,6,8,8,5,
Gupta,4,6,8,8,5,
Lars1,4,7,10,10,5,
Lars2,4,7,10,10,5,
Lis,4,7,10,10,5,
Gupta,4,7,10,10,5,
Lars1,4,7,2,2,5,
Lars2,4,7,2,2,5,68.0
Lis,4,7,2,2,5,
Gupta,4,7,2,2,5,
Lars1,4,7,4,4,5,
Lars2,4,7,4,4,5,
Lis,4,7,4,4,5,
Gupta,4,7,4,4,5,
Lars1,4,7,6,6,5,
Lars2,4,7,6,6,5,
Lis,4,7,6,6,5,
Gupta,4,7,6,6,5,
Lars1,4,7,8,8,5,
Lars2,4,7,8,8,5,
Lis,4,7,8,8,5,
Gupta,4,7,8,8,5,
Lars1,4,80,10,10,5,
Lars2,4,80,10,10,5,
Lis,4,80,10,10,5,
Gupta,4,80,10,10,5,
Lars1,4,80,2,2,5,
Lars2,4,80,2,2,5,94.0
Lis,4,80,2,2,5,
Gupta,4,80,2,2,5,
Lars1,4,80,4,4,5,
Lars2,4,80,4,4,5,
Lis,4,80,4,4,5,
Gupta,4,80,4,4,5,
Lars1,4,80,6,6,5,
Lars2,4,80,6,6,5,
Lis,4,80,6,6,5,
Gupta,4,80,6,6,5,
Lars1,4,80,8,8,5,
Lars2,4,80,8,8,5,
Lis,4,80,8,8,5,
Gupta,4,80,8,8,5,
Lars1,4,8,10,10,5,
Lars2,4,8,10,10,5,
Lis,4,8,10,10,5,
Gupta,4,8,10,10,5,
Lars1,4,8,2,2,5,
Lars2,4,8,2,2,5,75.0
Lis,4,8,2,2,5,
Gupta,4,8,2,2,5,
Lars1,4,8,4,4,5,
Lars2,4,8,4,4,5,
Lis,4,8,4,4,5,
Gupta,4,8,4,4,5,
Lars1,4,8,6,6,5,
Lars2,4,8,6,6,5,
Lis,4,8,6,6,5,
Gupta,4,8,6,6,5,
Lars1,4,8,8,8,5,
Lars2,4,8,8,8,5,
Lis,4,8,8,8,5,
Gupta,4,8,8,8,5,
Lars1,4,9,10,10,5,
Lars2,4,9,10,10,5,
Lis,4,9,10,10,5,
Gupta,4,9,10,10,5,
Lars1,4,9,2,2,5,
Lars2,4,9,2,2,5,62.0
Lis,4,9,2,2,5,
Gupta,4,9,2,2,5,
Lars1,4,9,4,4,5,
Lars2,4,9,4,4,5,
Lis,4,9,4,4,5,
Gupta,4,9,4,4,5,
Lars1,4,9,6,6,5,
Lars2,4,9,6,6,5,
Lis,4,9,6,6,5,
Gupta,4,9,6,6,5,
Lars1,4,9,8,8,5,
Lars2,4,9,8,8,5,
Lis,4,9,8,8,5,
Gupta,4,9,8,8,5,
Lars1,500,1000,10,10,5,
Lars2,500,1000,10,10,5,
Lis,500,1000,10,10,5,
Gupta,500,1000,10,10,5,
Lars1,500,1000,2,2,5,
Lars2,500,1000,2,2,5,73.0
Lis,500,1000,2,2,5,
Gupta,500,1000,2,2,5,
Lars1,500,1000,4,4,5,
Lars2,500,1000,4,4,5,
Lis,500,1000,4,4,5,
Gupta,500,1000,4,4,5,
Lars1,500,1000,6,6,5,
Lars2,500,1000,6,6,5,
Lis,500,1000,6,6,5,
Gupta,500,1000,6,6,5,
Lars1,500,1000,8,8,5,
Lars2,500,1000,8,8,5,
Lis,500,1000,8,8,5,
Gupta,500,1000,8,8,5,
Lars1,500,100,10,10,5,
Lars2,500,100,10,10,5,
Lis,500,100,10,10,5,
Gupta,500,100,10,10,5,
Lars1,500,100,2,2,5,
Lars2,500,100,2,2,5,73.0
Lis,500,100,2,2,5,
Gupta,500,100,2,2,5,
Lars1,500,100,4,4,5,
Lars2,500,100,4,4,5,
Lis,500,100,4,4,5,
Gupta,500,100,4,4,5,
Lars1,500,100,6,6,5,
Lars2,500,100,6,6,5,
Lis,500,100,6,6,5,
Gupta,500,100,6,6,5,
Lars1,500,100,8,8,5,
Lars2,500,100,8,8,5,
Lis,500,100,8,8,5,
Gupta,500,100,8,8,5,
Lars1,500,10,10,10,5,
Lars2,500,10,10,10,5,
Lis,500,10,10,10,5,
Gupta,500,10,10,10,5,
Lars1,500,10,2,2,5,
Lars2,500,10,2,2,5,71.0
Lis,500,10,2,2,5,
Gupta,500,10,2,2,5,
Lars1,500,10,4,4,5,
Lars2,500,10,4,4,5,
Lis,500,10,4,4,5,
Gupta,500,10,4,4,5,
Lars1,500,10,6,6,5,
Lars2,500,10,6,6,5,
Lis,500,10,6,6,5,
Gupta,500,10,6,6,5,
Lars1,500,10,8,8,5,
Lars2,500,10,8,8,5,
Lis,500,10,8,8,5,
Gupta,500,10,8,8,5,
Lars1,500,1,10,10,5,
Lars2,500,1,10,10,5,
Lis,500,1,10,10,5,
Gupta,500,1,10,10,5,
Lars1,500,1,2,2,5,
Lars2,500,1,2,2,5,77.0
Lis,500,1,2,2,5,
Gupta,500,1,2,2,5,
Lars1,500,1,4,4,5,
Lars2,500,1,4,4,5,
Lis,500,1,4,4,5,
Gupta,500,1,4,4,5,
Lars1,500,1,6,6,5,
Lars2,500,1,6,6,5,
Lis,500,1,6,6,5,
Gupta,500,1,6,6,5,
Lars1,500,1,8,8,5,
Lars2,500,1,8,8,5,
Lis,500,1,8,8,5,
Gupta,500,1,8,8,5,
Lars1,500,20,10,10,5,
Lars2,500,20,10,10,5,
Lis,500,20,10,10,5,
Gupta,500,20,10,10,5,
Lars1,500,20,2,2,5,
Lars2,500,20,2,2,5,79.0
Lis,500,20,2,2,5,
Gupta,500,20,2,2,5,
Lars1,500,20,4,4,5,
Lars2,500,20,4,4,5,
Lis,500,20,4,4,5,
Gupta,500,20,4,4,5,
Lars1,500,20,6,6,5,
Lars2,500,20,6,6,5,
Lis,500,20,6,6,5,
Gupta,500,20,6,6,5,
Lars1,500,20,8,8,5,
Lars2,500,20,8,8,5,
Lis,500,20,8,8,5,
Gupta,500,20,8,8,5,
Lars1,500,2,10,10,5,
Lars2,500,2,10,10,5,
Lis,500,2,10,10,5,
Gupta,500,2,10,10,5,
Lars1,500,2,2,2,5,
Lars2,500,2,2,2,5,77.0
Lis,500,2,2,2,5,
Gupta,500,2,2,2,5,
Lars1,500,2,4,4,5,
Lars2,500,2,4,4,5,
Lis,500,2,4,4,5,
Gupta,500,2,4,4,5,
Lars1,500,2,6,6,5,
Lars2,500,2,6,6,5,
Lis,500,2,6,6,5,
Gupta,500,2,6,6,5,
Lars1,500,2,8,8,5,
Lars2,500,2,8,8,5,
Lis,500,2,8,8,5,
Gupta,500,2,8,8,5,
Lars1,500,3,10,10,5,
Lars2,500,3,10,10,5,
Lis,500,3,10,10,5,
Gupta,500,3,10,10,5,
Lars1,500,3,2,2,5,
Lars2,500,3,2,2,5,75.0
Lis,500,3,2,2,5,
Gupta,500,3,2,2,5,
Lars1,500,3,4,4,5,
Lars2,500,3,4,4,5,
Lis,500,3,4,4,5,
Gupta,500,3,4,4,5,
Lars1,500,3,6,6,5,
Lars2,500,3,6,6,5,
Lis,500,3,6,6,5,
Gupta,500,3,6,6,5,
Lars1,500,3,8,8,5,
Lars2,500,3,8,8,5,
Lis,500,3,8,8,5,
Gupta,500,3,8,8,5,
Lars1,500,40,10,10,5,
Lars2,500,40,10,10,5,
Lis,500,40,10,10,5,
Gupta,500,40,10,10,5,
Lars1,500,40,2,2,5,
Lars2,500,40,2,2,5,70.0
Lis,500,40,2,2,5,
Gupta,500,40,2,2,5,
Lars1,500,40,4,4,5,
Lars2,500,40,4,4,5,
Lis,500,40,4,4,5,
Gupta,500,40,4,4,5,
Lars1,500,40,6,6,5,
Lars2,500,40,6,6,5,
Lis,500,40,6,6,5,
Gupta,500,40,6,6,5,
Lars1,500,40,8,8,5,
Lars2,500,40,8,8,5,
Lis,500,40,8,8,5,
Gupta,500,40,8,8,5,
Lars1,500,4,10,10,5,
Lars2,500,4,10,10,5,
Lis,500,4,10,10,5,
Gupta,500,4,10,10,5,
Lars1,500,4,2,2,5,
Lars2,500,4,2,2,5,71.0
Lis,500,4,2,2,5,
Gupta,500,4,2,2,5,
Lars1,500,4,4,4,5,
Lars2,500,4,4,4,5,
Lis,500,4,4,4,5,
Gupta,500,4,4,4,5,
Lars1,500,4,6,6,5,
Lars2,500,4,6,6,5,
Lis,500,4,6,6,5,
Gupta,500,4,6,6,5,
Lars1,500,4,8,8,5,
Lars2,500,4,8,8,5,
Lis,500,4,8,8,5,
Gupta,500,4,8,8,5,
Lars1,500,500,10,10,5,
Lars2,500,500,10,10,5,
Lis,500,500,10,10,5,
Gupta,500,500,10,10,5,
Lars1,500,500,2,2,5,
Lars2,500,500,2,2,5,86.0
Lis,500,500,2,2,5,
Gupta,500,500,2,2,5,
Lars1,500,500,4,4,5,
Lars2,500,500,4,4,5,
Lis,500,500,4,4,5,
Gupta,500,500,4,4,5,
Lars1,500,500,6,6,5,
Lars2,500,500,6,6,5,
Lis,500,500,6,6,5,
Gupta,500,500,6,6,5,
Lars1,500,500,8,8,5,
Lars2,500,500,8,8,5,
Lis,500,500,8,8,5,
Gupta,500,500,8,8,5,
Lars1,500,5,10,10,5,
Lars2,500,5,10,10,5,
Lis,500,5,10,10,5,
Gupta,500,5,10,10,5,
Lars1,500,5,2,2,5,
Lars2,500,5,2,2,5,70.0
Lis,500,5,2,2,5,
Gupta,500,5,2,2,5,
Lars1,500,5,4,4,5,
Lars2,500,5,4,4,5,
Lis,500,5,4,4,5,
Gupta,500,5,4,4,5,
Lars1,500,5,6,6,5,
Lars2,500,5,6,6,5,
Lis,500,5,6,6,5,
Gupta,500,5,6,6,5,
Lars1,500,5,8,8,5,
Lars2,500,5,8,8,5,
Lis,500,5,8,8,5,
Gupta,500,5,8,8,5,
Lars1,500,60,10,10,5,
Lars2,500,60,10,10,5,
Lis,500,60,10,10,5,
Gupta,500,60,10,10,5,
Lars1,500,60,2,2,5,
Lars2,500,60,2,2,5,78.0
Lis,500,60,2,2,5,
Gupta,500,60,2,2,5,
Lars1,500,60,4,4,5,
Lars2,500,60,4,4,5,
Lis,500,60,4,4,5,
Gupta,500,60,4,4,5,
Lars1,500,60,6,6,5,
Lars2,500,60,6,6,5,
Lis,500,60,6,6,5,
Gupta,500,60,6,6,5,
Lars1,500,60,8,8,5,
Lars2,500,60,8,8,5,
Lis,500,60,8,8,5,
Gupta,500,60,8,8,5,
Lars1,500,6,10,10,5,
Lars2,500,6,10,10,5,
Lis,500,6,10,10,5,
Gupta,500,6,10,10,5,
Lars1,500,6,2,2,5,
Lars2,500,6,2,2,5,70.0
Lis,500,6,2,2,5,
Gupta,500,6,2,2,5,
Lars1,500,6,4,4,5,
Lars2,500,6,4,4,5,
Lis,500,6,4,4,5,
Gupta,500,6,4,4,5,
Lars1,500,6,6,6,5,
Lars2,500,6,6,6,5,
Lis,500,6,6,6,5,
Gupta,500,6,6,6,5,
Lars1,500,6,8,8,5,
Lars2,500,6,8,8,5,
Lis,500,6,8,8,5,
Gupta,500,6,8,8,5,
Lars1,500,7,10,10,5,
Lars2,500,7,10,10,5,
Lis,500,7,10,10,5,
Gupta,500,7,10,10,5,
Lars1,500,7,2,2,5,
Lars2,500,7,2,2,5,66.0
Lis,500,7,2,2,5,
Gupta,500,7,2,2,5,
Lars1,500,7,4,4,5,
Lars2,500,7,4,4,5,
Lis,500,7,4,4,5,
Gupta,500,7,4,4,5,
Lars1,500,7,6,6,5,
Lars2,500,7,6,6,5,
Lis,500,7,6,6,5,
Gupta,500,7,6,6,5,
Lars1,500,7,8,8,5,
Lars2,500,7,8,8,5,
Lis,500,7,8,8,5,
Gupta,500,7,8,8,5,
Lars1,500,80,10,10,5,
Lars2,500,80,10,10,5,
Lis,500,80,10,10,5,
Gupta,500,80,10,10,5,
Lars1,500,80,2,2,5,
Lars2,500,80,2,2,5,74.0
Lis,500,80,2,2,5,
Gupta,500,80,2,2,5,
Lars1,500,80,4,4,5,
Lars2,500,80,4,4,5,
Lis,500,80,4,4,5,
Gupta,500,80,4,4,5,
Lars1,500,80,6,6,5,
Lars2,500,80,6,6,5,
Lis,500,80,6,6,5,
Gupta,500,80,6,6,5,
Lars1,500,80,8,8,5,
Lars2,500,80,8,8,5,
Lis,500,80,8,8,5,
Gupta,500,80,8,8,5,
Lars1,500,8,10,10,5,
Lars2,500,8,10,10,5,
Lis,500,8,10,10,5,
Gupta,500,8,10,10,5,
Lars1,500,8,2,2,5,
Lars2,500,8,2,2,5,54.0
Lis,500,8,2,2,5,
Gupta,500,8,2,2,5,
Lars1,500,8,4,4,5,
Lars2,500,8,4,4,5,
Lis,500,8,4,4,5,
Gupta,500,8,4,4,5,
Lars1,500,8,6,6,5,
Lars2,500,8,6,6,5,
Lis,500,8,6,6,5,
Gupta,500,8,6,6,5,
Lars1,500,8,8,8,5,
Lars2,500,8,8,8,5,
Lis,500,8,8,8,5,
Gupta,500,8,8,8,5,
Lars1,500,9,10,10,5,
Lars2,500,9,10,10,5,
Lis,500,9,10,10,5,
Gupta,500,9,10,10,5,
Lars1,500,9,2,2,5,
Lars2,500,9,2,2,5,69.0
Lis,500,9,2,2,5,
Gupta,500,9,2,2,5,
Lars1,500,9,4,4,5,
Lars2,500,9,4,4,5,
Lis,500,9,4,4,5,
Gupta,500,9,4,4,5,
Lars1,500,9,6,6,5,
Lars2,500,9,6,6,5,
Lis,500,9,6,6,5,
Gupta,500,9,6,6,5,
Lars1,500,9,8,8,5,
Lars2,500,9,8,8,5,
Lis,500,9,8,8,5,
Gupta,500,9,8,8,5,
Lars1,5,1000,10,10,5,
Lars2,5,1000,10,10,5,
Lis,5,1000,10,10,5,
Gupta,5,1000,10,10,5,
Lars1,5,1000,2,2,5,
Lars2,5,1000,2,2,5,516.0
Lis,5,1000,2,2,5,
Gupta,5,1000,2,2,5,
Lars1,5,1000,4,4,5,
Lars2,5,1000,4,4,5,
Lis,5,1000,4,4,5,
Gupta,5,1000,4,4,5,
Lars1,5,1000,6,6,5,
Lars2,5,1000,6,6,5,
Lis,5,1000,6,6,5,
Gupta,5,1000,6,6,5,
Lars1,5,1000,8,8,5,
Lars2,5,1000,8,8,5,
Lis,5,1000,8,8,5,
Gupta,5,1000,8,8,5,
Lars1,5,100,10,10,5,
Lars2,5,100,10,10,5,
Lis,5,100,10,10,5,
Gupta,5,100,10,10,5,
Lars1,5,100,2,2,5,
Lars2,5,100,2,2,5,71.0
Lis,5,100,2,2,5,
Gupta,5,100,2,2,5,
Lars1,5,100,4,4,5,
Lars2,5,100,4,4,5,
Lis,5,100,4,4,5,
Gupta,5,100,4,4,5,
Lars1,5,100,6,6,5,
Lars2,5,100,6,6,5,
Lis,5,100,6,6,5,
Gupta,5,100,6,6,5,
Lars1,5,100,8,8,5,
Lars2,5,100,8,8,5,
Lis,5,100,8,8,5,
Gupta,5,100,8,8,5,
Lars1,5,10,10,10,5,
Lars2,5,10,10,10,5,
Lis,5,10,10,10,5,
Gupta,5,10,10,10,5,
Lars1,5,10,2,2,5,
Lars2,5,10,2,2,5,87.0
Lis,5,10,2,2,5,
Gupta,5,10,2,2,5,
Lars1,5,10,4,4,5,
Lars2,5,10,4,4,5,
Lis,5,10,4,4,5,
Gupta,5,10,4,4,5,
Lars1,5,10,6,6,5,
Lars2,5,10,6,6,5,
Lis,5,10,6,6,5,
Gupta,5,10,6,6,5,
Lars1,5,10,8,8,5,
Lars2,5,10,8,8,5,
Lis,5,10,8,8,5,
Gupta,5,10,8,8,5,
Lars1,5,1,10,10,5,
Lars2,5,1,10,10,5,
Lis,5,1,10,10,5,
Gupta,5,1,10,10,5,
Lars1,5,1,2,2,5,
Lars2,5,1,2,2,5,66.0
Lis,5,1,2,2,5,
Gupta,5,1,2,2,5,
Lars1,5,1,4,4,5,
Lars2,5,1,4,4,5,
Lis,5,1,4,4,5,
Gupta,5,1,4,4,5,
Lars1,5,1,6,6,5,
Lars2,5,1,6,6,5,
Lis,5,1,6,6,5,
Gupta,5,1,6,6,5,
Lars1,5,1,8,8,5,
Lars2,5,1,8,8,5,
Lis,5,1,8,8,5,
Gupta,5,1,8,8,5,
Lars1,5,20,10,10,5,
Lars2,5,20,10,10,5,
Lis,5,20,10,10,5,
Gupta,5,20,10,10,5,
Lars1,5,20,2,2,5,
Lars2,5,20,2,2,5,72.0
Lis,5,20,2,2,5,
Gupta,5,20,2,2,5,
Lars1,5,20,4,4,5,
Lars2,5,20,4,4,5,
Lis,5,20,4,4,5,
Gupta,5,20,4,4,5,
Lars1,5,20,6,6,5,
Lars2,5,20,6,6,5,
Lis,5,20,6,6,5,
Gupta,5,20,6,6,5,
Lars1,5,20,8,8,5,
Lars2,5,20,8,8,5,
Lis,5,20,8,8,5,
Gupta,5,20,8,8,5,
Lars1,5,2,10,10,5,
Lars2,5,2,10,10,5,
Lis,5,2,10,10,5,
Gupta,5,2,10,10,5,
Lars1,5,2,2,2,5,
Lars2,5,2,2,2,5,83.0
Lis,5,2,2,2,5,
Gupta,5,2,2,2,5,
Lars1,5,2,4,4,5,
Lars2,5,2,4,4,5,
Lis,5,2,4,4,5,
Gupta,5,2,4,4,5,
Lars1,5,2,6,6,5,
Lars2,5,2,6,6,5,
Lis,5,2,6,6,5,
Gupta,5,2,6,6,5,
Lars1,5,2,8,8,5,
Lars2,5,2,8,8,5,
Lis,5,2,8,8,5,
Gupta,5,2,8,8,5,
Lars1,5,3,10,10,5,
Lars2,5,3,10,10,5,
Lis,5,3,10,10,5,
Gupta,5,3,10,10,5,
Lars1,5,3,2,2,5,
Lars2,5,3,2,2,5,157.0
Lis,5,3,2,2,5,
Gupta,5,3,2,2,5,
Lars1,5,3,4,4,5,
Lars2,5,3,4,4,5,
Lis,5,3,4,4,5,
Gupta,5,3,4,4,5,
Lars1,5,3,6,6,5,
Lars2,5,3,6,6,5,
Lis,5,3,6,6,5,
Gupta,5,3,6,6,5,
Lars1,5,3,8,8,5,
Lars2,5,3,8,8,5,
Lis,5,3,8,8,5,
Gupta,5,3,8,8,5,
Lars1,5,40,10,10,5,
Lars2,5,40,10,10,5,
Lis,5,40,10,10,5,
Gupta,5,40,10,10,5,
Lars1,5,40,2,2,5,
Lars2,5,40,2,2,5,66.0
Lis,5,40,2,2,5,
Gupta,5,40,2,2,5,
Lars1,5,40,4,4,5,
Lars2,5,40,4,4,5,
Lis,5,40,4,4,5,
Gupta,5,40,4,4,5,
Lars1,5,40,6,6,5,
Lars2,5,40,6,6,5,
Lis,5,40,6,6,5,
Gupta,5,40,6,6,5,
Lars1,5,40,8,8,5,
Lars2,5,40,8,8,5,
Lis,5,40,8,8,5,
Gupta,5,40,8,8,5,
Lars1,5,4,10,10,5,
Lars2,5,4,10,10,5,
Lis,5,4,10,10,5,
Gupta,5,4,10,10,5,
Lars1,5,4,2,2,5,
Lars2,5,4,2,2,5,71.0
Lis,5,4,2,2,5,
Gupta,5,4,2,2,5,
Lars1,5,4,4,4,5,
Lars2,5,4,4,4,5,
Lis,5,4,4,4,5,
Gupta,5,4,4,4,5,
Lars1,5,4,6,6,5,
Lars2,5,4,6,6,5,
Lis,5,4,6,6,5,
Gupta,5,4,6,6,5,
Lars1,5,4,8,8,5,
Lars2,5,4,8,8,5,
Lis,5,4,8,8,5,
Gupta,5,4,8,8,5,
Lars1,5,500,10,10,5,
Lars2,5,500,10,10,5,
Lis,5,500,10,10,5,
Gupta,5,500,10,10,5,
Lars1,5,500,2,2,5,
Lars2,5,500,2,2,5,246.0
Lis,5,500,2,2,5,
Gupta,5,500,2,2,5,
Lars1,5,500,4,4,5,
Lars2,5,500,4,4,5,
Lis,5,500,4,4,5,
Gupta,5,500,4,4,5,
Lars1,5,500,6,6,5,
Lars2,5,500,6,6,5,
Lis,5,500,6,6,5,
Gupta,5,500,6,6,5,
Lars1,5,500,8,8,5,
Lars2,5,500,8,8,5,
Lis,5,500,8,8,5,
Gupta,5,500,8,8,5,
Lars1,5,5,10,10,5,
Lars2,5,5,10,10,5,
Lis,5,5,10,10,5,
Gupta,5,5,10,10,5,
Lars1,5,5,2,2,5,
Lars2,5,5,2,2,5,73.0
Lis,5,5,2,2,5,
Gupta,5,5,2,2,5,
Lars1,5,5,4,4,5,
Lars2,5,5,4,4,5,
Lis,5,5,4,4,5,
Gupta,5,5,4,4,5,
Lars1,5,5,6,6,5,
Lars2,5,5,6,6,5,
Lis,5,5,6,6,5,
Gupta,5,5,6,6,5,
Lars1,5,5,8,8,5,
Lars2,5,5,8,8,5,
Lis,5,5,8,8,5,
Gupta,5,5,8,8,5,
Lars1,5,60,10,10,5,
Lars2,5,60,10,10,5,
Lis,5,60,10,10,5,
Gupta,5,60,10,10,5,
Lars1,5,60,2,2,5,
Lars2,5,60,2,2,5,72.0
Lis,5,60,2,2,5,
Gupta,5,60,2,2,5,
Lars1,5,60,4,4,5,
Lars2,5,60,4,4,5,
Lis,5,60,4,4,5,
Gupta,5,60,4,4,5,
Lars1,5,60,6,6,5,
Lars2,5,60,6,6,5,
Lis,5,60,6,6,5,
Gupta,5,60,6,6,5,
Lars1,5,60,8,8,5,
Lars2,5,60,8,8,5,
Lis,5,60,8,8,5,
Gupta,5,60,8,8,5,
Lars1,5,6,10,10,5,
Lars2,5,6,10,10,5,
Lis,5,6,10,10,5,
Gupta,5,6,10,10,5,
Lars1,5,6,2,2,5,
Lars2,5,6,2,2,5,54.0
Lis,5,6,2,2,5,
Gupta,5,6,2,2,5,
Lars1,5,6,4,4,5,
Lars2,5,6,4,4,5,
Lis,5,6,4,4,5,
Gupta,5,6,4,4,5,
Lars1,5,6,6,6,5,
Lars2,5,6,6,6,5,
Lis,5,6,6,6,5,
Gupta,5,6,6,6,5,
Lars1,5,6,8,8,5,
Lars2,5,6,8,8,5,
Lis,5,6,8,8,5,
Gupta,5,6,8,8,5,
Lars1,5,7,10,10,5,
Lars2,5,7,10,10,5,
Lis,5,7,10,10,5,
Gupta,5,7,10,10,5,
Lars1,5,7,2,2,5,
Lars2,5,7,2,2,5,71.0
Lis,5,7,2,2,5,
Gupta,5,7,2,2,5,
Lars1,5,7,4,4,5,
Lars2,5,7,4,4,5,
Lis,5,7,4,4,5,
Gupta,5,7,4,4,5,
Lars1,5,7,6,6,5,
Lars2,5,7,6,6,5,
Lis,5,7,6,6,5,
Gupta,5,7,6,6,5,
Lars1,5,7,8,8,5,
Lars2,5,7,8,8,5,
Lis,5,7,8,8,5,
Gupta,5,7,8,8,5,
Lars1,5,80,10,10,5,
Lars2,5,80,10,10,5,
Lis,5,80,10,10,5,
Gupta,5,80,10,10,5,
Lars1,5,80,2,2,5,
Lars2,5,80,2,2,5,83.0
Lis,5,80,2,2,5,
Gupta,5,80,2,2,5,
Lars1,5,80,4,4,5,
Lars2,5,80,4,4,5,
Lis,5,80,4,4,5,
Gupta,5,80,4,4,5,
Lars1,5,80,6,6,5,
Lars2,5,80,6,6,5,
Lis,5,80,6,6,5,
Gupta,5,80,6,6,5,
Lars1,5,80,8,8,5,
Lars2,5,80,8,8,5,
Lis,5,80,8,8,5,
Gupta,5,80,8,8,5,
Lars1,5,8,10,10,5,
Lars2,5,8,10,10,5,
Lis,5,8,10,10,5,
Gupta,5,8,10,10,5,
Lars1,5,8,2,2,5,
Lars2,5,8,2,2,5,69.0
Lis,5,8,2,2,5,
Gupta,5,8,2,2,5,
Lars1,5,8,4,4,5,
Lars2,5,8,4,4,5,
Lis,5,8,4,4,5,
Gupta,5,8,4,4,5,
Lars1,5,8,6,6,5,
Lars2,5,8,6,6,5,
Lis,5,8,6,6,5,
Gupta,5,8,6,6,5,
Lars1,5,8,8,8,5,
Lars2,5,8,8,8,5,
Lis,5,8,8,8,5,
Gupta,5,8,8,8,5,
Lars1,5,9,10,10,5,
Lars2,5,9,10,10,5,
Lis,5,9,10,10,5,
Gupta,5,9,10,10,5,
Lars1,5,9,2,2,5,
Lars2,5,9,2,2,5,74.0
Lis,5,9,2,2,5,
Gupta,5,9,2,2,5,
Lars1,5,9,4,4,5,
Lars2,5,9,4,4,5,
Lis,5,9,4,4,5,
Gupta,5,9,4,4,5,
Lars1,5,9,6,6,5,
Lars2,5,9,6,6,5,
Lis,5,9,6,6,5,
Gupta,5,9,6,6,5,
Lars1,5,9,8,8,5,
Lars2,5,9,8,8,5,
Lis,5,9,8,8,5,
Gupta,5,9,8,8,5,
Lars1,60,1000,10,10,5,
Lars2,60,1000,10,10,5,
Lis,60,1000,10,10,5,
Gupta,60,1000,10,10,5,
Lars1,60,1000,2,2,5,
Lars2,60,1000,2,2,5,77.0
Lis,60,1000,2,2,5,
Gupta,60,1000,2,2,5,
Lars1,60,1000,4,4,5,
Lars2,60,1000,4,4,5,
Lis,60,1000,4,4,5,
Gupta,60,1000,4,4,5,
Lars1,60,1000,6,6,5,
Lars2,60,1000,6,6,5,
Lis,60,1000,6,6,5,
Gupta,60,1000,6,6,5,
Lars1,60,1000,8,8,5,
Lars2,60,1000,8,8,5,
Lis,60,1000,8,8,5,
Gupta,60,1000,8,8,5,
Lars1,60,100,10,10,5,
Lars2,60,100,10,10,5,
Lis,60,100,10,10,5,
Gupta,60,100,10,10,5,
Lars1,60,100,2,2,5,
Lars2,60,100,2,2,5,60.0
Lis,60,100,2,2,5,
Gupta,60,100,2,2,5,
Lars1,60,100,4,4,5,
Lars2,60,100,4,4,5,
Lis,60,100,4,4,5,
Gupta,60,100,4,4,5,
Lars1,60,100,6,6,5,
Lars2,60,100,6,6,5,
Lis,60,100,6,6,5,
Gupta,60,100,6,6,5,
Lars1,60,100,8,8,5,
Lars2,60,100,8,8,5,
Lis,60,100,8,8,5,
Gupta,60,100,8,8,5,
Lars1,60,10,10,10,5,
Lars2,60,10,10,10,5,
Lis,60,10,10,10,5,
Gupta,60,10,10,10,5,
Lars1,60,10,2,2,5,
Lars2,60,10,2,2,5,70.0
Lis,60,10,2,2,5,
Gupta,60,10,2,2,5,
Lars1,60,10,4,4,5,
Lars2,60,10,4,4,5,
Lis,60,10,4,4,5,
Gupta,60,10,4,4,5,
Lars1,60,10,6,6,5,
Lars2,60,10,6,6,5,
Lis,60,10,6,6,5,
Gupta,60,10,6,6,5,
Lars1,60,10,8,8,5,
Lars2,60,10,8,8,5,
Lis,60,10,8,8,5,
Gupta,60,10,8,8,5,
Lars1,60,1,10,10,5,
Lars2,60,1,10,10,5,
Lis,60,1,10,10,5,
Gupta,60,1,10,10,5,
Lars1,60,1,2,2,5,
Lars2,60,1,2,2,5,56.0
Lis,60,1,2,2,5,
Gupta,60,1,2,2,5,
Lars1,60,1,4,4,5,
Lars2,60,1,4,4,5,
Lis,60,1,4,4,5,
Gupta,60,1,4,4,5,
Lars1,60,1,6,6,5,
Lars2,60,1,6,6,5,
Lis,60,1,6,6,5,
Gupta,60,1,6,6,5,
Lars1,60,1,8,8,5,
Lars2,60,1,8,8,5,
Lis,60,1,8,8,5,
Gupta,60,1,8,8,5,
Lars1,60,20,10,10,5,
Lars2,60,20,10,10,5,
Lis,60,20,10,10,5,
Gupta,60,20,10,10,5,
Lars1,60,20,2,2,5,
Lars2,60,20,2,2,5,85.0
Lis,60,20,2,2,5,
Gupta,60,20,2,2,5,
Lars1,60,20,4,4,5,
Lars2,60,20,4,4,5,
Lis,60,20,4,4,5,
Gupta,60,20,4,4,5,
Lars1,60,20,6,6,5,
Lars2,60,20,6,6,5,
Lis,60,20,6,6,5,
Gupta,60,20,6,6,5,
Lars1,60,20,8,8,5,
Lars2,60,20,8,8,5,
Lis,60,20,8,8,5,
Gupta,60,20,8,8,5,
Lars1,60,2,10,10,5,
Lars2,60,2,10,10,5,
Lis,60,2,10,10,5,
Gupta,60,2,10,10,5,
Lars1,60,2,2,2,5,
Lars2,60,2,2,2,5,70.0
Lis,60,2,2,2,5,
Gupta,60,2,2,2,5,
Lars1,60,2,4,4,5,
Lars2,60,2,4,4,5,
Lis,60,2,4,4,5,
Gupta,60,2,4,4,5,
Lars1,60,2,6,6,5,
Lars2,60,2,6,6,5,
Lis,60,2,6,6,5,
Gupta,60,2,6,6,5,
Lars1,60,2,8,8,5,
Lars2,60,2,8,8,5,
Lis,60,2,8,8,5,
Gupta,60,2,8,8,5,
Lars1,60,3,10,10,5,
Lars2,60,3,10,10,5,
Lis,60,3,10,10,5,
Gupta,60,3,10,10,5,
Lars1,60,3,2,2,5,
Lars2,60,3,2,2,5,215.0
Lis,60,3,2,2,5,
Gupta,60,3,2,2,5,
Lars1,60,3,4,4,5,
Lars2,60,3,4,4,5,
Lis,60,3,4,4,5,
Gupta,60,3,4,4,5,
Lars1,60,3,6,6,5,
Lars2,60,3,6,6,5,
Lis,60,3,6,6,5,
Gupta,60,3,6,6,5,
Lars1,60,3,8,8,5,
Lars2,60,3,8,8,5,
Lis,60,3,8,8,5,
Gupta,60,3,8,8,5,
Lars1,60,40,10,10,5,
Lars2,60,40,10,10,5,
Lis,60,40,10,10,5,
Gupta,60,40,10,10,5,
Lars1,60,40,2,2,5,
Lars2,60,40,2,2,5,73.0
Lis,60,40,2,2,5,
Gupta,60,40,2,2,5,
Lars1,60,40,4,4,5,
Lars2,60,40,4,4,5,
Lis,60,40,4,4,5,
Gupta,60,40,4,4,5,
Lars1,60,40,6,6,5,
Lars2,60,40,6,6,5,
Lis,60,40,6,6,5,
Gupta,60,40,6,6,5,
Lars1,60,40,8,8,5,
Lars2,60,40,8,8,5,
Lis,60,40,8,8,5,
Gupta,60,40,8,8,5,
Lars1,60,4,10,10,5,
Lars2,60,4,10,10,5,
Lis,60,4,10,10,5,
Gupta,60,4,10,10,5,
Lars1,60,4,2,2,5,
Lars2,60,4,2,2,5,239.0
Lis,60,4,2,2,5,
Gupta,60,4,2,2,5,
Lars1,60,4,4,4,5,
Lars2,60,4,4,4,5,
Lis,60,4,4,4,5,
Gupta,60,4,4,4,5,
Lars1,60,4,6,6,5,
Lars2,60,4,6,6,5,
Lis,60,4,6,6,5,
Gupta,60,4,6,6,5,
Lars1,60,4,8,8,5,
Lars2,60,4,8,8,5,
Lis,60,4,8,8,5,
Gupta,60,4,8,8,5,
Lars1,60,500,10,10,5,
Lars2,60,500,10,10,5,
Lis,60,500,10,10,5,
Gupta,60,500,10,10,5,
Lars1,60,500,2,2,5,
Lars2,60,500,2,2,5,73.0
Lis,60,500,2,2,5,
Gupta,60,500,2,2,5,
Lars1,60,500,4,4,5,
Lars2,60,500,4,4,5,
Lis,60,500,4,4,5,
Gupta,60,500,4,4,5,
Lars1,60,500,6,6,5,
Lars2,60,500,6,6,5,
Lis,60,500,6,6,5,
Gupta,60,500,6,6,5,
Lars1,60,500,8,8,5,
Lars2,60,500,8,8,5,
Lis,60,500,8,8,5,
Gupta,60,500,8,8,5,
Lars1,60,5,10,10,5,
Lars2,60,5,10,10,5,
Lis,60,5,10,10,5,
Gupta,60,5,10,10,5,
Lars1,60,5,2,2,5,
Lars2,60,5,2,2,5,56.0
Lis,60,5,2,2,5,
Gupta,60,5,2,2,5,
Lars1,60,5,4,4,5,
Lars2,60,5,4,4,5,
Lis,60,5,4,4,5,
Gupta,60,5,4,4,5,
Lars1,60,5,6,6,5,
Lars2,60,5,6,6,5,
Lis,60,5,6,6,5,
Gupta,60,5,6,6,5,
Lars1,60,5,8,8,5,
Lars2,60,5,8,8,5,
Lis,60,5,8,8,5,
Gupta,60,5,8,8,5,
Lars1,60,60,10,10,5,
Lars2,60,60,10,10,5,
Lis,60,60,10,10,5,
Gupta,60,60,10,10,5,
Lars1,60,60,2,2,5,
Lars2,60,60,2,2,5,71.0
Lis,60,60,2,2,5,
Gupta,60,60,2,2,5,
Lars1,60,60,4,4,5,
Lars2,60,60,4,4,5,
Lis,60,60,4,4,5,
Gupta,60,60,4,4,5,
Lars1,60,60,6,6,5,
Lars2,60,60,6,6,5,
Lis,60,60,6,6,5,
Gupta,60,60,6,6,5,
Lars1,60,60,8,8,5,
Lars2,60,60,8,8,5,
Lis,60,60,8,8,5,
Gupta,60,60,8,8,5,
Lars1,60,6,10,10,5,
Lars2,60,6,10,10,5,
Lis,60,6,10,10,5,
Gupta,60,6,10,10,5,
Lars1,60,6,2,2,5,
Lars2,60,6,2,2,5,79.0
Lis,60,6,2,2,5,
Gupta,60,6,2,2,5,
Lars1,60,6,4,4,5,
Lars2,60,6,4,4,5,
Lis,60,6,4,4,5,
Gupta,60,6,4,4,5,
Lars1,60,6,6,6,5,
Lars2,60,6,6,6,5,
Lis,60,6,6,6,5,
Gupta,60,6,6,6,5,
Lars1,60,6,8,8,5,
Lars2,60,6,8,8,5,
Lis,60,6,8,8,5,
Gupta,60,6,8,8,5,
Lars1,60,7,10,10,5,
Lars2,60,7,10,10,5,
Lis,60,7,10,10,5,
Gupta,60,7,10,10,5,
Lars1,60,7,2,2,5,
Lars2,60,7,2,2,5,74.0
Lis,60,7,2,2,5,
Gupta,60,7,2,2,5,
Lars1,60,7,4,4,5,
Lars2,60,7,4,4,5,
Lis,60,7,4,4,5,
Gupta,60,7,4,4,5,
Lars1,60,7,6,6,5,
Lars2,60,7,6,6,5,
Lis,60,7,6,6,5,
Gupta,60,7,6,6,5,
Lars1,60,7,8,8,5,
Lars2,60,7,8,8,5,
Lis,60,7,8,8,5,
Gupta,60,7,8,8,5,
Lars1,60,80,10,10,5,
Lars2,60,80,10,10,5,
Lis,60,80,10,10,5,
Gupta,60,80,10,10,5,
Lars1,60,80,2,2,5,
Lars2,60,80,2,2,5,60.0
Lis,60,80,2,2,5,
Gupta,60,80,2,2,5,
Lars1,60,80,4,4,5,
Lars2,60,80,4,4,5,
Lis,60,80,4,4,5,
Gupta,60,80,4,4,5,
Lars1,60,80,6,6,5,
Lars2,60,80,6,6,5,
Lis,60,80,6,6,5,
Gupta,60,80,6,6,5,
Lars1,60,80,8,8,5,
Lars2,60,80,8,8,5,
Lis,60,80,8,8,5,
Gupta,60,80,8,8,5,
Lars1,60,8,10,10,5,
Lars2,60,8,10,10,5,
Lis,60,8,10,10,5,
Gupta,60,8,10,10,5,
Lars1,60,8,2,2,5,
Lars2,60,8,2,2,5,68.0
Lis,60,8,2,2,5,
Gupta,60,8,2,2,5,
Lars1,60,8,4,4,5,
Lars2,60,8,4,4,5,
Lis,60,8,4,4,5,
Gupta,60,8,4,4,5,
Lars1,60,8,6,6,5,
Lars2,60,8,6,6,5,
Lis,60,8,6,6,5,
Gupta,60,8,6,6,5,
Lars1,60,8,8,8,5,
Lars2,60,8,8,8,5,
Lis,60,8,8,8,5,
Gupta,60,8,8,8,5,
Lars1,60,9,10,10,5,
Lars2,60,9,10,10,5,
Lis,60,9,10,10,5,
Gupta,60,9,10,10,5,
Lars1,60,9,2,2,5,
Lars2,60,9,2,2,5,82.0
Lis,60,9,2,2,5,
Gupta,60,9,2,2,5,
Lars1,60,9,4,4,5,
Lars2,60,9,4,4,5,
Lis,60,9,4,4,5,
Gupta,60,9,4,4,5,
Lars1,60,9,6,6,5,
Lars2,60,9,6,6,5,
Lis,60,9,6,6,5,
Gupta,60,9,6,6,5,
Lars1,60,9,8,8,5,
Lars2,60,9,8,8,5,
Lis,60,9,8,8,5,
Gupta,60,9,8,8,5,
Lars1,6,1000,10,10,5,
Lars2,6,1000,10,10,5,
Lis,6,1000,10,10,5,
Gupta,6,1000,10,10,5,
Lars1,6,1000,2,2,5,
Lars2,6,1000,2,2,5,287.0
Lis,6,1000,2,2,5,
Gupta,6,1000,2,2,5,
Lars1,6,1000,4,4,5,
Lars2,6,1000,4,4,5,
Lis,6,1000,4,4,5,
Gupta,6,1000,4,4,5,
Lars1,6,1000,6,6,5,
Lars2,6,1000,6,6,5,
Lis,6,1000,6,6,5,
Gupta,6,1000,6,6,5,
Lars1,6,1000,8,8,5,
Lars2,6,1000,8,8,5,
Lis,6,1000,8,8,5,
Gupta,6,1000,8,8,5,
Lars1,6,100,10,10,5,
Lars2,6,100,10,10,5,
Lis,6,100,10,10,5,
Gupta,6,100,10,10,5,
Lars1,6,100,2,2,5,
Lars2,6,100,2,2,5,71.0
Lis,6,100,2,2,5,
Gupta,6,100,2,2,5,
Lars1,6,100,4,4,5,
Lars2,6,100,4,4,5,
Lis,6,100,4,4,5,
Gupta,6,100,4,4,5,
Lars1,6,100,6,6,5,
Lars2,6,100,6,6,5,
Lis,6,100,6,6,5,
Gupta,6,100,6,6,5,
Lars1,6,100,8,8,5,
Lars2,6,100,8,8,5,
Lis,6,100,8,8,5,
Gupta,6,100,8,8,5,
Lars1,6,10,10,10,5,
Lars2,6,10,10,10,5,
Lis,6,10,10,10,5,
Gupta,6,10,10,10,5,
Lars1,6,10,2,2,5,
Lars2,6,10,2,2,5,66.0
Lis,6,10,2,2,5,
Gupta,6,10,2,2,5,
Lars1,6,10,4,4,5,
Lars2,6,10,4,4,5,
Lis,6,10,4,4,5,
Gupta,6,10,4,4,5,
Lars1,6,10,6,6,5,
Lars2,6,10,6,6,5,
Lis,6,10,6,6,5,
Gupta,6,10,6,6,5,
Lars1,6,10,8,8,5,
Lars2,6,10,8,8,5,
Lis,6,10,8,8,5,
Gupta,6,10,8,8,5,
Lars1,6,1,10,10,5,
Lars2,6,1,10,10,5,
Lis,6,1,10,10,5,
Gupta,6,1,10,10,5,
Lars1,6,1,2,2,5,
Lars2,6,1,2,2,5,84.0
Lis,6,1,2,2,5,
Gupta,6,1,2,2,5,
Lars1,6,1,4,4,5,
Lars2,6,1,4,4,5,
Lis,6,1,4,4,5,
Gupta,6,1,4,4,5,
Lars1,6,1,6,6,5,
Lars2,6,1,6,6,5,
Lis,6,1,6,6,5,
Gupta,6,1,6,6,5,
Lars1,6,1,8,8,5,
Lars2,6,1,8,8,5,
Lis,6,1,8,8,5,
Gupta,6,1,8,8,5,
Lars1,6,20,10,10,5,
Lars2,6,20,10,10,5,
Lis,6,20,10,10,5,
Gupta,6,20,10,10,5,
Lars1,6,20,2,2,5,
Lars2,6,20,2,2,5,70.0
Lis,6,20,2,2,5,
Gupta,6,20,2,2,5,
Lars1,6,20,4,4,5,
Lars2,6,20,4,4,5,
Lis,6,20,4,4,5,
Gupta,6,20,4,4,5,
Lars1,6,20,6,6,5,
Lars2,6,20,6,6,5,
Lis,6,20,6,6,5,
Gupta,6,20,6,6,5,
Lars1,6,20,8,8,5,
Lars2,6,20,8,8,5,
Lis,6,20,8,8,5,
Gupta,6,20,8,8,5,
Lars1,6,2,10,10,5,
Lars2,6,2,10,10,5,
Lis,6,2,10,10,5,
Gupta,6,2,10,10,5,
Lars1,6,2,2,2,5,
Lars2,6,2,2,2,5,67.0
Lis,6,2,2,2,5,
Gupta,6,2,2,2,5,
Lars1,6,2,4,4,5,
Lars2,6,2,4,4,5,
Lis,6,2,4,4,5,
Gupta,6,2,4,4,5,
Lars1,6,2,6,6,5,
Lars2,6,2,6,6,5,
Lis,6,2,6,6,5,
Gupta,6,2,6,6,5,
Lars1,6,2,8,8,5,
Lars2,6,2,8,8,5,
Lis,6,2,8,8,5,
Gupta,6,2,8,8,5,
Lars1,6,3,10,10,5,
Lars2,6,3,10,10,5,
Lis,6,3,10,10,5,
Gupta,6,3,10,10,5,
Lars1,6,3,2,2,5,
Lars2,6,3,2,2,5,80.0
Lis,6,3,2,2,5,
Gupta,6,3,2,2,5,
Lars1,6,3,4,4,5,
Lars2,6,3,4,4,5,
Lis,6,3,4,4,5,
Gupta,6,3,4,4,5,
Lars1,6,3,6,6,5,
Lars2,6,3,6,6,5,
Lis,6,3,6,6,5,
Gupta,6,3,6,6,5,
Lars1,6,3,8,8,5,
Lars2,6,3,8,8,5,
Lis,6,3,8,8,5,
Gupta,6,3,8,8,5,
Lars1,6,40,10,10,5,
Lars2,6,40,10,10,5,
Lis,6,40,10,10,5,
Gupta,6,40,10,10,5,
Lars1,6,40,2,2,5,
Lars2,6,40,2,2,5,71.0
Lis,6,40,2,2,5,
Gupta,6,40,2,2,5,
Lars1,6,40,4,4,5,
Lars2,6,40,4,4,5,
Lis,6,40,4,4,5,
Gupta,6,40,4,4,5,
Lars1,6,40,6,6,5,
Lars2,6,40,6,6,5,
Lis,6,40,6,6,5,
Gupta,6,40,6,6,5,
Lars1,6,40,8,8,5,
Lars2,6,40,8,8,5,
Lis,6,40,8,8,5,
Gupta,6,40,8,8,5,
Lars1,6,4,10,10,5,
Lars2,6,4,10,10,5,
Lis,6,4,10,10,5,
Gupta,6,4,10,10,5,
Lars1,6,4,2,2,5,
Lars2,6,4,2,2,5,86.0
Lis,6,4,2,2,5,
Gupta,6,4,2,2,5,
Lars1,6,4,4,4,5,
Lars2,6,4,4,4,5,
Lis,6,4,4,4,5,
Gupta,6,4,4,4,5,
Lars1,6,4,6,6,5,
Lars2,6,4,6,6,5,
Lis,6,4,6,6,5,
Gupta,6,4,6,6,5,
Lars1,6,4,8,8,5,
Lars2,6,4,8,8,5,
Lis,6,4,8,8,5,
Gupta,6,4,8,8,5,
Lars1,6,500,10,10,5,
Lars2,6,500,10,10,5,
Lis,6,500,10,10,5,
Gupta,6,500,10,10,5,
Lars1,6,500,2,2,5,
Lars2,6,500,2,2,5,135.0
Lis,6,500,2,2,5,
Gupta,6,500,2,2,5,
Lars1,6,500,4,4,5,
Lars2,6,500,4,4,5,
Lis,6,500,4,4,5,
Gupta,6,500,4,4,5,
Lars1,6,500,6,6,5,
Lars2,6,500,6,6,5,
Lis,6,500,6,6,5,
Gupta,6,500,6,6,5,
Lars1,6,500,8,8,5,
Lars2,6,500,8,8,5,
Lis,6,500,8,8,5,
Gupta,6,500,8,8,5,
Lars1,6,5,10,10,5,
Lars2,6,5,10,10,5,
Lis,6,5,10,10,5,
Gupta,6,5,10,10,5,
Lars1,6,5,2,2,5,
Lars2,6,5,2,2,5,47.0
Lis,6,5,2,2,5,
Gupta,6,5,2,2,5,
Lars1,6,5,4,4,5,
Lars2,6,5,4,4,5,
Lis,6,5,4,4,5,
Gupta,6,5,4,4,5,
Lars1,6,5,6,6,5,
Lars2,6,5,6,6,5,
Lis,6,5,6,6,5,
Gupta,6,5,6,6,5,
Lars1,6,5,8,8,5,
Lars2,6,5,8,8,5,
Lis,6,5,8,8,5,
Gupta,6,5,8,8,5,
Lars1,6,60,10,10,5,
Lars2,6,60,10,10,5,
Lis,6,60,10,10,5,
Gupta,6,60,10,10,5,
Lars1,6,60,2,2,5,
Lars2,6,60,2,2,5,56.0
Lis,6,60,2,2,5,
Gupta,6,60,2,2,5,
Lars1,6,60,4,4,5,
Lars2,6,60,4,4,5,
Lis,6,60,4,4,5,
Gupta,6,60,4,4,5,
Lars1,6,60,6,6,5,
Lars2,6,60,6,6,5,
Lis,6,60,6,6,5,
Gupta,6,60,6,6,5,
Lars1,6,60,8,8,5,
Lars2,6,60,8,8,5,
Lis,6,60,8,8,5,
Gupta,6,60,8,8,5,
Lars1,6,6,10,10,5,
Lars2,6,6,10,10,5,
Lis,6,6,10,10,5,
Gupta,6,6,10,10,5,
Lars1,6,6,2,2,5,
Lars2,6,6,2,2,5,57.0
Lis,6,6,2,2,5,
Gupta,6,6,2,2,5,
Lars1,6,6,4,4,5,
Lars2,6,6,4,4,5,
Lis,6,6,4,4,5,
Gupta,6,6,4,4,5,
Lars1,6,6,6,6,5,
Lars2,6,6,6,6,5,
Lis,6,6,6,6,5,
Gupta,6,6,6,6,5,
Lars1,6,6,8,8,5,
Lars2,6,6,8,8,5,
Lis,6,6,8,8,5,
Gupta,6,6,8,8,5,
Lars1,6,7,10,10,5,
Lars2,6,7,10,10,5,
Lis,6,7,10,10,5,
Gupta,6,7,10,10,5,
Lars1,6,7,2,2,5,
Lars2,6,7,2,2,5,85.0
Lis,6,7,2,2,5,
Gupta,6,7,2,2,5,
Lars1,6,7,4,4,5,
Lars2,6,7,4,4,5,
Lis,6,7,4,4,5,
Gupta,6,7,4,4,5,
Lars1,6,7,6,6,5,
Lars2,6,7,6,6,5,
Lis,6,7,6,6,5,
Gupta,6,7,6,6,5,
Lars1,6,7,8,8,5,
Lars2,6,7,8,8,5,
Lis,6,7,8,8,5,
Gupta,6,7,8,8,5,
Lars1,6,80,10,10,5,
Lars2,6,80,10,10,5,
Lis,6,80,10,10,5,
Gupta,6,80,10,10,5,
Lars1,6,80,2,2,5,
Lars2,6,80,2,2,5,65.0
Lis,6,80,2,2,5,
Gupta,6,80,2,2,5,
Lars1,6,80,4,4,5,
Lars2,6,80,4,4,5,
Lis,6,80,4,4,5,
Gupta,6,80,4,4,5,
Lars1,6,80,6,6,5,
Lars2,6,80,6,6,5,
Lis,6,80,6,6,5,
Gupta,6,80,6,6,5,
Lars1,6,80,8,8,5,
Lars2,6,80,8,8,5,
Lis,6,80,8,8,5,
Gupta,6,80,8,8,5,
Lars1,6,8,10,10,5,
Lars2,6,8,10,10,5,
Lis,6,8,10,10,5,
Gupta,6,8,10,10,5,
Lars1,6,8,2,2,5,
Lars2,6,8,2,2,5,55.0
Lis,6,8,2,2,5,
Gupta,6,8,2,2,5,
Lars1,6,8,4,4,5,
Lars2,6,8,4,4,5,
Lis,6,8,4,4,5,
Gupta,6,8,4,4,5,
Lars1,6,8,6,6,5,
Lars2,6,8,6,6,5,
Lis,6,8,6,6,5,
Gupta,6,8,6,6,5,
Lars1,6,8,8,8,5,
Lars2,6,8,8,8,5,
Lis,6,8,8,8,5,
Gupta,6,8,8,8,5,
Lars1,6,9,10,10,5,
Lars2,6,9,10,10,5,
Lis,6,9,10,10,5,
Gupta,6,9,10,10,5,
Lars1,6,9,2,2,5,
Lars2,6,9,2,2,5,66.0
Lis,6,9,2,2,5,
Gupta,6,9,2,2,5,
Lars1,6,9,4,4,5,
Lars2,6,9,4,4,5,
Lis,6,9,4,4,5,
Gupta,6,9,4,4,5,
Lars1,6,9,6,6,5,
Lars2,6,9,6,6,5,
Lis,6,9,6,6,5,
Gupta,6,9,6,6,5,
Lars1,6,9,8,8,5,
Lars2,6,9,8,8,5,
Lis,6,9,8,8,5,
Gupta,6,9,8,8,5,
Lars1,1000,1000,10,10,6,
Lars2,1000,1000,10,10,6,
Lis,1000,1000,10,10,6,
Gupta,1000,1000,10,10,6,
Lars1,1000,1000,2,2,6,
Lars2,1000,1000,2,2,6,89.0
Lis,1000,1000,2,2,6,
Gupta,1000,1000,2,2,6,
Lars1,1000,1000,4,4,6,
Lars2,1000,1000,4,4,6,
Lis,1000,1000,4,4,6,
Gupta,1000,1000,4,4,6,
Lars1,1000,1000,6,6,6,
Lars2,1000,1000,6,6,6,
Lis,1000,1000,6,6,6,
Gupta,1000,1000,6,6,6,
Lars1,1000,1000,8,8,6,
Lars2,1000,1000,8,8,6,
Lis,1000,1000,8,8,6,
Gupta,1000,1000,8,8,6,
Lars1,1000,100,10,10,6,
Lars2,1000,100,10,10,6,
Lis,1000,100,10,10,6,
Gupta,1000,100,10,10,6,
Lars1,1000,100,2,2,6,
Lars2,1000,100,2,2,6,105.0
Lis,1000,100,2,2,6,
Gupta,1000,100,2,2,6,
Lars1,1000,100,4,4,6,
Lars2,1000,100,4,4,6,
Lis,1000,100,4,4,6,
Gupta,1000,100,4,4,6,
Lars1,1000,100,6,6,6,
Lars2,1000,100,6,6,6,
Lis,1000,100,6,6,6,
Gupta,1000,100,6,6,6,
Lars1,1000,100,8,8,6,
Lars2,1000,100,8,8,6,
Lis,1000,100,8,8,6,
Gupta,1000,100,8,8,6,
Lars1,1000,10,10,10,6,
Lars2,1000,10,10,10,6,
Lis,1000,10,10,10,6,
Gupta,1000,10,10,10,6,
Lars1,1000,10,2,2,6,
Lars2,1000,10,2,2,6,56.0
Lis,1000,10,2,2,6,
Gupta,1000,10,2,2,6,
Lars1,1000,10,4,4,6,
Lars2,1000,10,4,4,6,
Lis,1000,10,4,4,6,
Gupta,1000,10,4,4,6,
Lars1,1000,10,6,6,6,
Lars2,1000,10,6,6,6,
Lis,1000,10,6,6,6,
Gupta,1000,10,6,6,6,
Lars1,1000,10,8,8,6,
Lars2,1000,10,8,8,6,
Lis,1000,10,8,8,6,
Gupta,1000,10,8,8,6,
Lars1,1000,1,10,10,6,
Lars2,1000,1,10,10,6,
Lis,1000,1,10,10,6,
Gupta,1000,1,10,10,6,
Lars1,1000,1,2,2,6,
Lars2,1000,1,2,2,6,72.0
Lis,1000,1,2,2,6,
Gupta,1000,1,2,2,6,
Lars1,1000,1,4,4,6,
Lars2,1000,1,4,4,6,
Lis,1000,1,4,4,6,
Gupta,1000,1,4,4,6,
Lars1,1000,1,6,6,6,
Lars2,1000,1,6,6,6,
Lis,1000,1,6,6,6,
Gupta,1000,1,6,6,6,
Lars1,1000,1,8,8,6,
Lars2,1000,1,8,8,6,
Lis,1000,1,8,8,6,
Gupta,1000,1,8,8,6,
Lars1,1000,20,10,10,6,
Lars2,1000,20,10,10,6,
Lis,1000,20,10,10,6,
Gupta,1000,20,10,10,6,
Lars1,1000,20,2,2,6,
Lars2,1000,20,2,2,6,67.0
Lis,1000,20,2,2,6,
Gupta,1000,20,2,2,6,
Lars1,1000,20,4,4,6,
Lars2,1000,20,4,4,6,
Lis,1000,20,4,4,6,
Gupta,1000,20,4,4,6,
Lars1,1000,20,6,6,6,
Lars2,1000,20,6,6,6,
Lis,1000,20,6,6,6,
Gupta,1000,20,6,6,6,
Lars1,1000,20,8,8,6,
Lars2,1000,20,8,8,6,
Lis,1000,20,8,8,6,
Gupta,1000,20,8,8,6,
Lars1,1000,2,10,10,6,
Lars2,1000,2,10,10,6,
Lis,1000,2,10,10,6,
Gupta,1000,2,10,10,6,
Lars1,1000,2,2,2,6,
Lars2,1000,2,2,2,6,86.0
Lis,1000,2,2,2,6,
Gupta,1000,2,2,2,6,
Lars1,1000,2,4,4,6,
Lars2,1000,2,4,4,6,
Lis,1000,2,4,4,6,
Gupta,1000,2,4,4,6,
Lars1,1000,2,6,6,6,
Lars2,1000,2,6,6,6,
Lis,1000,2,6,6,6,
Gupta,1000,2,6,6,6,
Lars1,1000,2,8,8,6,
Lars2,1000,2,8,8,6,
Lis,1000,2,8,8,6,
Gupta,1000,2,8,8,6,
Lars1,1000,3,10,10,6,
Lars2,1000,3,10,10,6,
Lis,1000,3,10,10,6,
Gupta,1000,3,10,10,6,
Lars1,1000,3,2,2,6,
Lars2,1000,3,2,2,6,56.0
Lis,1000,3,2,2,6,
Gupta,1000,3,2,2,6,
Lars1,1000,3,4,4,6,
Lars2,1000,3,4,4,6,
Lis,1000,3,4,4,6,
Gupta,1000,3,4,4,6,
Lars1,1000,3,6,6,6,
Lars2,1000,3,6,6,6,
Lis,1000,3,6,6,6,
Gupta,1000,3,6,6,6,
Lars1,1000,3,8,8,6,
Lars2,1000,3,8,8,6,
Lis,1000,3,8,8,6,
Gupta,1000,3,8,8,6,
Lars1,1000,40,10,10,6,
Lars2,1000,40,10,10,6,
Lis,1000,40,10,10,6,
Gupta,1000,40,10,10,6,
Lars1,1000,40,2,2,6,
Lars2,1000,40,2,2,6,152.0
Lis,1000,40,2,2,6,
Gupta,1000,40,2,2,6,
Lars1,1000,40,4,4,6,
Lars2,1000,40,4,4,6,
Lis,1000,40,4,4,6,
Gupta,1000,40,4,4,6,
Lars1,1000,40,6,6,6,
Lars2,1000,40,6,6,6,
Lis,1000,40,6,6,6,
Gupta,1000,40,6,6,6,
Lars1,1000,40,8,8,6,
Lars2,1000,40,8,8,6,
Lis,1000,40,8,8,6,
Gupta,1000,40,8,8,6,
Lars1,1000,4,10,10,6,
Lars2,1000,4,10,10,6,
Lis,1000,4,10,10,6,
Gupta,1000,4,10,10,6,
Lars1,1000,4,2,2,6,
Lars2,1000,4,2,2,6,139.0
Lis,1000,4,2,2,6,
Gupta,1000,4,2,2,6,
Lars1,1000,4,4,4,6,
Lars2,1000,4,4,4,6,
Lis,1000,4,4,4,6,
Gupta,1000,4,4,4,6,
Lars1,1000,4,6,6,6,
Lars2,1000,4,6,6,6,
Lis,1000,4,6,6,6,
Gupta,1000,4,6,6,6,
Lars1,1000,4,8,8,6,
Lars2,1000,4,8,8,6,
Lis,1000,4,8,8,6,
Gupta,1000,4,8,8,6,
Lars1,1000,500,10,10,6,
Lars2,1000,500,10,10,6,
Lis,1000,500,10,10,6,
Gupta,1000,500,10,10,6,
Lars1,1000,500,2,2,6,
Lars2,1000,500,2,2,6,67.0
Lis,1000,500,2,2,6,
Gupta,1000,500,2,2,6,
Lars1,1000,500,4,4,6,
Lars2,1000,500,4,4,6,
Lis,1000,500,4,4,6,
Gupta,1000,500,4,4,6,
Lars1,1000,500,6,6,6,
Lars2,1000,500,6,6,6,
Lis,1000,500,6,6,6,
Gupta,1000,500,6,6,6,
Lars1,1000,500,8,8,6,
Lars2,1000,500,8,8,6,
Lis,1000,500,8,8,6,
Gupta,1000,500,8,8,6,
Lars1,1000,5,10,10,6,
Lars2,1000,5,10,10,6,
Lis,1000,5,10,10,6,
Gupta,1000,5,10,10,6,
Lars1,1000,5,2,2,6,
Lars2,1000,5,2,2,6,222.0
Lis,1000,5,2,2,6,
Gupta,1000,5,2,2,6,
Lars1,1000,5,4,4,6,
Lars2,1000,5,4,4,6,
Lis,1000,5,4,4,6,
Gupta,1000,5,4,4,6,
Lars1,1000,5,6,6,6,
Lars2,1000,5,6,6,6,
Lis,1000,5,6,6,6,
Gupta,1000,5,6,6,6,
Lars1,1000,5,8,8,6,
Lars2,1000,5,8,8,6,
Lis,1000,5,8,8,6,
Gupta,1000,5,8,8,6,
Lars1,1000,60,10,10,6,
Lars2,1000,60,10,10,6,
Lis,1000,60,10,10,6,
Gupta,1000,60,10,10,6,
Lars1,1000,60,2,2,6,
Lars2,1000,60,2,2,6,244.0
Lis,1000,60,2,2,6,
Gupta,1000,60,2,2,6,
Lars1,1000,60,4,4,6,
Lars2,1000,60,4,4,6,
Lis,1000,60,4,4,6,
Gupta,1000,60,4,4,6,
Lars1,1000,60,6,6,6,
Lars2,1000,60,6,6,6,
Lis,1000,60,6,6,6,
Gupta,1000,60,6,6,6,
Lars1,1000,60,8,8,6,
Lars2,1000,60,8,8,6,
Lis,1000,60,8,8,6,
Gupta,1000,60,8,8,6,
Lars1,1000,6,10,10,6,
Lars2,1000,6,10,10,6,
Lis,1000,6,10,10,6,
Gupta,1000,6,10,10,6,
Lars1,1000,6,2,2,6,
Lars2,1000,6,2,2,6,218.0
Lis,1000,6,2,2,6,
Gupta,1000,6,2,2,6,
Lars1,1000,6,4,4,6,
Lars2,1000,6,4,4,6,
Lis,1000,6,4,4,6,
Gupta,1000,6,4,4,6,
Lars1,1000,6,6,6,6,
Lars2,1000,6,6,6,6,
Lis,1000,6,6,6,6,
Gupta,1000,6,6,6,6,
Lars1,1000,6,8,8,6,
Lars2,1000,6,8,8,6,
Lis,1000,6,8,8,6,
Gupta,1000,6,8,8,6,
Lars1,1000,7,10,10,6,
Lars2,1000,7,10,10,6,
Lis,1000,7,10,10,6,
Gupta,1000,7,10,10,6,
Lars1,1000,7,2,2,6,
Lars2,1000,7,2,2,6,239.0
Lis,1000,7,2,2,6,
Gupta,1000,7,2,2,6,
Lars1,1000,7,4,4,6,
Lars2,1000,7,4,4,6,
Lis,1000,7,4,4,6,
Gupta,1000,7,4,4,6,
Lars1,1000,7,6,6,6,
Lars2,1000,7,6,6,6,
Lis,1000,7,6,6,6,
Gupta,1000,7,6,6,6,
Lars1,1000,7,8,8,6,
Lars2,1000,7,8,8,6,
Lis,1000,7,8,8,6,
Gupta,1000,7,8,8,6,
Lars1,1000,80,10,10,6,
Lars2,1000,80,10,10,6,
Lis,1000,80,10,10,6,
Gupta,1000,80,10,10,6,
Lars1,1000,80,2,2,6,
Lars2,1000,80,2,2,6,97.0
Lis,1000,80,2,2,6,
Gupta,1000,80,2,2,6,
Lars1,1000,80,4,4,6,
Lars2,1000,80,4,4,6,
Lis,1000,80,4,4,6,
Gupta,1000,80,4,4,6,
Lars1,1000,80,6,6,6,
Lars2,1000,80,6,6,6,
Lis,1000,80,6,6,6,
Gupta,1000,80,6,6,6,
Lars1,1000,80,8,8,6,
Lars2,1000,80,8,8,6,
Lis,1000,80,8,8,6,
Gupta,1000,80,8,8,6,
Lars1,1000,8,10,10,6,
Lars2,1000,8,10,10,6,
Lis,1000,8,10,10,6,
Gupta,1000,8,10,10,6,
Lars1,1000,8,2,2,6,
Lars2,1000,8,2,2,6,54.0
Lis,1000,8,2,2,6,
Gupta,1000,8,2,2,6,
Lars1,1000,8,4,4,6,
Lars2,1000,8,4,4,6,
Lis,1000,8,4,4,6,
Gupta,1000,8,4,4,6,
Lars1,1000,8,6,6,6,
Lars2,1000,8,6,6,6,
Lis,1000,8,6,6,6,
Gupta,1000,8,6,6,6,
Lars1,1000,8,8,8,6,
Lars2,1000,8,8,8,6,
Lis,1000,8,8,8,6,
Gupta,1000,8,8,8,6,
Lars1,1000,9,10,10,6,
Lars2,1000,9,10,10,6,
Lis,1000,9,10,10,6,
Gupta,1000,9,10,10,6,
Lars1,1000,9,2,2,6,
Lars2,1000,9,2,2,6,108.0
Lis,1000,9,2,2,6,
Gupta,1000,9,2,2,6,
Lars1,1000,9,4,4,6,
Lars2,1000,9,4,4,6,
Lis,1000,9,4,4,6,
Gupta,1000,9,4,4,6,
Lars1,1000,9,6,6,6,
Lars2,1000,9,6,6,6,
Lis,1000,9,6,6,6,
Gupta,1000,9,6,6,6,
Lars1,1000,9,8,8,6,
Lars2,1000,9,8,8,6,
Lis,1000,9,8,8,6,
Gupta,1000,9,8,8,6,
Lars1,100,1000,10,10,6,
Lars2,100,1000,10,10,6,
Lis,100,1000,10,10,6,
Gupta,100,1000,10,10,6,
Lars1,100,1000,2,2,6,
Lars2,100,1000,2,2,6,83.0
Lis,100,1000,2,2,6,
Gupta,100,1000,2,2,6,
Lars1,100,1000,4,4,6,
Lars2,100,1000,4,4,6,
Lis,100,1000,4,4,6,
Gupta,100,1000,4,4,6,
Lars1,100,1000,6,6,6,
Lars2,100,1000,6,6,6,
Lis,100,1000,6,6,6,
Gupta,100,1000,6,6,6,
Lars1,100,1000,8,8,6,
Lars2,100,1000,8,8,6,
Lis,100,1000,8,8,6,
Gupta,100,1000,8,8,6,
Lars1,100,100,10,10,6,
Lars2,100,100,10,10,6,
Lis,100,100,10,10,6,
Gupta,100,100,10,10,6,
Lars1,100,100,2,2,6,
Lars2,100,100,2,2,6,70.0
Lis,100,100,2,2,6,
Gupta,100,100,2,2,6,
Lars1,100,100,4,4,6,
Lars2,100,100,4,4,6,
Lis,100,100,4,4,6,
Gupta,100,100,4,4,6,
Lars1,100,100,6,6,6,
Lars2,100,100,6,6,6,
Lis,100,100,6,6,6,
Gupta,100,100,6,6,6,
Lars1,100,100,8,8,6,
Lars2,100,100,8,8,6,
Lis,100,100,8,8,6,
Gupta,100,100,8,8,6,
Lars1,100,10,10,10,6,
Lars2,100,10,10,10,6,
Lis,100,10,10,10,6,
Gupta,100,10,10,10,6,
Lars1,100,10,2,2,6,
Lars2,100,10,2,2,6,121.0
Lis,100,10,2,2,6,
Gupta,100,10,2,2,6,
Lars1,100,10,4,4,6,
Lars2,100,10,4,4,6,
Lis,100,10,4,4,6,
Gupta,100,10,4,4,6,
Lars1,100,10,6,6,6,
Lars2,100,10,6,6,6,
Lis,100,10,6,6,6,
Gupta,100,10,6,6,6,
Lars1,100,10,8,8,6,
Lars2,100,10,8,8,6,
Lis,100,10,8,8,6,
Gupta,100,10,8,8,6,
Lars1,100,1,10,10,6,
Lars2,100,1,10,10,6,
Lis,100,1,10,10,6,
Gupta,100,1,10,10,6,
Lars1,100,1,2,2,6,
Lars2,100,1,2,2,6,81.0
Lis,100,1,2,2,6,
Gupta,100,1,2,2,6,
Lars1,100,1,4,4,6,
Lars2,100,1,4,4,6,
Lis,100,1,4,4,6,
Gupta,100,1,4,4,6,
Lars1,100,1,6,6,6,
Lars2,100,1,6,6,6,
Lis,100,1,6,6,6,
Gupta,100,1,6,6,6,
Lars1,100,1,8,8,6,
Lars2,100,1,8,8,6,
Lis,100,1,8,8,6,
Gupta,100,1,8,8,6,
Lars1,100,20,10,10,6,
Lars2,100,20,10,10,6,
Lis,100,20,10,10,6,
Gupta,100,20,10,10,6,
Lars1,100,20,2,2,6,
Lars2,100,20,2,2,6,73.0
Lis,100,20,2,2,6,
Gupta,100,20,2,2,6,
Lars1,100,20,4,4,6,
Lars2,100,20,4,4,6,
Lis,100,20,4,4,6,
Gupta,100,20,4,4,6,
Lars1,100,20,6,6,6,
Lars2,100,20,6,6,6,
Lis,100,20,6,6,6,
Gupta,100,20,6,6,6,
Lars1,100,20,8,8,6,
Lars2,100,20,8,8,6,
Lis,100,20,8,8,6,
Gupta,100,20,8,8,6,
Lars1,100,2,10,10,6,
Lars2,100,2,10,10,6,
Lis,100,2,10,10,6,
Gupta,100,2,10,10,6,
Lars1,100,2,2,2,6,
Lars2,100,2,2,2,6,70.0
Lis,100,2,2,2,6,
Gupta,100,2,2,2,6,
Lars1,100,2,4,4,6,
Lars2,100,2,4,4,6,
Lis,100,2,4,4,6,
Gupta,100,2,4,4,6,
Lars1,100,2,6,6,6,
Lars2,100,2,6,6,6,
Lis,100,2,6,6,6,
Gupta,100,2,6,6,6,
Lars1,100,2,8,8,6,
Lars2,100,2,8,8,6,
Lis,100,2,8,8,6,
Gupta,100,2,8,8,6,
Lars1,100,3,10,10,6,
Lars2,100,3,10,10,6,
Lis,100,3,10,10,6,
Gupta,100,3,10,10,6,
Lars1,100,3,2,2,6,
Lars2,100,3,2,2,6,76.0
Lis,100,3,2,2,6,
Gupta,100,3,2,2,6,
Lars1,100,3,4,4,6,
Lars2,100,3,4,4,6,
Lis,100,3,4,4,6,
Gupta,100,3,4,4,6,
Lars1,100,3,6,6,6,
Lars2,100,3,6,6,6,
Lis,100,3,6,6,6,
Gupta,100,3,6,6,6,
Lars1,100,3,8,8,6,
Lars2,100,3,8,8,6,
Lis,100,3,8,8,6,
Gupta,100,3,8,8,6,
Lars1,100,40,10,10,6,
Lars2,100,40,10,10,6,
Lis,100,40,10,10,6,
Gupta,100,40,10,10,6,
Lars1,100,40,2,2,6,
Lars2,100,40,2,2,6,85.0
Lis,100,40,2,2,6,
Gupta,100,40,2,2,6,
Lars1,100,40,4,4,6,
Lars2,100,40,4,4,6,
Lis,100,40,4,4,6,
Gupta,100,40,4,4,6,
Lars1,100,40,6,6,6,
Lars2,100,40,6,6,6,
Lis,100,40,6,6,6,
Gupta,100,40,6,6,6,
Lars1,100,40,8,8,6,
Lars2,100,40,8,8,6,
Lis,100,40,8,8,6,
Gupta,100,40,8,8,6,
Lars1,100,4,10,10,6,
Lars2,100,4,10,10,6,
Lis,100,4,10,10,6,
Gupta,100,4,10,10,6,
Lars1,100,4,2,2,6,
Lars2,100,4,2,2,6,81.0
Lis,100,4,2,2,6,
Gupta,100,4,2,2,6,
Lars1,100,4,4,4,6,
Lars2,100,4,4,4,6,
Lis,100,4,4,4,6,
Gupta,100,4,4,4,6,
Lars1,100,4,6,6,6,
Lars2,100,4,6,6,6,
Lis,100,4,6,6,6,
Gupta,100,4,6,6,6,
Lars1,100,4,8,8,6,
Lars2,100,4,8,8,6,
Lis,100,4,8,8,6,
Gupta,100,4,8,8,6,
Lars1,100,500,10,10,6,
Lars2,100,500,10,10,6,
Lis,100,500,10,10,6,
Gupta,100,500,10,10,6,
Lars1,100,500,2,2,6,
Lars2,100,500,2,2,6,85.0
Lis,100,500,2,2,6,
Gupta,100,500,2,2,6,
Lars1,100,500,4,4,6,
Lars2,100,500,4,4,6,
Lis,100,500,4,4,6,
Gupta,100,500,4,4,6,
Lars1,100,500,6,6,6,
Lars2,100,500,6,6,6,
Lis,100,500,6,6,6,
Gupta,100,500,6,6,6,
Lars1,100,500,8,8,6,
Lars2,100,500,8,8,6,
Lis,100,500,8,8,6,
Gupta,100,500,8,8,6,
Lars1,100,5,10,10,6,
Lars2,100,5,10,10,6,
Lis,100,5,10,10,6,
Gupta,100,5,10,10,6,
Lars1,100,5,2,2,6,
Lars2,100,5,2,2,6,71.0
Lis,100,5,2,2,6,
Gupta,100,5,2,2,6,
Lars1,100,5,4,4,6,
Lars2,100,5,4,4,6,
Lis,100,5,4,4,6,
Gupta,100,5,4,4,6,
Lars1,100,5,6,6,6,
Lars2,100,5,6,6,6,
Lis,100,5,6,6,6,
Gupta,100,5,6,6,6,
Lars1,100,5,8,8,6,
Lars2,100,5,8,8,6,
Lis,100,5,8,8,6,
Gupta,100,5,8,8,6,
Lars1,100,60,10,10,6,
Lars2,100,60,10,10,6,
Lis,100,60,10,10,6,
Gupta,100,60,10,10,6,
Lars1,100,60,2,2,6,
Lars2,100,60,2,2,6,70.0
Lis,100,60,2,2,6,
Gupta,100,60,2,2,6,
Lars1,100,60,4,4,6,
Lars2,100,60,4,4,6,
Lis,100,60,4,4,6,
Gupta,100,60,4,4,6,
Lars1,100,60,6,6,6,
Lars2,100,60,6,6,6,
Lis,100,60,6,6,6,
Gupta,100,60,6,6,6,
Lars1,100,60,8,8,6,
Lars2,100,60,8,8,6,
Lis,100,60,8,8,6,
Gupta,100,60,8,8,6,
Lars1,100,6,10,10,6,
Lars2,100,6,10,10,6,
Lis,100,6,10,10,6,
Gupta,100,6,10,10,6,
Lars1,100,6,2,2,6,
Lars2,100,6,2,2,6,57.0
Lis,100,6,2,2,6,
Gupta,100,6,2,2,6,
Lars1,100,6,4,4,6,
Lars2,100,6,4,4,6,
Lis,100,6,4,4,6,
Gupta,100,6,4,4,6,
Lars1,100,6,6,6,6,
Lars2,100,6,6,6,6,
Lis,100,6,6,6,6,
Gupta,100,6,6,6,6,
Lars1,100,6,8,8,6,
Lars2,100,6,8,8,6,
Lis,100,6,8,8,6,
Gupta,100,6,8,8,6,
Lars1,100,7,10,10,6,
Lars2,100,7,10,10,6,
Lis,100,7,10,10,6,
Gupta,100,7,10,10,6,
Lars1,100,7,2,2,6,
Lars2,100,7,2,2,6,79.0
Lis,100,7,2,2,6,
Gupta,100,7,2,2,6,
Lars1,100,7,4,4,6,
Lars2,100,7,4,4,6,
Lis,100,7,4,4,6,
Gupta,100,7,4,4,6,
Lars1,100,7,6,6,6,
Lars2,100,7,6,6,6,
Lis,100,7,6,6,6,
Gupta,100,7,6,6,6,
Lars1,100,7,8,8,6,
Lars2,100,7,8,8,6,
Lis,100,7,8,8,6,
Gupta,100,7,8,8,6,
Lars1,100,80,10,10,6,
Lars2,100,80,10,10,6,
Lis,100,80,10,10,6,
Gupta,100,80,10,10,6,
Lars1,100,80,2,2,6,
Lars2,100,80,2,2,6,71.0
Lis,100,80,2,2,6,
Gupta,100,80,2,2,6,
Lars1,100,80,4,4,6,
Lars2,100,80,4,4,6,
Lis,100,80,4,4,6,
Gupta,100,80,4,4,6,
Lars1,100,80,6,6,6,
Lars2,100,80,6,6,6,
Lis,100,80,6,6,6,
Gupta,100,80,6,6,6,
Lars1,100,80,8,8,6,
Lars2,100,80,8,8,6,
Lis,100,80,8,8,6,
Gupta,100,80,8,8,6,
Lars1,100,8,10,10,6,
Lars2,100,8,10,10,6,
Lis,100,8,10,10,6,
Gupta,100,8,10,10,6,
Lars1,100,8,2,2,6,
Lars2,100,8,2,2,6,71.0
Lis,100,8,2,2,6,
Gupta,100,8,2,2,6,
Lars1,100,8,4,4,6,
Lars2,100,8,4,4,6,
Lis,100,8,4,4,6,
Gupta,100,8,4,4,6,
Lars1,100,8,6,6,6,
Lars2,100,8,6,6,6,
Lis,100,8,6,6,6,
Gupta,100,8,6,6,6,
Lars1,100,8,8,8,6,
Lars2,100,8,8,8,6,
Lis,100,8,8,8,6,
Gupta,100,8,8,8,6,
Lars1,100,9,10,10,6,
Lars2,100,9,10,10,6,
Lis,100,9,10,10,6,
Gupta,100,9,10,10,6,
Lars1,100,9,2,2,6,
Lars2,100,9,2,2,6,82.0
Lis,100,9,2,2,6,
Gupta,100,9,2,2,6,
Lars1,100,9,4,4,6,
Lars2,100,9,4,4,6,
Lis,100,9,4,4,6,
Gupta,100,9,4,4,6,
Lars1,100,9,6,6,6,
Lars2,100,9,6,6,6,
Lis,100,9,6,6,6,
Gupta,100,9,6,6,6,
Lars1,100,9,8,8,6,
Lars2,100,9,8,8,6,
Lis,100,9,8,8,6,
Gupta,100,9,8,8,6,
Lars1,10,1000,10,10,6,
Lars2,10,1000,10,10,6,
Lis,10,1000,10,10,6,
Gupta,10,1000,10,10,6,
Lars1,10,1000,2,2,6,
Lars2,10,1000,2,2,6,360.0
Lis,10,1000,2,2,6,
Gupta,10,1000,2,2,6,
Lars1,10,1000,4,4,6,
Lars2,10,1000,4,4,6,
Lis,10,1000,4,4,6,
Gupta,10,1000,4,4,6,
Lars1,10,1000,6,6,6,
Lars2,10,1000,6,6,6,
Lis,10,1000,6,6,6,
Gupta,10,1000,6,6,6,
Lars1,10,1000,8,8,6,
Lars2,10,1000,8,8,6,
Lis,10,1000,8,8,6,
Gupta,10,1000,8,8,6,
Lars1,10,100,10,10,6,
Lars2,10,100,10,10,6,
Lis,10,100,10,10,6,
Gupta,10,100,10,10,6,
Lars1,10,100,2,2,6,
Lars2,10,100,2,2,6,93.0
Lis,10,100,2,2,6,
Gupta,10,100,2,2,6,
Lars1,10,100,4,4,6,
Lars2,10,100,4,4,6,
Lis,10,100,4,4,6,
Gupta,10,100,4,4,6,
Lars1,10,100,6,6,6,
Lars2,10,100,6,6,6,
Lis,10,100,6,6,6,
Gupta,10,100,6,6,6,
Lars1,10,100,8,8,6,
Lars2,10,100,8,8,6,
Lis,10,100,8,8,6,
Gupta,10,100,8,8,6,
Lars1,10,10,10,10,6,
Lars2,10,10,10,10,6,
Lis,10,10,10,10,6,
Gupta,10,10,10,10,6,
Lars1,10,10,2,2,6,
Lars2,10,10,2,2,6,75.0
Lis,10,10,2,2,6,
Gupta,10,10,2,2,6,
Lars1,10,10,4,4,6,
Lars2,10,10,4,4,6,
Lis,10,10,4,4,6,
Gupta,10,10,4,4,6,
Lars1,10,10,6,6,6,
Lars2,10,10,6,6,6,
Lis,10,10,6,6,6,
Gupta,10,10,6,6,6,
Lars1,10,10,8,8,6,
Lars2,10,10,8,8,6,
Lis,10,10,8,8,6,
Gupta,10,10,8,8,6,
Lars1,10,1,10,10,6,
Lars2,10,1,10,10,6,
Lis,10,1,10,10,6,
Gupta,10,1,10,10,6,
Lars1,10,1,2,2,6,
Lars2,10,1,2,2,6,79.0
Lis,10,1,2,2,6,
Gupta,10,1,2,2,6,
Lars1,10,1,4,4,6,
Lars2,10,1,4,4,6,
Lis,10,1,4,4,6,
Gupta,10,1,4,4,6,
Lars1,10,1,6,6,6,
Lars2,10,1,6,6,6,
Lis,10,1,6,6,6,
Gupta,10,1,6,6,6,
Lars1,10,1,8,8,6,
Lars2,10,1,8,8,6,
Lis,10,1,8,8,6,
Gupta,10,1,8,8,6,
Lars1,10,20,10,10,6,
Lars2,10,20,10,10,6,
Lis,10,20,10,10,6,
Gupta,10,20,10,10,6,
Lars1,10,20,2,2,6,
Lars2,10,20,2,2,6,81.0
Lis,10,20,2,2,6,
Gupta,10,20,2,2,6,
Lars1,10,20,4,4,6,
Lars2,10,20,4,4,6,
Lis,10,20,4,4,6,
Gupta,10,20,4,4,6,
Lars1,10,20,6,6,6,
Lars2,10,20,6,6,6,
Lis,10,20,6,6,6,
Gupta,10,20,6,6,6,
Lars1,10,20,8,8,6,
Lars2,10,20,8,8,6,
Lis,10,20,8,8,6,
Gupta,10,20,8,8,6,
Lars1,10,2,10,10,6,
Lars2,10,2,10,10,6,
Lis,10,2,10,10,6,
Gupta,10,2,10,10,6,
Lars1,10,2,2,2,6,
Lars2,10,2,2,2,6,77.0
Lis,10,2,2,2,6,
Gupta,10,2,2,2,6,
Lars1,10,2,4,4,6,
Lars2,10,2,4,4,6,
Lis,10,2,4,4,6,
Gupta,10,2,4,4,6,
Lars1,10,2,6,6,6,
Lars2,10,2,6,6,6,
Lis,10,2,6,6,6,
Gupta,10,2,6,6,6,
Lars1,10,2,8,8,6,
Lars2,10,2,8,8,6,
Lis,10,2,8,8,6,
Gupta,10,2,8,8,6,
Lars1,10,3,10,10,6,
Lars2,10,3,10,10,6,
Lis,10,3,10,10,6,
Gupta,10,3,10,10,6,
Lars1,10,3,2,2,6,
Lars2,10,3,2,2,6,68.0
Lis,10,3,2,2,6,
Gupta,10,3,2,2,6,
Lars1,10,3,4,4,6,
Lars2,10,3,4,4,6,
Lis,10,3,4,4,6,
Gupta,10,3,4,4,6,
Lars1,10,3,6,6,6,
Lars2,10,3,6,6,6,
Lis,10,3,6,6,6,
Gupta,10,3,6,6,6,
Lars1,10,3,8,8,6,
Lars2,10,3,8,8,6,
Lis,10,3,8,8,6,
Gupta,10,3,8,8,6,
Lars1,10,40,10,10,6,
Lars2,10,40,10,10,6,
Lis,10,40,10,10,6,
Gupta,10,40,10,10,6,
Lars1,10,40,2,2,6,
Lars2,10,40,2,2,6,84.0
Lis,10,40,2,2,6,
Gupta,10,40,2,2,6,
Lars1,10,40,4,4,6,
Lars2,10,40,4,4,6,
Lis,10,40,4,4,6,
Gupta,10,40,4,4,6,
Lars1,10,40,6,6,6,
Lars2,10,40,6,6,6,
Lis,10,40,6,6,6,
Gupta,10,40,6,6,6,
Lars1,10,40,8,8,6,
Lars2,10,40,8,8,6,
Lis,10,40,8,8,6,
Gupta,10,40,8,8,6,
Lars1,10,4,10,10,6,
Lars2,10,4,10,10,6,
Lis,10,4,10,10,6,
Gupta,10,4,10,10,6,
Lars1,10,4,2,2,6,
Lars2,10,4,2,2,6,83.0
Lis,10,4,2,2,6,
Gupta,10,4,2,2,6,
Lars1,10,4,4,4,6,
Lars2,10,4,4,4,6,
Lis,10,4,4,4,6,
Gupta,10,4,4,4,6,
Lars1,10,4,6,6,6,
Lars2,10,4,6,6,6,
Lis,10,4,6,6,6,
Gupta,10,4,6,6,6,
Lars1,10,4,8,8,6,
Lars2,10,4,8,8,6,
Lis,10,4,8,8,6,
Gupta,10,4,8,8,6,
Lars1,10,500,10,10,6,
Lars2,10,500,10,10,6,
Lis,10,500,10,10,6,
Gupta,10,500,10,10,6,
Lars1,10,500,2,2,6,
Lars2,10,500,2,2,6,110.0
Lis,10,500,2,2,6,
Gupta,10,500,2,2,6,
Lars1,10,500,4,4,6,
Lars2,10,500,4,4,6,
Lis,10,500,4,4,6,
Gupta,10,500,4,4,6,
Lars1,10,500,6,6,6,
Lars2,10,500,6,6,6,
Lis,10,500,6,6,6,
Gupta,10,500,6,6,6,
Lars1,10,500,8,8,6,
Lars2,10,500,8,8,6,
Lis,10,500,8,8,6,
Gupta,10,500,8,8,6,
Lars1,10,5,10,10,6,
Lars2,10,5,10,10,6,
Lis,10,5,10,10,6,
Gupta,10,5,10,10,6,
Lars1,10,5,2,2,6,
Lars2,10,5,2,2,6,79.0
Lis,10,5,2,2,6,
Gupta,10,5,2,2,6,
Lars1,10,5,4,4,6,
Lars2,10,5,4,4,6,
Lis,10,5,4,4,6,
Gupta,10,5,4,4,6,
Lars1,10,5,6,6,6,
Lars2,10,5,6,6,6,
Lis,10,5,6,6,6,
Gupta,10,5,6,6,6,
Lars1,10,5,8,8,6,
Lars2,10,5,8,8,6,
Lis,10,5,8,8,6,
Gupta,10,5,8,8,6,
Lars1,10,60,10,10,6,
Lars2,10,60,10,10,6,
Lis,10,60,10,10,6,
Gupta,10,60,10,10,6,
Lars1,10,60,2,2,6,
Lars2,10,60,2,2,6,73.0
Lis,10,60,2,2,6,
Gupta,10,60,2,2,6,
Lars1,10,60,4,4,6,
Lars2,10,60,4,4,6,
Lis,10,60,4,4,6,
Gupta,10,60,4,4,6,
Lars1,10,60,6,6,6,
Lars2,10,60,6,6,6,
Lis,10,60,6,6,6,
Gupta,10,60,6,6,6,
Lars1,10,60,8,8,6,
Lars2,10,60,8,8,6,
Lis,10,60,8,8,6,
Gupta,10,60,8,8,6,
Lars1,10,6,10,10,6,
Lars2,10,6,10,10,6,
Lis,10,6,10,10,6,
Gupta,10,6,10,10,6,
Lars1,10,6,2,2,6,
Lars2,10,6,2,2,6,77.0
Lis,10,6,2,2,6,
Gupta,10,6,2,2,6,
Lars1,10,6,4,4,6,
Lars2,10,6,4,4,6,
Lis,10,6,4,4,6,
Gupta,10,6,4,4,6,
Lars1,10,6,6,6,6,
Lars2,10,6,6,6,6,
Lis,10,6,6,6,6,
Gupta,10,6,6,6,6,
Lars1,10,6,8,8,6,
Lars2,10,6,8,8,6,
Lis,10,6,8,8,6,
Gupta,10,6,8,8,6,
Lars1,10,7,10,10,6,
Lars2,10,7,10,10,6,
Lis,10,7,10,10,6,
Gupta,10,7,10,10,6,
Lars1,10,7,2,2,6,
Lars2,10,7,2,2,6,69.0
Lis,10,7,2,2,6,
Gupta,10,7,2,2,6,
Lars1,10,7,4,4,6,
Lars2,10,7,4,4,6,
Lis,10,7,4,4,6,
Gupta,10,7,4,4,6,
Lars1,10,7,6,6,6,
Lars2,10,7,6,6,6,
Lis,10,7,6,6,6,
Gupta,10,7,6,6,6,
Lars1,10,7,8,8,6,
Lars2,10,7,8,8,6,
Lis,10,7,8,8,6,
Gupta,10,7,8,8,6,
Lars1,10,80,10,10,6,
Lars2,10,80,10,10,6,
Lis,10,80,10,10,6,
Gupta,10,80,10,10,6,
Lars1,10,80,2,2,6,
Lars2,10,80,2,2,6,80.0
Lis,10,80,2,2,6,
Gupta,10,80,2,2,6,
Lars1,10,80,4,4,6,
Lars2,10,80,4,4,6,
Lis,10,80,4,4,6,
Gupta,10,80,4,4,6,
Lars1,10,80,6,6,6,
Lars2,10,80,6,6,6,
Lis,10,80,6,6,6,
Gupta,10,80,6,6,6,
Lars1,10,80,8,8,6,
Lars2,10,80,8,8,6,
Lis,10,80,8,8,6,
Gupta,10,80,8,8,6,
Lars1,10,8,10,10,6,
Lars2,10,8,10,10,6,
Lis,10,8,10,10,6,
Gupta,10,8,10,10,6,
Lars1,10,8,2,2,6,
Lars2,10,8,2,2,6,81.0
Lis,10,8,2,2,6,
Gupta,10,8,2,2,6,
Lars1,10,8,4,4,6,
Lars2,10,8,4,4,6,
Lis,10,8,4,4,6,
Gupta,10,8,4,4,6,
Lars1,10,8,6,6,6,
Lars2,10,8,6,6,6,
Lis,10,8,6,6,6,
Gupta,10,8,6,6,6,
Lars1,10,8,8,8,6,
Lars2,10,8,8,8,6,
Lis,10,8,8,8,6,
Gupta,10,8,8,8,6,
Lars1,10,9,10,10,6,
Lars2,10,9,10,10,6,
Lis,10,9,10,10,6,
Gupta,10,9,10,10,6,
Lars1,10,9,2,2,6,
Lars2,10,9,2,2,6,55.0
Lis,10,9,2,2,6,
Gupta,10,9,2,2,6,
Lars1,10,9,4,4,6,
Lars2,10,9,4,4,6,
Lis,10,9,4,4,6,
Gupta,10,9,4,4,6,
Lars1,10,9,6,6,6,
Lars2,10,9,6,6,6,
Lis,10,9,6,6,6,
Gupta,10,9,6,6,6,
Lars1,10,9,8,8,6,
Lars2,10,9,8,8,6,
Lis,10,9,8,8,6,
Gupta,10,9,8,8,6,
Lars1,1,1000,10,10,6,
Lars2,1,1000,10,10,6,
Lis,1,1000,10,10,6,
Gupta,1,1000,10,10,6,
Lars1,1,1000,2,2,6,
Lars2,1,1000,2,2,6,1227.0
Lis,1,1000,2,2,6,
Gupta,1,1000,2,2,6,
Lars1,1,1000,4,4,6,
Lars2,1,1000,4,4,6,
Lis,1,1000,4,4,6,
Gupta,1,1000,4,4,6,
Lars1,1,1000,6,6,6,
Lars2,1,1000,6,6,6,
Lis,1,1000,6,6,6,
Gupta,1,1000,6,6,6,
Lars1,1,1000,8,8,6,
Lars2,1,1000,8,8,6,
Lis,1,1000,8,8,6,
Gupta,1,1000,8,8,6,
Lars1,1,100,10,10,6,
Lars2,1,100,10,10,6,
Lis,1,100,10,10,6,
Gupta,1,100,10,10,6,
Lars1,1,100,2,2,6,
Lars2,1,100,2,2,6,213.0
Lis,1,100,2,2,6,
Gupta,1,100,2,2,6,
Lars1,1,100,4,4,6,
Lars2,1,100,4,4,6,
Lis,1,100,4,4,6,
Gupta,1,100,4,4,6,
Lars1,1,100,6,6,6,
Lars2,1,100,6,6,6,
Lis,1,100,6,6,6,
Gupta,1,100,6,6,6,
Lars1,1,100,8,8,6,
Lars2,1,100,8,8,6,
Lis,1,100,8,8,6,
Gupta,1,100,8,8,6,
Lars1,1,10,10,10,6,
Lars2,1,10,10,10,6,
Lis,1,10,10,10,6,
Gupta,1,10,10,10,6,
Lars1,1,10,2,2,6,450.0
Lars2,1,10,2,2,6,69.0
Lis,1,10,2,2,6,
Gupta,1,10,2,2,6,
Lars1,1,10,4,4,6,
Lars2,1,10,4,4,6,
Lis,1,10,4,4,6,
Gupta,1,10,4,4,6,
Lars1,1,10,6,6,6,
Lars2,1,10,6,6,6,
Lis,1,10,6,6,6,
Gupta,1,10,6,6,6,
Lars1,1,10,8,8,6,
Lars2,1,10,8,8,6,
Lis,1,10,8,8,6,
Gupta,1,10,8,8,6,
Lars1,1,1,10,10,6,
Lars2,1,1,10,10,6,
Lis,1,1,10,10,6,
Gupta,1,1,10,10,6,
Lars1,1,1,2,2,6,586.0
Lars2,1,1,2,2,6,72.0
Lis,1,1,2,2,6,
Gupta,1,1,2,2,6,
Lars1,1,1,4,4,6,
Lars2,1,1,4,4,6,
Lis,1,1,4,4,6,
Gupta,1,1,4,4,6,
Lars1,1,1,6,6,6,
Lars2,1,1,6,6,6,
Lis,1,1,6,6,6,
Gupta,1,1,6,6,6,
Lars1,1,1,8,8,6,
Lars2,1,1,8,8,6,
Lis,1,1,8,8,6,
Gupta,1,1,8,8,6,
Lars1,1,20,10,10,6,
Lars2,1,20,10,10,6,
Lis,1,20,10,10,6,
Gupta,1,20,10,10,6,
Lars1,1,20,2,2,6,
Lars2,1,20,2,2,6,96.0
Lis,1,20,2,2,6,
Gupta,1,20,2,2,6,
Lars1,1,20,4,4,6,
Lars2,1,20,4,4,6,
Lis,1,20,4,4,6,
Gupta,1,20,4,4,6,
Lars1,1,20,6,6,6,
Lars2,1,20,6,6,6,
Lis,1,20,6,6,6,
Gupta,1,20,6,6,6,
Lars1,1,20,8,8,6,
Lars2,1,20,8,8,6,
Lis,1,20,8,8,6,
Gupta,1,20,8,8,6,
Lars1,1,2,10,10,6,
Lars2,1,2,10,10,6,
Lis,1,2,10,10,6,
Gupta,1,2,10,10,6,
Lars1,1,2,2,2,6,
Lars2,1,2,2,2,6,97.0
Lis,1,2,2,2,6,
Gupta,1,2,2,2,6,
Lars1,1,2,4,4,6,
Lars2,1,2,4,4,6,
Lis,1,2,4,4,6,
Gupta,1,2,4,4,6,
Lars1,1,2,6,6,6,
Lars2,1,2,6,6,6,
Lis,1,2,6,6,6,
Gupta,1,2,6,6,6,
Lars1,1,2,8,8,6,
Lars2,1,2,8,8,6,
Lis,1,2,8,8,6,
Gupta,1,2,8,8,6,
Lars1,1,3,10,10,6,
Lars2,1,3,10,10,6,
Lis,1,3,10,10,6,
Gupta,1,3,10,10,6,
Lars1,1,3,2,2,6,128.0
Lars2,1,3,2,2,6,54.0
Lis,1,3,2,2,6,
Gupta,1,3,2,2,6,
Lars1,1,3,4,4,6,
Lars2,1,3,4,4,6,
Lis,1,3,4,4,6,
Gupta,1,3,4,4,6,
Lars1,1,3,6,6,6,
Lars2,1,3,6,6,6,
Lis,1,3,6,6,6,
Gupta,1,3,6,6,6,
Lars1,1,3,8,8,6,
Lars2,1,3,8,8,6,
Lis,1,3,8,8,6,
Gupta,1,3,8,8,6,
Lars1,1,40,10,10,6,
Lars2,1,40,10,10,6,
Lis,1,40,10,10,6,
Gupta,1,40,10,10,6,
Lars1,1,40,2,2,6,
Lars2,1,40,2,2,6,104.0
Lis,1,40,2,2,6,
Gupta,1,40,2,2,6,
Lars1,1,40,4,4,6,
Lars2,1,40,4,4,6,
Lis,1,40,4,4,6,
Gupta,1,40,4,4,6,
Lars1,1,40,6,6,6,
Lars2,1,40,6,6,6,
Lis,1,40,6,6,6,
Gupta,1,40,6,6,6,
Lars1,1,40,8,8,6,
Lars2,1,40,8,8,6,
Lis,1,40,8,8,6,
Gupta,1,40,8,8,6,
Lars1,1,4,10,10,6,
Lars2,1,4,10,10,6,
Lis,1,4,10,10,6,
Gupta,1,4,10,10,6,
Lars1,1,4,2,2,6,
Lars2,1,4,2,2,6,82.0
Lis,1,4,2,2,6,
Gupta,1,4,2,2,6,
Lars1,1,4,4,4,6,
Lars2,1,4,4,4,6,
Lis,1,4,4,4,6,
Gupta,1,4,4,4,6,
Lars1,1,4,6,6,6,
Lars2,1,4,6,6,6,
Lis,1,4,6,6,6,
Gupta,1,4,6,6,6,
Lars1,1,4,8,8,6,
Lars2,1,4,8,8,6,
Lis,1,4,8,8,6,
Gupta,1,4,8,8,6,
Lars1,1,500,10,10,6,
Lars2,1,500,10,10,6,
Lis,1,500,10,10,6,
Gupta,1,500,10,10,6,
Lars1,1,500,2,2,6,
Lars2,1,500,2,2,6,972.0
Lis,1,500,2,2,6,
Gupta,1,500,2,2,6,
Lars1,1,500,4,4,6,
Lars2,1,500,4,4,6,
Lis,1,500,4,4,6,
Gupta,1,500,4,4,6,
Lars1,1,500,6,6,6,
Lars2,1,500,6,6,6,
Lis,1,500,6,6,6,
Gupta,1,500,6,6,6,
Lars1,1,500,8,8,6,
Lars2,1,500,8,8,6,
Lis,1,500,8,8,6,
Gupta,1,500,8,8,6,
Lars1,1,5,10,10,6,
Lars2,1,5,10,10,6,
Lis,1,5,10,10,6,
Gupta,1,5,10,10,6,
Lars1,1,5,2,2,6,4625.0
Lars2,1,5,2,2,6,81.0
Lis,1,5,2,2,6,
Gupta,1,5,2,2,6,
Lars1,1,5,4,4,6,
Lars2,1,5,4,4,6,
Lis,1,5,4,4,6,
Gupta,1,5,4,4,6,
Lars1,1,5,6,6,6,
Lars2,1,5,6,6,6,
Lis,1,5,6,6,6,
Gupta,1,5,6,6,6,
Lars1,1,5,8,8,6,
Lars2,1,5,8,8,6,
Lis,1,5,8,8,6,
Gupta,1,5,8,8,6,
Lars1,1,60,10,10,6,
Lars2,1,60,10,10,6,
Lis,1,60,10,10,6,
Gupta,1,60,10,10,6,
Lars1,1,60,2,2,6,
Lars2,1,60,2,2,6,107.0
Lis,1,60,2,2,6,
Gupta,1,60,2,2,6,
Lars1,1,60,4,4,6,
Lars2,1,60,4,4,6,
Lis,1,60,4,4,6,
Gupta,1,60,4,4,6,
Lars1,1,60,6,6,6,
Lars2,1,60,6,6,6,
Lis,1,60,6,6,6,
Gupta,1,60,6,6,6,
Lars1,1,60,8,8,6,
Lars2,1,60,8,8,6,
Lis,1,60,8,8,6,
Gupta,1,60,8,8,6,
Lars1,1,6,10,10,6,
Lars2,1,6,10,10,6,
Lis,1,6,10,10,6,
Gupta,1,6,10,10,6,
Lars1,1,6,2,2,6,
Lars2,1,6,2,2,6,74.0
Lis,1,6,2,2,6,
Gupta,1,6,2,2,6,
Lars1,1,6,4,4,6,
Lars2,1,6,4,4,6,
Lis,1,6,4,4,6,
Gupta,1,6,4,4,6,
Lars1,1,6,6,6,6,
Lars2,1,6,6,6,6,
Lis,1,6,6,6,6,
Gupta,1,6,6,6,6,
Lars1,1,6,8,8,6,
Lars2,1,6,8,8,6,
Lis,1,6,8,8,6,
Gupta,1,6,8,8,6,
Lars1,1,7,10,10,6,
Lars2,1,7,10,10,6,
Lis,1,7,10,10,6,
Gupta,1,7,10,10,6,
Lars1,1,7,2,2,6,2995.0
Lars2,1,7,2,2,6,79.0
Lis,1,7,2,2,6,
Gupta,1,7,2,2,6,
Lars1,1,7,4,4,6,
Lars2,1,7,4,4,6,
Lis,1,7,4,4,6,
Gupta,1,7,4,4,6,
Lars1,1,7,6,6,6,
Lars2,1,7,6,6,6,
Lis,1,7,6,6,6,
Gupta,1,7,6,6,6,
Lars1,1,7,8,8,6,
Lars2,1,7,8,8,6,
Lis,1,7,8,8,6,
Gupta,1,7,8,8,6,
Lars1,1,80,10,10,6,
Lars2,1,80,10,10,6,
Lis,1,80,10,10,6,
Gupta,1,80,10,10,6,
Lars1,1,80,2,2,6,
Lars2,1,80,2,2,6,116.0
Lis,1,80,2,2,6,
Gupta,1,80,2,2,6,
Lars1,1,80,4,4,6,
Lars2,1,80,4,4,6,
Lis,1,80,4,4,6,
Gupta,1,80,4,4,6,
Lars1,1,80,6,6,6,
Lars2,1,80,6,6,6,
Lis,1,80,6,6,6,
Gupta,1,80,6,6,6,
Lars1,1,80,8,8,6,
Lars2,1,80,8,8,6,
Lis,1,80,8,8,6,
Gupta,1,80,8,8,6,
Lars1,1,8,10,10,6,
Lars2,1,8,10,10,6,
Lis,1,8,10,10,6,
Gupta,1,8,10,10,6,
Lars1,1,8,2,2,6,7783.0
Lars2,1,8,2,2,6,71.0
Lis,1,8,2,2,6,
Gupta,1,8,2,2,6,
Lars1,1,8,4,4,6,
Lars2,1,8,4,4,6,
Lis,1,8,4,4,6,
Gupta,1,8,4,4,6,
Lars1,1,8,6,6,6,
Lars2,1,8,6,6,6,
Lis,1,8,6,6,6,
Gupta,1,8,6,6,6,
Lars1,1,8,8,8,6,
Lars2,1,8,8,8,6,
Lis,1,8,8,8,6,
Gupta,1,8,8,8,6,
Lars1,1,9,10,10,6,
Lars2,1,9,10,10,6,
Lis,1,9,10,10,6,
Gupta,1,9,10,10,6,
Lars1,1,9,2,2,6,
Lars2,1,9,2,2,6,72.0
Lis,1,9,2,2,6,
Gupta,1,9,2,2,6,
Lars1,1,9,4,4,6,
Lars2,1,9,4,4,6,
Lis,1,9,4,4,6,
Gupta,1,9,4,4,6,
Lars1,1,9,6,6,6,
Lars2,1,9,6,6,6,
Lis,1,9,6,6,6,
Gupta,1,9,6,6,6,
Lars1,1,9,8,8,6,
Lars2,1,9,8,8,6,
Lis,1,9,8,8,6,
Gupta,1,9,8,8,6,
Lars1,20,1000,10,10,6,
Lars2,20,1000,10,10,6,
Lis,20,1000,10,10,6,
Gupta,20,1000,10,10,6,
Lars1,20,1000,2,2,6,
Lars2,20,1000,2,2,6,115.0
Lis,20,1000,2,2,6,
Gupta,20,1000,2,2,6,
Lars1,20,1000,4,4,6,
Lars2,20,1000,4,4,6,
Lis,20,1000,4,4,6,
Gupta,20,1000,4,4,6,
Lars1,20,1000,6,6,6,
Lars2,20,1000,6,6,6,
Lis,20,1000,6,6,6,
Gupta,20,1000,6,6,6,
Lars1,20,1000,8,8,6,
Lars2,20,1000,8,8,6,
Lis,20,1000,8,8,6,
Gupta,20,1000,8,8,6,
Lars1,20,100,10,10,6,
Lars2,20,100,10,10,6,
Lis,20,100,10,10,6,
Gupta,20,100,10,10,6,
Lars1,20,100,2,2,6,
Lars2,20,100,2,2,6,89.0
Lis,20,100,2,2,6,
Gupta,20,100,2,2,6,
Lars1,20,100,4,4,6,
Lars2,20,100,4,4,6,
Lis,20,100,4,4,6,
Gupta,20,100,4,4,6,
Lars1,20,100,6,6,6,
Lars2,20,100,6,6,6,
Lis,20,100,6,6,6,
Gupta,20,100,6,6,6,
Lars1,20,100,8,8,6,
Lars2,20,100,8,8,6,
Lis,20,100,8,8,6,
Gupta,20,100,8,8,6,
Lars1,20,10,10,10,6,
Lars2,20,10,10,10,6,
Lis,20,10,10,10,6,
Gupta,20,10,10,10,6,
Lars1,20,10,2,2,6,
Lars2,20,10,2,2,6,67.0
Lis,20,10,2,2,6,
Gupta,20,10,2,2,6,
Lars1,20,10,4,4,6,
Lars2,20,10,4,4,6,
Lis,20,10,4,4,6,
Gupta,20,10,4,4,6,
Lars1,20,10,6,6,6,
Lars2,20,10,6,6,6,
Lis,20,10,6,6,6,
Gupta,20,10,6,6,6,
Lars1,20,10,8,8,6,
Lars2,20,10,8,8,6,
Lis,20,10,8,8,6,
Gupta,20,10,8,8,6,
Lars1,20,1,10,10,6,
Lars2,20,1,10,10,6,
Lis,20,1,10,10,6,
Gupta,20,1,10,10,6,
Lars1,20,1,2,2,6,
Lars2,20,1,2,2,6,84.0
Lis,20,1,2,2,6,
Gupta,20,1,2,2,6,
Lars1,20,1,4,4,6,
Lars2,20,1,4,4,6,
Lis,20,1,4,4,6,
Gupta,20,1,4,4,6,
Lars1,20,1,6,6,6,
Lars2,20,1,6,6,6,
Lis,20,1,6,6,6,
Gupta,20,1,6,6,6,
Lars1,20,1,8,8,6,
Lars2,20,1,8,8,6,
Lis,20,1,8,8,6,
Gupta,20,1,8,8,6,
Lars1,20,20,10,10,6,
Lars2,20,20,10,10,6,
Lis,20,20,10,10,6,
Gupta,20,20,10,10,6,
Lars1,20,20,2,2,6,
Lars2,20,20,2,2,6,71.0
Lis,20,20,2,2,6,
Gupta,20,20,2,2,6,
Lars1,20,20,4,4,6,
Lars2,20,20,4,4,6,
Lis,20,20,4,4,6,
Gupta,20,20,4,4,6,
Lars1,20,20,6,6,6,
Lars2,20,20,6,6,6,
Lis,20,20,6,6,6,
Gupta,20,20,6,6,6,
Lars1,20,20,8,8,6,
Lars2,20,20,8,8,6,
Lis,20,20,8,8,6,
Gupta,20,20,8,8,6,
Lars1,20,2,10,10,6,
Lars2,20,2,10,10,6,
Lis,20,2,10,10,6,
Gupta,20,2,10,10,6,
Lars1,20,2,2,2,6,
Lars2,20,2,2,2,6,73.0
Lis,20,2,2,2,6,
Gupta,20,2,2,2,6,
Lars1,20,2,4,4,6,
Lars2,20,2,4,4,6,
Lis,20,2,4,4,6,
Gupta,20,2,4,4,6,
Lars1,20,2,6,6,6,
Lars2,20,2,6,6,6,
Lis,20,2,6,6,6,
Gupta,20,2,6,6,6,
Lars1,20,2,8,8,6,
Lars2,20,2,8,8,6,
Lis,20,2,8,8,6,
Gupta,20,2,8,8,6,
Lars1,20,3,10,10,6,
Lars2,20,3,10,10,6,
Lis,20,3,10,10,6,
Gupta,20,3,10,10,6,
Lars1,20,3,2,2,6,
Lars2,20,3,2,2,6,66.0
Lis,20,3,2,2,6,
Gupta,20,3,2,2,6,
Lars1,20,3,4,4,6,
Lars2,20,3,4,4,6,
Lis,20,3,4,4,6,
Gupta,20,3,4,4,6,
Lars1,20,3,6,6,6,
Lars2,20,3,6,6,6,
Lis,20,3,6,6,6,
Gupta,20,3,6,6,6,
Lars1,20,3,8,8,6,
Lars2,20,3,8,8,6,
Lis,20,3,8,8,6,
Gupta,20,3,8,8,6,
Lars1,20,40,10,10,6,
Lars2,20,40,10,10,6,
Lis,20,40,10,10,6,
Gupta,20,40,10,10,6,
Lars1,20,40,2,2,6,
Lars2,20,40,2,2,6,75.0
Lis,20,40,2,2,6,
Gupta,20,40,2,2,6,
Lars1,20,40,4,4,6,
Lars2,20,40,4,4,6,
Lis,20,40,4,4,6,
Gupta,20,40,4,4,6,
Lars1,20,40,6,6,6,
Lars2,20,40,6,6,6,
Lis,20,40,6,6,6,
Gupta,20,40,6,6,6,
Lars1,20,40,8,8,6,
Lars2,20,40,8,8,6,
Lis,20,40,8,8,6,
Gupta,20,40,8,8,6,
Lars1,20,4,10,10,6,
Lars2,20,4,10,10,6,
Lis,20,4,10,10,6,
Gupta,20,4,10,10,6,
Lars1,20,4,2,2,6,
Lars2,20,4,2,2,6,64.0
Lis,20,4,2,2,6,
Gupta,20,4,2,2,6,
Lars1,20,4,4,4,6,
Lars2,20,4,4,4,6,
Lis,20,4,4,4,6,
Gupta,20,4,4,4,6,
Lars1,20,4,6,6,6,
Lars2,20,4,6,6,6,
Lis,20,4,6,6,6,
Gupta,20,4,6,6,6,
Lars1,20,4,8,8,6,
Lars2,20,4,8,8,6,
Lis,20,4,8,8,6,
Gupta,20,4,8,8,6,
Lars1,20,500,10,10,6,
Lars2,20,500,10,10,6,
Lis,20,500,10,10,6,
Gupta,20,500,10,10,6,
Lars1,20,500,2,2,6,
Lars2,20,500,2,2,6,83.0
Lis,20,500,2,2,6,
Gupta,20,500,2,2,6,
Lars1,20,500,4,4,6,
Lars2,20,500,4,4,6,
Lis,20,500,4,4,6,
Gupta,20,500,4,4,6,
Lars1,20,500,6,6,6,
Lars2,20,500,6,6,6,
Lis,20,500,6,6,6,
Gupta,20,500,6,6,6,
Lars1,20,500,8,8,6,
Lars2,20,500,8,8,6,
Lis,20,500,8,8,6,
Gupta,20,500,8,8,6,
Lars1,20,5,10,10,6,
Lars2,20,5,10,10,6,
Lis,20,5,10,10,6,
Gupta,20,5,10,10,6,
Lars1,20,5,2,2,6,
Lars2,20,5,2,2,6,78.0
Lis,20,5,2,2,6,
Gupta,20,5,2,2,6,
Lars1,20,5,4,4,6,
Lars2,20,5,4,4,6,
Lis,20,5,4,4,6,
Gupta,20,5,4,4,6,
Lars1,20,5,6,6,6,
Lars2,20,5,6,6,6,
Lis,20,5,6,6,6,
Gupta,20,5,6,6,6,
Lars1,20,5,8,8,6,
Lars2,20,5,8,8,6,
Lis,20,5,8,8,6,
Gupta,20,5,8,8,6,
Lars1,20,60,10,10,6,
Lars2,20,60,10,10,6,
Lis,20,60,10,10,6,
Gupta,20,60,10,10,6,
Lars1,20,60,2,2,6,
Lars2,20,60,2,2,6,79.0
Lis,20,60,2,2,6,
Gupta,20,60,2,2,6,
Lars1,20,60,4,4,6,
Lars2,20,60,4,4,6,
Lis,20,60,4,4,6,
Gupta,20,60,4,4,6,
Lars1,20,60,6,6,6,
Lars2,20,60,6,6,6,
Lis,20,60,6,6,6,
Gupta,20,60,6,6,6,
Lars1,20,60,8,8,6,
Lars2,20,60,8,8,6,
Lis,20,60,8,8,6,
Gupta,20,60,8,8,6,
Lars1,20,6,10,10,6,
Lars2,20,6,10,10,6,
Lis,20,6,10,10,6,
Gupta,20,6,10,10,6,
Lars1,20,6,2,2,6,
Lars2,20,6,2,2,6,82.0
Lis,20,6,2,2,6,
Gupta,20,6,2,2,6,
Lars1,20,6,4,4,6,
Lars2,20,6,4,4,6,
Lis,20,6,4,4,6,
Gupta,20,6,4,4,6,
Lars1,20,6,6,6,6,
Lars2,20,6,6,6,6,
Lis,20,6,6,6,6,
Gupta,20,6,6,6,6,
Lars1,20,6,8,8,6,
Lars2,20,6,8,8,6,
Lis,20,6,8,8,6,
Gupta,20,6,8,8,6,
Lars1,20,7,10,10,6,
Lars2,20,7,10,10,6,
Lis,20,7,10,10,6,
Gupta,20,7,10,10,6,
Lars1,20,7,2,2,6,
Lars2,20,7,2,2,6,70.0
Lis,20,7,2,2,6,
Gupta,20,7,2,2,6,
Lars1,20,7,4,4,6,
Lars2,20,7,4,4,6,
Lis,20,7,4,4,6,
Gupta,20,7,4,4,6,
Lars1,20,7,6,6,6,
Lars2,20,7,6,6,6,
Lis,20,7,6,6,6,
Gupta,20,7,6,6,6,
Lars1,20,7,8,8,6,
Lars2,20,7,8,8,6,
Lis,20,7,8,8,6,
Gupta,20,7,8,8,6,
Lars1,20,80,10,10,6,
Lars2,20,80,10,10,6,
Lis,20,80,10,10,6,
Gupta,20,80,10,10,6,
Lars1,20,80,2,2,6,
Lars2,20,80,2,2,6,95.0
Lis,20,80,2,2,6,
Gupta,20,80,2,2,6,
Lars1,20,80,4,4,6,
Lars2,20,80,4,4,6,
Lis,20,80,4,4,6,
Gupta,20,80,4,4,6,
Lars1,20,80,6,6,6,
Lars2,20,80,6,6,6,
Lis,20,80,6,6,6,
Gupta,20,80,6,6,6,
Lars1,20,80,8,8,6,
Lars2,20,80,8,8,6,
Lis,20,80,8,8,6,
Gupta,20,80,8,8,6,
Lars1,20,8,10,10,6,
Lars2,20,8,10,10,6,
Lis,20,8,10,10,6,
Gupta,20,8,10,10,6,
Lars1,20,8,2,2,6,
Lars2,20,8,2,2,6,81.0
Lis,20,8,2,2,6,
Gupta,20,8,2,2,6,
Lars1,20,8,4,4,6,
Lars2,20,8,4,4,6,
Lis,20,8,4,4,6,
Gupta,20,8,4,4,6,
Lars1,20,8,6,6,6,
Lars2,20,8,6,6,6,
Lis,20,8,6,6,6,
Gupta,20,8,6,6,6,
Lars1,20,8,8,8,6,
Lars2,20,8,8,8,6,
Lis,20,8,8,8,6,
Gupta,20,8,8,8,6,
Lars1,20,9,10,10,6,
Lars2,20,9,10,10,6,
Lis,20,9,10,10,6,
Gupta,20,9,10,10,6,
Lars1,20,9,2,2,6,
Lars2,20,9,2,2,6,84.0
Lis,20,9,2,2,6,
Gupta,20,9,2,2,6,
Lars1,20,9,4,4,6,
Lars2,20,9,4,4,6,
Lis,20,9,4,4,6,
Gupta,20,9,4,4,6,
Lars1,20,9,6,6,6,
Lars2,20,9,6,6,6,
Lis,20,9,6,6,6,
Gupta,20,9,6,6,6,
Lars1,20,9,8,8,6,
Lars2,20,9,8,8,6,
Lis,20,9,8,8,6,
Gupta,20,9,8,8,6,
Lars1,2,1000,10,10,6,
Lars2,2,1000,10,10,6,
Lis,2,1000,10,10,6,
Gupta,2,1000,10,10,6,
Lars1,2,1000,2,2,6,
Lars2,2,1000,2,2,6,1697.0
Lis,2,1000,2,2,6,
Gupta,2,1000,2,2,6,
Lars1,2,1000,4,4,6,
Lars2,2,1000,4,4,6,
Lis,2,1000,4,4,6,
Gupta,2,1000,4,4,6,
Lars1,2,1000,6,6,6,
Lars2,2,1000,6,6,6,
Lis,2,1000,6,6,6,
Gupta,2,1000,6,6,6,
Lars1,2,1000,8,8,6,
Lars2,2,1000,8,8,6,
Lis,2,1000,8,8,6,
Gupta,2,1000,8,8,6,
Lars1,2,100,10,10,6,
Lars2,2,100,10,10,6,
Lis,2,100,10,10,6,
Gupta,2,100,10,10,6,
Lars1,2,100,2,2,6,
Lars2,2,100,2,2,6,88.0
Lis,2,100,2,2,6,
Gupta,2,100,2,2,6,
Lars1,2,100,4,4,6,
Lars2,2,100,4,4,6,
Lis,2,100,4,4,6,
Gupta,2,100,4,4,6,
Lars1,2,100,6,6,6,
Lars2,2,100,6,6,6,
Lis,2,100,6,6,6,
Gupta,2,100,6,6,6,
Lars1,2,100,8,8,6,
Lars2,2,100,8,8,6,
Lis,2,100,8,8,6,
Gupta,2,100,8,8,6,
Lars1,2,10,10,10,6,
Lars2,2,10,10,10,6,
Lis,2,10,10,10,6,
Gupta,2,10,10,10,6,
Lars1,2,10,2,2,6,
Lars2,2,10,2,2,6,85.0
Lis,2,10,2,2,6,
Gupta,2,10,2,2,6,
Lars1,2,10,4,4,6,
Lars2,2,10,4,4,6,
Lis,2,10,4,4,6,
Gupta,2,10,4,4,6,
Lars1,2,10,6,6,6,
Lars2,2,10,6,6,6,
Lis,2,10,6,6,6,
Gupta,2,10,6,6,6,
Lars1,2,10,8,8,6,
Lars2,2,10,8,8,6,
Lis,2,10,8,8,6,
Gupta,2,10,8,8,6,
Lars1,2,1,10,10,6,
Lars2,2,1,10,10,6,
Lis,2,1,10,10,6,
Gupta,2,1,10,10,6,
Lars1,2,1,2,2,6,
Lars2,2,1,2,2,6,56.0
Lis,2,1,2,2,6,
Gupta,2,1,2,2,6,
Lars1,2,1,4,4,6,
Lars2,2,1,4,4,6,
Lis,2,1,4,4,6,
Gupta,2,1,4,4,6,
Lars1,2,1,6,6,6,
Lars2,2,1,6,6,6,
Lis,2,1,6,6,6,
Gupta,2,1,6,6,6,
Lars1,2,1,8,8,6,
Lars2,2,1,8,8,6,
Lis,2,1,8,8,6,
Gupta,2,1,8,8,6,
Lars1,2,20,10,10,6,
Lars2,2,20,10,10,6,
Lis,2,20,10,10,6,
Gupta,2,20,10,10,6,
Lars1,2,20,2,2,6,
Lars2,2,20,2,2,6,67.0
Lis,2,20,2,2,6,
Gupta,2,20,2,2,6,
Lars1,2,20,4,4,6,
Lars2,2,20,4,4,6,
Lis,2,20,4,4,6,
Gupta,2,20,4,4,6,
Lars1,2,20,6,6,6,
Lars2,2,20,6,6,6,
Lis,2,20,6,6,6,
Gupta,2,20,6,6,6,
Lars1,2,20,8,8,6,
Lars2,2,20,8,8,6,
Lis,2,20,8,8,6,
Gupta,2,20,8,8,6,
Lars1,2,2,10,10,6,
Lars2,2,2,10,10,6,
Lis,2,2,10,10,6,
Gupta,2,2,10,10,6,
Lars1,2,2,2,2,6,
Lars2,2,2,2,2,6,81.0
Lis,2,2,2,2,6,
Gupta,2,2,2,2,6,
Lars1,2,2,4,4,6,
Lars2,2,2,4,4,6,
Lis,2,2,4,4,6,
Gupta,2,2,4,4,6,
Lars1,2,2,6,6,6,
Lars2,2,2,6,6,6,
Lis,2,2,6,6,6,
Gupta,2,2,6,6,6,
Lars1,2,2,8,8,6,
Lars2,2,2,8,8,6,
Lis,2,2,8,8,6,
Gupta,2,2,8,8,6,
Lars1,2,3,10,10,6,
Lars2,2,3,10,10,6,
Lis,2,3,10,10,6,
Gupta,2,3,10,10,6,
Lars1,2,3,2,2,6,
Lars2,2,3,2,2,6,76.0
Lis,2,3,2,2,6,
Gupta,2,3,2,2,6,
Lars1,2,3,4,4,6,
Lars2,2,3,4,4,6,
Lis,2,3,4,4,6,
Gupta,2,3,4,4,6,
Lars1,2,3,6,6,6,
Lars2,2,3,6,6,6,
Lis,2,3,6,6,6,
Gupta,2,3,6,6,6,
Lars1,2,3,8,8,6,
Lars2,2,3,8,8,6,
Lis,2,3,8,8,6,
Gupta,2,3,8,8,6,
Lars1,2,40,10,10,6,
Lars2,2,40,10,10,6,
Lis,2,40,10,10,6,
Gupta,2,40,10,10,6,
Lars1,2,40,2,2,6,
Lars2,2,40,2,2,6,85.0
Lis,2,40,2,2,6,
Gupta,2,40,2,2,6,
Lars1,2,40,4,4,6,
Lars2,2,40,4,4,6,
Lis,2,40,4,4,6,
Gupta,2,40,4,4,6,
Lars1,2,40,6,6,6,
Lars2,2,40,6,6,6,
Lis,2,40,6,6,6,
Gupta,2,40,6,6,6,
Lars1,2,40,8,8,6,
Lars2,2,40,8,8,6,
Lis,2,40,8,8,6,
Gupta,2,40,8,8,6,
Lars1,2,4,10,10,6,
Lars2,2,4,10,10,6,
Lis,2,4,10,10,6,
Gupta,2,4,10,10,6,
Lars1,2,4,2,2,6,
Lars2,2,4,2,2,6,72.0
Lis,2,4,2,2,6,
Gupta,2,4,2,2,6,
Lars1,2,4,4,4,6,
Lars2,2,4,4,4,6,
Lis,2,4,4,4,6,
Gupta,2,4,4,4,6,
Lars1,2,4,6,6,6,
Lars2,2,4,6,6,6,
Lis,2,4,6,6,6,
Gupta,2,4,6,6,6,
Lars1,2,4,8,8,6,
Lars2,2,4,8,8,6,
Lis,2,4,8,8,6,
Gupta,2,4,8,8,6,
Lars1,2,500,10,10,6,
Lars2,2,500,10,10,6,
Lis,2,500,10,10,6,
Gupta,2,500,10,10,6,
Lars1,2,500,2,2,6,
Lars2,2,500,2,2,6,472.0
Lis,2,500,2,2,6,
Gupta,2,500,2,2,6,
Lars1,2,500,4,4,6,
Lars2,2,500,4,4,6,
Lis,2,500,4,4,6,
Gupta,2,500,4,4,6,
Lars1,2,500,6,6,6,
Lars2,2,500,6,6,6,
Lis,2,500,6,6,6,
Gupta,2,500,6,6,6,
Lars1,2,500,8,8,6,
Lars2,2,500,8,8,6,
Lis,2,500,8,8,6,
Gupta,2,500,8,8,6,
Lars1,2,5,10,10,6,
Lars2,2,5,10,10,6,
Lis,2,5,10,10,6,
Gupta,2,5,10,10,6,
Lars1,2,5,2,2,6,
Lars2,2,5,2,2,6,69.0
Lis,2,5,2,2,6,
Gupta,2,5,2,2,6,
Lars1,2,5,4,4,6,
Lars2,2,5,4,4,6,
Lis,2,5,4,4,6,
Gupta,2,5,4,4,6,
Lars1,2,5,6,6,6,
Lars2,2,5,6,6,6,
Lis,2,5,6,6,6,
Gupta,2,5,6,6,6,
Lars1,2,5,8,8,6,
Lars2,2,5,8,8,6,
Lis,2,5,8,8,6,
Gupta,2,5,8,8,6,
Lars1,2,60,10,10,6,
Lars2,2,60,10,10,6,
Lis,2,60,10,10,6,
Gupta,2,60,10,10,6,
Lars1,2,60,2,2,6,
Lars2,2,60,2,2,6,105.0
Lis,2,60,2,2,6,
Gupta,2,60,2,2,6,
Lars1,2,60,4,4,6,
Lars2,2,60,4,4,6,
Lis,2,60,4,4,6,
Gupta,2,60,4,4,6,
Lars1,2,60,6,6,6,
Lars2,2,60,6,6,6,
Lis,2,60,6,6,6,
Gupta,2,60,6,6,6,
Lars1,2,60,8,8,6,
Lars2,2,60,8,8,6,
Lis,2,60,8,8,6,
Gupta,2,60,8,8,6,
Lars1,2,6,10,10,6,
Lars2,2,6,10,10,6,
Lis,2,6,10,10,6,
Gupta,2,6,10,10,6,
Lars1,2,6,2,2,6,
Lars2,2,6,2,2,6,78.0
Lis,2,6,2,2,6,
Gupta,2,6,2,2,6,
Lars1,2,6,4,4,6,
Lars2,2,6,4,4,6,
Lis,2,6,4,4,6,
Gupta,2,6,4,4,6,
Lars1,2,6,6,6,6,
Lars2,2,6,6,6,6,
Lis,2,6,6,6,6,
Gupta,2,6,6,6,6,
Lars1,2,6,8,8,6,
Lars2,2,6,8,8,6,
Lis,2,6,8,8,6,
Gupta,2,6,8,8,6,
Lars1,2,7,10,10,6,
Lars2,2,7,10,10,6,
Lis,2,7,10,10,6,
Gupta,2,7,10,10,6,
Lars1,2,7,2,2,6,
Lars2,2,7,2,2,6,76.0
Lis,2,7,2,2,6,
Gupta,2,7,2,2,6,
Lars1,2,7,4,4,6,
Lars2,2,7,4,4,6,
Lis,2,7,4,4,6,
Gupta,2,7,4,4,6,
Lars1,2,7,6,6,6,
Lars2,2,7,6,6,6,
Lis,2,7,6,6,6,
Gupta,2,7,6,6,6,
Lars1,2,7,8,8,6,
Lars2,2,7,8,8,6,
Lis,2,7,8,8,6,
Gupta,2,7,8,8,6,
Lars1,2,80,10,10,6,
Lars2,2,80,10,10,6,
Lis,2,80,10,10,6,
Gupta,2,80,10,10,6,
Lars1,2,80,2,2,6,
Lars2,2,80,2,2,6,140.0
Lis,2,80,2,2,6,
Gupta,2,80,2,2,6,
Lars1,2,80,4,4,6,
Lars2,2,80,4,4,6,
Lis,2,80,4,4,6,
Gupta,2,80,4,4,6,
Lars1,2,80,6,6,6,
Lars2,2,80,6,6,6,
Lis,2,80,6,6,6,
Gupta,2,80,6,6,6,
Lars1,2,80,8,8,6,
Lars2,2,80,8,8,6,
Lis,2,80,8,8,6,
Gupta,2,80,8,8,6,
Lars1,2,8,10,10,6,
Lars2,2,8,10,10,6,
Lis,2,8,10,10,6,
Gupta,2,8,10,10,6,
Lars1,2,8,2,2,6,
Lars2,2,8,2,2,6,73.0
Lis,2,8,2,2,6,
Gupta,2,8,2,2,6,
Lars1,2,8,4,4,6,
Lars2,2,8,4,4,6,
Lis,2,8,4,4,6,
Gupta,2,8,4,4,6,
Lars1,2,8,6,6,6,
Lars2,2,8,6,6,6,
Lis,2,8,6,6,6,
Gupta,2,8,6,6,6,
Lars1,2,8,8,8,6,
Lars2,2,8,8,8,6,
Lis,2,8,8,8,6,
Gupta,2,8,8,8,6,
Lars1,2,9,10,10,6,
Lars2,2,9,10,10,6,
Lis,2,9,10,10,6,
Gupta,2,9,10,10,6,
Lars1,2,9,2,2,6,
Lars2,2,9,2,2,6,82.0
Lis,2,9,2,2,6,
Gupta,2,9,2,2,6,
Lars1,2,9,4,4,6,
Lars2,2,9,4,4,6,
Lis,2,9,4,4,6,
Gupta,2,9,4,4,6,
Lars1,2,9,6,6,6,
Lars2,2,9,6,6,6,
Lis,2,9,6,6,6,
Gupta,2,9,6,6,6,
Lars1,2,9,8,8,6,
Lars2,2,9,8,8,6,
Lis,2,9,8,8,6,
Gupta,2,9,8,8,6,
Lars1,3,1000,10,10,6,
Lars2,3,1000,10,10,6,
Lis,3,1000,10,10,6,
Gupta,3,1000,10,10,6,
Lars1,3,1000,2,2,6,
Lars2,3,1000,2,2,6,475.0
Lis,3,1000,2,2,6,
Gupta,3,1000,2,2,6,
Lars1,3,1000,4,4,6,
Lars2,3,1000,4,4,6,
Lis,3,1000,4,4,6,
Gupta,3,1000,4,4,6,
Lars1,3,1000,6,6,6,
Lars2,3,1000,6,6,6,
Lis,3,1000,6,6,6,
Gupta,3,1000,6,6,6,
Lars1,3,1000,8,8,6,
Lars2,3,1000,8,8,6,
Lis,3,1000,8,8,6,
Gupta,3,1000,8,8,6,
Lars1,3,100,10,10,6,
Lars2,3,100,10,10,6,
Lis,3,100,10,10,6,
Gupta,3,100,10,10,6,
Lars1,3,100,2,2,6,
Lars2,3,100,2,2,6,103.0
Lis,3,100,2,2,6,
Gupta,3,100,2,2,6,
Lars1,3,100,4,4,6,
Lars2,3,100,4,4,6,
Lis,3,100,4,4,6,
Gupta,3,100,4,4,6,
Lars1,3,100,6,6,6,
Lars2,3,100,6,6,6,
Lis,3,100,6,6,6,
Gupta,3,100,6,6,6,
Lars1,3,100,8,8,6,
Lars2,3,100,8,8,6,
Lis,3,100,8,8,6,
Gupta,3,100,8,8,6,
Lars1,3,10,10,10,6,
Lars2,3,10,10,10,6,
Lis,3,10,10,10,6,
Gupta,3,10,10,10,6,
Lars1,3,10,2,2,6,
Lars2,3,10,2,2,6,95.0
Lis,3,10,2,2,6,
Gupta,3,10,2,2,6,
Lars1,3,10,4,4,6,
Lars2,3,10,4,4,6,
Lis,3,10,4,4,6,
Gupta,3,10,4,4,6,
Lars1,3,10,6,6,6,
Lars2,3,10,6,6,6,
Lis,3,10,6,6,6,
Gupta,3,10,6,6,6,
Lars1,3,10,8,8,6,
Lars2,3,10,8,8,6,
Lis,3,10,8,8,6,
Gupta,3,10,8,8,6,
Lars1,3,1,10,10,6,
Lars2,3,1,10,10,6,
Lis,3,1,10,10,6,
Gupta,3,1,10,10,6,
Lars1,3,1,2,2,6,
Lars2,3,1,2,2,6,68.0
Lis,3,1,2,2,6,
Gupta,3,1,2,2,6,
Lars1,3,1,4,4,6,
Lars2,3,1,4,4,6,
Lis,3,1,4,4,6,
Gupta,3,1,4,4,6,
Lars1,3,1,6,6,6,
Lars2,3,1,6,6,6,
Lis,3,1,6,6,6,
Gupta,3,1,6,6,6,
Lars1,3,1,8,8,6,
Lars2,3,1,8,8,6,
Lis,3,1,8,8,6,
Gupta,3,1,8,8,6,
Lars1,3,20,10,10,6,
Lars2,3,20,10,10,6,
Lis,3,20,10,10,6,
Gupta,3,20,10,10,6,
Lars1,3,20,2,2,6,
Lars2,3,20,2,2,6,71.0
Lis,3,20,2,2,6,
Gupta,3,20,2,2,6,
Lars1,3,20,4,4,6,
Lars2,3,20,4,4,6,
Lis,3,20,4,4,6,
Gupta,3,20,4,4,6,
Lars1,3,20,6,6,6,
Lars2,3,20,6,6,6,
Lis,3,20,6,6,6,
Gupta,3,20,6,6,6,
Lars1,3,20,8,8,6,
Lars2,3,20,8,8,6,
Lis,3,20,8,8,6,
Gupta,3,20,8,8,6,
Lars1,3,2,10,10,6,
Lars2,3,2,10,10,6,
Lis,3,2,10,10,6,
Gupta,3,2,10,10,6,
Lars1,3,2,2,2,6,
Lars2,3,2,2,2,6,70.0
Lis,3,2,2,2,6,
Gupta,3,2,2,2,6,
Lars1,3,2,4,4,6,
Lars2,3,2,4,4,6,
Lis,3,2,4,4,6,
Gupta,3,2,4,4,6,
Lars1,3,2,6,6,6,
Lars2,3,2,6,6,6,
Lis,3,2,6,6,6,
Gupta,3,2,6,6,6,
Lars1,3,2,8,8,6,
Lars2,3,2,8,8,6,
Lis,3,2,8,8,6,
Gupta,3,2,8,8,6,
Lars1,3,3,10,10,6,
Lars2,3,3,10,10,6,
Lis,3,3,10,10,6,
Gupta,3,3,10,10,6,
Lars1,3,3,2,2,6,
Lars2,3,3,2,2,6,70.0
Lis,3,3,2,2,6,
Gupta,3,3,2,2,6,
Lars1,3,3,4,4,6,
Lars2,3,3,4,4,6,
Lis,3,3,4,4,6,
Gupta,3,3,4,4,6,
Lars1,3,3,6,6,6,
Lars2,3,3,6,6,6,
Lis,3,3,6,6,6,
Gupta,3,3,6,6,6,
Lars1,3,3,8,8,6,
Lars2,3,3,8,8,6,
Lis,3,3,8,8,6,
Gupta,3,3,8,8,6,
Lars1,3,40,10,10,6,
Lars2,3,40,10,10,6,
Lis,3,40,10,10,6,
Gupta,3,40,10,10,6,
Lars1,3,40,2,2,6,
Lars2,3,40,2,2,6,78.0
Lis,3,40,2,2,6,
Gupta,3,40,2,2,6,
Lars1,3,40,4,4,6,
Lars2,3,40,4,4,6,
Lis,3,40,4,4,6,
Gupta,3,40,4,4,6,
Lars1,3,40,6,6,6,
Lars2,3,40,6,6,6,
Lis,3,40,6,6,6,
Gupta,3,40,6,6,6,
Lars1,3,40,8,8,6,
Lars2,3,40,8,8,6,
Lis,3,40,8,8,6,
Gupta,3,40,8,8,6,
Lars1,3,4,10,10,6,
Lars2,3,4,10,10,6,
Lis,3,4,10,10,6,
Gupta,3,4,10,10,6,
Lars1,3,4,2,2,6,
Lars2,3,4,2,2,6,83.0
Lis,3,4,2,2,6,
Gupta,3,4,2,2,6,
Lars1,3,4,4,4,6,
Lars2,3,4,4,4,6,
Lis,3,4,4,4,6,
Gupta,3,4,4,4,6,
Lars1,3,4,6,6,6,
Lars2,3,4,6,6,6,
Lis,3,4,6,6,6,
Gupta,3,4,6,6,6,
Lars1,3,4,8,8,6,
Lars2,3,4,8,8,6,
Lis,3,4,8,8,6,
Gupta,3,4,8,8,6,
Lars1,3,500,10,10,6,
Lars2,3,500,10,10,6,
Lis,3,500,10,10,6,
Gupta,3,500,10,10,6,
Lars1,3,500,2,2,6,
Lars2,3,500,2,2,6,1133.0
Lis,3,500,2,2,6,
Gupta,3,500,2,2,6,
Lars1,3,500,4,4,6,
Lars2,3,500,4,4,6,
Lis,3,500,4,4,6,
Gupta,3,500,4,4,6,
Lars1,3,500,6,6,6,
Lars2,3,500,6,6,6,
Lis,3,500,6,6,6,
Gupta,3,500,6,6,6,
Lars1,3,500,8,8,6,
Lars2,3,500,8,8,6,
Lis,3,500,8,8,6,
Gupta,3,500,8,8,6,
Lars1,3,5,10,10,6,
Lars2,3,5,10,10,6,
Lis,3,5,10,10,6,
Gupta,3,5,10,10,6,
Lars1,3,5,2,2,6,
Lars2,3,5,2,2,6,72.0
Lis,3,5,2,2,6,
Gupta,3,5,2,2,6,
Lars1,3,5,4,4,6,
Lars2,3,5,4,4,6,
Lis,3,5,4,4,6,
Gupta,3,5,4,4,6,
Lars1,3,5,6,6,6,
Lars2,3,5,6,6,6,
Lis,3,5,6,6,6,
Gupta,3,5,6,6,6,
Lars1,3,5,8,8,6,
Lars2,3,5,8,8,6,
Lis,3,5,8,8,6,
Gupta,3,5,8,8,6,
Lars1,3,60,10,10,6,
Lars2,3,60,10,10,6,
Lis,3,60,10,10,6,
Gupta,3,60,10,10,6,
Lars1,3,60,2,2,6,
Lars2,3,60,2,2,6,94.0
Lis,3,60,2,2,6,
Gupta,3,60,2,2,6,
Lars1,3,60,4,4,6,
Lars2,3,60,4,4,6,
Lis,3,60,4,4,6,
Gupta,3,60,4,4,6,
Lars1,3,60,6,6,6,
Lars2,3,60,6,6,6,
Lis,3,60,6,6,6,
Gupta,3,60,6,6,6,
Lars1,3,60,8,8,6,
Lars2,3,60,8,8,6,
Lis,3,60,8,8,6,
Gupta,3,60,8,8,6,
Lars1,3,6,10,10,6,
Lars2,3,6,10,10,6,
Lis,3,6,10,10,6,
Gupta,3,6,10,10,6,
Lars1,3,6,2,2,6,
Lars2,3,6,2,2,6,85.0
Lis,3,6,2,2,6,
Gupta,3,6,2,2,6,
Lars1,3,6,4,4,6,
Lars2,3,6,4,4,6,
Lis,3,6,4,4,6,
Gupta,3,6,4,4,6,
Lars1,3,6,6,6,6,
Lars2,3,6,6,6,6,
Lis,3,6,6,6,6,
Gupta,3,6,6,6,6,
Lars1,3,6,8,8,6,
Lars2,3,6,8,8,6,
Lis,3,6,8,8,6,
Gupta,3,6,8,8,6,
Lars1,3,7,10,10,6,
Lars2,3,7,10,10,6,
Lis,3,7,10,10,6,
Gupta,3,7,10,10,6,
Lars1,3,7,2,2,6,
Lars2,3,7,2,2,6,79.0
Lis,3,7,2,2,6,
Gupta,3,7,2,2,6,
Lars1,3,7,4,4,6,
Lars2,3,7,4,4,6,
Lis,3,7,4,4,6,
Gupta,3,7,4,4,6,
Lars1,3,7,6,6,6,
Lars2,3,7,6,6,6,
Lis,3,7,6,6,6,
Gupta,3,7,6,6,6,
Lars1,3,7,8,8,6,
Lars2,3,7,8,8,6,
Lis,3,7,8,8,6,
Gupta,3,7,8,8,6,
Lars1,3,80,10,10,6,
Lars2,3,80,10,10,6,
Lis,3,80,10,10,6,
Gupta,3,80,10,10,6,
Lars1,3,80,2,2,6,
Lars2,3,80,2,2,6,87.0
Lis,3,80,2,2,6,
Gupta,3,80,2,2,6,
Lars1,3,80,4,4,6,
Lars2,3,80,4,4,6,
Lis,3,80,4,4,6,
Gupta,3,80,4,4,6,
Lars1,3,80,6,6,6,
Lars2,3,80,6,6,6,
Lis,3,80,6,6,6,
Gupta,3,80,6,6,6,
Lars1,3,80,8,8,6,
Lars2,3,80,8,8,6,
Lis,3,80,8,8,6,
Gupta,3,80,8,8,6,
Lars1,3,8,10,10,6,
Lars2,3,8,10,10,6,
Lis,3,8,10,10,6,
Gupta,3,8,10,10,6,
Lars1,3,8,2,2,6,
Lars2,3,8,2,2,6,75.0
Lis,3,8,2,2,6,
Gupta,3,8,2,2,6,
Lars1,3,8,4,4,6,
Lars2,3,8,4,4,6,
Lis,3,8,4,4,6,
Gupta,3,8,4,4,6,
Lars1,3,8,6,6,6,
Lars2,3,8,6,6,6,
Lis,3,8,6,6,6,
Gupta,3,8,6,6,6,
Lars1,3,8,8,8,6,
Lars2,3,8,8,8,6,
Lis,3,8,8,8,6,
Gupta,3,8,8,8,6,
Lars1,3,9,10,10,6,
Lars2,3,9,10,10,6,
Lis,3,9,10,10,6,
Gupta,3,9,10,10,6,
Lars1,3,9,2,2,6,
Lars2,3,9,2,2,6,71.0
Lis,3,9,2,2,6,
Gupta,3,9,2,2,6,
Lars1,3,9,4,4,6,
Lars2,3,9,4,4,6,
Lis,3,9,4,4,6,
Gupta,3,9,4,4,6,
Lars1,3,9,6,6,6,
Lars2,3,9,6,6,6,
Lis,3,9,6,6,6,
Gupta,3,9,6,6,6,
Lars1,3,9,8,8,6,
Lars2,3,9,8,8,6,
Lis,3,9,8,8,6,
Gupta,3,9,8,8,6,
Lars1,40,1000,10,10,6,
Lars2,40,1000,10,10,6,
Lis,40,1000,10,10,6,
Gupta,40,1000,10,10,6,
Lars1,40,1000,2,2,6,
Lars2,40,1000,2,2,6,78.0
Lis,40,1000,2,2,6,
Gupta,40,1000,2,2,6,
Lars1,40,1000,4,4,6,
Lars2,40,1000,4,4,6,
Lis,40,1000,4,4,6,
Gupta,40,1000,4,4,6,
Lars1,40,1000,6,6,6,
Lars2,40,1000,6,6,6,
Lis,40,1000,6,6,6,
Gupta,40,1000,6,6,6,
Lars1,40,1000,8,8,6,
Lars2,40,1000,8,8,6,
Lis,40,1000,8,8,6,
Gupta,40,1000,8,8,6,
Lars1,40,100,10,10,6,
Lars2,40,100,10,10,6,
Lis,40,100,10,10,6,
Gupta,40,100,10,10,6,
Lars1,40,100,2,2,6,
Lars2,40,100,2,2,6,85.0
Lis,40,100,2,2,6,
Gupta,40,100,2,2,6,
Lars1,40,100,4,4,6,
Lars2,40,100,4,4,6,
Lis,40,100,4,4,6,
Gupta,40,100,4,4,6,
Lars1,40,100,6,6,6,
Lars2,40,100,6,6,6,
Lis,40,100,6,6,6,
Gupta,40,100,6,6,6,
Lars1,40,100,8,8,6,
Lars2,40,100,8,8,6,
Lis,40,100,8,8,6,
Gupta,40,100,8,8,6,
Lars1,40,10,10,10,6,
Lars2,40,10,10,10,6,
Lis,40,10,10,10,6,
Gupta,40,10,10,10,6,
Lars1,40,10,2,2,6,
Lars2,40,10,2,2,6,82.0
Lis,40,10,2,2,6,
Gupta,40,10,2,2,6,
Lars1,40,10,4,4,6,
Lars2,40,10,4,4,6,
Lis,40,10,4,4,6,
Gupta,40,10,4,4,6,
Lars1,40,10,6,6,6,
Lars2,40,10,6,6,6,
Lis,40,10,6,6,6,
Gupta,40,10,6,6,6,
Lars1,40,10,8,8,6,
Lars2,40,10,8,8,6,
Lis,40,10,8,8,6,
Gupta,40,10,8,8,6,
Lars1,40,1,10,10,6,
Lars2,40,1,10,10,6,
Lis,40,1,10,10,6,
Gupta,40,1,10,10,6,
Lars1,40,1,2,2,6,
Lars2,40,1,2,2,6,86.0
Lis,40,1,2,2,6,
Gupta,40,1,2,2,6,
Lars1,40,1,4,4,6,
Lars2,40,1,4,4,6,
Lis,40,1,4,4,6,
Gupta,40,1,4,4,6,
Lars1,40,1,6,6,6,
Lars2,40,1,6,6,6,
Lis,40,1,6,6,6,
Gupta,40,1,6,6,6,
Lars1,40,1,8,8,6,
Lars2,40,1,8,8,6,
Lis,40,1,8,8,6,
Gupta,40,1,8,8,6,
Lars1,40,20,10,10,6,
Lars2,40,20,10,10,6,
Lis,40,20,10,10,6,
Gupta,40,20,10,10,6,
Lars1,40,20,2,2,6,
Lars2,40,20,2,2,6,82.0
Lis,40,20,2,2,6,
Gupta,40,20,2,2,6,
Lars1,40,20,4,4,6,
Lars2,40,20,4,4,6,
Lis,40,20,4,4,6,
Gupta,40,20,4,4,6,
Lars1,40,20,6,6,6,
Lars2,40,20,6,6,6,
Lis,40,20,6,6,6,
Gupta,40,20,6,6,6,
Lars1,40,20,8,8,6,
Lars2,40,20,8,8,6,
Lis,40,20,8,8,6,
Gupta,40,20,8,8,6,
Lars1,40,2,10,10,6,
Lars2,40,2,10,10,6,
Lis,40,2,10,10,6,
Gupta,40,2,10,10,6,
Lars1,40,2,2,2,6,
Lars2,40,2,2,2,6,72.0
Lis,40,2,2,2,6,
Gupta,40,2,2,2,6,
Lars1,40,2,4,4,6,
Lars2,40,2,4,4,6,
Lis,40,2,4,4,6,
Gupta,40,2,4,4,6,
Lars1,40,2,6,6,6,
Lars2,40,2,6,6,6,
Lis,40,2,6,6,6,
Gupta,40,2,6,6,6,
Lars1,40,2,8,8,6,
Lars2,40,2,8,8,6,
Lis,40,2,8,8,6,
Gupta,40,2,8,8,6,
Lars1,40,3,10,10,6,
Lars2,40,3,10,10,6,
Lis,40,3,10,10,6,
Gupta,40,3,10,10,6,
Lars1,40,3,2,2,6,
Lars2,40,3,2,2,6,76.0
Lis,40,3,2,2,6,
Gupta,40,3,2,2,6,
Lars1,40,3,4,4,6,
Lars2,40,3,4,4,6,
Lis,40,3,4,4,6,
Gupta,40,3,4,4,6,
Lars1,40,3,6,6,6,
Lars2,40,3,6,6,6,
Lis,40,3,6,6,6,
Gupta,40,3,6,6,6,
Lars1,40,3,8,8,6,
Lars2,40,3,8,8,6,
Lis,40,3,8,8,6,
Gupta,40,3,8,8,6,
Lars1,40,40,10,10,6,
Lars2,40,40,10,10,6,
Lis,40,40,10,10,6,
Gupta,40,40,10,10,6,
Lars1,40,40,2,2,6,
Lars2,40,40,2,2,6,82.0
Lis,40,40,2,2,6,
Gupta,40,40,2,2,6,
Lars1,40,40,4,4,6,
Lars2,40,40,4,4,6,
Lis,40,40,4,4,6,
Gupta,40,40,4,4,6,
Lars1,40,40,6,6,6,
Lars2,40,40,6,6,6,
Lis,40,40,6,6,6,
Gupta,40,40,6,6,6,
Lars1,40,40,8,8,6,
Lars2,40,40,8,8,6,
Lis,40,40,8,8,6,
Gupta,40,40,8,8,6,
Lars1,40,4,10,10,6,
Lars2,40,4,10,10,6,
Lis,40,4,10,10,6,
Gupta,40,4,10,10,6,
Lars1,40,4,2,2,6,
Lars2,40,4,2,2,6,95.0
Lis,40,4,2,2,6,
Gupta,40,4,2,2,6,
Lars1,40,4,4,4,6,
Lars2,40,4,4,4,6,
Lis,40,4,4,4,6,
Gupta,40,4,4,4,6,
Lars1,40,4,6,6,6,
Lars2,40,4,6,6,6,
Lis,40,4,6,6,6,
Gupta,40,4,6,6,6,
Lars1,40,4,8,8,6,
Lars2,40,4,8,8,6,
Lis,40,4,8,8,6,
Gupta,40,4,8,8,6,
Lars1,40,500,10,10,6,
Lars2,40,500,10,10,6,
Lis,40,500,10,10,6,
Gupta,40,500,10,10,6,
Lars1,40,500,2,2,6,
Lars2,40,500,2,2,6,73.0
Lis,40,500,2,2,6,
Gupta,40,500,2,2,6,
Lars1,40,500,4,4,6,
Lars2,40,500,4,4,6,
Lis,40,500,4,4,6,
Gupta,40,500,4,4,6,
Lars1,40,500,6,6,6,
Lars2,40,500,6,6,6,
Lis,40,500,6,6,6,
Gupta,40,500,6,6,6,
Lars1,40,500,8,8,6,
Lars2,40,500,8,8,6,
Lis,40,500,8,8,6,
Gupta,40,500,8,8,6,
Lars1,40,5,10,10,6,
Lars2,40,5,10,10,6,
Lis,40,5,10,10,6,
Gupta,40,5,10,10,6,
Lars1,40,5,2,2,6,
Lars2,40,5,2,2,6,72.0
Lis,40,5,2,2,6,
Gupta,40,5,2,2,6,
Lars1,40,5,4,4,6,
Lars2,40,5,4,4,6,
Lis,40,5,4,4,6,
Gupta,40,5,4,4,6,
Lars1,40,5,6,6,6,
Lars2,40,5,6,6,6,
Lis,40,5,6,6,6,
Gupta,40,5,6,6,6,
Lars1,40,5,8,8,6,
Lars2,40,5,8,8,6,
Lis,40,5,8,8,6,
Gupta,40,5,8,8,6,
Lars1,40,60,10,10,6,
Lars2,40,60,10,10,6,
Lis,40,60,10,10,6,
Gupta,40,60,10,10,6,
Lars1,40,60,2,2,6,
Lars2,40,60,2,2,6,73.0
Lis,40,60,2,2,6,
Gupta,40,60,2,2,6,
Lars1,40,60,4,4,6,
Lars2,40,60,4,4,6,
Lis,40,60,4,4,6,
Gupta,40,60,4,4,6,
Lars1,40,60,6,6,6,
Lars2,40,60,6,6,6,
Lis,40,60,6,6,6,
Gupta,40,60,6,6,6,
Lars1,40,60,8,8,6,
Lars2,40,60,8,8,6,
Lis,40,60,8,8,6,
Gupta,40,60,8,8,6,
Lars1,40,6,10,10,6,
Lars2,40,6,10,10,6,
Lis,40,6,10,10,6,
Gupta,40,6,10,10,6,
Lars1,40,6,2,2,6,
Lars2,40,6,2,2,6,70.0
Lis,40,6,2,2,6,
Gupta,40,6,2,2,6,
Lars1,40,6,4,4,6,
Lars2,40,6,4,4,6,
Lis,40,6,4,4,6,
Gupta,40,6,4,4,6,
Lars1,40,6,6,6,6,
Lars2,40,6,6,6,6,
Lis,40,6,6,6,6,
Gupta,40,6,6,6,6,
Lars1,40,6,8,8,6,
Lars2,40,6,8,8,6,
Lis,40,6,8,8,6,
Gupta,40,6,8,8,6,
Lars1,40,7,10,10,6,
Lars2,40,7,10,10,6,
Lis,40,7,10,10,6,
Gupta,40,7,10,10,6,
Lars1,40,7,2,2,6,
Lars2,40,7,2,2,6,79.0
Lis,40,7,2,2,6,
Gupta,40,7,2,2,6,
Lars1,40,7,4,4,6,
Lars2,40,7,4,4,6,
Lis,40,7,4,4,6,
Gupta,40,7,4,4,6,
Lars1,40,7,6,6,6,
Lars2,40,7,6,6,6,
Lis,40,7,6,6,6,
Gupta,40,7,6,6,6,
Lars1,40,7,8,8,6,
Lars2,40,7,8,8,6,
Lis,40,7,8,8,6,
Gupta,40,7,8,8,6,
Lars1,40,80,10,10,6,
Lars2,40,80,10,10,6,
Lis,40,80,10,10,6,
Gupta,40,80,10,10,6,
Lars1,40,80,2,2,6,
Lars2,40,80,2,2,6,84.0
Lis,40,80,2,2,6,
Gupta,40,80,2,2,6,
Lars1,40,80,4,4,6,
Lars2,40,80,4,4,6,
Lis,40,80,4,4,6,
Gupta,40,80,4,4,6,
Lars1,40,80,6,6,6,
Lars2,40,80,6,6,6,
Lis,40,80,6,6,6,
Gupta,40,80,6,6,6,
Lars1,40,80,8,8,6,
Lars2,40,80,8,8,6,
Lis,40,80,8,8,6,
Gupta,40,80,8,8,6,
Lars1,40,8,10,10,6,
Lars2,40,8,10,10,6,
Lis,40,8,10,10,6,
Gupta,40,8,10,10,6,
Lars1,40,8,2,2,6,
Lars2,40,8,2,2,6,80.0
Lis,40,8,2,2,6,
Gupta,40,8,2,2,6,
Lars1,40,8,4,4,6,
Lars2,40,8,4,4,6,
Lis,40,8,4,4,6,
Gupta,40,8,4,4,6,
Lars1,40,8,6,6,6,
Lars2,40,8,6,6,6,
Lis,40,8,6,6,6,
Gupta,40,8,6,6,6,
Lars1,40,8,8,8,6,
Lars2,40,8,8,8,6,
Lis,40,8,8,8,6,
Gupta,40,8,8,8,6,
Lars1,40,9,10,10,6,
Lars2,40,9,10,10,6,
Lis,40,9,10,10,6,
Gupta,40,9,10,10,6,
Lars1,40,9,2,2,6,
Lars2,40,9,2,2,6,58.0
Lis,40,9,2,2,6,
Gupta,40,9,2,2,6,
Lars1,40,9,4,4,6,
Lars2,40,9,4,4,6,
Lis,40,9,4,4,6,
Gupta,40,9,4,4,6,
Lars1,40,9,6,6,6,
Lars2,40,9,6,6,6,
Lis,40,9,6,6,6,
Gupta,40,9,6,6,6,
Lars1,40,9,8,8,6,
Lars2,40,9,8,8,6,
Lis,40,9,8,8,6,
Gupta,40,9,8,8,6,
Lars1,4,1000,10,10,6,
Lars2,4,1000,10,10,6,
Lis,4,1000,10,10,6,
Gupta,4,1000,10,10,6,
Lars1,4,1000,2,2,6,
Lars2,4,1000,2,2,6,1003.0
Lis,4,1000,2,2,6,
Gupta,4,1000,2,2,6,
Lars1,4,1000,4,4,6,
Lars2,4,1000,4,4,6,
Lis,4,1000,4,4,6,
Gupta,4,1000,4,4,6,
Lars1,4,1000,6,6,6,
Lars2,4,1000,6,6,6,
Lis,4,1000,6,6,6,
Gupta,4,1000,6,6,6,
Lars1,4,1000,8,8,6,
Lars2,4,1000,8,8,6,
Lis,4,1000,8,8,6,
Gupta,4,1000,8,8,6,
Lars1,4,100,10,10,6,
Lars2,4,100,10,10,6,
Lis,4,100,10,10,6,
Gupta,4,100,10,10,6,
Lars1,4,100,2,2,6,
Lars2,4,100,2,2,6,103.0
Lis,4,100,2,2,6,
Gupta,4,100,2,2,6,
Lars1,4,100,4,4,6,
Lars2,4,100,4,4,6,
Lis,4,100,4,4,6,
Gupta,4,100,4,4,6,
Lars1,4,100,6,6,6,
Lars2,4,100,6,6,6,
Lis,4,100,6,6,6,
Gupta,4,100,6,6,6,
Lars1,4,100,8,8,6,
Lars2,4,100,8,8,6,
Lis,4,100,8,8,6,
Gupta,4,100,8,8,6,
Lars1,4,10,10,10,6,
Lars2,4,10,10,10,6,
Lis,4,10,10,10,6,
Gupta,4,10,10,10,6,
Lars1,4,10,2,2,6,
Lars2,4,10,2,2,6,57.0
Lis,4,10,2,2,6,
Gupta,4,10,2,2,6,
Lars1,4,10,4,4,6,
Lars2,4,10,4,4,6,
Lis,4,10,4,4,6,
Gupta,4,10,4,4,6,
Lars1,4,10,6,6,6,
Lars2,4,10,6,6,6,
Lis,4,10,6,6,6,
Gupta,4,10,6,6,6,
Lars1,4,10,8,8,6,
Lars2,4,10,8,8,6,
Lis,4,10,8,8,6,
Gupta,4,10,8,8,6,
Lars1,4,1,10,10,6,
Lars2,4,1,10,10,6,
Lis,4,1,10,10,6,
Gupta,4,1,10,10,6,
Lars1,4,1,2,2,6,
Lars2,4,1,2,2,6,97.0
Lis,4,1,2,2,6,
Gupta,4,1,2,2,6,
Lars1,4,1,4,4,6,
Lars2,4,1,4,4,6,
Lis,4,1,4,4,6,
Gupta,4,1,4,4,6,
Lars1,4,1,6,6,6,
Lars2,4,1,6,6,6,
Lis,4,1,6,6,6,
Gupta,4,1,6,6,6,
Lars1,4,1,8,8,6,
Lars2,4,1,8,8,6,
Lis,4,1,8,8,6,
Gupta,4,1,8,8,6,
Lars1,4,20,10,10,6,
Lars2,4,20,10,10,6,
Lis,4,20,10,10,6,
Gupta,4,20,10,10,6,
Lars1,4,20,2,2,6,
Lars2,4,20,2,2,6,69.0
Lis,4,20,2,2,6,
Gupta,4,20,2,2,6,
Lars1,4,20,4,4,6,
Lars2,4,20,4,4,6,
Lis,4,20,4,4,6,
Gupta,4,20,4,4,6,
Lars1,4,20,6,6,6,
Lars2,4,20,6,6,6,
Lis,4,20,6,6,6,
Gupta,4,20,6,6,6,
Lars1,4,20,8,8,6,
Lars2,4,20,8,8,6,
Lis,4,20,8,8,6,
Gupta,4,20,8,8,6,
Lars1,4,2,10,10,6,
Lars2,4,2,10,10,6,
Lis,4,2,10,10,6,
Gupta,4,2,10,10,6,
Lars1,4,2,2,2,6,
Lars2,4,2,2,2,6,65.0
Lis,4,2,2,2,6,
Gupta,4,2,2,2,6,
Lars1,4,2,4,4,6,
Lars2,4,2,4,4,6,
Lis,4,2,4,4,6,
Gupta,4,2,4,4,6,
Lars1,4,2,6,6,6,
Lars2,4,2,6,6,6,
Lis,4,2,6,6,6,
Gupta,4,2,6,6,6,
Lars1,4,2,8,8,6,
Lars2,4,2,8,8,6,
Lis,4,2,8,8,6,
Gupta,4,2,8,8,6,
Lars1,4,3,10,10,6,
Lars2,4,3,10,10,6,
Lis,4,3,10,10,6,
Gupta,4,3,10,10,6,
Lars1,4,3,2,2,6,
Lars2,4,3,2,2,6,61.0
Lis,4,3,2,2,6,
Gupta,4,3,2,2,6,
Lars1,4,3,4,4,6,
Lars2,4,3,4,4,6,
Lis,4,3,4,4,6,
Gupta,4,3,4,4,6,
Lars1,4,3,6,6,6,
Lars2,4,3,6,6,6,
Lis,4,3,6,6,6,
Gupta,4,3,6,6,6,
Lars1,4,3,8,8,6,
Lars2,4,3,8,8,6,
Lis,4,3,8,8,6,
Gupta,4,3,8,8,6,
Lars1,4,40,10,10,6,
Lars2,4,40,10,10,6,
Lis,4,40,10,10,6,
Gupta,4,40,10,10,6,
Lars1,4,40,2,2,6,
Lars2,4,40,2,2,6,59.0
Lis,4,40,2,2,6,
Gupta,4,40,2,2,6,
Lars1,4,40,4,4,6,
Lars2,4,40,4,4,6,
Lis,4,40,4,4,6,
Gupta,4,40,4,4,6,
Lars1,4,40,6,6,6,
Lars2,4,40,6,6,6,
Lis,4,40,6,6,6,
Gupta,4,40,6,6,6,
Lars1,4,40,8,8,6,
Lars2,4,40,8,8,6,
Lis,4,40,8,8,6,
Gupta,4,40,8,8,6,
Lars1,4,4,10,10,6,
Lars2,4,4,10,10,6,
Lis,4,4,10,10,6,
Gupta,4,4,10,10,6,
Lars1,4,4,2,2,6,
Lars2,4,4,2,2,6,75.0
Lis,4,4,2,2,6,
Gupta,4,4,2,2,6,
Lars1,4,4,4,4,6,
Lars2,4,4,4,4,6,
Lis,4,4,4,4,6,
Gupta,4,4,4,4,6,
Lars1,4,4,6,6,6,
Lars2,4,4,6,6,6,
Lis,4,4,6,6,6,
Gupta,4,4,6,6,6,
Lars1,4,4,8,8,6,
Lars2,4,4,8,8,6,
Lis,4,4,8,8,6,
Gupta,4,4,8,8,6,
Lars1,4,500,10,10,6,
Lars2,4,500,10,10,6,
Lis,4,500,10,10,6,
Gupta,4,500,10,10,6,
Lars1,4,500,2,2,6,
Lars2,4,500,2,2,6,2033.0
Lis,4,500,2,2,6,
Gupta,4,500,2,2,6,
Lars1,4,500,4,4,6,
Lars2,4,500,4,4,6,
Lis,4,500,4,4,6,
Gupta,4,500,4,4,6,
Lars1,4,500,6,6,6,
Lars2,4,500,6,6,6,
Lis,4,500,6,6,6,
Gupta,4,500,6,6,6,
Lars1,4,500,8,8,6,
Lars2,4,500,8,8,6,
Lis,4,500,8,8,6,
Gupta,4,500,8,8,6,
Lars1,4,5,10,10,6,
Lars2,4,5,10,10,6,
Lis,4,5,10,10,6,
Gupta,4,5,10,10,6,
Lars1,4,5,2,2,6,
Lars2,4,5,2,2,6,80.0
Lis,4,5,2,2,6,
Gupta,4,5,2,2,6,
Lars1,4,5,4,4,6,
Lars2,4,5,4,4,6,
Lis,4,5,4,4,6,
Gupta,4,5,4,4,6,
Lars1,4,5,6,6,6,
Lars2,4,5,6,6,6,
Lis,4,5,6,6,6,
Gupta,4,5,6,6,6,
Lars1,4,5,8,8,6,
Lars2,4,5,8,8,6,
Lis,4,5,8,8,6,
Gupta,4,5,8,8,6,
Lars1,4,60,10,10,6,
Lars2,4,60,10,10,6,
Lis,4,60,10,10,6,
Gupta,4,60,10,10,6,
Lars1,4,60,2,2,6,
Lars2,4,60,2,2,6,76.0
Lis,4,60,2,2,6,
Gupta,4,60,2,2,6,
Lars1,4,60,4,4,6,
Lars2,4,60,4,4,6,
Lis,4,60,4,4,6,
Gupta,4,60,4,4,6,
Lars1,4,60,6,6,6,
Lars2,4,60,6,6,6,
Lis,4,60,6,6,6,
Gupta,4,60,6,6,6,
Lars1,4,60,8,8,6,
Lars2,4,60,8,8,6,
Lis,4,60,8,8,6,
Gupta,4,60,8,8,6,
Lars1,4,6,10,10,6,
Lars2,4,6,10,10,6,
Lis,4,6,10,10,6,
Gupta,4,6,10,10,6,
Lars1,4,6,2,2,6,
Lars2,4,6,2,2,6,73.0
Lis,4,6,2,2,6,
Gupta,4,6,2,2,6,
Lars1,4,6,4,4,6,
Lars2,4,6,4,4,6,
Lis,4,6,4,4,6,
Gupta,4,6,4,4,6,
Lars1,4,6,6,6,6,
Lars2,4,6,6,6,6,
Lis,4,6,6,6,6,
Gupta,4,6,6,6,6,
Lars1,4,6,8,8,6,
Lars2,4,6,8,8,6,
Lis,4,6,8,8,6,
Gupta,4,6,8,8,6,
Lars1,4,7,10,10,6,
Lars2,4,7,10,10,6,
Lis,4,7,10,10,6,
Gupta,4,7,10,10,6,
Lars1,4,7,2,2,6,
Lars2,4,7,2,2,6,78.0
Lis,4,7,2,2,6,
Gupta,4,7,2,2,6,
Lars1,4,7,4,4,6,
Lars2,4,7,4,4,6,
Lis,4,7,4,4,6,
Gupta,4,7,4,4,6,
Lars1,4,7,6,6,6,
Lars2,4,7,6,6,6,
Lis,4,7,6,6,6,
Gupta,4,7,6,6,6,
Lars1,4,7,8,8,6,
Lars2,4,7,8,8,6,
Lis,4,7,8,8,6,
Gupta,4,7,8,8,6,
Lars1,4,80,10,10,6,
Lars2,4,80,10,10,6,
Lis,4,80,10,10,6,
Gupta,4,80,10,10,6,
Lars1,4,80,2,2,6,
Lars2,4,80,2,2,6,76.0
Lis,4,80,2,2,6,
Gupta,4,80,2,2,6,
Lars1,4,80,4,4,6,
Lars2,4,80,4,4,6,
Lis,4,80,4,4,6,
Gupta,4,80,4,4,6,
Lars1,4,80,6,6,6,
Lars2,4,80,6,6,6,
Lis,4,80,6,6,6,
Gupta,4,80,6,6,6,
Lars1,4,80,8,8,6,
Lars2,4,80,8,8,6,
Lis,4,80,8,8,6,
Gupta,4,80,8,8,6,
Lars1,4,8,10,10,6,
Lars2,4,8,10,10,6,
Lis,4,8,10,10,6,
Gupta,4,8,10,10,6,
Lars1,4,8,2,2,6,
Lars2,4,8,2,2,6,99.0
Lis,4,8,2,2,6,
Gupta,4,8,2,2,6,
Lars1,4,8,4,4,6,
Lars2,4,8,4,4,6,
Lis,4,8,4,4,6,
Gupta,4,8,4,4,6,
Lars1,4,8,6,6,6,
Lars2,4,8,6,6,6,
Lis,4,8,6,6,6,
Gupta,4,8,6,6,6,
Lars1,4,8,8,8,6,
Lars2,4,8,8,8,6,
Lis,4,8,8,8,6,
Gupta,4,8,8,8,6,
Lars1,4,9,10,10,6,
Lars2,4,9,10,10,6,
Lis,4,9,10,10,6,
Gupta,4,9,10,10,6,
Lars1,4,9,2,2,6,
Lars2,4,9,2,2,6,54.0
Lis,4,9,2,2,6,
Gupta,4,9,2,2,6,
Lars1,4,9,4,4,6,
Lars2,4,9,4,4,6,
Lis,4,9,4,4,6,
Gupta,4,9,4,4,6,
Lars1,4,9,6,6,6,
Lars2,4,9,6,6,6,
Lis,4,9,6,6,6,
Gupta,4,9,6,6,6,
Lars1,4,9,8,8,6,
Lars2,4,9,8,8,6,
Lis,4,9,8,8,6,
Gupta,4,9,8,8,6,
Lars1,500,1000,10,10,6,
Lars2,500,1000,10,10,6,
Lis,500,1000,10,10,6,
Gupta,500,1000,10,10,6,
Lars1,500,1000,2,2,6,
Lars2,500,1000,2,2,6,71.0
Lis,500,1000,2,2,6,
Gupta,500,1000,2,2,6,
Lars1,500,1000,4,4,6,
Lars2,500,1000,4,4,6,
Lis,500,1000,4,4,6,
Gupta,500,1000,4,4,6,
Lars1,500,1000,6,6,6,
Lars2,500,1000,6,6,6,
Lis,500,1000,6,6,6,
Gupta,500,1000,6,6,6,
Lars1,500,1000,8,8,6,
Lars2,500,1000,8,8,6,
Lis,500,1000,8,8,6,
Gupta,500,1000,8,8,6,
Lars1,500,100,10,10,6,
Lars2,500,100,10,10,6,
Lis,500,100,10,10,6,
Gupta,500,100,10,10,6,
Lars1,500,100,2,2,6,
Lars2,500,100,2,2,6,85.0
Lis,500,100,2,2,6,
Gupta,500,100,2,2,6,
Lars1,500,100,4,4,6,
Lars2,500,100,4,4,6,
Lis,500,100,4,4,6,
Gupta,500,100,4,4,6,
Lars1,500,100,6,6,6,
Lars2,500,100,6,6,6,
Lis,500,100,6,6,6,
Gupta,500,100,6,6,6,
Lars1,500,100,8,8,6,
Lars2,500,100,8,8,6,
Lis,500,100,8,8,6,
Gupta,500,100,8,8,6,
Lars1,500,10,10,10,6,
Lars2,500,10,10,10,6,
Lis,500,10,10,10,6,
Gupta,500,10,10,10,6,
Lars1,500,10,2,2,6,
Lars2,500,10,2,2,6,52.0
Lis,500,10,2,2,6,
Gupta,500,10,2,2,6,
Lars1,500,10,4,4,6,
Lars2,500,10,4,4,6,
Lis,500,10,4,4,6,
Gupta,500,10,4,4,6,
Lars1,500,10,6,6,6,
Lars2,500,10,6,6,6,
Lis,500,10,6,6,6,
Gupta,500,10,6,6,6,
Lars1,500,10,8,8,6,
Lars2,500,10,8,8,6,
Lis,500,10,8,8,6,
Gupta,500,10,8,8,6,
Lars1,500,1,10,10,6,
Lars2,500,1,10,10,6,
Lis,500,1,10,10,6,
Gupta,500,1,10,10,6,
Lars1,500,1,2,2,6,
Lars2,500,1,2,2,6,83.0
Lis,500,1,2,2,6,
Gupta,500,1,2,2,6,
Lars1,500,1,4,4,6,
Lars2,500,1,4,4,6,
Lis,500,1,4,4,6,
Gupta,500,1,4,4,6,
Lars1,500,1,6,6,6,
Lars2,500,1,6,6,6,
Lis,500,1,6,6,6,
Gupta,500,1,6,6,6,
Lars1,500,1,8,8,6,
Lars2,500,1,8,8,6,
Lis,500,1,8,8,6,
Gupta,500,1,8,8,6,
Lars1,500,20,10,10,6,
Lars2,500,20,10,10,6,
Lis,500,20,10,10,6,
Gupta,500,20,10,10,6,
Lars1,500,20,2,2,6,
Lars2,500,20,2,2,6,97.0
Lis,500,20,2,2,6,
Gupta,500,20,2,2,6,
Lars1,500,20,4,4,6,
Lars2,500,20,4,4,6,
Lis,500,20,4,4,6,
Gupta,500,20,4,4,6,
Lars1,500,20,6,6,6,
Lars2,500,20,6,6,6,
Lis,500,20,6,6,6,
Gupta,500,20,6,6,6,
Lars1,500,20,8,8,6,
Lars2,500,20,8,8,6,
Lis,500,20,8,8,6,
Gupta,500,20,8,8,6,
Lars1,500,2,10,10,6,
Lars2,500,2,10,10,6,
Lis,500,2,10,10,6,
Gupta,500,2,10,10,6,
Lars1,500,2,2,2,6,
Lars2,500,2,2,2,6,83.0
Lis,500,2,2,2,6,
Gupta,500,2,2,2,6,
Lars1,500,2,4,4,6,
Lars2,500,2,4,4,6,
Lis,500,2,4,4,6,
Gupta,500,2,4,4,6,
Lars1,500,2,6,6,6,
Lars2,500,2,6,6,6,
Lis,500,2,6,6,6,
Gupta,500,2,6,6,6,
Lars1,500,2,8,8,6,
Lars2,500,2,8,8,6,
Lis,500,2,8,8,6,
Gupta,500,2,8,8,6,
Lars1,500,3,10,10,6,
Lars2,500,3,10,10,6,
Lis,500,3,10,10,6,
Gupta,500,3,10,10,6,
Lars1,500,3,2,2,6,
Lars2,500,3,2,2,6,81.0
Lis,500,3,2,2,6,
Gupta,500,3,2,2,6,
Lars1,500,3,4,4,6,
Lars2,500,3,4,4,6,
Lis,500,3,4,4,6,
Gupta,500,3,4,4,6,
Lars1,500,3,6,6,6,
Lars2,500,3,6,6,6,
Lis,500,3,6,6,6,
Gupta,500,3,6,6,6,
Lars1,500,3,8,8,6,
Lars2,500,3,8,8,6,
Lis,500,3,8,8,6,
Gupta,500,3,8,8,6,
Lars1,500,40,10,10,6,
Lars2,500,40,10,10,6,
Lis,500,40,10,10,6,
Gupta,500,40,10,10,6,
Lars1,500,40,2,2,6,
Lars2,500,40,2,2,6,82.0
Lis,500,40,2,2,6,
Gupta,500,40,2,2,6,
Lars1,500,40,4,4,6,
Lars2,500,40,4,4,6,
Lis,500,40,4,4,6,
Gupta,500,40,4,4,6,
Lars1,500,40,6,6,6,
Lars2,500,40,6,6,6,
Lis,500,40,6,6,6,
Gupta,500,40,6,6,6,
Lars1,500,40,8,8,6,
Lars2,500,40,8,8,6,
Lis,500,40,8,8,6,
Gupta,500,40,8,8,6,
Lars1,500,4,10,10,6,
Lars2,500,4,10,10,6,
Lis,500,4,10,10,6,
Gupta,500,4,10,10,6,
Lars1,500,4,2,2,6,
Lars2,500,4,2,2,6,81.0
Lis,500,4,2,2,6,
Gupta,500,4,2,2,6,
Lars1,500,4,4,4,6,
Lars2,500,4,4,4,6,
Lis,500,4,4,4,6,
Gupta,500,4,4,4,6,
Lars1,500,4,6,6,6,
Lars2,500,4,6,6,6,
Lis,500,4,6,6,6,
Gupta,500,4,6,6,6,
Lars1,500,4,8,8,6,
Lars2,500,4,8,8,6,
Lis,500,4,8,8,6,
Gupta,500,4,8,8,6,
Lars1,500,500,10,10,6,
Lars2,500,500,10,10,6,
Lis,500,500,10,10,6,
Gupta,500,500,10,10,6,
Lars1,500,500,2,2,6,
Lars2,500,500,2,2,6,87.0
Lis,500,500,2,2,6,
Gupta,500,500,2,2,6,
Lars1,500,500,4,4,6,
Lars2,500,500,4,4,6,
Lis,500,500,4,4,6,
Gupta,500,500,4,4,6,
Lars1,500,500,6,6,6,
Lars2,500,500,6,6,6,
Lis,500,500,6,6,6,
Gupta,500,500,6,6,6,
Lars1,500,500,8,8,6,
Lars2,500,500,8,8,6,
Lis,500,500,8,8,6,
Gupta,500,500,8,8,6,
Lars1,500,5,10,10,6,
Lars2,500,5,10,10,6,
Lis,500,5,10,10,6,
Gupta,500,5,10,10,6,
Lars1,500,5,2,2,6,
Lars2,500,5,2,2,6,75.0
Lis,500,5,2,2,6,
Gupta,500,5,2,2,6,
Lars1,500,5,4,4,6,
Lars2,500,5,4,4,6,
Lis,500,5,4,4,6,
Gupta,500,5,4,4,6,
Lars1,500,5,6,6,6,
Lars2,500,5,6,6,6,
Lis,500,5,6,6,6,
Gupta,500,5,6,6,6,
Lars1,500,5,8,8,6,
Lars2,500,5,8,8,6,
Lis,500,5,8,8,6,
Gupta,500,5,8,8,6,
Lars1,500,60,10,10,6,
Lars2,500,60,10,10,6,
Lis,500,60,10,10,6,
Gupta,500,60,10,10,6,
Lars1,500,60,2,2,6,
Lars2,500,60,2,2,6,68.0
Lis,500,60,2,2,6,
Gupta,500,60,2,2,6,
Lars1,500,60,4,4,6,
Lars2,500,60,4,4,6,
Lis,500,60,4,4,6,
Gupta,500,60,4,4,6,
Lars1,500,60,6,6,6,
Lars2,500,60,6,6,6,
Lis,500,60,6,6,6,
Gupta,500,60,6,6,6,
Lars1,500,60,8,8,6,
Lars2,500,60,8,8,6,
Lis,500,60,8,8,6,
Gupta,500,60,8,8,6,
Lars1,500,6,10,10,6,
Lars2,500,6,10,10,6,
Lis,500,6,10,10,6,
Gupta,500,6,10,10,6,
Lars1,500,6,2,2,6,
Lars2,500,6,2,2,6,79.0
Lis,500,6,2,2,6,
Gupta,500,6,2,2,6,
Lars1,500,6,4,4,6,
Lars2,500,6,4,4,6,
Lis,500,6,4,4,6,
Gupta,500,6,4,4,6,
Lars1,500,6,6,6,6,
Lars2,500,6,6,6,6,
Lis,500,6,6,6,6,
Gupta,500,6,6,6,6,
Lars1,500,6,8,8,6,
Lars2,500,6,8,8,6,
Lis,500,6,8,8,6,
Gupta,500,6,8,8,6,
Lars1,500,7,10,10,6,
Lars2,500,7,10,10,6,
Lis,500,7,10,10,6,
Gupta,500,7,10,10,6,
Lars1,500,7,2,2,6,
Lars2,500,7,2,2,6,53.0
Lis,500,7,2,2,6,
Gupta,500,7,2,2,6,
Lars1,500,7,4,4,6,
Lars2,500,7,4,4,6,
Lis,500,7,4,4,6,
Gupta,500,7,4,4,6,
Lars1,500,7,6,6,6,
Lars2,500,7,6,6,6,
Lis,500,7,6,6,6,
Gupta,500,7,6,6,6,
Lars1,500,7,8,8,6,
Lars2,500,7,8,8,6,
Lis,500,7,8,8,6,
Gupta,500,7,8,8,6,
Lars1,500,80,10,10,6,
Lars2,500,80,10,10,6,
Lis,500,80,10,10,6,
Gupta,500,80,10,10,6,
Lars1,500,80,2,2,6,
Lars2,500,80,2,2,6,73.0
Lis,500,80,2,2,6,
Gupta,500,80,2,2,6,
Lars1,500,80,4,4,6,
Lars2,500,80,4,4,6,
Lis,500,80,4,4,6,
Gupta,500,80,4,4,6,
Lars1,500,80,6,6,6,
Lars2,500,80,6,6,6,
Lis,500,80,6,6,6,
Gupta,500,80,6,6,6,
Lars1,500,80,8,8,6,
Lars2,500,80,8,8,6,
Lis,500,80,8,8,6,
Gupta,500,80,8,8,6,
Lars1,500,8,10,10,6,
Lars2,500,8,10,10,6,
Lis,500,8,10,10,6,
Gupta,500,8,10,10,6,
Lars1,500,8,2,2,6,
Lars2,500,8,2,2,6,77.0
Lis,500,8,2,2,6,
Gupta,500,8,2,2,6,
Lars1,500,8,4,4,6,
Lars2,500,8,4,4,6,
Lis,500,8,4,4,6,
Gupta,500,8,4,4,6,
Lars1,500,8,6,6,6,
Lars2,500,8,6,6,6,
Lis,500,8,6,6,6,
Gupta,500,8,6,6,6,
Lars1,500,8,8,8,6,
Lars2,500,8,8,8,6,
Lis,500,8,8,8,6,
Gupta,500,8,8,8,6,
Lars1,500,9,10,10,6,
Lars2,500,9,10,10,6,
Lis,500,9,10,10,6,
Gupta,500,9,10,10,6,
Lars1,500,9,2,2,6,
Lars2,500,9,2,2,6,75.0
Lis,500,9,2,2,6,
Gupta,500,9,2,2,6,
Lars1,500,9,4,4,6,
Lars2,500,9,4,4,6,
Lis,500,9,4,4,6,
Gupta,500,9,4,4,6,
Lars1,500,9,6,6,6,
Lars2,500,9,6,6,6,
Lis,500,9,6,6,6,
Gupta,500,9,6,6,6,
Lars1,500,9,8,8,6,
Lars2,500,9,8,8,6,
Lis,500,9,8,8,6,
Gupta,500,9,8,8,6,
Lars1,5,1000,10,10,6,
Lars2,5,1000,10,10,6,
Lis,5,1000,10,10,6,
Gupta,5,1000,10,10,6,
Lars1,5,1000,2,2,6,
Lars2,5,1000,2,2,6,307.0
Lis,5,1000,2,2,6,
Gupta,5,1000,2,2,6,
Lars1,5,1000,4,4,6,
Lars2,5,1000,4,4,6,
Lis,5,1000,4,4,6,
Gupta,5,1000,4,4,6,
Lars1,5,1000,6,6,6,
Lars2,5,1000,6,6,6,
Lis,5,1000,6,6,6,
Gupta,5,1000,6,6,6,
Lars1,5,1000,8,8,6,
Lars2,5,1000,8,8,6,
Lis,5,1000,8,8,6,
Gupta,5,1000,8,8,6,
Lars1,5,100,10,10,6,
Lars2,5,100,10,10,6,
Lis,5,100,10,10,6,
Gupta,5,100,10,10,6,
Lars1,5,100,2,2,6,
Lars2,5,100,2,2,6,80.0
Lis,5,100,2,2,6,
Gupta,5,100,2,2,6,
Lars1,5,100,4,4,6,
Lars2,5,100,4,4,6,
Lis,5,100,4,4,6,
Gupta,5,100,4,4,6,
Lars1,5,100,6,6,6,
Lars2,5,100,6,6,6,
Lis,5,100,6,6,6,
Gupta,5,100,6,6,6,
Lars1,5,100,8,8,6,
Lars2,5,100,8,8,6,
Lis,5,100,8,8,6,
Gupta,5,100,8,8,6,
Lars1,5,10,10,10,6,
Lars2,5,10,10,10,6,
Lis,5,10,10,10,6,
Gupta,5,10,10,10,6,
Lars1,5,10,2,2,6,
Lars2,5,10,2,2,6,74.0
Lis,5,10,2,2,6,
Gupta,5,10,2,2,6,
Lars1,5,10,4,4,6,
Lars2,5,10,4,4,6,
Lis,5,10,4,4,6,
Gupta,5,10,4,4,6,
Lars1,5,10,6,6,6,
Lars2,5,10,6,6,6,
Lis,5,10,6,6,6,
Gupta,5,10,6,6,6,
Lars1,5,10,8,8,6,
Lars2,5,10,8,8,6,
Lis,5,10,8,8,6,
Gupta,5,10,8,8,6,
Lars1,5,1,10,10,6,
Lars2,5,1,10,10,6,
Lis,5,1,10,10,6,
Gupta,5,1,10,10,6,
Lars1,5,1,2,2,6,
Lars2,5,1,2,2,6,82.0
Lis,5,1,2,2,6,
Gupta,5,1,2,2,6,
Lars1,5,1,4,4,6,
Lars2,5,1,4,4,6,
Lis,5,1,4,4,6,
Gupta,5,1,4,4,6,
Lars1,5,1,6,6,6,
Lars2,5,1,6,6,6,
Lis,5,1,6,6,6,
Gupta,5,1,6,6,6,
Lars1,5,1,8,8,6,
Lars2,5,1,8,8,6,
Lis,5,1,8,8,6,
Gupta,5,1,8,8,6,
Lars1,5,20,10,10,6,
Lars2,5,20,10,10,6,
Lis,5,20,10,10,6,
Gupta,5,20,10,10,6,
Lars1,5,20,2,2,6,
Lars2,5,20,2,2,6,78.0
Lis,5,20,2,2,6,
Gupta,5,20,2,2,6,
Lars1,5,20,4,4,6,
Lars2,5,20,4,4,6,
Lis,5,20,4,4,6,
Gupta,5,20,4,4,6,
Lars1,5,20,6,6,6,
Lars2,5,20,6,6,6,
Lis,5,20,6,6,6,
Gupta,5,20,6,6,6,
Lars1,5,20,8,8,6,
Lars2,5,20,8,8,6,
Lis,5,20,8,8,6,
Gupta,5,20,8,8,6,
Lars1,5,2,10,10,6,
Lars2,5,2,10,10,6,
Lis,5,2,10,10,6,
Gupta,5,2,10,10,6,
Lars1,5,2,2,2,6,
Lars2,5,2,2,2,6,88.0
Lis,5,2,2,2,6,
Gupta,5,2,2,2,6,
Lars1,5,2,4,4,6,
Lars2,5,2,4,4,6,
Lis,5,2,4,4,6,
Gupta,5,2,4,4,6,
Lars1,5,2,6,6,6,
Lars2,5,2,6,6,6,
Lis,5,2,6,6,6,
Gupta,5,2,6,6,6,
Lars1,5,2,8,8,6,
Lars2,5,2,8,8,6,
Lis,5,2,8,8,6,
Gupta,5,2,8,8,6,
Lars1,5,3,10,10,6,
Lars2,5,3,10,10,6,
Lis,5,3,10,10,6,
Gupta,5,3,10,10,6,
Lars1,5,3,2,2,6,
Lars2,5,3,2,2,6,81.0
Lis,5,3,2,2,6,
Gupta,5,3,2,2,6,
Lars1,5,3,4,4,6,
Lars2,5,3,4,4,6,
Lis,5,3,4,4,6,
Gupta,5,3,4,4,6,
Lars1,5,3,6,6,6,
Lars2,5,3,6,6,6,
Lis,5,3,6,6,6,
Gupta,5,3,6,6,6,
Lars1,5,3,8,8,6,
Lars2,5,3,8,8,6,
Lis,5,3,8,8,6,
Gupta,5,3,8,8,6,
Lars1,5,40,10,10,6,
Lars2,5,40,10,10,6,
Lis,5,40,10,10,6,
Gupta,5,40,10,10,6,
Lars1,5,40,2,2,6,
Lars2,5,40,2,2,6,72.0
Lis,5,40,2,2,6,
Gupta,5,40,2,2,6,
Lars1,5,40,4,4,6,
Lars2,5,40,4,4,6,
Lis,5,40,4,4,6,
Gupta,5,40,4,4,6,
Lars1,5,40,6,6,6,
Lars2,5,40,6,6,6,
Lis,5,40,6,6,6,
Gupta,5,40,6,6,6,
Lars1,5,40,8,8,6,
Lars2,5,40,8,8,6,
Lis,5,40,8,8,6,
Gupta,5,40,8,8,6,
Lars1,5,4,10,10,6,
Lars2,5,4,10,10,6,
Lis,5,4,10,10,6,
Gupta,5,4,10,10,6,
Lars1,5,4,2,2,6,
Lars2,5,4,2,2,6,68.0
Lis,5,4,2,2,6,
Gupta,5,4,2,2,6,
Lars1,5,4,4,4,6,
Lars2,5,4,4,4,6,
Lis,5,4,4,4,6,
Gupta,5,4,4,4,6,
Lars1,5,4,6,6,6,
Lars2,5,4,6,6,6,
Lis,5,4,6,6,6,
Gupta,5,4,6,6,6,
Lars1,5,4,8,8,6,
Lars2,5,4,8,8,6,
Lis,5,4,8,8,6,
Gupta,5,4,8,8,6,
Lars1,5,500,10,10,6,
Lars2,5,500,10,10,6,
Lis,5,500,10,10,6,
Gupta,5,500,10,10,6,
Lars1,5,500,2,2,6,
Lars2,5,500,2,2,6,247.0
Lis,5,500,2,2,6,
Gupta,5,500,2,2,6,
Lars1,5,500,4,4,6,
Lars2,5,500,4,4,6,
Lis,5,500,4,4,6,
Gupta,5,500,4,4,6,
Lars1,5,500,6,6,6,
Lars2,5,500,6,6,6,
Lis,5,500,6,6,6,
Gupta,5,500,6,6,6,
Lars1,5,500,8,8,6,
Lars2,5,500,8,8,6,
Lis,5,500,8,8,6,
Gupta,5,500,8,8,6,
Lars1,5,5,10,10,6,
Lars2,5,5,10,10,6,
Lis,5,5,10,10,6,
Gupta,5,5,10,10,6,
Lars1,5,5,2,2,6,
Lars2,5,5,2,2,6,77.0
Lis,5,5,2,2,6,
Gupta,5,5,2,2,6,
Lars1,5,5,4,4,6,
Lars2,5,5,4,4,6,
Lis,5,5,4,4,6,
Gupta,5,5,4,4,6,
Lars1,5,5,6,6,6,
Lars2,5,5,6,6,6,
Lis,5,5,6,6,6,
Gupta,5,5,6,6,6,
Lars1,5,5,8,8,6,
Lars2,5,5,8,8,6,
Lis,5,5,8,8,6,
Gupta,5,5,8,8,6,
Lars1,5,60,10,10,6,
Lars2,5,60,10,10,6,
Lis,5,60,10,10,6,
Gupta,5,60,10,10,6,
Lars1,5,60,2,2,6,
Lars2,5,60,2,2,6,76.0
Lis,5,60,2,2,6,
Gupta,5,60,2,2,6,
Lars1,5,60,4,4,6,
Lars2,5,60,4,4,6,
Lis,5,60,4,4,6,
Gupta,5,60,4,4,6,
Lars1,5,60,6,6,6,
Lars2,5,60,6,6,6,
Lis,5,60,6,6,6,
Gupta,5,60,6,6,6,
Lars1,5,60,8,8,6,
Lars2,5,60,8,8,6,
Lis,5,60,8,8,6,
Gupta,5,60,8,8,6,
Lars1,5,6,10,10,6,
Lars2,5,6,10,10,6,
Lis,5,6,10,10,6,
Gupta,5,6,10,10,6,
Lars1,5,6,2,2,6,
Lars2,5,6,2,2,6,55.0
Lis,5,6,2,2,6,
Gupta,5,6,2,2,6,
Lars1,5,6,4,4,6,
Lars2,5,6,4,4,6,
Lis,5,6,4,4,6,
Gupta,5,6,4,4,6,
Lars1,5,6,6,6,6,
Lars2,5,6,6,6,6,
Lis,5,6,6,6,6,
Gupta,5,6,6,6,6,
Lars1,5,6,8,8,6,
Lars2,5,6,8,8,6,
Lis,5,6,8,8,6,
Gupta,5,6,8,8,6,
Lars1,5,7,10,10,6,
Lars2,5,7,10,10,6,
Lis,5,7,10,10,6,
Gupta,5,7,10,10,6,
Lars1,5,7,2,2,6,
Lars2,5,7,2,2,6,86.0
Lis,5,7,2,2,6,
Gupta,5,7,2,2,6,
Lars1,5,7,4,4,6,
Lars2,5,7,4,4,6,
Lis,5,7,4,4,6,
Gupta,5,7,4,4,6,
Lars1,5,7,6,6,6,
Lars2,5,7,6,6,6,
Lis,5,7,6,6,6,
Gupta,5,7,6,6,6,
Lars1,5,7,8,8,6,
Lars2,5,7,8,8,6,
Lis,5,7,8,8,6,
Gupta,5,7,8,8,6,
Lars1,5,80,10,10,6,
Lars2,5,80,10,10,6,
Lis,5,80,10,10,6,
Gupta,5,80,10,10,6,
Lars1,5,80,2,2,6,
Lars2,5,80,2,2,6,83.0
Lis,5,80,2,2,6,
Gupta,5,80,2,2,6,
Lars1,5,80,4,4,6,
Lars2,5,80,4,4,6,
Lis,5,80,4,4,6,
Gupta,5,80,4,4,6,
Lars1,5,80,6,6,6,
Lars2,5,80,6,6,6,
Lis,5,80,6,6,6,
Gupta,5,80,6,6,6,
Lars1,5,80,8,8,6,
Lars2,5,80,8,8,6,
Lis,5,80,8,8,6,
Gupta,5,80,8,8,6,
Lars1,5,8,10,10,6,
Lars2,5,8,10,10,6,
Lis,5,8,10,10,6,
Gupta,5,8,10,10,6,
Lars1,5,8,2,2,6,
Lars2,5,8,2,2,6,92.0
Lis,5,8,2,2,6,
Gupta,5,8,2,2,6,
Lars1,5,8,4,4,6,
Lars2,5,8,4,4,6,
Lis,5,8,4,4,6,
Gupta,5,8,4,4,6,
Lars1,5,8,6,6,6,
Lars2,5,8,6,6,6,
Lis,5,8,6,6,6,
Gupta,5,8,6,6,6,
Lars1,5,8,8,8,6,
Lars2,5,8,8,8,6,
Lis,5,8,8,8,6,
Gupta,5,8,8,8,6,
Lars1,5,9,10,10,6,
Lars2,5,9,10,10,6,
Lis,5,9,10,10,6,
Gupta,5,9,10,10,6,
Lars1,5,9,2,2,6,
Lars2,5,9,2,2,6,78.0
Lis,5,9,2,2,6,
Gupta,5,9,2,2,6,
Lars1,5,9,4,4,6,
Lars2,5,9,4,4,6,
Lis,5,9,4,4,6,
Gupta,5,9,4,4,6,
Lars1,5,9,6,6,6,
Lars2,5,9,6,6,6,
Lis,5,9,6,6,6,
Gupta,5,9,6,6,6,
Lars1,5,9,8,8,6,
Lars2,5,9,8,8,6,
Lis,5,9,8,8,6,
Gupta,5,9,8,8,6,
Lars1,60,1000,10,10,6,
Lars2,60,1000,10,10,6,
Lis,60,1000,10,10,6,
Gupta,60,1000,10,10,6,
Lars1,60,1000,2,2,6,
Lars2,60,1000,2,2,6,84.0
Lis,60,1000,2,2,6,
Gupta,60,1000,2,2,6,
Lars1,60,1000,4,4,6,
Lars2,60,1000,4,4,6,
Lis,60,1000,4,4,6,
Gupta,60,1000,4,4,6,
Lars1,60,1000,6,6,6,
Lars2,60,1000,6,6,6,
Lis,60,1000,6,6,6,
Gupta,60,1000,6,6,6,
Lars1,60,1000,8,8,6,
Lars2,60,1000,8,8,6,
Lis,60,1000,8,8,6,
Gupta,60,1000,8,8,6,
Lars1,60,100,10,10,6,
Lars2,60,100,10,10,6,
Lis,60,100,10,10,6,
Gupta,60,100,10,10,6,
Lars1,60,100,2,2,6,
Lars2,60,100,2,2,6,90.0
Lis,60,100,2,2,6,
Gupta,60,100,2,2,6,
Lars1,60,100,4,4,6,
Lars2,60,100,4,4,6,
Lis,60,100,4,4,6,
Gupta,60,100,4,4,6,
Lars1,60,100,6,6,6,
Lars2,60,100,6,6,6,
Lis,60,100,6,6,6,
Gupta,60,100,6,6,6,
Lars1,60,100,8,8,6,
Lars2,60,100,8,8,6,
Lis,60,100,8,8,6,
Gupta,60,100,8,8,6,
Lars1,60,10,10,10,6,
Lars2,60,10,10,10,6,
Lis,60,10,10,10,6,
Gupta,60,10,10,10,6,
Lars1,60,10,2,2,6,
Lars2,60,10,2,2,6,64.0
Lis,60,10,2,2,6,
Gupta,60,10,2,2,6,
Lars1,60,10,4,4,6,
Lars2,60,10,4,4,6,
Lis,60,10,4,4,6,
Gupta,60,10,4,4,6,
Lars1,60,10,6,6,6,
Lars2,60,10,6,6,6,
Lis,60,10,6,6,6,
Gupta,60,10,6,6,6,
Lars1,60,10,8,8,6,
Lars2,60,10,8,8,6,
Lis,60,10,8,8,6,
Gupta,60,10,8,8,6,
Lars1,60,1,10,10,6,
Lars2,60,1,10,10,6,
Lis,60,1,10,10,6,
Gupta,60,1,10,10,6,
Lars1,60,1,2,2,6,
Lars2,60,1,2,2,6,68.0
Lis,60,1,2,2,6,
Gupta,60,1,2,2,6,
Lars1,60,1,4,4,6,
Lars2,60,1,4,4,6,
Lis,60,1,4,4,6,
Gupta,60,1,4,4,6,
Lars1,60,1,6,6,6,
Lars2,60,1,6,6,6,
Lis,60,1,6,6,6,
Gupta,60,1,6,6,6,
Lars1,60,1,8,8,6,
Lars2,60,1,8,8,6,
Lis,60,1,8,8,6,
Gupta,60,1,8,8,6,
Lars1,60,20,10,10,6,
Lars2,60,20,10,10,6,
Lis,60,20,10,10,6,
Gupta,60,20,10,10,6,
Lars1,60,20,2,2,6,
Lars2,60,20,2,2,6,99.0
Lis,60,20,2,2,6,
Gupta,60,20,2,2,6,
Lars1,60,20,4,4,6,
Lars2,60,20,4,4,6,
Lis,60,20,4,4,6,
Gupta,60,20,4,4,6,
Lars1,60,20,6,6,6,
Lars2,60,20,6,6,6,
Lis,60,20,6,6,6,
Gupta,60,20,6,6,6,
Lars1,60,20,8,8,6,
Lars2,60,20,8,8,6,
Lis,60,20,8,8,6,
Gupta,60,20,8,8,6,
Lars1,60,2,10,10,6,
Lars2,60,2,10,10,6,
Lis,60,2,10,10,6,
Gupta,60,2,10,10,6,
Lars1,60,2,2,2,6,
Lars2,60,2,2,2,6,83.0
Lis,60,2,2,2,6,
Gupta,60,2,2,2,6,
Lars1,60,2,4,4,6,
Lars2,60,2,4,4,6,
Lis,60,2,4,4,6,
Gupta,60,2,4,4,6,
Lars1,60,2,6,6,6,
Lars2,60,2,6,6,6,
Lis,60,2,6,6,6,
Gupta,60,2,6,6,6,
Lars1,60,2,8,8,6,
Lars2,60,2,8,8,6,
Lis,60,2,8,8,6,
Gupta,60,2,8,8,6,
Lars1,60,3,10,10,6,
Lars2,60,3,10,10,6,
Lis,60,3,10,10,6,
Gupta,60,3,10,10,6,
Lars1,60,3,2,2,6,
Lars2,60,3,2,2,6,84.0
Lis,60,3,2,2,6,
Gupta,60,3,2,2,6,
Lars1,60,3,4,4,6,
Lars2,60,3,4,4,6,
Lis,60,3,4,4,6,
Gupta,60,3,4,4,6,
Lars1,60,3,6,6,6,
Lars2,60,3,6,6,6,
Lis,60,3,6,6,6,
Gupta,60,3,6,6,6,
Lars1,60,3,8,8,6,
Lars2,60,3,8,8,6,
Lis,60,3,8,8,6,
Gupta,60,3,8,8,6,
Lars1,60,40,10,10,6,
Lars2,60,40,10,10,6,
Lis,60,40,10,10,6,
Gupta,60,40,10,10,6,
Lars1,60,40,2,2,6,
Lars2,60,40,2,2,6,68.0
Lis,60,40,2,2,6,
Gupta,60,40,2,2,6,
Lars1,60,40,4,4,6,
Lars2,60,40,4,4,6,
Lis,60,40,4,4,6,
Gupta,60,40,4,4,6,
Lars1,60,40,6,6,6,
Lars2,60,40,6,6,6,
Lis,60,40,6,6,6,
Gupta,60,40,6,6,6,
Lars1,60,40,8,8,6,
Lars2,60,40,8,8,6,
Lis,60,40,8,8,6,
Gupta,60,40,8,8,6,
Lars1,60,4,10,10,6,
Lars2,60,4,10,10,6,
Lis,60,4,10,10,6,
Gupta,60,4,10,10,6,
Lars1,60,4,2,2,6,
Lars2,60,4,2,2,6,69.0
Lis,60,4,2,2,6,
Gupta,60,4,2,2,6,
Lars1,60,4,4,4,6,
Lars2,60,4,4,4,6,
Lis,60,4,4,4,6,
Gupta,60,4,4,4,6,
Lars1,60,4,6,6,6,
Lars2,60,4,6,6,6,
Lis,60,4,6,6,6,
Gupta,60,4,6,6,6,
Lars1,60,4,8,8,6,
Lars2,60,4,8,8,6,
Lis,60,4,8,8,6,
Gupta,60,4,8,8,6,
Lars1,60,500,10,10,6,
Lars2,60,500,10,10,6,
Lis,60,500,10,10,6,
Gupta,60,500,10,10,6,
Lars1,60,500,2,2,6,
Lars2,60,500,2,2,6,69.0
Lis,60,500,2,2,6,
Gupta,60,500,2,2,6,
Lars1,60,500,4,4,6,
Lars2,60,500,4,4,6,
Lis,60,500,4,4,6,
Gupta,60,500,4,4,6,
Lars1,60,500,6,6,6,
Lars2,60,500,6,6,6,
Lis,60,500,6,6,6,
Gupta,60,500,6,6,6,
Lars1,60,500,8,8,6,
Lars2,60,500,8,8,6,
Lis,60,500,8,8,6,
Gupta,60,500,8,8,6,
Lars1,60,5,10,10,6,
Lars2,60,5,10,10,6,
Lis,60,5,10,10,6,
Gupta,60,5,10,10,6,
Lars1,60,5,2,2,6,
Lars2,60,5,2,2,6,72.0
Lis,60,5,2,2,6,
Gupta,60,5,2,2,6,
Lars1,60,5,4,4,6,
Lars2,60,5,4,4,6,
Lis,60,5,4,4,6,
Gupta,60,5,4,4,6,
Lars1,60,5,6,6,6,
Lars2,60,5,6,6,6,
Lis,60,5,6,6,6,
Gupta,60,5,6,6,6,
Lars1,60,5,8,8,6,
Lars2,60,5,8,8,6,
Lis,60,5,8,8,6,
Gupta,60,5,8,8,6,
Lars1,60,60,10,10,6,
Lars2,60,60,10,10,6,
Lis,60,60,10,10,6,
Gupta,60,60,10,10,6,
Lars1,60,60,2,2,6,
Lars2,60,60,2,2,6,77.0
Lis,60,60,2,2,6,
Gupta,60,60,2,2,6,
Lars1,60,60,4,4,6,
Lars2,60,60,4,4,6,
Lis,60,60,4,4,6,
Gupta,60,60,4,4,6,
Lars1,60,60,6,6,6,
Lars2,60,60,6,6,6,
Lis,60,60,6,6,6,
Gupta,60,60,6,6,6,
Lars1,60,60,8,8,6,
Lars2,60,60,8,8,6,
Lis,60,60,8,8,6,
Gupta,60,60,8,8,6,
Lars1,60,6,10,10,6,
Lars2,60,6,10,10,6,
Lis,60,6,10,10,6,
Gupta,60,6,10,10,6,
Lars1,60,6,2,2,6,
Lars2,60,6,2,2,6,60.0
Lis,60,6,2,2,6,
Gupta,60,6,2,2,6,
Lars1,60,6,4,4,6,
Lars2,60,6,4,4,6,
Lis,60,6,4,4,6,
Gupta,60,6,4,4,6,
Lars1,60,6,6,6,6,
Lars2,60,6,6,6,6,
Lis,60,6,6,6,6,
Gupta,60,6,6,6,6,
Lars1,60,6,8,8,6,
Lars2,60,6,8,8,6,
Lis,60,6,8,8,6,
Gupta,60,6,8,8,6,
Lars1,60,7,10,10,6,
Lars2,60,7,10,10,6,
Lis,60,7,10,10,6,
Gupta,60,7,10,10,6,
Lars1,60,7,2,2,6,
Lars2,60,7,2,2,6,72.0
Lis,60,7,2,2,6,
Gupta,60,7,2,2,6,
Lars1,60,7,4,4,6,
Lars2,60,7,4,4,6,
Lis,60,7,4,4,6,
Gupta,60,7,4,4,6,
Lars1,60,7,6,6,6,
Lars2,60,7,6,6,6,
Lis,60,7,6,6,6,
Gupta,60,7,6,6,6,
Lars1,60,7,8,8,6,
Lars2,60,7,8,8,6,
Lis,60,7,8,8,6,
Gupta,60,7,8,8,6,
Lars1,60,80,10,10,6,
Lars2,60,80,10,10,6,
Lis,60,80,10,10,6,
Gupta,60,80,10,10,6,
Lars1,60,80,2,2,6,
Lars2,60,80,2,2,6,74.0
Lis,60,80,2,2,6,
Gupta,60,80,2,2,6,
Lars1,60,80,4,4,6,
Lars2,60,80,4,4,6,
Lis,60,80,4,4,6,
Gupta,60,80,4,4,6,
Lars1,60,80,6,6,6,
Lars2,60,80,6,6,6,
Lis,60,80,6,6,6,
Gupta,60,80,6,6,6,
Lars1,60,80,8,8,6,
Lars2,60,80,8,8,6,
Lis,60,80,8,8,6,
Gupta,60,80,8,8,6,
Lars1,60,8,10,10,6,
Lars2,60,8,10,10,6,
Lis,60,8,10,10,6,
Gupta,60,8,10,10,6,
Lars1,60,8,2,2,6,
Lars2,60,8,2,2,6,79.0
Lis,60,8,2,2,6,
Gupta,60,8,2,2,6,
Lars1,60,8,4,4,6,
Lars2,60,8,4,4,6,
Lis,60,8,4,4,6,
Gupta,60,8,4,4,6,
Lars1,60,8,6,6,6,
Lars2,60,8,6,6,6,
Lis,60,8,6,6,6,
Gupta,60,8,6,6,6,
Lars1,60,8,8,8,6,
Lars2,60,8,8,8,6,
Lis,60,8,8,8,6,
Gupta,60,8,8,8,6,
Lars1,60,9,10,10,6,
Lars2,60,9,10,10,6,
Lis,60,9,10,10,6,
Gupta,60,9,10,10,6,
Lars1,60,9,2,2,6,
Lars2,60,9,2,2,6,71.0
Lis,60,9,2,2,6,
Gupta,60,9,2,2,6,
Lars1,60,9,4,4,6,
Lars2,60,9,4,4,6,
Lis,60,9,4,4,6,
Gupta,60,9,4,4,6,
Lars1,60,9,6,6,6,
Lars2,60,9,6,6,6,
Lis,60,9,6,6,6,
Gupta,60,9,6,6,6,
Lars1,60,9,8,8,6,
Lars2,60,9,8,8,6,
Lis,60,9,8,8,6,
Gupta,60,9,8,8,6,
Lars1,6,1000,10,10,6,
Lars2,6,1000,10,10,6,
Lis,6,1000,10,10,6,
Gupta,6,1000,10,10,6,
Lars1,6,1000,2,2,6,
Lars2,6,1000,2,2,6,332.0
Lis,6,1000,2,2,6,
Gupta,6,1000,2,2,6,
Lars1,6,1000,4,4,6,
Lars2,6,1000,4,4,6,
Lis,6,1000,4,4,6,
Gupta,6,1000,4,4,6,
Lars1,6,1000,6,6,6,
Lars2,6,1000,6,6,6,
Lis,6,1000,6,6,6,
Gupta,6,1000,6,6,6,
Lars1,6,1000,8,8,6,
Lars2,6,1000,8,8,6,
Lis,6,1000,8,8,6,
Gupta,6,1000,8,8,6,
Lars1,6,100,10,10,6,
Lars2,6,100,10,10,6,
Lis,6,100,10,10,6,
Gupta,6,100,10,10,6,
Lars1,6,100,2,2,6,
Lars2,6,100,2,2,6,91.0
Lis,6,100,2,2,6,
Gupta,6,100,2,2,6,
Lars1,6,100,4,4,6,
Lars2,6,100,4,4,6,
Lis,6,100,4,4,6,
Gupta,6,100,4,4,6,
Lars1,6,100,6,6,6,
Lars2,6,100,6,6,6,
Lis,6,100,6,6,6,
Gupta,6,100,6,6,6,
Lars1,6,100,8,8,6,
Lars2,6,100,8,8,6,
Lis,6,100,8,8,6,
Gupta,6,100,8,8,6,
Lars1,6,10,10,10,6,
Lars2,6,10,10,10,6,
Lis,6,10,10,10,6,
Gupta,6,10,10,10,6,
Lars1,6,10,2,2,6,
Lars2,6,10,2,2,6,56.0
Lis,6,10,2,2,6,
Gupta,6,10,2,2,6,
Lars1,6,10,4,4,6,
Lars2,6,10,4,4,6,
Lis,6,10,4,4,6,
Gupta,6,10,4,4,6,
Lars1,6,10,6,6,6,
Lars2,6,10,6,6,6,
Lis,6,10,6,6,6,
Gupta,6,10,6,6,6,
Lars1,6,10,8,8,6,
Lars2,6,10,8,8,6,
Lis,6,10,8,8,6,
Gupta,6,10,8,8,6,
Lars1,6,1,10,10,6,
Lars2,6,1,10,10,6,
Lis,6,1,10,10,6,
Gupta,6,1,10,10,6,
Lars1,6,1,2,2,6,
Lars2,6,1,2,2,6,71.0
Lis,6,1,2,2,6,
Gupta,6,1,2,2,6,
Lars1,6,1,4,4,6,
Lars2,6,1,4,4,6,
Lis,6,1,4,4,6,
Gupta,6,1,4,4,6,
Lars1,6,1,6,6,6,
Lars2,6,1,6,6,6,
Lis,6,1,6,6,6,
Gupta,6,1,6,6,6,
Lars1,6,1,8,8,6,
Lars2,6,1,8,8,6,
Lis,6,1,8,8,6,
Gupta,6,1,8,8,6,
Lars1,6,20,10,10,6,
Lars2,6,20,10,10,6,
Lis,6,20,10,10,6,
Gupta,6,20,10,10,6,
Lars1,6,20,2,2,6,
Lars2,6,20,2,2,6,72.0
Lis,6,20,2,2,6,
Gupta,6,20,2,2,6,
Lars1,6,20,4,4,6,
Lars2,6,20,4,4,6,
Lis,6,20,4,4,6,
Gupta,6,20,4,4,6,
Lars1,6,20,6,6,6,
Lars2,6,20,6,6,6,
Lis,6,20,6,6,6,
Gupta,6,20,6,6,6,
Lars1,6,20,8,8,6,
Lars2,6,20,8,8,6,
Lis,6,20,8,8,6,
Gupta,6,20,8,8,6,
Lars1,6,2,10,10,6,
Lars2,6,2,10,10,6,
Lis,6,2,10,10,6,
Gupta,6,2,10,10,6,
Lars1,6,2,2,2,6,
Lars2,6,2,2,2,6,71.0
Lis,6,2,2,2,6,
Gupta,6,2,2,2,6,
Lars1,6,2,4,4,6,
Lars2,6,2,4,4,6,
Lis,6,2,4,4,6,
Gupta,6,2,4,4,6,
Lars1,6,2,6,6,6,
Lars2,6,2,6,6,6,
Lis,6,2,6,6,6,
Gupta,6,2,6,6,6,
Lars1,6,2,8,8,6,
Lars2,6,2,8,8,6,
Lis,6,2,8,8,6,
Gupta,6,2,8,8,6,
Lars1,6,3,10,10,6,
Lars2,6,3,10,10,6,
Lis,6,3,10,10,6,
Gupta,6,3,10,10,6,
Lars1,6,3,2,2,6,
Lars2,6,3,2,2,6,75.0
Lis,6,3,2,2,6,
Gupta,6,3,2,2,6,
Lars1,6,3,4,4,6,
Lars2,6,3,4,4,6,
Lis,6,3,4,4,6,
Gupta,6,3,4,4,6,
Lars1,6,3,6,6,6,
Lars2,6,3,6,6,6,
Lis,6,3,6,6,6,
Gupta,6,3,6,6,6,
Lars1,6,3,8,8,6,
Lars2,6,3,8,8,6,
Lis,6,3,8,8,6,
Gupta,6,3,8,8,6,
Lars1,6,40,10,10,6,
Lars2,6,40,10,10,6,
Lis,6,40,10,10,6,
Gupta,6,40,10,10,6,
Lars1,6,40,2,2,6,
Lars2,6,40,2,2,6,74.0
Lis,6,40,2,2,6,
Gupta,6,40,2,2,6,
Lars1,6,40,4,4,6,
Lars2,6,40,4,4,6,
Lis,6,40,4,4,6,
Gupta,6,40,4,4,6,
Lars1,6,40,6,6,6,
Lars2,6,40,6,6,6,
Lis,6,40,6,6,6,
Gupta,6,40,6,6,6,
Lars1,6,40,8,8,6,
Lars2,6,40,8,8,6,
Lis,6,40,8,8,6,
Gupta,6,40,8,8,6,
Lars1,6,4,10,10,6,
Lars2,6,4,10,10,6,
Lis,6,4,10,10,6,
Gupta,6,4,10,10,6,
Lars1,6,4,2,2,6,
Lars2,6,4,2,2,6,70.0
Lis,6,4,2,2,6,
Gupta,6,4,2,2,6,
Lars1,6,4,4,4,6,
Lars2,6,4,4,4,6,
Lis,6,4,4,4,6,
Gupta,6,4,4,4,6,
Lars1,6,4,6,6,6,
Lars2,6,4,6,6,6,
Lis,6,4,6,6,6,
Gupta,6,4,6,6,6,
Lars1,6,4,8,8,6,
Lars2,6,4,8,8,6,
Lis,6,4,8,8,6,
Gupta,6,4,8,8,6,
Lars1,6,500,10,10,6,
Lars2,6,500,10,10,6,
Lis,6,500,10,10,6,
Gupta,6,500,10,10,6,
Lars1,6,500,2,2,6,
Lars2,6,500,2,2,6,137.0
Lis,6,500,2,2,6,
Gupta,6,500,2,2,6,
Lars1,6,500,4,4,6,
Lars2,6,500,4,4,6,
Lis,6,500,4,4,6,
Gupta,6,500,4,4,6,
Lars1,6,500,6,6,6,
Lars2,6,500,6,6,6,
Lis,6,500,6,6,6,
Gupta,6,500,6,6,6,
Lars1,6,500,8,8,6,
Lars2,6,500,8,8,6,
Lis,6,500,8,8,6,
Gupta,6,500,8,8,6,
Lars1,6,5,10,10,6,
Lars2,6,5,10,10,6,
Lis,6,5,10,10,6,
Gupta,6,5,10,10,6,
Lars1,6,5,2,2,6,
Lars2,6,5,2,2,6,66.0
Lis,6,5,2,2,6,
Gupta,6,5,2,2,6,
Lars1,6,5,4,4,6,
Lars2,6,5,4,4,6,
Lis,6,5,4,4,6,
Gupta,6,5,4,4,6,
Lars1,6,5,6,6,6,
Lars2,6,5,6,6,6,
Lis,6,5,6,6,6,
Gupta,6,5,6,6,6,
Lars1,6,5,8,8,6,
Lars2,6,5,8,8,6,
Lis,6,5,8,8,6,
Gupta,6,5,8,8,6,
Lars1,6,60,10,10,6,
Lars2,6,60,10,10,6,
Lis,6,60,10,10,6,
Gupta,6,60,10,10,6,
Lars1,6,60,2,2,6,
Lars2,6,60,2,2,6,69.0
Lis,6,60,2,2,6,
Gupta,6,60,2,2,6,
Lars1,6,60,4,4,6,
Lars2,6,60,4,4,6,
Lis,6,60,4,4,6,
Gupta,6,60,4,4,6,
Lars1,6,60,6,6,6,
Lars2,6,60,6,6,6,
Lis,6,60,6,6,6,
Gupta,6,60,6,6,6,
Lars1,6,60,8,8,6,
Lars2,6,60,8,8,6,
Lis,6,60,8,8,6,
Gupta,6,60,8,8,6,
Lars1,6,6,10,10,6,
Lars2,6,6,10,10,6,
Lis,6,6,10,10,6,
Gupta,6,6,10,10,6,
Lars1,6,6,2,2,6,
Lars2,6,6,2,2,6,68.0
Lis,6,6,2,2,6,
Gupta,6,6,2,2,6,
Lars1,6,6,4,4,6,
Lars2,6,6,4,4,6,
Lis,6,6,4,4,6,
Gupta,6,6,4,4,6,
Lars1,6,6,6,6,6,
Lars2,6,6,6,6,6,
Lis,6,6,6,6,6,
Gupta,6,6,6,6,6,
Lars1,6,6,8,8,6,
Lars2,6,6,8,8,6,
Lis,6,6,8,8,6,
Gupta,6,6,8,8,6,
Lars1,6,7,10,10,6,
Lars2,6,7,10,10,6,
Lis,6,7,10,10,6,
Gupta,6,7,10,10,6,
Lars1,6,7,2,2,6,
Lars2,6,7,2,2,6,85.0
Lis,6,7,2,2,6,
Gupta,6,7,2,2,6,
Lars1,6,7,4,4,6,
Lars2,6,7,4,4,6,
Lis,6,7,4,4,6,
Gupta,6,7,4,4,6,
Lars1,6,7,6,6,6,
Lars2,6,7,6,6,6,
Lis,6,7,6,6,6,
Gupta,6,7,6,6,6,
Lars1,6,7,8,8,6,
Lars2,6,7,8,8,6,
Lis,6,7,8,8,6,
Gupta,6,7,8,8,6,
Lars1,6,80,10,10,6,
Lars2,6,80,10,10,6,
Lis,6,80,10,10,6,
Gupta,6,80,10,10,6,
Lars1,6,80,2,2,6,
Lars2,6,80,2,2,6,68.0
Lis,6,80,2,2,6,
Gupta,6,80,2,2,6,
Lars1,6,80,4,4,6,
Lars2,6,80,4,4,6,
Lis,6,80,4,4,6,
Gupta,6,80,4,4,6,
Lars1,6,80,6,6,6,
Lars2,6,80,6,6,6,
Lis,6,80,6,6,6,
Gupta,6,80,6,6,6,
Lars1,6,80,8,8,6,
Lars2,6,80,8,8,6,
Lis,6,80,8,8,6,
Gupta,6,80,8,8,6,
Lars1,6,8,10,10,6,
Lars2,6,8,10,10,6,
Lis,6,8,10,10,6,
Gupta,6,8,10,10,6,
Lars1,6,8,2,2,6,
Lars2,6,8,2,2,6,85.0
Lis,6,8,2,2,6,
Gupta,6,8,2,2,6,
Lars1,6,8,4,4,6,
Lars2,6,8,4,4,6,
Lis,6,8,4,4,6,
Gupta,6,8,4,4,6,
Lars1,6,8,6,6,6,
Lars2,6,8,6,6,6,
Lis,6,8,6,6,6,
Gupta,6,8,6,6,6,
Lars1,6,8,8,8,6,
Lars2,6,8,8,8,6,
Lis,6,8,8,8,6,
Gupta,6,8,8,8,6,
Lars1,6,9,10,10,6,
Lars2,6,9,10,10,6,
Lis,6,9,10,10,6,
Gupta,6,9,10,10,6,
Lars1,6,9,2,2,6,
Lars2,6,9,2,2,6,75.0
Lis,6,9,2,2,6,
Gupta,6,9,2,2,6,
Lars1,6,9,4,4,6,
Lars2,6,9,4,4,6,
Lis,6,9,4,4,6,
Gupta,6,9,4,4,6,
Lars1,6,9,6,6,6,
Lars2,6,9,6,6,6,
Lis,6,9,6,6,6,
Gupta,6,9,6,6,6,
Lars1,6,9,8,8,6,
Lars2,6,9,8,8,6,
Lis,6,9,8,8,6,
Gupta,6,9,8,8,6,
Lars1,1000,1000,10,10,7,
Lars2,1000,1000,10,10,7,
Lis,1000,1000,10,10,7,
Gupta,1000,1000,10,10,7,
Lars1,1000,1000,2,2,7,
Lars2,1000,1000,2,2,7,72.0
Lis,1000,1000,2,2,7,
Gupta,1000,1000,2,2,7,
Lars1,1000,1000,4,4,7,
Lars2,1000,1000,4,4,7,
Lis,1000,1000,4,4,7,
Gupta,1000,1000,4,4,7,
Lars1,1000,1000,6,6,7,
Lars2,1000,1000,6,6,7,
Lis,1000,1000,6,6,7,
Gupta,1000,1000,6,6,7,
Lars1,1000,1000,8,8,7,
Lars2,1000,1000,8,8,7,
Lis,1000,1000,8,8,7,
Gupta,1000,1000,8,8,7,
Lars1,1000,100,10,10,7,
Lars2,1000,100,10,10,7,
Lis,1000,100,10,10,7,
Gupta,1000,100,10,10,7,
Lars1,1000,100,2,2,7,
Lars2,1000,100,2,2,7,71.0
Lis,1000,100,2,2,7,
Gupta,1000,100,2,2,7,
Lars1,1000,100,4,4,7,
Lars2,1000,100,4,4,7,
Lis,1000,100,4,4,7,
Gupta,1000,100,4,4,7,
Lars1,1000,100,6,6,7,
Lars2,1000,100,6,6,7,
Lis,1000,100,6,6,7,
Gupta,1000,100,6,6,7,
Lars1,1000,100,8,8,7,
Lars2,1000,100,8,8,7,
Lis,1000,100,8,8,7,
Gupta,1000,100,8,8,7,
Lars1,1000,10,10,10,7,
Lars2,1000,10,10,10,7,
Lis,1000,10,10,10,7,
Gupta,1000,10,10,10,7,
Lars1,1000,10,2,2,7,
Lars2,1000,10,2,2,7,80.0
Lis,1000,10,2,2,7,
Gupta,1000,10,2,2,7,
Lars1,1000,10,4,4,7,
Lars2,1000,10,4,4,7,
Lis,1000,10,4,4,7,
Gupta,1000,10,4,4,7,
Lars1,1000,10,6,6,7,
Lars2,1000,10,6,6,7,
Lis,1000,10,6,6,7,
Gupta,1000,10,6,6,7,
Lars1,1000,10,8,8,7,
Lars2,1000,10,8,8,7,
Lis,1000,10,8,8,7,
Gupta,1000,10,8,8,7,
Lars1,1000,1,10,10,7,
Lars2,1000,1,10,10,7,
Lis,1000,1,10,10,7,
Gupta,1000,1,10,10,7,
Lars1,1000,1,2,2,7,
Lars2,1000,1,2,2,7,246.0
Lis,1000,1,2,2,7,
Gupta,1000,1,2,2,7,
Lars1,1000,1,4,4,7,
Lars2,1000,1,4,4,7,
Lis,1000,1,4,4,7,
Gupta,1000,1,4,4,7,
Lars1,1000,1,6,6,7,
Lars2,1000,1,6,6,7,
Lis,1000,1,6,6,7,
Gupta,1000,1,6,6,7,
Lars1,1000,1,8,8,7,
Lars2,1000,1,8,8,7,
Lis,1000,1,8,8,7,
Gupta,1000,1,8,8,7,
Lars1,1000,20,10,10,7,
Lars2,1000,20,10,10,7,
Lis,1000,20,10,10,7,
Gupta,1000,20,10,10,7,
Lars1,1000,20,2,2,7,
Lars2,1000,20,2,2,7,226.0
Lis,1000,20,2,2,7,
Gupta,1000,20,2,2,7,
Lars1,1000,20,4,4,7,
Lars2,1000,20,4,4,7,
Lis,1000,20,4,4,7,
Gupta,1000,20,4,4,7,
Lars1,1000,20,6,6,7,
Lars2,1000,20,6,6,7,
Lis,1000,20,6,6,7,
Gupta,1000,20,6,6,7,
Lars1,1000,20,8,8,7,
Lars2,1000,20,8,8,7,
Lis,1000,20,8,8,7,
Gupta,1000,20,8,8,7,
Lars1,1000,2,10,10,7,
Lars2,1000,2,10,10,7,
Lis,1000,2,10,10,7,
Gupta,1000,2,10,10,7,
Lars1,1000,2,2,2,7,
Lars2,1000,2,2,2,7,251.0
Lis,1000,2,2,2,7,
Gupta,1000,2,2,2,7,
Lars1,1000,2,4,4,7,
Lars2,1000,2,4,4,7,
Lis,1000,2,4,4,7,
Gupta,1000,2,4,4,7,
Lars1,1000,2,6,6,7,
Lars2,1000,2,6,6,7,
Lis,1000,2,6,6,7,
Gupta,1000,2,6,6,7,
Lars1,1000,2,8,8,7,
Lars2,1000,2,8,8,7,
Lis,1000,2,8,8,7,
Gupta,1000,2,8,8,7,
Lars1,1000,3,10,10,7,
Lars2,1000,3,10,10,7,
Lis,1000,3,10,10,7,
Gupta,1000,3,10,10,7,
Lars1,1000,3,2,2,7,
Lars2,1000,3,2,2,7,59.0
Lis,1000,3,2,2,7,
Gupta,1000,3,2,2,7,
Lars1,1000,3,4,4,7,
Lars2,1000,3,4,4,7,
Lis,1000,3,4,4,7,
Gupta,1000,3,4,4,7,
Lars1,1000,3,6,6,7,
Lars2,1000,3,6,6,7,
Lis,1000,3,6,6,7,
Gupta,1000,3,6,6,7,
Lars1,1000,3,8,8,7,
Lars2,1000,3,8,8,7,
Lis,1000,3,8,8,7,
Gupta,1000,3,8,8,7,
Lars1,1000,40,10,10,7,
Lars2,1000,40,10,10,7,
Lis,1000,40,10,10,7,
Gupta,1000,40,10,10,7,
Lars1,1000,40,2,2,7,
Lars2,1000,40,2,2,7,65.0
Lis,1000,40,2,2,7,
Gupta,1000,40,2,2,7,
Lars1,1000,40,4,4,7,
Lars2,1000,40,4,4,7,
Lis,1000,40,4,4,7,
Gupta,1000,40,4,4,7,
Lars1,1000,40,6,6,7,
Lars2,1000,40,6,6,7,
Lis,1000,40,6,6,7,
Gupta,1000,40,6,6,7,
Lars1,1000,40,8,8,7,
Lars2,1000,40,8,8,7,
Lis,1000,40,8,8,7,
Gupta,1000,40,8,8,7,
Lars1,1000,4,10,10,7,
Lars2,1000,4,10,10,7,
Lis,1000,4,10,10,7,
Gupta,1000,4,10,10,7,
Lars1,1000,4,2,2,7,
Lars2,1000,4,2,2,7,183.0
Lis,1000,4,2,2,7,
Gupta,1000,4,2,2,7,
Lars1,1000,4,4,4,7,
Lars2,1000,4,4,4,7,
Lis,1000,4,4,4,7,
Gupta,1000,4,4,4,7,
Lars1,1000,4,6,6,7,
Lars2,1000,4,6,6,7,
Lis,1000,4,6,6,7,
Gupta,1000,4,6,6,7,
Lars1,1000,4,8,8,7,
Lars2,1000,4,8,8,7,
Lis,1000,4,8,8,7,
Gupta,1000,4,8,8,7,
Lars1,1000,500,10,10,7,
Lars2,1000,500,10,10,7,
Lis,1000,500,10,10,7,
Gupta,1000,500,10,10,7,
Lars1,1000,500,2,2,7,
Lars2,1000,500,2,2,7,75.0
Lis,1000,500,2,2,7,
Gupta,1000,500,2,2,7,
Lars1,1000,500,4,4,7,
Lars2,1000,500,4,4,7,
Lis,1000,500,4,4,7,
Gupta,1000,500,4,4,7,
Lars1,1000,500,6,6,7,
Lars2,1000,500,6,6,7,
Lis,1000,500,6,6,7,
Gupta,1000,500,6,6,7,
Lars1,1000,500,8,8,7,
Lars2,1000,500,8,8,7,
Lis,1000,500,8,8,7,
Gupta,1000,500,8,8,7,
Lars1,1000,5,10,10,7,
Lars2,1000,5,10,10,7,
Lis,1000,5,10,10,7,
Gupta,1000,5,10,10,7,
Lars1,1000,5,2,2,7,
Lars2,1000,5,2,2,7,72.0
Lis,1000,5,2,2,7,
Gupta,1000,5,2,2,7,
Lars1,1000,5,4,4,7,
Lars2,1000,5,4,4,7,
Lis,1000,5,4,4,7,
Gupta,1000,5,4,4,7,
Lars1,1000,5,6,6,7,
Lars2,1000,5,6,6,7,
Lis,1000,5,6,6,7,
Gupta,1000,5,6,6,7,
Lars1,1000,5,8,8,7,
Lars2,1000,5,8,8,7,
Lis,1000,5,8,8,7,
Gupta,1000,5,8,8,7,
Lars1,1000,60,10,10,7,
Lars2,1000,60,10,10,7,
Lis,1000,60,10,10,7,
Gupta,1000,60,10,10,7,
Lars1,1000,60,2,2,7,
Lars2,1000,60,2,2,7,70.0
Lis,1000,60,2,2,7,
Gupta,1000,60,2,2,7,
Lars1,1000,60,4,4,7,
Lars2,1000,60,4,4,7,
Lis,1000,60,4,4,7,
Gupta,1000,60,4,4,7,
Lars1,1000,60,6,6,7,
Lars2,1000,60,6,6,7,
Lis,1000,60,6,6,7,
Gupta,1000,60,6,6,7,
Lars1,1000,60,8,8,7,
Lars2,1000,60,8,8,7,
Lis,1000,60,8,8,7,
Gupta,1000,60,8,8,7,
Lars1,1000,6,10,10,7,
Lars2,1000,6,10,10,7,
Lis,1000,6,10,10,7,
Gupta,1000,6,10,10,7,
Lars1,1000,6,2,2,7,
Lars2,1000,6,2,2,7,134.0
Lis,1000,6,2,2,7,
Gupta,1000,6,2,2,7,
Lars1,1000,6,4,4,7,
Lars2,1000,6,4,4,7,
Lis,1000,6,4,4,7,
Gupta,1000,6,4,4,7,
Lars1,1000,6,6,6,7,
Lars2,1000,6,6,6,7,
Lis,1000,6,6,6,7,
Gupta,1000,6,6,6,7,
Lars1,1000,6,8,8,7,
Lars2,1000,6,8,8,7,
Lis,1000,6,8,8,7,
Gupta,1000,6,8,8,7,
Lars1,1000,7,10,10,7,
Lars2,1000,7,10,10,7,
Lis,1000,7,10,10,7,
Gupta,1000,7,10,10,7,
Lars1,1000,7,2,2,7,
Lars2,1000,7,2,2,7,138.0
Lis,1000,7,2,2,7,
Gupta,1000,7,2,2,7,
Lars1,1000,7,4,4,7,
Lars2,1000,7,4,4,7,
Lis,1000,7,4,4,7,
Gupta,1000,7,4,4,7,
Lars1,1000,7,6,6,7,
Lars2,1000,7,6,6,7,
Lis,1000,7,6,6,7,
Gupta,1000,7,6,6,7,
Lars1,1000,7,8,8,7,
Lars2,1000,7,8,8,7,
Lis,1000,7,8,8,7,
Gupta,1000,7,8,8,7,
Lars1,1000,80,10,10,7,
Lars2,1000,80,10,10,7,
Lis,1000,80,10,10,7,
Gupta,1000,80,10,10,7,
Lars1,1000,80,2,2,7,
Lars2,1000,80,2,2,7,216.0
Lis,1000,80,2,2,7,
Gupta,1000,80,2,2,7,
Lars1,1000,80,4,4,7,
Lars2,1000,80,4,4,7,
Lis,1000,80,4,4,7,
Gupta,1000,80,4,4,7,
Lars1,1000,80,6,6,7,
Lars2,1000,80,6,6,7,
Lis,1000,80,6,6,7,
Gupta,1000,80,6,6,7,
Lars1,1000,80,8,8,7,
Lars2,1000,80,8,8,7,
Lis,1000,80,8,8,7,
Gupta,1000,80,8,8,7,
Lars1,1000,8,10,10,7,
Lars2,1000,8,10,10,7,
Lis,1000,8,10,10,7,
Gupta,1000,8,10,10,7,
Lars1,1000,8,2,2,7,
Lars2,1000,8,2,2,7,166.0
Lis,1000,8,2,2,7,
Gupta,1000,8,2,2,7,
Lars1,1000,8,4,4,7,
Lars2,1000,8,4,4,7,
Lis,1000,8,4,4,7,
Gupta,1000,8,4,4,7,
Lars1,1000,8,6,6,7,
Lars2,1000,8,6,6,7,
Lis,1000,8,6,6,7,
Gupta,1000,8,6,6,7,
Lars1,1000,8,8,8,7,
Lars2,1000,8,8,8,7,
Lis,1000,8,8,8,7,
Gupta,1000,8,8,8,7,
Lars1,1000,9,10,10,7,
Lars2,1000,9,10,10,7,
Lis,1000,9,10,10,7,
Gupta,1000,9,10,10,7,
Lars1,1000,9,2,2,7,
Lars2,1000,9,2,2,7,133.0
Lis,1000,9,2,2,7,
Gupta,1000,9,2,2,7,
Lars1,1000,9,4,4,7,
Lars2,1000,9,4,4,7,
Lis,1000,9,4,4,7,
Gupta,1000,9,4,4,7,
Lars1,1000,9,6,6,7,
Lars2,1000,9,6,6,7,
Lis,1000,9,6,6,7,
Gupta,1000,9,6,6,7,
Lars1,1000,9,8,8,7,
Lars2,1000,9,8,8,7,
Lis,1000,9,8,8,7,
Gupta,1000,9,8,8,7,
Lars1,100,1000,10,10,7,
Lars2,100,1000,10,10,7,
Lis,100,1000,10,10,7,
Gupta,100,1000,10,10,7,
Lars1,100,1000,2,2,7,
Lars2,100,1000,2,2,7,129.0
Lis,100,1000,2,2,7,
Gupta,100,1000,2,2,7,
Lars1,100,1000,4,4,7,
Lars2,100,1000,4,4,7,
Lis,100,1000,4,4,7,
Gupta,100,1000,4,4,7,
Lars1,100,1000,6,6,7,
Lars2,100,1000,6,6,7,
Lis,100,1000,6,6,7,
Gupta,100,1000,6,6,7,
Lars1,100,1000,8,8,7,
Lars2,100,1000,8,8,7,
Lis,100,1000,8,8,7,
Gupta,100,1000,8,8,7,
Lars1,100,100,10,10,7,
Lars2,100,100,10,10,7,
Lis,100,100,10,10,7,
Gupta,100,100,10,10,7,
Lars1,100,100,2,2,7,
Lars2,100,100,2,2,7,143.0
Lis,100,100,2,2,7,
Gupta,100,100,2,2,7,
Lars1,100,100,4,4,7,
Lars2,100,100,4,4,7,
Lis,100,100,4,4,7,
Gupta,100,100,4,4,7,
Lars1,100,100,6,6,7,
Lars2,100,100,6,6,7,
Lis,100,100,6,6,7,
Gupta,100,100,6,6,7,
Lars1,100,100,8,8,7,
Lars2,100,100,8,8,7,
Lis,100,100,8,8,7,
Gupta,100,100,8,8,7,
Lars1,100,10,10,10,7,
Lars2,100,10,10,10,7,
Lis,100,10,10,10,7,
Gupta,100,10,10,10,7,
Lars1,100,10,2,2,7,
Lars2,100,10,2,2,7,79.0
Lis,100,10,2,2,7,
Gupta,100,10,2,2,7,
Lars1,100,10,4,4,7,
Lars2,100,10,4,4,7,
Lis,100,10,4,4,7,
Gupta,100,10,4,4,7,
Lars1,100,10,6,6,7,
Lars2,100,10,6,6,7,
Lis,100,10,6,6,7,
Gupta,100,10,6,6,7,
Lars1,100,10,8,8,7,
Lars2,100,10,8,8,7,
Lis,100,10,8,8,7,
Gupta,100,10,8,8,7,
Lars1,100,1,10,10,7,
Lars2,100,1,10,10,7,
Lis,100,1,10,10,7,
Gupta,100,1,10,10,7,
Lars1,100,1,2,2,7,
Lars2,100,1,2,2,7,82.0
Lis,100,1,2,2,7,
Gupta,100,1,2,2,7,
Lars1,100,1,4,4,7,
Lars2,100,1,4,4,7,
Lis,100,1,4,4,7,
Gupta,100,1,4,4,7,
Lars1,100,1,6,6,7,
Lars2,100,1,6,6,7,
Lis,100,1,6,6,7,
Gupta,100,1,6,6,7,
Lars1,100,1,8,8,7,
Lars2,100,1,8,8,7,
Lis,100,1,8,8,7,
Gupta,100,1,8,8,7,
Lars1,100,20,10,10,7,
Lars2,100,20,10,10,7,
Lis,100,20,10,10,7,
Gupta,100,20,10,10,7,
Lars1,100,20,2,2,7,
Lars2,100,20,2,2,7,81.0
Lis,100,20,2,2,7,
Gupta,100,20,2,2,7,
Lars1,100,20,4,4,7,
Lars2,100,20,4,4,7,
Lis,100,20,4,4,7,
Gupta,100,20,4,4,7,
Lars1,100,20,6,6,7,
Lars2,100,20,6,6,7,
Lis,100,20,6,6,7,
Gupta,100,20,6,6,7,
Lars1,100,20,8,8,7,
Lars2,100,20,8,8,7,
Lis,100,20,8,8,7,
Gupta,100,20,8,8,7,
Lars1,100,2,10,10,7,
Lars2,100,2,10,10,7,
Lis,100,2,10,10,7,
Gupta,100,2,10,10,7,
Lars1,100,2,2,2,7,
Lars2,100,2,2,2,7,80.0
Lis,100,2,2,2,7,
Gupta,100,2,2,2,7,
Lars1,100,2,4,4,7,
Lars2,100,2,4,4,7,
Lis,100,2,4,4,7,
Gupta,100,2,4,4,7,
Lars1,100,2,6,6,7,
Lars2,100,2,6,6,7,
Lis,100,2,6,6,7,
Gupta,100,2,6,6,7,
Lars1,100,2,8,8,7,
Lars2,100,2,8,8,7,
Lis,100,2,8,8,7,
Gupta,100,2,8,8,7,
Lars1,100,3,10,10,7,
Lars2,100,3,10,10,7,
Lis,100,3,10,10,7,
Gupta,100,3,10,10,7,
Lars1,100,3,2,2,7,
Lars2,100,3,2,2,7,63.0
Lis,100,3,2,2,7,
Gupta,100,3,2,2,7,
Lars1,100,3,4,4,7,
Lars2,100,3,4,4,7,
Lis,100,3,4,4,7,
Gupta,100,3,4,4,7,
Lars1,100,3,6,6,7,
Lars2,100,3,6,6,7,
Lis,100,3,6,6,7,
Gupta,100,3,6,6,7,
Lars1,100,3,8,8,7,
Lars2,100,3,8,8,7,
Lis,100,3,8,8,7,
Gupta,100,3,8,8,7,
Lars1,100,40,10,10,7,
Lars2,100,40,10,10,7,
Lis,100,40,10,10,7,
Gupta,100,40,10,10,7,
Lars1,100,40,2,2,7,
Lars2,100,40,2,2,7,85.0
Lis,100,40,2,2,7,
Gupta,100,40,2,2,7,
Lars1,100,40,4,4,7,
Lars2,100,40,4,4,7,
Lis,100,40,4,4,7,
Gupta,100,40,4,4,7,
Lars1,100,40,6,6,7,
Lars2,100,40,6,6,7,
Lis,100,40,6,6,7,
Gupta,100,40,6,6,7,
Lars1,100,40,8,8,7,
Lars2,100,40,8,8,7,
Lis,100,40,8,8,7,
Gupta,100,40,8,8,7,
Lars1,100,4,10,10,7,
Lars2,100,4,10,10,7,
Lis,100,4,10,10,7,
Gupta,100,4,10,10,7,
Lars1,100,4,2,2,7,
Lars2,100,4,2,2,7,95.0
Lis,100,4,2,2,7,
Gupta,100,4,2,2,7,
Lars1,100,4,4,4,7,
Lars2,100,4,4,4,7,
Lis,100,4,4,4,7,
Gupta,100,4,4,4,7,
Lars1,100,4,6,6,7,
Lars2,100,4,6,6,7,
Lis,100,4,6,6,7,
Gupta,100,4,6,6,7,
Lars1,100,4,8,8,7,
Lars2,100,4,8,8,7,
Lis,100,4,8,8,7,
Gupta,100,4,8,8,7,
Lars1,100,500,10,10,7,
Lars2,100,500,10,10,7,
Lis,100,500,10,10,7,
Gupta,100,500,10,10,7,
Lars1,100,500,2,2,7,
Lars2,100,500,2,2,7,83.0
Lis,100,500,2,2,7,
Gupta,100,500,2,2,7,
Lars1,100,500,4,4,7,
Lars2,100,500,4,4,7,
Lis,100,500,4,4,7,
Gupta,100,500,4,4,7,
Lars1,100,500,6,6,7,
Lars2,100,500,6,6,7,
Lis,100,500,6,6,7,
Gupta,100,500,6,6,7,
Lars1,100,500,8,8,7,
Lars2,100,500,8,8,7,
Lis,100,500,8,8,7,
Gupta,100,500,8,8,7,
Lars1,100,5,10,10,7,
Lars2,100,5,10,10,7,
Lis,100,5,10,10,7,
Gupta,100,5,10,10,7,
Lars1,100,5,2,2,7,
Lars2,100,5,2,2,7,78.0
Lis,100,5,2,2,7,
Gupta,100,5,2,2,7,
Lars1,100,5,4,4,7,
Lars2,100,5,4,4,7,
Lis,100,5,4,4,7,
Gupta,100,5,4,4,7,
Lars1,100,5,6,6,7,
Lars2,100,5,6,6,7,
Lis,100,5,6,6,7,
Gupta,100,5,6,6,7,
Lars1,100,5,8,8,7,
Lars2,100,5,8,8,7,
Lis,100,5,8,8,7,
Gupta,100,5,8,8,7,
Lars1,100,60,10,10,7,
Lars2,100,60,10,10,7,
Lis,100,60,10,10,7,
Gupta,100,60,10,10,7,
Lars1,100,60,2,2,7,
Lars2,100,60,2,2,7,85.0
Lis,100,60,2,2,7,
Gupta,100,60,2,2,7,
Lars1,100,60,4,4,7,
Lars2,100,60,4,4,7,
Lis,100,60,4,4,7,
Gupta,100,60,4,4,7,
Lars1,100,60,6,6,7,
Lars2,100,60,6,6,7,
Lis,100,60,6,6,7,
Gupta,100,60,6,6,7,
Lars1,100,60,8,8,7,
Lars2,100,60,8,8,7,
Lis,100,60,8,8,7,
Gupta,100,60,8,8,7,
Lars1,100,6,10,10,7,
Lars2,100,6,10,10,7,
Lis,100,6,10,10,7,
Gupta,100,6,10,10,7,
Lars1,100,6,2,2,7,
Lars2,100,6,2,2,7,86.0
Lis,100,6,2,2,7,
Gupta,100,6,2,2,7,
Lars1,100,6,4,4,7,
Lars2,100,6,4,4,7,
Lis,100,6,4,4,7,
Gupta,100,6,4,4,7,
Lars1,100,6,6,6,7,
Lars2,100,6,6,6,7,
Lis,100,6,6,6,7,
Gupta,100,6,6,6,7,
Lars1,100,6,8,8,7,
Lars2,100,6,8,8,7,
Lis,100,6,8,8,7,
Gupta,100,6,8,8,7,
Lars1,100,7,10,10,7,
Lars2,100,7,10,10,7,
Lis,100,7,10,10,7,
Gupta,100,7,10,10,7,
Lars1,100,7,2,2,7,
Lars2,100,7,2,2,7,73.0
Lis,100,7,2,2,7,
Gupta,100,7,2,2,7,
Lars1,100,7,4,4,7,
Lars2,100,7,4,4,7,
Lis,100,7,4,4,7,
Gupta,100,7,4,4,7,
Lars1,100,7,6,6,7,
Lars2,100,7,6,6,7,
Lis,100,7,6,6,7,
Gupta,100,7,6,6,7,
Lars1,100,7,8,8,7,
Lars2,100,7,8,8,7,
Lis,100,7,8,8,7,
Gupta,100,7,8,8,7,
Lars1,100,80,10,10,7,
Lars2,100,80,10,10,7,
Lis,100,80,10,10,7,
Gupta,100,80,10,10,7,
Lars1,100,80,2,2,7,
Lars2,100,80,2,2,7,78.0
Lis,100,80,2,2,7,
Gupta,100,80,2,2,7,
Lars1,100,80,4,4,7,
Lars2,100,80,4,4,7,
Lis,100,80,4,4,7,
Gupta,100,80,4,4,7,
Lars1,100,80,6,6,7,
Lars2,100,80,6,6,7,
Lis,100,80,6,6,7,
Gupta,100,80,6,6,7,
Lars1,100,80,8,8,7,
Lars2,100,80,8,8,7,
Lis,100,80,8,8,7,
Gupta,100,80,8,8,7,
Lars1,100,8,10,10,7,
Lars2,100,8,10,10,7,
Lis,100,8,10,10,7,
Gupta,100,8,10,10,7,
Lars1,100,8,2,2,7,
Lars2,100,8,2,2,7,96.0
Lis,100,8,2,2,7,
Gupta,100,8,2,2,7,
Lars1,100,8,4,4,7,
Lars2,100,8,4,4,7,
Lis,100,8,4,4,7,
Gupta,100,8,4,4,7,
Lars1,100,8,6,6,7,
Lars2,100,8,6,6,7,
Lis,100,8,6,6,7,
Gupta,100,8,6,6,7,
Lars1,100,8,8,8,7,
Lars2,100,8,8,8,7,
Lis,100,8,8,8,7,
Gupta,100,8,8,8,7,
Lars1,100,9,10,10,7,
Lars2,100,9,10,10,7,
Lis,100,9,10,10,7,
Gupta,100,9,10,10,7,
Lars1,100,9,2,2,7,
Lars2,100,9,2,2,7,63.0
Lis,100,9,2,2,7,
Gupta,100,9,2,2,7,
Lars1,100,9,4,4,7,
Lars2,100,9,4,4,7,
Lis,100,9,4,4,7,
Gupta,100,9,4,4,7,
Lars1,100,9,6,6,7,
Lars2,100,9,6,6,7,
Lis,100,9,6,6,7,
Gupta,100,9,6,6,7,
Lars1,100,9,8,8,7,
Lars2,100,9,8,8,7,
Lis,100,9,8,8,7,
Gupta,100,9,8,8,7,
Lars1,10,1000,10,10,7,
Lars2,10,1000,10,10,7,
Lis,10,1000,10,10,7,
Gupta,10,1000,10,10,7,
Lars1,10,1000,2,2,7,
Lars2,10,1000,2,2,7,147.0
Lis,10,1000,2,2,7,
Gupta,10,1000,2,2,7,
Lars1,10,1000,4,4,7,
Lars2,10,1000,4,4,7,
Lis,10,1000,4,4,7,
Gupta,10,1000,4,4,7,
Lars1,10,1000,6,6,7,
Lars2,10,1000,6,6,7,
Lis,10,1000,6,6,7,
Gupta,10,1000,6,6,7,
Lars1,10,1000,8,8,7,
Lars2,10,1000,8,8,7,
Lis,10,1000,8,8,7,
Gupta,10,1000,8,8,7,
Lars1,10,100,10,10,7,
Lars2,10,100,10,10,7,
Lis,10,100,10,10,7,
Gupta,10,100,10,10,7,
Lars1,10,100,2,2,7,
Lars2,10,100,2,2,7,70.0
Lis,10,100,2,2,7,
Gupta,10,100,2,2,7,
Lars1,10,100,4,4,7,
Lars2,10,100,4,4,7,
Lis,10,100,4,4,7,
Gupta,10,100,4,4,7,
Lars1,10,100,6,6,7,
Lars2,10,100,6,6,7,
Lis,10,100,6,6,7,
Gupta,10,100,6,6,7,
Lars1,10,100,8,8,7,
Lars2,10,100,8,8,7,
Lis,10,100,8,8,7,
Gupta,10,100,8,8,7,
Lars1,10,10,10,10,7,
Lars2,10,10,10,10,7,
Lis,10,10,10,10,7,
Gupta,10,10,10,10,7,
Lars1,10,10,2,2,7,
Lars2,10,10,2,2,7,87.0
Lis,10,10,2,2,7,
Gupta,10,10,2,2,7,
Lars1,10,10,4,4,7,
Lars2,10,10,4,4,7,
Lis,10,10,4,4,7,
Gupta,10,10,4,4,7,
Lars1,10,10,6,6,7,
Lars2,10,10,6,6,7,
Lis,10,10,6,6,7,
Gupta,10,10,6,6,7,
Lars1,10,10,8,8,7,
Lars2,10,10,8,8,7,
Lis,10,10,8,8,7,
Gupta,10,10,8,8,7,
Lars1,10,1,10,10,7,
Lars2,10,1,10,10,7,
Lis,10,1,10,10,7,
Gupta,10,1,10,10,7,
Lars1,10,1,2,2,7,
Lars2,10,1,2,2,7,68.0
Lis,10,1,2,2,7,
Gupta,10,1,2,2,7,
Lars1,10,1,4,4,7,
Lars2,10,1,4,4,7,
Lis,10,1,4,4,7,
Gupta,10,1,4,4,7,
Lars1,10,1,6,6,7,
Lars2,10,1,6,6,7,
Lis,10,1,6,6,7,
Gupta,10,1,6,6,7,
Lars1,10,1,8,8,7,
Lars2,10,1,8,8,7,
Lis,10,1,8,8,7,
Gupta,10,1,8,8,7,
Lars1,10,20,10,10,7,
Lars2,10,20,10,10,7,
Lis,10,20,10,10,7,
Gupta,10,20,10,10,7,
Lars1,10,20,2,2,7,
Lars2,10,20,2,2,7,69.0
Lis,10,20,2,2,7,
Gupta,10,20,2,2,7,
Lars1,10,20,4,4,7,
Lars2,10,20,4,4,7,
Lis,10,20,4,4,7,
Gupta,10,20,4,4,7,
Lars1,10,20,6,6,7,
Lars2,10,20,6,6,7,
Lis,10,20,6,6,7,
Gupta,10,20,6,6,7,
Lars1,10,20,8,8,7,
Lars2,10,20,8,8,7,
Lis,10,20,8,8,7,
Gupta,10,20,8,8,7,
Lars1,10,2,10,10,7,
Lars2,10,2,10,10,7,
Lis,10,2,10,10,7,
Gupta,10,2,10,10,7,
Lars1,10,2,2,2,7,
Lars2,10,2,2,2,7,77.0
Lis,10,2,2,2,7,
Gupta,10,2,2,2,7,
Lars1,10,2,4,4,7,
Lars2,10,2,4,4,7,
Lis,10,2,4,4,7,
Gupta,10,2,4,4,7,
Lars1,10,2,6,6,7,
Lars2,10,2,6,6,7,
Lis,10,2,6,6,7,
Gupta,10,2,6,6,7,
Lars1,10,2,8,8,7,
Lars2,10,2,8,8,7,
Lis,10,2,8,8,7,
Gupta,10,2,8,8,7,
Lars1,10,3,10,10,7,
Lars2,10,3,10,10,7,
Lis,10,3,10,10,7,
Gupta,10,3,10,10,7,
Lars1,10,3,2,2,7,
Lars2,10,3,2,2,7,82.0
Lis,10,3,2,2,7,
Gupta,10,3,2,2,7,
Lars1,10,3,4,4,7,
Lars2,10,3,4,4,7,
Lis,10,3,4,4,7,
Gupta,10,3,4,4,7,
Lars1,10,3,6,6,7,
Lars2,10,3,6,6,7,
Lis,10,3,6,6,7,
Gupta,10,3,6,6,7,
Lars1,10,3,8,8,7,
Lars2,10,3,8,8,7,
Lis,10,3,8,8,7,
Gupta,10,3,8,8,7,
Lars1,10,40,10,10,7,
Lars2,10,40,10,10,7,
Lis,10,40,10,10,7,
Gupta,10,40,10,10,7,
Lars1,10,40,2,2,7,
Lars2,10,40,2,2,7,72.0
Lis,10,40,2,2,7,
Gupta,10,40,2,2,7,
Lars1,10,40,4,4,7,
Lars2,10,40,4,4,7,
Lis,10,40,4,4,7,
Gupta,10,40,4,4,7,
Lars1,10,40,6,6,7,
Lars2,10,40,6,6,7,
Lis,10,40,6,6,7,
Gupta,10,40,6,6,7,
Lars1,10,40,8,8,7,
Lars2,10,40,8,8,7,
Lis,10,40,8,8,7,
Gupta,10,40,8,8,7,
Lars1,10,4,10,10,7,
Lars2,10,4,10,10,7,
Lis,10,4,10,10,7,
Gupta,10,4,10,10,7,
Lars1,10,4,2,2,7,
Lars2,10,4,2,2,7,59.0
Lis,10,4,2,2,7,
Gupta,10,4,2,2,7,
Lars1,10,4,4,4,7,
Lars2,10,4,4,4,7,
Lis,10,4,4,4,7,
Gupta,10,4,4,4,7,
Lars1,10,4,6,6,7,
Lars2,10,4,6,6,7,
Lis,10,4,6,6,7,
Gupta,10,4,6,6,7,
Lars1,10,4,8,8,7,
Lars2,10,4,8,8,7,
Lis,10,4,8,8,7,
Gupta,10,4,8,8,7,
Lars1,10,500,10,10,7,
Lars2,10,500,10,10,7,
Lis,10,500,10,10,7,
Gupta,10,500,10,10,7,
Lars1,10,500,2,2,7,
Lars2,10,500,2,2,7,88.0
Lis,10,500,2,2,7,
Gupta,10,500,2,2,7,
Lars1,10,500,4,4,7,
Lars2,10,500,4,4,7,
Lis,10,500,4,4,7,
Gupta,10,500,4,4,7,
Lars1,10,500,6,6,7,
Lars2,10,500,6,6,7,
Lis,10,500,6,6,7,
Gupta,10,500,6,6,7,
Lars1,10,500,8,8,7,
Lars2,10,500,8,8,7,
Lis,10,500,8,8,7,
Gupta,10,500,8,8,7,
Lars1,10,5,10,10,7,
Lars2,10,5,10,10,7,
Lis,10,5,10,10,7,
Gupta,10,5,10,10,7,
Lars1,10,5,2,2,7,
Lars2,10,5,2,2,7,78.0
Lis,10,5,2,2,7,
Gupta,10,5,2,2,7,
Lars1,10,5,4,4,7,
Lars2,10,5,4,4,7,
Lis,10,5,4,4,7,
Gupta,10,5,4,4,7,
Lars1,10,5,6,6,7,
Lars2,10,5,6,6,7,
Lis,10,5,6,6,7,
Gupta,10,5,6,6,7,
Lars1,10,5,8,8,7,
Lars2,10,5,8,8,7,
Lis,10,5,8,8,7,
Gupta,10,5,8,8,7,
Lars1,10,60,10,10,7,
Lars2,10,60,10,10,7,
Lis,10,60,10,10,7,
Gupta,10,60,10,10,7,
Lars1,10,60,2,2,7,
Lars2,10,60,2,2,7,60.0
Lis,10,60,2,2,7,
Gupta,10,60,2,2,7,
Lars1,10,60,4,4,7,
Lars2,10,60,4,4,7,
Lis,10,60,4,4,7,
Gupta,10,60,4,4,7,
Lars1,10,60,6,6,7,
Lars2,10,60,6,6,7,
Lis,10,60,6,6,7,
Gupta,10,60,6,6,7,
Lars1,10,60,8,8,7,
Lars2,10,60,8,8,7,
Lis,10,60,8,8,7,
Gupta,10,60,8,8,7,
Lars1,10,6,10,10,7,
Lars2,10,6,10,10,7,
Lis,10,6,10,10,7,
Gupta,10,6,10,10,7,
Lars1,10,6,2,2,7,
Lars2,10,6,2,2,7,81.0
Lis,10,6,2,2,7,
Gupta,10,6,2,2,7,
Lars1,10,6,4,4,7,
Lars2,10,6,4,4,7,
Lis,10,6,4,4,7,
Gupta,10,6,4,4,7,
Lars1,10,6,6,6,7,
Lars2,10,6,6,6,7,
Lis,10,6,6,6,7,
Gupta,10,6,6,6,7,
Lars1,10,6,8,8,7,
Lars2,10,6,8,8,7,
Lis,10,6,8,8,7,
Gupta,10,6,8,8,7,
Lars1,10,7,10,10,7,
Lars2,10,7,10,10,7,
Lis,10,7,10,10,7,
Gupta,10,7,10,10,7,
Lars1,10,7,2,2,7,
Lars2,10,7,2,2,7,79.0
Lis,10,7,2,2,7,
Gupta,10,7,2,2,7,
Lars1,10,7,4,4,7,
Lars2,10,7,4,4,7,
Lis,10,7,4,4,7,
Gupta,10,7,4,4,7,
Lars1,10,7,6,6,7,
Lars2,10,7,6,6,7,
Lis,10,7,6,6,7,
Gupta,10,7,6,6,7,
Lars1,10,7,8,8,7,
Lars2,10,7,8,8,7,
Lis,10,7,8,8,7,
Gupta,10,7,8,8,7,
Lars1,10,80,10,10,7,
Lars2,10,80,10,10,7,
Lis,10,80,10,10,7,
Gupta,10,80,10,10,7,
Lars1,10,80,2,2,7,
Lars2,10,80,2,2,7,79.0
Lis,10,80,2,2,7,
Gupta,10,80,2,2,7,
Lars1,10,80,4,4,7,
Lars2,10,80,4,4,7,
Lis,10,80,4,4,7,
Gupta,10,80,4,4,7,
Lars1,10,80,6,6,7,
Lars2,10,80,6,6,7,
Lis,10,80,6,6,7,
Gupta,10,80,6,6,7,
Lars1,10,80,8,8,7,
Lars2,10,80,8,8,7,
Lis,10,80,8,8,7,
Gupta,10,80,8,8,7,
Lars1,10,8,10,10,7,
Lars2,10,8,10,10,7,
Lis,10,8,10,10,7,
Gupta,10,8,10,10,7,
Lars1,10,8,2,2,7,
Lars2,10,8,2,2,7,79.0
Lis,10,8,2,2,7,
Gupta,10,8,2,2,7,
Lars1,10,8,4,4,7,
Lars2,10,8,4,4,7,
Lis,10,8,4,4,7,
Gupta,10,8,4,4,7,
Lars1,10,8,6,6,7,
Lars2,10,8,6,6,7,
Lis,10,8,6,6,7,
Gupta,10,8,6,6,7,
Lars1,10,8,8,8,7,
Lars2,10,8,8,8,7,
Lis,10,8,8,8,7,
Gupta,10,8,8,8,7,
Lars1,10,9,10,10,7,
Lars2,10,9,10,10,7,
Lis,10,9,10,10,7,
Gupta,10,9,10,10,7,
Lars1,10,9,2,2,7,
Lars2,10,9,2,2,7,70.0
Lis,10,9,2,2,7,
Gupta,10,9,2,2,7,
Lars1,10,9,4,4,7,
Lars2,10,9,4,4,7,
Lis,10,9,4,4,7,
Gupta,10,9,4,4,7,
Lars1,10,9,6,6,7,
Lars2,10,9,6,6,7,
Lis,10,9,6,6,7,
Gupta,10,9,6,6,7,
Lars1,10,9,8,8,7,
Lars2,10,9,8,8,7,
Lis,10,9,8,8,7,
Gupta,10,9,8,8,7,
Lars1,1,1000,10,10,7,
Lars2,1,1000,10,10,7,
Lis,1,1000,10,10,7,
Gupta,1,1000,10,10,7,
Lars1,1,1000,2,2,7,
Lars2,1,1000,2,2,7,649.0
Lis,1,1000,2,2,7,
Gupta,1,1000,2,2,7,
Lars1,1,1000,4,4,7,
Lars2,1,1000,4,4,7,
Lis,1,1000,4,4,7,
Gupta,1,1000,4,4,7,
Lars1,1,1000,6,6,7,
Lars2,1,1000,6,6,7,
Lis,1,1000,6,6,7,
Gupta,1,1000,6,6,7,
Lars1,1,1000,8,8,7,
Lars2,1,1000,8,8,7,
Lis,1,1000,8,8,7,
Gupta,1,1000,8,8,7,
Lars1,1,100,10,10,7,
Lars2,1,100,10,10,7,
Lis,1,100,10,10,7,
Gupta,1,100,10,10,7,
Lars1,1,100,2,2,7,
Lars2,1,100,2,2,7,149.0
Lis,1,100,2,2,7,
Gupta,1,100,2,2,7,
Lars1,1,100,4,4,7,
Lars2,1,100,4,4,7,
Lis,1,100,4,4,7,
Gupta,1,100,4,4,7,
Lars1,1,100,6,6,7,
Lars2,1,100,6,6,7,
Lis,1,100,6,6,7,
Gupta,1,100,6,6,7,
Lars1,1,100,8,8,7,
Lars2,1,100,8,8,7,
Lis,1,100,8,8,7,
Gupta,1,100,8,8,7,
Lars1,1,10,10,10,7,
Lars2,1,10,10,10,7,
Lis,1,10,10,10,7,
Gupta,1,10,10,10,7,
Lars1,1,10,2,2,7,
Lars2,1,10,2,2,7,70.0
Lis,1,10,2,2,7,
Gupta,1,10,2,2,7,
Lars1,1,10,4,4,7,
Lars2,1,10,4,4,7,
Lis,1,10,4,4,7,
Gupta,1,10,4,4,7,
Lars1,1,10,6,6,7,
Lars2,1,10,6,6,7,
Lis,1,10,6,6,7,
Gupta,1,10,6,6,7,
Lars1,1,10,8,8,7,
Lars2,1,10,8,8,7,
Lis,1,10,8,8,7,
Gupta,1,10,8,8,7,
Lars1,1,1,10,10,7,
Lars2,1,1,10,10,7,
Lis,1,1,10,10,7,
Gupta,1,1,10,10,7,
Lars1,1,1,2,2,7,
Lars2,1,1,2,2,7,77.0
Lis,1,1,2,2,7,
Gupta,1,1,2,2,7,
Lars1,1,1,4,4,7,
Lars2,1,1,4,4,7,
Lis,1,1,4,4,7,
Gupta,1,1,4,4,7,
Lars1,1,1,6,6,7,
Lars2,1,1,6,6,7,
Lis,1,1,6,6,7,
Gupta,1,1,6,6,7,
Lars1,1,1,8,8,7,
Lars2,1,1,8,8,7,
Lis,1,1,8,8,7,
Gupta,1,1,8,8,7,
Lars1,1,20,10,10,7,
Lars2,1,20,10,10,7,
Lis,1,20,10,10,7,
Gupta,1,20,10,10,7,
Lars1,1,20,2,2,7,
Lars2,1,20,2,2,7,73.0
Lis,1,20,2,2,7,
Gupta,1,20,2,2,7,
Lars1,1,20,4,4,7,
Lars2,1,20,4,4,7,
Lis,1,20,4,4,7,
Gupta,1,20,4,4,7,
Lars1,1,20,6,6,7,
Lars2,1,20,6,6,7,
Lis,1,20,6,6,7,
Gupta,1,20,6,6,7,
Lars1,1,20,8,8,7,
Lars2,1,20,8,8,7,
Lis,1,20,8,8,7,
Gupta,1,20,8,8,7,
Lars1,1,2,10,10,7,
Lars2,1,2,10,10,7,
Lis,1,2,10,10,7,
Gupta,1,2,10,10,7,
Lars1,1,2,2,2,7,
Lars2,1,2,2,2,7,61.0
Lis,1,2,2,2,7,
Gupta,1,2,2,2,7,
Lars1,1,2,4,4,7,
Lars2,1,2,4,4,7,
Lis,1,2,4,4,7,
Gupta,1,2,4,4,7,
Lars1,1,2,6,6,7,
Lars2,1,2,6,6,7,
Lis,1,2,6,6,7,
Gupta,1,2,6,6,7,
Lars1,1,2,8,8,7,
Lars2,1,2,8,8,7,
Lis,1,2,8,8,7,
Gupta,1,2,8,8,7,
Lars1,1,3,10,10,7,
Lars2,1,3,10,10,7,
Lis,1,3,10,10,7,
Gupta,1,3,10,10,7,
Lars1,1,3,2,2,7,
Lars2,1,3,2,2,7,82.0
Lis,1,3,2,2,7,
Gupta,1,3,2,2,7,
Lars1,1,3,4,4,7,
Lars2,1,3,4,4,7,
Lis,1,3,4,4,7,
Gupta,1,3,4,4,7,
Lars1,1,3,6,6,7,
Lars2,1,3,6,6,7,
Lis,1,3,6,6,7,
Gupta,1,3,6,6,7,
Lars1,1,3,8,8,7,
Lars2,1,3,8,8,7,
Lis,1,3,8,8,7,
Gupta,1,3,8,8,7,
Lars1,1,40,10,10,7,
Lars2,1,40,10,10,7,
Lis,1,40,10,10,7,
Gupta,1,40,10,10,7,
Lars1,1,40,2,2,7,
Lars2,1,40,2,2,7,100.0
Lis,1,40,2,2,7,
Gupta,1,40,2,2,7,
Lars1,1,40,4,4,7,
Lars2,1,40,4,4,7,
Lis,1,40,4,4,7,
Gupta,1,40,4,4,7,
Lars1,1,40,6,6,7,
Lars2,1,40,6,6,7,
Lis,1,40,6,6,7,
Gupta,1,40,6,6,7,
Lars1,1,40,8,8,7,
Lars2,1,40,8,8,7,
Lis,1,40,8,8,7,
Gupta,1,40,8,8,7,
Lars1,1,4,10,10,7,
Lars2,1,4,10,10,7,
Lis,1,4,10,10,7,
Gupta,1,4,10,10,7,
Lars1,1,4,2,2,7,
Lars2,1,4,2,2,7,63.0
Lis,1,4,2,2,7,
Gupta,1,4,2,2,7,
Lars1,1,4,4,4,7,
Lars2,1,4,4,4,7,
Lis,1,4,4,4,7,
Gupta,1,4,4,4,7,
Lars1,1,4,6,6,7,
Lars2,1,4,6,6,7,
Lis,1,4,6,6,7,
Gupta,1,4,6,6,7,
Lars1,1,4,8,8,7,
Lars2,1,4,8,8,7,
Lis,1,4,8,8,7,
Gupta,1,4,8,8,7,
Lars1,1,500,10,10,7,
Lars2,1,500,10,10,7,
Lis,1,500,10,10,7,
Gupta,1,500,10,10,7,
Lars1,1,500,2,2,7,
Lars2,1,500,2,2,7,342.0
Lis,1,500,2,2,7,
Gupta,1,500,2,2,7,
Lars1,1,500,4,4,7,
Lars2,1,500,4,4,7,
Lis,1,500,4,4,7,
Gupta,1,500,4,4,7,
Lars1,1,500,6,6,7,
Lars2,1,500,6,6,7,
Lis,1,500,6,6,7,
Gupta,1,500,6,6,7,
Lars1,1,500,8,8,7,
Lars2,1,500,8,8,7,
Lis,1,500,8,8,7,
Gupta,1,500,8,8,7,
Lars1,1,5,10,10,7,
Lars2,1,5,10,10,7,
Lis,1,5,10,10,7,
Gupta,1,5,10,10,7,
Lars1,1,5,2,2,7,
Lars2,1,5,2,2,7,71.0
Lis,1,5,2,2,7,
Gupta,1,5,2,2,7,
Lars1,1,5,4,4,7,
Lars2,1,5,4,4,7,
Lis,1,5,4,4,7,
Gupta,1,5,4,4,7,
Lars1,1,5,6,6,7,
Lars2,1,5,6,6,7,
Lis,1,5,6,6,7,
Gupta,1,5,6,6,7,
Lars1,1,5,8,8,7,
Lars2,1,5,8,8,7,
Lis,1,5,8,8,7,
Gupta,1,5,8,8,7,
Lars1,1,60,10,10,7,
Lars2,1,60,10,10,7,
Lis,1,60,10,10,7,
Gupta,1,60,10,10,7,
Lars1,1,60,2,2,7,
Lars2,1,60,2,2,7,102.0
Lis,1,60,2,2,7,
Gupta,1,60,2,2,7,
Lars1,1,60,4,4,7,
Lars2,1,60,4,4,7,
Lis,1,60,4,4,7,
Gupta,1,60,4,4,7,
Lars1,1,60,6,6,7,
Lars2,1,60,6,6,7,
Lis,1,60,6,6,7,
Gupta,1,60,6,6,7,
Lars1,1,60,8,8,7,
Lars2,1,60,8,8,7,
Lis,1,60,8,8,7,
Gupta,1,60,8,8,7,
Lars1,1,6,10,10,7,
Lars2,1,6,10,10,7,
Lis,1,6,10,10,7,
Gupta,1,6,10,10,7,
Lars1,1,6,2,2,7,
Lars2,1,6,2,2,7,63.0
Lis,1,6,2,2,7,
Gupta,1,6,2,2,7,
Lars1,1,6,4,4,7,
Lars2,1,6,4,4,7,
Lis,1,6,4,4,7,
Gupta,1,6,4,4,7,
Lars1,1,6,6,6,7,
Lars2,1,6,6,6,7,
Lis,1,6,6,6,7,
Gupta,1,6,6,6,7,
Lars1,1,6,8,8,7,
Lars2,1,6,8,8,7,
Lis,1,6,8,8,7,
Gupta,1,6,8,8,7,
Lars1,1,7,10,10,7,
Lars2,1,7,10,10,7,
Lis,1,7,10,10,7,
Gupta,1,7,10,10,7,
Lars1,1,7,2,2,7,4954.0
Lars2,1,7,2,2,7,76.0
Lis,1,7,2,2,7,
Gupta,1,7,2,2,7,
Lars1,1,7,4,4,7,
Lars2,1,7,4,4,7,
Lis,1,7,4,4,7,
Gupta,1,7,4,4,7,
Lars1,1,7,6,6,7,
Lars2,1,7,6,6,7,
Lis,1,7,6,6,7,
Gupta,1,7,6,6,7,
Lars1,1,7,8,8,7,
Lars2,1,7,8,8,7,
Lis,1,7,8,8,7,
Gupta,1,7,8,8,7,
Lars1,1,80,10,10,7,
Lars2,1,80,10,10,7,
Lis,1,80,10,10,7,
Gupta,1,80,10,10,7,
Lars1,1,80,2,2,7,
Lars2,1,80,2,2,7,141.0
Lis,1,80,2,2,7,
Gupta,1,80,2,2,7,
Lars1,1,80,4,4,7,
Lars2,1,80,4,4,7,
Lis,1,80,4,4,7,
Gupta,1,80,4,4,7,
Lars1,1,80,6,6,7,
Lars2,1,80,6,6,7,
Lis,1,80,6,6,7,
Gupta,1,80,6,6,7,
Lars1,1,80,8,8,7,
Lars2,1,80,8,8,7,
Lis,1,80,8,8,7,
Gupta,1,80,8,8,7,
Lars1,1,8,10,10,7,
Lars2,1,8,10,10,7,
Lis,1,8,10,10,7,
Gupta,1,8,10,10,7,
Lars1,1,8,2,2,7,
Lars2,1,8,2,2,7,69.0
Lis,1,8,2,2,7,
Gupta,1,8,2,2,7,
Lars1,1,8,4,4,7,
Lars2,1,8,4,4,7,
Lis,1,8,4,4,7,
Gupta,1,8,4,4,7,
Lars1,1,8,6,6,7,
Lars2,1,8,6,6,7,
Lis,1,8,6,6,7,
Gupta,1,8,6,6,7,
Lars1,1,8,8,8,7,
Lars2,1,8,8,8,7,
Lis,1,8,8,8,7,
Gupta,1,8,8,8,7,
Lars1,1,9,10,10,7,
Lars2,1,9,10,10,7,
Lis,1,9,10,10,7,
Gupta,1,9,10,10,7,
Lars1,1,9,2,2,7,
Lars2,1,9,2,2,7,81.0
Lis,1,9,2,2,7,
Gupta,1,9,2,2,7,
Lars1,1,9,4,4,7,
Lars2,1,9,4,4,7,
Lis,1,9,4,4,7,
Gupta,1,9,4,4,7,
Lars1,1,9,6,6,7,
Lars2,1,9,6,6,7,
Lis,1,9,6,6,7,
Gupta,1,9,6,6,7,
Lars1,1,9,8,8,7,
Lars2,1,9,8,8,7,
Lis,1,9,8,8,7,
Gupta,1,9,8,8,7,
Lars1,20,1000,10,10,7,
Lars2,20,1000,10,10,7,
Lis,20,1000,10,10,7,
Gupta,20,1000,10,10,7,
Lars1,20,1000,2,2,7,
Lars2,20,1000,2,2,7,189.0
Lis,20,1000,2,2,7,
Gupta,20,1000,2,2,7,
Lars1,20,1000,4,4,7,
Lars2,20,1000,4,4,7,
Lis,20,1000,4,4,7,
Gupta,20,1000,4,4,7,
Lars1,20,1000,6,6,7,
Lars2,20,1000,6,6,7,
Lis,20,1000,6,6,7,
Gupta,20,1000,6,6,7,
Lars1,20,1000,8,8,7,
Lars2,20,1000,8,8,7,
Lis,20,1000,8,8,7,
Gupta,20,1000,8,8,7,
Lars1,20,100,10,10,7,
Lars2,20,100,10,10,7,
Lis,20,100,10,10,7,
Gupta,20,100,10,10,7,
Lars1,20,100,2,2,7,
Lars2,20,100,2,2,7,80.0
Lis,20,100,2,2,7,
Gupta,20,100,2,2,7,
Lars1,20,100,4,4,7,
Lars2,20,100,4,4,7,
Lis,20,100,4,4,7,
Gupta,20,100,4,4,7,
Lars1,20,100,6,6,7,
Lars2,20,100,6,6,7,
Lis,20,100,6,6,7,
Gupta,20,100,6,6,7,
Lars1,20,100,8,8,7,
Lars2,20,100,8,8,7,
Lis,20,100,8,8,7,
Gupta,20,100,8,8,7,
Lars1,20,10,10,10,7,
Lars2,20,10,10,10,7,
Lis,20,10,10,10,7,
Gupta,20,10,10,10,7,
Lars1,20,10,2,2,7,
Lars2,20,10,2,2,7,86.0
Lis,20,10,2,2,7,
Gupta,20,10,2,2,7,
Lars1,20,10,4,4,7,
Lars2,20,10,4,4,7,
Lis,20,10,4,4,7,
Gupta,20,10,4,4,7,
Lars1,20,10,6,6,7,
Lars2,20,10,6,6,7,
Lis,20,10,6,6,7,
Gupta,20,10,6,6,7,
Lars1,20,10,8,8,7,
Lars2,20,10,8,8,7,
Lis,20,10,8,8,7,
Gupta,20,10,8,8,7,
Lars1,20,1,10,10,7,
Lars2,20,1,10,10,7,
Lis,20,1,10,10,7,
Gupta,20,1,10,10,7,
Lars1,20,1,2,2,7,
Lars2,20,1,2,2,7,68.0
Lis,20,1,2,2,7,
Gupta,20,1,2,2,7,
Lars1,20,1,4,4,7,
Lars2,20,1,4,4,7,
Lis,20,1,4,4,7,
Gupta,20,1,4,4,7,
Lars1,20,1,6,6,7,
Lars2,20,1,6,6,7,
Lis,20,1,6,6,7,
Gupta,20,1,6,6,7,
Lars1,20,1,8,8,7,
Lars2,20,1,8,8,7,
Lis,20,1,8,8,7,
Gupta,20,1,8,8,7,
Lars1,20,20,10,10,7,
Lars2,20,20,10,10,7,
Lis,20,20,10,10,7,
Gupta,20,20,10,10,7,
Lars1,20,20,2,2,7,
Lars2,20,20,2,2,7,80.0
Lis,20,20,2,2,7,
Gupta,20,20,2,2,7,
Lars1,20,20,4,4,7,
Lars2,20,20,4,4,7,
Lis,20,20,4,4,7,
Gupta,20,20,4,4,7,
Lars1,20,20,6,6,7,
Lars2,20,20,6,6,7,
Lis,20,20,6,6,7,
Gupta,20,20,6,6,7,
Lars1,20,20,8,8,7,
Lars2,20,20,8,8,7,
Lis,20,20,8,8,7,
Gupta,20,20,8,8,7,
Lars1,20,2,10,10,7,
Lars2,20,2,10,10,7,
Lis,20,2,10,10,7,
Gupta,20,2,10,10,7,
Lars1,20,2,2,2,7,
Lars2,20,2,2,2,7,69.0
Lis,20,2,2,2,7,
Gupta,20,2,2,2,7,
Lars1,20,2,4,4,7,
Lars2,20,2,4,4,7,
Lis,20,2,4,4,7,
Gupta,20,2,4,4,7,
Lars1,20,2,6,6,7,
Lars2,20,2,6,6,7,
Lis,20,2,6,6,7,
Gupta,20,2,6,6,7,
Lars1,20,2,8,8,7,
Lars2,20,2,8,8,7,
Lis,20,2,8,8,7,
Gupta,20,2,8,8,7,
Lars1,20,3,10,10,7,
Lars2,20,3,10,10,7,
Lis,20,3,10,10,7,
Gupta,20,3,10,10,7,
Lars1,20,3,2,2,7,
Lars2,20,3,2,2,7,80.0
Lis,20,3,2,2,7,
Gupta,20,3,2,2,7,
Lars1,20,3,4,4,7,
Lars2,20,3,4,4,7,
Lis,20,3,4,4,7,
Gupta,20,3,4,4,7,
Lars1,20,3,6,6,7,
Lars2,20,3,6,6,7,
Lis,20,3,6,6,7,
Gupta,20,3,6,6,7,
Lars1,20,3,8,8,7,
Lars2,20,3,8,8,7,
Lis,20,3,8,8,7,
Gupta,20,3,8,8,7,
Lars1,20,40,10,10,7,
Lars2,20,40,10,10,7,
Lis,20,40,10,10,7,
Gupta,20,40,10,10,7,
Lars1,20,40,2,2,7,
Lars2,20,40,2,2,7,71.0
Lis,20,40,2,2,7,
Gupta,20,40,2,2,7,
Lars1,20,40,4,4,7,
Lars2,20,40,4,4,7,
Lis,20,40,4,4,7,
Gupta,20,40,4,4,7,
Lars1,20,40,6,6,7,
Lars2,20,40,6,6,7,
Lis,20,40,6,6,7,
Gupta,20,40,6,6,7,
Lars1,20,40,8,8,7,
Lars2,20,40,8,8,7,
Lis,20,40,8,8,7,
Gupta,20,40,8,8,7,
Lars1,20,4,10,10,7,
Lars2,20,4,10,10,7,
Lis,20,4,10,10,7,
Gupta,20,4,10,10,7,
Lars1,20,4,2,2,7,
Lars2,20,4,2,2,7,72.0
Lis,20,4,2,2,7,
Gupta,20,4,2,2,7,
Lars1,20,4,4,4,7,
Lars2,20,4,4,4,7,
Lis,20,4,4,4,7,
Gupta,20,4,4,4,7,
Lars1,20,4,6,6,7,
Lars2,20,4,6,6,7,
Lis,20,4,6,6,7,
Gupta,20,4,6,6,7,
Lars1,20,4,8,8,7,
Lars2,20,4,8,8,7,
Lis,20,4,8,8,7,
Gupta,20,4,8,8,7,
Lars1,20,500,10,10,7,
Lars2,20,500,10,10,7,
Lis,20,500,10,10,7,
Gupta,20,500,10,10,7,
Lars1,20,500,2,2,7,
Lars2,20,500,2,2,7,84.0
Lis,20,500,2,2,7,
Gupta,20,500,2,2,7,
Lars1,20,500,4,4,7,
Lars2,20,500,4,4,7,
Lis,20,500,4,4,7,
Gupta,20,500,4,4,7,
Lars1,20,500,6,6,7,
Lars2,20,500,6,6,7,
Lis,20,500,6,6,7,
Gupta,20,500,6,6,7,
Lars1,20,500,8,8,7,
Lars2,20,500,8,8,7,
Lis,20,500,8,8,7,
Gupta,20,500,8,8,7,
Lars1,20,5,10,10,7,
Lars2,20,5,10,10,7,
Lis,20,5,10,10,7,
Gupta,20,5,10,10,7,
Lars1,20,5,2,2,7,
Lars2,20,5,2,2,7,90.0
Lis,20,5,2,2,7,
Gupta,20,5,2,2,7,
Lars1,20,5,4,4,7,
Lars2,20,5,4,4,7,
Lis,20,5,4,4,7,
Gupta,20,5,4,4,7,
Lars1,20,5,6,6,7,
Lars2,20,5,6,6,7,
Lis,20,5,6,6,7,
Gupta,20,5,6,6,7,
Lars1,20,5,8,8,7,
Lars2,20,5,8,8,7,
Lis,20,5,8,8,7,
Gupta,20,5,8,8,7,
Lars1,20,60,10,10,7,
Lars2,20,60,10,10,7,
Lis,20,60,10,10,7,
Gupta,20,60,10,10,7,
Lars1,20,60,2,2,7,
Lars2,20,60,2,2,7,77.0
Lis,20,60,2,2,7,
Gupta,20,60,2,2,7,
Lars1,20,60,4,4,7,
Lars2,20,60,4,4,7,
Lis,20,60,4,4,7,
Gupta,20,60,4,4,7,
Lars1,20,60,6,6,7,
Lars2,20,60,6,6,7,
Lis,20,60,6,6,7,
Gupta,20,60,6,6,7,
Lars1,20,60,8,8,7,
Lars2,20,60,8,8,7,
Lis,20,60,8,8,7,
Gupta,20,60,8,8,7,
Lars1,20,6,10,10,7,
Lars2,20,6,10,10,7,
Lis,20,6,10,10,7,
Gupta,20,6,10,10,7,
Lars1,20,6,2,2,7,
Lars2,20,6,2,2,7,58.0
Lis,20,6,2,2,7,
Gupta,20,6,2,2,7,
Lars1,20,6,4,4,7,
Lars2,20,6,4,4,7,
Lis,20,6,4,4,7,
Gupta,20,6,4,4,7,
Lars1,20,6,6,6,7,
Lars2,20,6,6,6,7,
Lis,20,6,6,6,7,
Gupta,20,6,6,6,7,
Lars1,20,6,8,8,7,
Lars2,20,6,8,8,7,
Lis,20,6,8,8,7,
Gupta,20,6,8,8,7,
Lars1,20,7,10,10,7,
Lars2,20,7,10,10,7,
Lis,20,7,10,10,7,
Gupta,20,7,10,10,7,
Lars1,20,7,2,2,7,
Lars2,20,7,2,2,7,69.0
Lis,20,7,2,2,7,
Gupta,20,7,2,2,7,
Lars1,20,7,4,4,7,
Lars2,20,7,4,4,7,
Lis,20,7,4,4,7,
Gupta,20,7,4,4,7,
Lars1,20,7,6,6,7,
Lars2,20,7,6,6,7,
Lis,20,7,6,6,7,
Gupta,20,7,6,6,7,
Lars1,20,7,8,8,7,
Lars2,20,7,8,8,7,
Lis,20,7,8,8,7,
Gupta,20,7,8,8,7,
Lars1,20,80,10,10,7,
Lars2,20,80,10,10,7,
Lis,20,80,10,10,7,
Gupta,20,80,10,10,7,
Lars1,20,80,2,2,7,
Lars2,20,80,2,2,7,70.0
Lis,20,80,2,2,7,
Gupta,20,80,2,2,7,
Lars1,20,80,4,4,7,
Lars2,20,80,4,4,7,
Lis,20,80,4,4,7,
Gupta,20,80,4,4,7,
Lars1,20,80,6,6,7,
Lars2,20,80,6,6,7,
Lis,20,80,6,6,7,
Gupta,20,80,6,6,7,
Lars1,20,80,8,8,7,
Lars2,20,80,8,8,7,
Lis,20,80,8,8,7,
Gupta,20,80,8,8,7,
Lars1,20,8,10,10,7,
Lars2,20,8,10,10,7,
Lis,20,8,10,10,7,
Gupta,20,8,10,10,7,
Lars1,20,8,2,2,7,
Lars2,20,8,2,2,7,74.0
Lis,20,8,2,2,7,
Gupta,20,8,2,2,7,
Lars1,20,8,4,4,7,
Lars2,20,8,4,4,7,
Lis,20,8,4,4,7,
Gupta,20,8,4,4,7,
Lars1,20,8,6,6,7,
Lars2,20,8,6,6,7,
Lis,20,8,6,6,7,
Gupta,20,8,6,6,7,
Lars1,20,8,8,8,7,
Lars2,20,8,8,8,7,
Lis,20,8,8,8,7,
Gupta,20,8,8,8,7,
Lars1,20,9,10,10,7,
Lars2,20,9,10,10,7,
Lis,20,9,10,10,7,
Gupta,20,9,10,10,7,
Lars1,20,9,2,2,7,
Lars2,20,9,2,2,7,67.0
Lis,20,9,2,2,7,
Gupta,20,9,2,2,7,
Lars1,20,9,4,4,7,
Lars2,20,9,4,4,7,
Lis,20,9,4,4,7,
Gupta,20,9,4,4,7,
Lars1,20,9,6,6,7,
Lars2,20,9,6,6,7,
Lis,20,9,6,6,7,
Gupta,20,9,6,6,7,
Lars1,20,9,8,8,7,
Lars2,20,9,8,8,7,
Lis,20,9,8,8,7,
Gupta,20,9,8,8,7,
Lars1,2,1000,10,10,7,
Lars2,2,1000,10,10,7,
Lis,2,1000,10,10,7,
Gupta,2,1000,10,10,7,
Lars1,2,1000,2,2,7,
Lars2,2,1000,2,2,7,1623.0
Lis,2,1000,2,2,7,
Gupta,2,1000,2,2,7,
Lars1,2,1000,4,4,7,
Lars2,2,1000,4,4,7,
Lis,2,1000,4,4,7,
Gupta,2,1000,4,4,7,
Lars1,2,1000,6,6,7,
Lars2,2,1000,6,6,7,
Lis,2,1000,6,6,7,
Gupta,2,1000,6,6,7,
Lars1,2,1000,8,8,7,
Lars2,2,1000,8,8,7,
Lis,2,1000,8,8,7,
Gupta,2,1000,8,8,7,
Lars1,2,100,10,10,7,
Lars2,2,100,10,10,7,
Lis,2,100,10,10,7,
Gupta,2,100,10,10,7,
Lars1,2,100,2,2,7,
Lars2,2,100,2,2,7,144.0
Lis,2,100,2,2,7,
Gupta,2,100,2,2,7,
Lars1,2,100,4,4,7,
Lars2,2,100,4,4,7,
Lis,2,100,4,4,7,
Gupta,2,100,4,4,7,
Lars1,2,100,6,6,7,
Lars2,2,100,6,6,7,
Lis,2,100,6,6,7,
Gupta,2,100,6,6,7,
Lars1,2,100,8,8,7,
Lars2,2,100,8,8,7,
Lis,2,100,8,8,7,
Gupta,2,100,8,8,7,
Lars1,2,10,10,10,7,
Lars2,2,10,10,10,7,
Lis,2,10,10,10,7,
Gupta,2,10,10,10,7,
Lars1,2,10,2,2,7,
Lars2,2,10,2,2,7,75.0
Lis,2,10,2,2,7,
Gupta,2,10,2,2,7,
Lars1,2,10,4,4,7,
Lars2,2,10,4,4,7,
Lis,2,10,4,4,7,
Gupta,2,10,4,4,7,
Lars1,2,10,6,6,7,
Lars2,2,10,6,6,7,
Lis,2,10,6,6,7,
Gupta,2,10,6,6,7,
Lars1,2,10,8,8,7,
Lars2,2,10,8,8,7,
Lis,2,10,8,8,7,
Gupta,2,10,8,8,7,
Lars1,2,1,10,10,7,
Lars2,2,1,10,10,7,
Lis,2,1,10,10,7,
Gupta,2,1,10,10,7,
Lars1,2,1,2,2,7,
Lars2,2,1,2,2,7,64.0
Lis,2,1,2,2,7,
Gupta,2,1,2,2,7,
Lars1,2,1,4,4,7,
Lars2,2,1,4,4,7,
Lis,2,1,4,4,7,
Gupta,2,1,4,4,7,
Lars1,2,1,6,6,7,
Lars2,2,1,6,6,7,
Lis,2,1,6,6,7,
Gupta,2,1,6,6,7,
Lars1,2,1,8,8,7,
Lars2,2,1,8,8,7,
Lis,2,1,8,8,7,
Gupta,2,1,8,8,7,
Lars1,2,20,10,10,7,
Lars2,2,20,10,10,7,
Lis,2,20,10,10,7,
Gupta,2,20,10,10,7,
Lars1,2,20,2,2,7,
Lars2,2,20,2,2,7,73.0
Lis,2,20,2,2,7,
Gupta,2,20,2,2,7,
Lars1,2,20,4,4,7,
Lars2,2,20,4,4,7,
Lis,2,20,4,4,7,
Gupta,2,20,4,4,7,
Lars1,2,20,6,6,7,
Lars2,2,20,6,6,7,
Lis,2,20,6,6,7,
Gupta,2,20,6,6,7,
Lars1,2,20,8,8,7,
Lars2,2,20,8,8,7,
Lis,2,20,8,8,7,
Gupta,2,20,8,8,7,
Lars1,2,2,10,10,7,
Lars2,2,2,10,10,7,
Lis,2,2,10,10,7,
Gupta,2,2,10,10,7,
Lars1,2,2,2,2,7,
Lars2,2,2,2,2,7,61.0
Lis,2,2,2,2,7,
Gupta,2,2,2,2,7,
Lars1,2,2,4,4,7,
Lars2,2,2,4,4,7,
Lis,2,2,4,4,7,
Gupta,2,2,4,4,7,
Lars1,2,2,6,6,7,
Lars2,2,2,6,6,7,
Lis,2,2,6,6,7,
Gupta,2,2,6,6,7,
Lars1,2,2,8,8,7,
Lars2,2,2,8,8,7,
Lis,2,2,8,8,7,
Gupta,2,2,8,8,7,
Lars1,2,3,10,10,7,
Lars2,2,3,10,10,7,
Lis,2,3,10,10,7,
Gupta,2,3,10,10,7,
Lars1,2,3,2,2,7,
Lars2,2,3,2,2,7,80.0
Lis,2,3,2,2,7,
Gupta,2,3,2,2,7,
Lars1,2,3,4,4,7,
Lars2,2,3,4,4,7,
Lis,2,3,4,4,7,
Gupta,2,3,4,4,7,
Lars1,2,3,6,6,7,
Lars2,2,3,6,6,7,
Lis,2,3,6,6,7,
Gupta,2,3,6,6,7,
Lars1,2,3,8,8,7,
Lars2,2,3,8,8,7,
Lis,2,3,8,8,7,
Gupta,2,3,8,8,7,
Lars1,2,40,10,10,7,
Lars2,2,40,10,10,7,
Lis,2,40,10,10,7,
Gupta,2,40,10,10,7,
Lars1,2,40,2,2,7,
Lars2,2,40,2,2,7,74.0
Lis,2,40,2,2,7,
Gupta,2,40,2,2,7,
Lars1,2,40,4,4,7,
Lars2,2,40,4,4,7,
Lis,2,40,4,4,7,
Gupta,2,40,4,4,7,
Lars1,2,40,6,6,7,
Lars2,2,40,6,6,7,
Lis,2,40,6,6,7,
Gupta,2,40,6,6,7,
Lars1,2,40,8,8,7,
Lars2,2,40,8,8,7,
Lis,2,40,8,8,7,
Gupta,2,40,8,8,7,
Lars1,2,4,10,10,7,
Lars2,2,4,10,10,7,
Lis,2,4,10,10,7,
Gupta,2,4,10,10,7,
Lars1,2,4,2,2,7,
Lars2,2,4,2,2,7,86.0
Lis,2,4,2,2,7,
Gupta,2,4,2,2,7,
Lars1,2,4,4,4,7,
Lars2,2,4,4,4,7,
Lis,2,4,4,4,7,
Gupta,2,4,4,4,7,
Lars1,2,4,6,6,7,
Lars2,2,4,6,6,7,
Lis,2,4,6,6,7,
Gupta,2,4,6,6,7,
Lars1,2,4,8,8,7,
Lars2,2,4,8,8,7,
Lis,2,4,8,8,7,
Gupta,2,4,8,8,7,
Lars1,2,500,10,10,7,
Lars2,2,500,10,10,7,
Lis,2,500,10,10,7,
Gupta,2,500,10,10,7,
Lars1,2,500,2,2,7,
Lars2,2,500,2,2,7,88.0
Lis,2,500,2,2,7,
Gupta,2,500,2,2,7,
Lars1,2,500,4,4,7,
Lars2,2,500,4,4,7,
Lis,2,500,4,4,7,
Gupta,2,500,4,4,7,
Lars1,2,500,6,6,7,
Lars2,2,500,6,6,7,
Lis,2,500,6,6,7,
Gupta,2,500,6,6,7,
Lars1,2,500,8,8,7,
Lars2,2,500,8,8,7,
Lis,2,500,8,8,7,
Gupta,2,500,8,8,7,
Lars1,2,5,10,10,7,
Lars2,2,5,10,10,7,
Lis,2,5,10,10,7,
Gupta,2,5,10,10,7,
Lars1,2,5,2,2,7,
Lars2,2,5,2,2,7,73.0
Lis,2,5,2,2,7,
Gupta,2,5,2,2,7,
Lars1,2,5,4,4,7,
Lars2,2,5,4,4,7,
Lis,2,5,4,4,7,
Gupta,2,5,4,4,7,
Lars1,2,5,6,6,7,
Lars2,2,5,6,6,7,
Lis,2,5,6,6,7,
Gupta,2,5,6,6,7,
Lars1,2,5,8,8,7,
Lars2,2,5,8,8,7,
Lis,2,5,8,8,7,
Gupta,2,5,8,8,7,
Lars1,2,60,10,10,7,
Lars2,2,60,10,10,7,
Lis,2,60,10,10,7,
Gupta,2,60,10,10,7,
Lars1,2,60,2,2,7,
Lars2,2,60,2,2,7,80.0
Lis,2,60,2,2,7,
Gupta,2,60,2,2,7,
Lars1,2,60,4,4,7,
Lars2,2,60,4,4,7,
Lis,2,60,4,4,7,
Gupta,2,60,4,4,7,
Lars1,2,60,6,6,7,
Lars2,2,60,6,6,7,
Lis,2,60,6,6,7,
Gupta,2,60,6,6,7,
Lars1,2,60,8,8,7,
Lars2,2,60,8,8,7,
Lis,2,60,8,8,7,
Gupta,2,60,8,8,7,
Lars1,2,6,10,10,7,
Lars2,2,6,10,10,7,
Lis,2,6,10,10,7,
Gupta,2,6,10,10,7,
Lars1,2,6,2,2,7,
Lars2,2,6,2,2,7,81.0
Lis,2,6,2,2,7,
Gupta,2,6,2,2,7,
Lars1,2,6,4,4,7,
Lars2,2,6,4,4,7,
Lis,2,6,4,4,7,
Gupta,2,6,4,4,7,
Lars1,2,6,6,6,7,
Lars2,2,6,6,6,7,
Lis,2,6,6,6,7,
Gupta,2,6,6,6,7,
Lars1,2,6,8,8,7,
Lars2,2,6,8,8,7,
Lis,2,6,8,8,7,
Gupta,2,6,8,8,7,
Lars1,2,7,10,10,7,
Lars2,2,7,10,10,7,
Lis,2,7,10,10,7,
Gupta,2,7,10,10,7,
Lars1,2,7,2,2,7,
Lars2,2,7,2,2,7,83.0
Lis,2,7,2,2,7,
Gupta,2,7,2,2,7,
Lars1,2,7,4,4,7,
Lars2,2,7,4,4,7,
Lis,2,7,4,4,7,
Gupta,2,7,4,4,7,
Lars1,2,7,6,6,7,
Lars2,2,7,6,6,7,
Lis,2,7,6,6,7,
Gupta,2,7,6,6,7,
Lars1,2,7,8,8,7,
Lars2,2,7,8,8,7,
Lis,2,7,8,8,7,
Gupta,2,7,8,8,7,
Lars1,2,80,10,10,7,
Lars2,2,80,10,10,7,
Lis,2,80,10,10,7,
Gupta,2,80,10,10,7,
Lars1,2,80,2,2,7,
Lars2,2,80,2,2,7,91.0
Lis,2,80,2,2,7,
Gupta,2,80,2,2,7,
Lars1,2,80,4,4,7,
Lars2,2,80,4,4,7,
Lis,2,80,4,4,7,
Gupta,2,80,4,4,7,
Lars1,2,80,6,6,7,
Lars2,2,80,6,6,7,
Lis,2,80,6,6,7,
Gupta,2,80,6,6,7,
Lars1,2,80,8,8,7,
Lars2,2,80,8,8,7,
Lis,2,80,8,8,7,
Gupta,2,80,8,8,7,
Lars1,2,8,10,10,7,
Lars2,2,8,10,10,7,
Lis,2,8,10,10,7,
Gupta,2,8,10,10,7,
Lars1,2,8,2,2,7,
Lars2,2,8,2,2,7,64.0
Lis,2,8,2,2,7,
Gupta,2,8,2,2,7,
Lars1,2,8,4,4,7,
Lars2,2,8,4,4,7,
Lis,2,8,4,4,7,
Gupta,2,8,4,4,7,
Lars1,2,8,6,6,7,
Lars2,2,8,6,6,7,
Lis,2,8,6,6,7,
Gupta,2,8,6,6,7,
Lars1,2,8,8,8,7,
Lars2,2,8,8,8,7,
Lis,2,8,8,8,7,
Gupta,2,8,8,8,7,
Lars1,2,9,10,10,7,
Lars2,2,9,10,10,7,
Lis,2,9,10,10,7,
Gupta,2,9,10,10,7,
Lars1,2,9,2,2,7,
Lars2,2,9,2,2,7,86.0
Lis,2,9,2,2,7,
Gupta,2,9,2,2,7,
Lars1,2,9,4,4,7,
Lars2,2,9,4,4,7,
Lis,2,9,4,4,7,
Gupta,2,9,4,4,7,
Lars1,2,9,6,6,7,
Lars2,2,9,6,6,7,
Lis,2,9,6,6,7,
Gupta,2,9,6,6,7,
Lars1,2,9,8,8,7,
Lars2,2,9,8,8,7,
Lis,2,9,8,8,7,
Gupta,2,9,8,8,7,
Lars1,3,1000,10,10,7,
Lars2,3,1000,10,10,7,
Lis,3,1000,10,10,7,
Gupta,3,1000,10,10,7,
Lars1,3,1000,2,2,7,
Lars2,3,1000,2,2,7,638.0
Lis,3,1000,2,2,7,
Gupta,3,1000,2,2,7,
Lars1,3,1000,4,4,7,
Lars2,3,1000,4,4,7,
Lis,3,1000,4,4,7,
Gupta,3,1000,4,4,7,
Lars1,3,1000,6,6,7,
Lars2,3,1000,6,6,7,
Lis,3,1000,6,6,7,
Gupta,3,1000,6,6,7,
Lars1,3,1000,8,8,7,
Lars2,3,1000,8,8,7,
Lis,3,1000,8,8,7,
Gupta,3,1000,8,8,7,
Lars1,3,100,10,10,7,
Lars2,3,100,10,10,7,
Lis,3,100,10,10,7,
Gupta,3,100,10,10,7,
Lars1,3,100,2,2,7,
Lars2,3,100,2,2,7,77.0
Lis,3,100,2,2,7,
Gupta,3,100,2,2,7,
Lars1,3,100,4,4,7,
Lars2,3,100,4,4,7,
Lis,3,100,4,4,7,
Gupta,3,100,4,4,7,
Lars1,3,100,6,6,7,
Lars2,3,100,6,6,7,
Lis,3,100,6,6,7,
Gupta,3,100,6,6,7,
Lars1,3,100,8,8,7,
Lars2,3,100,8,8,7,
Lis,3,100,8,8,7,
Gupta,3,100,8,8,7,
Lars1,3,10,10,10,7,
Lars2,3,10,10,10,7,
Lis,3,10,10,10,7,
Gupta,3,10,10,10,7,
Lars1,3,10,2,2,7,
Lars2,3,10,2,2,7,73.0
Lis,3,10,2,2,7,
Gupta,3,10,2,2,7,
Lars1,3,10,4,4,7,
Lars2,3,10,4,4,7,
Lis,3,10,4,4,7,
Gupta,3,10,4,4,7,
Lars1,3,10,6,6,7,
Lars2,3,10,6,6,7,
Lis,3,10,6,6,7,
Gupta,3,10,6,6,7,
Lars1,3,10,8,8,7,
Lars2,3,10,8,8,7,
Lis,3,10,8,8,7,
Gupta,3,10,8,8,7,
Lars1,3,1,10,10,7,
Lars2,3,1,10,10,7,
Lis,3,1,10,10,7,
Gupta,3,1,10,10,7,
Lars1,3,1,2,2,7,
Lars2,3,1,2,2,7,53.0
Lis,3,1,2,2,7,
Gupta,3,1,2,2,7,
Lars1,3,1,4,4,7,
Lars2,3,1,4,4,7,
Lis,3,1,4,4,7,
Gupta,3,1,4,4,7,
Lars1,3,1,6,6,7,
Lars2,3,1,6,6,7,
Lis,3,1,6,6,7,
Gupta,3,1,6,6,7,
Lars1,3,1,8,8,7,
Lars2,3,1,8,8,7,
Lis,3,1,8,8,7,
Gupta,3,1,8,8,7,
Lars1,3,20,10,10,7,
Lars2,3,20,10,10,7,
Lis,3,20,10,10,7,
Gupta,3,20,10,10,7,
Lars1,3,20,2,2,7,
Lars2,3,20,2,2,7,86.0
Lis,3,20,2,2,7,
Gupta,3,20,2,2,7,
Lars1,3,20,4,4,7,
Lars2,3,20,4,4,7,
Lis,3,20,4,4,7,
Gupta,3,20,4,4,7,
Lars1,3,20,6,6,7,
Lars2,3,20,6,6,7,
Lis,3,20,6,6,7,
Gupta,3,20,6,6,7,
Lars1,3,20,8,8,7,
Lars2,3,20,8,8,7,
Lis,3,20,8,8,7,
Gupta,3,20,8,8,7,
Lars1,3,2,10,10,7,
Lars2,3,2,10,10,7,
Lis,3,2,10,10,7,
Gupta,3,2,10,10,7,
Lars1,3,2,2,2,7,
Lars2,3,2,2,2,7,70.0
Lis,3,2,2,2,7,
Gupta,3,2,2,2,7,
Lars1,3,2,4,4,7,
Lars2,3,2,4,4,7,
Lis,3,2,4,4,7,
Gupta,3,2,4,4,7,
Lars1,3,2,6,6,7,
Lars2,3,2,6,6,7,
Lis,3,2,6,6,7,
Gupta,3,2,6,6,7,
Lars1,3,2,8,8,7,
Lars2,3,2,8,8,7,
Lis,3,2,8,8,7,
Gupta,3,2,8,8,7,
Lars1,3,3,10,10,7,
Lars2,3,3,10,10,7,
Lis,3,3,10,10,7,
Gupta,3,3,10,10,7,
Lars1,3,3,2,2,7,
Lars2,3,3,2,2,7,70.0
Lis,3,3,2,2,7,
Gupta,3,3,2,2,7,
Lars1,3,3,4,4,7,
Lars2,3,3,4,4,7,
Lis,3,3,4,4,7,
Gupta,3,3,4,4,7,
Lars1,3,3,6,6,7,
Lars2,3,3,6,6,7,
Lis,3,3,6,6,7,
Gupta,3,3,6,6,7,
Lars1,3,3,8,8,7,
Lars2,3,3,8,8,7,
Lis,3,3,8,8,7,
Gupta,3,3,8,8,7,
Lars1,3,40,10,10,7,
Lars2,3,40,10,10,7,
Lis,3,40,10,10,7,
Gupta,3,40,10,10,7,
Lars1,3,40,2,2,7,
Lars2,3,40,2,2,7,76.0
Lis,3,40,2,2,7,
Gupta,3,40,2,2,7,
Lars1,3,40,4,4,7,
Lars2,3,40,4,4,7,
Lis,3,40,4,4,7,
Gupta,3,40,4,4,7,
Lars1,3,40,6,6,7,
Lars2,3,40,6,6,7,
Lis,3,40,6,6,7,
Gupta,3,40,6,6,7,
Lars1,3,40,8,8,7,
Lars2,3,40,8,8,7,
Lis,3,40,8,8,7,
Gupta,3,40,8,8,7,
Lars1,3,4,10,10,7,
Lars2,3,4,10,10,7,
Lis,3,4,10,10,7,
Gupta,3,4,10,10,7,
Lars1,3,4,2,2,7,
Lars2,3,4,2,2,7,81.0
Lis,3,4,2,2,7,
Gupta,3,4,2,2,7,
Lars1,3,4,4,4,7,
Lars2,3,4,4,4,7,
Lis,3,4,4,4,7,
Gupta,3,4,4,4,7,
Lars1,3,4,6,6,7,
Lars2,3,4,6,6,7,
Lis,3,4,6,6,7,
Gupta,3,4,6,6,7,
Lars1,3,4,8,8,7,
Lars2,3,4,8,8,7,
Lis,3,4,8,8,7,
Gupta,3,4,8,8,7,
Lars1,3,500,10,10,7,
Lars2,3,500,10,10,7,
Lis,3,500,10,10,7,
Gupta,3,500,10,10,7,
Lars1,3,500,2,2,7,
Lars2,3,500,2,2,7,153.0
Lis,3,500,2,2,7,
Gupta,3,500,2,2,7,
Lars1,3,500,4,4,7,
Lars2,3,500,4,4,7,
Lis,3,500,4,4,7,
Gupta,3,500,4,4,7,
Lars1,3,500,6,6,7,
Lars2,3,500,6,6,7,
Lis,3,500,6,6,7,
Gupta,3,500,6,6,7,
Lars1,3,500,8,8,7,
Lars2,3,500,8,8,7,
Lis,3,500,8,8,7,
Gupta,3,500,8,8,7,
Lars1,3,5,10,10,7,
Lars2,3,5,10,10,7,
Lis,3,5,10,10,7,
Gupta,3,5,10,10,7,
Lars1,3,5,2,2,7,
Lars2,3,5,2,2,7,74.0
Lis,3,5,2,2,7,
Gupta,3,5,2,2,7,
Lars1,3,5,4,4,7,
Lars2,3,5,4,4,7,
Lis,3,5,4,4,7,
Gupta,3,5,4,4,7,
Lars1,3,5,6,6,7,
Lars2,3,5,6,6,7,
Lis,3,5,6,6,7,
Gupta,3,5,6,6,7,
Lars1,3,5,8,8,7,
Lars2,3,5,8,8,7,
Lis,3,5,8,8,7,
Gupta,3,5,8,8,7,
Lars1,3,60,10,10,7,
Lars2,3,60,10,10,7,
Lis,3,60,10,10,7,
Gupta,3,60,10,10,7,
Lars1,3,60,2,2,7,
Lars2,3,60,2,2,7,83.0
Lis,3,60,2,2,7,
Gupta,3,60,2,2,7,
Lars1,3,60,4,4,7,
Lars2,3,60,4,4,7,
Lis,3,60,4,4,7,
Gupta,3,60,4,4,7,
Lars1,3,60,6,6,7,
Lars2,3,60,6,6,7,
Lis,3,60,6,6,7,
Gupta,3,60,6,6,7,
Lars1,3,60,8,8,7,
Lars2,3,60,8,8,7,
Lis,3,60,8,8,7,
Gupta,3,60,8,8,7,
Lars1,3,6,10,10,7,
Lars2,3,6,10,10,7,
Lis,3,6,10,10,7,
Gupta,3,6,10,10,7,
Lars1,3,6,2,2,7,
Lars2,3,6,2,2,7,55.0
Lis,3,6,2,2,7,
Gupta,3,6,2,2,7,
Lars1,3,6,4,4,7,
Lars2,3,6,4,4,7,
Lis,3,6,4,4,7,
Gupta,3,6,4,4,7,
Lars1,3,6,6,6,7,
Lars2,3,6,6,6,7,
Lis,3,6,6,6,7,
Gupta,3,6,6,6,7,
Lars1,3,6,8,8,7,
Lars2,3,6,8,8,7,
Lis,3,6,8,8,7,
Gupta,3,6,8,8,7,
Lars1,3,7,10,10,7,
Lars2,3,7,10,10,7,
Lis,3,7,10,10,7,
Gupta,3,7,10,10,7,
Lars1,3,7,2,2,7,
Lars2,3,7,2,2,7,72.0
Lis,3,7,2,2,7,
Gupta,3,7,2,2,7,
Lars1,3,7,4,4,7,
Lars2,3,7,4,4,7,
Lis,3,7,4,4,7,
Gupta,3,7,4,4,7,
Lars1,3,7,6,6,7,
Lars2,3,7,6,6,7,
Lis,3,7,6,6,7,
Gupta,3,7,6,6,7,
Lars1,3,7,8,8,7,
Lars2,3,7,8,8,7,
Lis,3,7,8,8,7,
Gupta,3,7,8,8,7,
Lars1,3,80,10,10,7,
Lars2,3,80,10,10,7,
Lis,3,80,10,10,7,
Gupta,3,80,10,10,7,
Lars1,3,80,2,2,7,
Lars2,3,80,2,2,7,105.0
Lis,3,80,2,2,7,
Gupta,3,80,2,2,7,
Lars1,3,80,4,4,7,
Lars2,3,80,4,4,7,
Lis,3,80,4,4,7,
Gupta,3,80,4,4,7,
Lars1,3,80,6,6,7,
Lars2,3,80,6,6,7,
Lis,3,80,6,6,7,
Gupta,3,80,6,6,7,
Lars1,3,80,8,8,7,
Lars2,3,80,8,8,7,
Lis,3,80,8,8,7,
Gupta,3,80,8,8,7,
Lars1,3,8,10,10,7,
Lars2,3,8,10,10,7,
Lis,3,8,10,10,7,
Gupta,3,8,10,10,7,
Lars1,3,8,2,2,7,
Lars2,3,8,2,2,7,70.0
Lis,3,8,2,2,7,
Gupta,3,8,2,2,7,
Lars1,3,8,4,4,7,
Lars2,3,8,4,4,7,
Lis,3,8,4,4,7,
Gupta,3,8,4,4,7,
Lars1,3,8,6,6,7,
Lars2,3,8,6,6,7,
Lis,3,8,6,6,7,
Gupta,3,8,6,6,7,
Lars1,3,8,8,8,7,
Lars2,3,8,8,8,7,
Lis,3,8,8,8,7,
Gupta,3,8,8,8,7,
Lars1,3,9,10,10,7,
Lars2,3,9,10,10,7,
Lis,3,9,10,10,7,
Gupta,3,9,10,10,7,
Lars1,3,9,2,2,7,
Lars2,3,9,2,2,7,77.0
Lis,3,9,2,2,7,
Gupta,3,9,2,2,7,
Lars1,3,9,4,4,7,
Lars2,3,9,4,4,7,
Lis,3,9,4,4,7,
Gupta,3,9,4,4,7,
Lars1,3,9,6,6,7,
Lars2,3,9,6,6,7,
Lis,3,9,6,6,7,
Gupta,3,9,6,6,7,
Lars1,3,9,8,8,7,
Lars2,3,9,8,8,7,
Lis,3,9,8,8,7,
Gupta,3,9,8,8,7,
Lars1,40,1000,10,10,7,
Lars2,40,1000,10,10,7,
Lis,40,1000,10,10,7,
Gupta,40,1000,10,10,7,
Lars1,40,1000,2,2,7,
Lars2,40,1000,2,2,7,99.0
Lis,40,1000,2,2,7,
Gupta,40,1000,2,2,7,
Lars1,40,1000,4,4,7,
Lars2,40,1000,4,4,7,
Lis,40,1000,4,4,7,
Gupta,40,1000,4,4,7,
Lars1,40,1000,6,6,7,
Lars2,40,1000,6,6,7,
Lis,40,1000,6,6,7,
Gupta,40,1000,6,6,7,
Lars1,40,1000,8,8,7,
Lars2,40,1000,8,8,7,
Lis,40,1000,8,8,7,
Gupta,40,1000,8,8,7,
Lars1,40,100,10,10,7,
Lars2,40,100,10,10,7,
Lis,40,100,10,10,7,
Gupta,40,100,10,10,7,
Lars1,40,100,2,2,7,
Lars2,40,100,2,2,7,78.0
Lis,40,100,2,2,7,
Gupta,40,100,2,2,7,
Lars1,40,100,4,4,7,
Lars2,40,100,4,4,7,
Lis,40,100,4,4,7,
Gupta,40,100,4,4,7,
Lars1,40,100,6,6,7,
Lars2,40,100,6,6,7,
Lis,40,100,6,6,7,
Gupta,40,100,6,6,7,
Lars1,40,100,8,8,7,
Lars2,40,100,8,8,7,
Lis,40,100,8,8,7,
Gupta,40,100,8,8,7,
Lars1,40,10,10,10,7,
Lars2,40,10,10,10,7,
Lis,40,10,10,10,7,
Gupta,40,10,10,10,7,
Lars1,40,10,2,2,7,
Lars2,40,10,2,2,7,64.0
Lis,40,10,2,2,7,
Gupta,40,10,2,2,7,
Lars1,40,10,4,4,7,
Lars2,40,10,4,4,7,
Lis,40,10,4,4,7,
Gupta,40,10,4,4,7,
Lars1,40,10,6,6,7,
Lars2,40,10,6,6,7,
Lis,40,10,6,6,7,
Gupta,40,10,6,6,7,
Lars1,40,10,8,8,7,
Lars2,40,10,8,8,7,
Lis,40,10,8,8,7,
Gupta,40,10,8,8,7,
Lars1,40,1,10,10,7,
Lars2,40,1,10,10,7,
Lis,40,1,10,10,7,
Gupta,40,1,10,10,7,
Lars1,40,1,2,2,7,
Lars2,40,1,2,2,7,85.0
Lis,40,1,2,2,7,
Gupta,40,1,2,2,7,
Lars1,40,1,4,4,7,
Lars2,40,1,4,4,7,
Lis,40,1,4,4,7,
Gupta,40,1,4,4,7,
Lars1,40,1,6,6,7,
Lars2,40,1,6,6,7,
Lis,40,1,6,6,7,
Gupta,40,1,6,6,7,
Lars1,40,1,8,8,7,
Lars2,40,1,8,8,7,
Lis,40,1,8,8,7,
Gupta,40,1,8,8,7,
Lars1,40,20,10,10,7,
Lars2,40,20,10,10,7,
Lis,40,20,10,10,7,
Gupta,40,20,10,10,7,
Lars1,40,20,2,2,7,
Lars2,40,20,2,2,7,84.0
Lis,40,20,2,2,7,
Gupta,40,20,2,2,7,
Lars1,40,20,4,4,7,
Lars2,40,20,4,4,7,
Lis,40,20,4,4,7,
Gupta,40,20,4,4,7,
Lars1,40,20,6,6,7,
Lars2,40,20,6,6,7,
Lis,40,20,6,6,7,
Gupta,40,20,6,6,7,
Lars1,40,20,8,8,7,
Lars2,40,20,8,8,7,
Lis,40,20,8,8,7,
Gupta,40,20,8,8,7,
Lars1,40,2,10,10,7,
Lars2,40,2,10,10,7,
Lis,40,2,10,10,7,
Gupta,40,2,10,10,7,
Lars1,40,2,2,2,7,
Lars2,40,2,2,2,7,80.0
Lis,40,2,2,2,7,
Gupta,40,2,2,2,7,
Lars1,40,2,4,4,7,
Lars2,40,2,4,4,7,
Lis,40,2,4,4,7,
Gupta,40,2,4,4,7,
Lars1,40,2,6,6,7,
Lars2,40,2,6,6,7,
Lis,40,2,6,6,7,
Gupta,40,2,6,6,7,
Lars1,40,2,8,8,7,
Lars2,40,2,8,8,7,
Lis,40,2,8,8,7,
Gupta,40,2,8,8,7,
Lars1,40,3,10,10,7,
Lars2,40,3,10,10,7,
Lis,40,3,10,10,7,
Gupta,40,3,10,10,7,
Lars1,40,3,2,2,7,
Lars2,40,3,2,2,7,73.0
Lis,40,3,2,2,7,
Gupta,40,3,2,2,7,
Lars1,40,3,4,4,7,
Lars2,40,3,4,4,7,
Lis,40,3,4,4,7,
Gupta,40,3,4,4,7,
Lars1,40,3,6,6,7,
Lars2,40,3,6,6,7,
Lis,40,3,6,6,7,
Gupta,40,3,6,6,7,
Lars1,40,3,8,8,7,
Lars2,40,3,8,8,7,
Lis,40,3,8,8,7,
Gupta,40,3,8,8,7,
Lars1,40,40,10,10,7,
Lars2,40,40,10,10,7,
Lis,40,40,10,10,7,
Gupta,40,40,10,10,7,
Lars1,40,40,2,2,7,
Lars2,40,40,2,2,7,75.0
Lis,40,40,2,2,7,
Gupta,40,40,2,2,7,
Lars1,40,40,4,4,7,
Lars2,40,40,4,4,7,
Lis,40,40,4,4,7,
Gupta,40,40,4,4,7,
Lars1,40,40,6,6,7,
Lars2,40,40,6,6,7,
Lis,40,40,6,6,7,
Gupta,40,40,6,6,7,
Lars1,40,40,8,8,7,
Lars2,40,40,8,8,7,
Lis,40,40,8,8,7,
Gupta,40,40,8,8,7,
Lars1,40,4,10,10,7,
Lars2,40,4,10,10,7,
Lis,40,4,10,10,7,
Gupta,40,4,10,10,7,
Lars1,40,4,2,2,7,
Lars2,40,4,2,2,7,81.0
Lis,40,4,2,2,7,
Gupta,40,4,2,2,7,
Lars1,40,4,4,4,7,
Lars2,40,4,4,4,7,
Lis,40,4,4,4,7,
Gupta,40,4,4,4,7,
Lars1,40,4,6,6,7,
Lars2,40,4,6,6,7,
Lis,40,4,6,6,7,
Gupta,40,4,6,6,7,
Lars1,40,4,8,8,7,
Lars2,40,4,8,8,7,
Lis,40,4,8,8,7,
Gupta,40,4,8,8,7,
Lars1,40,500,10,10,7,
Lars2,40,500,10,10,7,
Lis,40,500,10,10,7,
Gupta,40,500,10,10,7,
Lars1,40,500,2,2,7,
Lars2,40,500,2,2,7,77.0
Lis,40,500,2,2,7,
Gupta,40,500,2,2,7,
Lars1,40,500,4,4,7,
Lars2,40,500,4,4,7,
Lis,40,500,4,4,7,
Gupta,40,500,4,4,7,
Lars1,40,500,6,6,7,
Lars2,40,500,6,6,7,
Lis,40,500,6,6,7,
Gupta,40,500,6,6,7,
Lars1,40,500,8,8,7,
Lars2,40,500,8,8,7,
Lis,40,500,8,8,7,
Gupta,40,500,8,8,7,
Lars1,40,5,10,10,7,
Lars2,40,5,10,10,7,
Lis,40,5,10,10,7,
Gupta,40,5,10,10,7,
Lars1,40,5,2,2,7,
Lars2,40,5,2,2,7,79.0
Lis,40,5,2,2,7,
Gupta,40,5,2,2,7,
Lars1,40,5,4,4,7,
Lars2,40,5,4,4,7,
Lis,40,5,4,4,7,
Gupta,40,5,4,4,7,
Lars1,40,5,6,6,7,
Lars2,40,5,6,6,7,
Lis,40,5,6,6,7,
Gupta,40,5,6,6,7,
Lars1,40,5,8,8,7,
Lars2,40,5,8,8,7,
Lis,40,5,8,8,7,
Gupta,40,5,8,8,7,
Lars1,40,60,10,10,7,
Lars2,40,60,10,10,7,
Lis,40,60,10,10,7,
Gupta,40,60,10,10,7,
Lars1,40,60,2,2,7,
Lars2,40,60,2,2,7,75.0
Lis,40,60,2,2,7,
Gupta,40,60,2,2,7,
Lars1,40,60,4,4,7,
Lars2,40,60,4,4,7,
Lis,40,60,4,4,7,
Gupta,40,60,4,4,7,
Lars1,40,60,6,6,7,
Lars2,40,60,6,6,7,
Lis,40,60,6,6,7,
Gupta,40,60,6,6,7,
Lars1,40,60,8,8,7,
Lars2,40,60,8,8,7,
Lis,40,60,8,8,7,
Gupta,40,60,8,8,7,
Lars1,40,6,10,10,7,
Lars2,40,6,10,10,7,
Lis,40,6,10,10,7,
Gupta,40,6,10,10,7,
Lars1,40,6,2,2,7,
Lars2,40,6,2,2,7,76.0
Lis,40,6,2,2,7,
Gupta,40,6,2,2,7,
Lars1,40,6,4,4,7,
Lars2,40,6,4,4,7,
Lis,40,6,4,4,7,
Gupta,40,6,4,4,7,
Lars1,40,6,6,6,7,
Lars2,40,6,6,6,7,
Lis,40,6,6,6,7,
Gupta,40,6,6,6,7,
Lars1,40,6,8,8,7,
Lars2,40,6,8,8,7,
Lis,40,6,8,8,7,
Gupta,40,6,8,8,7,
Lars1,40,7,10,10,7,
Lars2,40,7,10,10,7,
Lis,40,7,10,10,7,
Gupta,40,7,10,10,7,
Lars1,40,7,2,2,7,
Lars2,40,7,2,2,7,82.0
Lis,40,7,2,2,7,
Gupta,40,7,2,2,7,
Lars1,40,7,4,4,7,
Lars2,40,7,4,4,7,
Lis,40,7,4,4,7,
Gupta,40,7,4,4,7,
Lars1,40,7,6,6,7,
Lars2,40,7,6,6,7,
Lis,40,7,6,6,7,
Gupta,40,7,6,6,7,
Lars1,40,7,8,8,7,
Lars2,40,7,8,8,7,
Lis,40,7,8,8,7,
Gupta,40,7,8,8,7,
Lars1,40,80,10,10,7,
Lars2,40,80,10,10,7,
Lis,40,80,10,10,7,
Gupta,40,80,10,10,7,
Lars1,40,80,2,2,7,
Lars2,40,80,2,2,7,89.0
Lis,40,80,2,2,7,
Gupta,40,80,2,2,7,
Lars1,40,80,4,4,7,
Lars2,40,80,4,4,7,
Lis,40,80,4,4,7,
Gupta,40,80,4,4,7,
Lars1,40,80,6,6,7,
Lars2,40,80,6,6,7,
Lis,40,80,6,6,7,
Gupta,40,80,6,6,7,
Lars1,40,80,8,8,7,
Lars2,40,80,8,8,7,
Lis,40,80,8,8,7,
Gupta,40,80,8,8,7,
Lars1,40,8,10,10,7,
Lars2,40,8,10,10,7,
Lis,40,8,10,10,7,
Gupta,40,8,10,10,7,
Lars1,40,8,2,2,7,
Lars2,40,8,2,2,7,76.0
Lis,40,8,2,2,7,
Gupta,40,8,2,2,7,
Lars1,40,8,4,4,7,
Lars2,40,8,4,4,7,
Lis,40,8,4,4,7,
Gupta,40,8,4,4,7,
Lars1,40,8,6,6,7,
Lars2,40,8,6,6,7,
Lis,40,8,6,6,7,
Gupta,40,8,6,6,7,
Lars1,40,8,8,8,7,
Lars2,40,8,8,8,7,
Lis,40,8,8,8,7,
Gupta,40,8,8,8,7,
Lars1,40,9,10,10,7,
Lars2,40,9,10,10,7,
Lis,40,9,10,10,7,
Gupta,40,9,10,10,7,
Lars1,40,9,2,2,7,
Lars2,40,9,2,2,7,80.0
Lis,40,9,2,2,7,
Gupta,40,9,2,2,7,
Lars1,40,9,4,4,7,
Lars2,40,9,4,4,7,
Lis,40,9,4,4,7,
Gupta,40,9,4,4,7,
Lars1,40,9,6,6,7,
Lars2,40,9,6,6,7,
Lis,40,9,6,6,7,
Gupta,40,9,6,6,7,
Lars1,40,9,8,8,7,
Lars2,40,9,8,8,7,
Lis,40,9,8,8,7,
Gupta,40,9,8,8,7,
Lars1,4,1000,10,10,7,
Lars2,4,1000,10,10,7,
Lis,4,1000,10,10,7,
Gupta,4,1000,10,10,7,
Lars1,4,1000,2,2,7,
Lars2,4,1000,2,2,7,903.0
Lis,4,1000,2,2,7,
Gupta,4,1000,2,2,7,
Lars1,4,1000,4,4,7,
Lars2,4,1000,4,4,7,
Lis,4,1000,4,4,7,
Gupta,4,1000,4,4,7,
Lars1,4,1000,6,6,7,
Lars2,4,1000,6,6,7,
Lis,4,1000,6,6,7,
Gupta,4,1000,6,6,7,
Lars1,4,1000,8,8,7,
Lars2,4,1000,8,8,7,
Lis,4,1000,8,8,7,
Gupta,4,1000,8,8,7,
Lars1,4,100,10,10,7,
Lars2,4,100,10,10,7,
Lis,4,100,10,10,7,
Gupta,4,100,10,10,7,
Lars1,4,100,2,2,7,
Lars2,4,100,2,2,7,77.0
Lis,4,100,2,2,7,
Gupta,4,100,2,2,7,
Lars1,4,100,4,4,7,
Lars2,4,100,4,4,7,
Lis,4,100,4,4,7,
Gupta,4,100,4,4,7,
Lars1,4,100,6,6,7,
Lars2,4,100,6,6,7,
Lis,4,100,6,6,7,
Gupta,4,100,6,6,7,
Lars1,4,100,8,8,7,
Lars2,4,100,8,8,7,
Lis,4,100,8,8,7,
Gupta,4,100,8,8,7,
Lars1,4,10,10,10,7,
Lars2,4,10,10,10,7,
Lis,4,10,10,10,7,
Gupta,4,10,10,10,7,
Lars1,4,10,2,2,7,
Lars2,4,10,2,2,7,74.0
Lis,4,10,2,2,7,
Gupta,4,10,2,2,7,104.0
Lars1,4,10,4,4,7,
Lars2,4,10,4,4,7,
Lis,4,10,4,4,7,
Gupta,4,10,4,4,7,
Lars1,4,10,6,6,7,
Lars2,4,10,6,6,7,
Lis,4,10,6,6,7,
Gupta,4,10,6,6,7,
Lars1,4,10,8,8,7,
Lars2,4,10,8,8,7,
Lis,4,10,8,8,7,
Gupta,4,10,8,8,7,
Lars1,4,1,10,10,7,
Lars2,4,1,10,10,7,
Lis,4,1,10,10,7,
Gupta,4,1,10,10,7,
Lars1,4,1,2,2,7,
Lars2,4,1,2,2,7,76.0
Lis,4,1,2,2,7,
Gupta,4,1,2,2,7,
Lars1,4,1,4,4,7,
Lars2,4,1,4,4,7,
Lis,4,1,4,4,7,
Gupta,4,1,4,4,7,
Lars1,4,1,6,6,7,
Lars2,4,1,6,6,7,
Lis,4,1,6,6,7,
Gupta,4,1,6,6,7,
Lars1,4,1,8,8,7,
Lars2,4,1,8,8,7,
Lis,4,1,8,8,7,
Gupta,4,1,8,8,7,
Lars1,4,20,10,10,7,
Lars2,4,20,10,10,7,
Lis,4,20,10,10,7,
Gupta,4,20,10,10,7,
Lars1,4,20,2,2,7,
Lars2,4,20,2,2,7,70.0
Lis,4,20,2,2,7,
Gupta,4,20,2,2,7,
Lars1,4,20,4,4,7,
Lars2,4,20,4,4,7,
Lis,4,20,4,4,7,
Gupta,4,20,4,4,7,
Lars1,4,20,6,6,7,
Lars2,4,20,6,6,7,
Lis,4,20,6,6,7,
Gupta,4,20,6,6,7,
Lars1,4,20,8,8,7,
Lars2,4,20,8,8,7,
Lis,4,20,8,8,7,
Gupta,4,20,8,8,7,
Lars1,4,2,10,10,7,
Lars2,4,2,10,10,7,
Lis,4,2,10,10,7,
Gupta,4,2,10,10,7,
Lars1,4,2,2,2,7,
Lars2,4,2,2,2,7,70.0
Lis,4,2,2,2,7,
Gupta,4,2,2,2,7,
Lars1,4,2,4,4,7,
Lars2,4,2,4,4,7,
Lis,4,2,4,4,7,
Gupta,4,2,4,4,7,
Lars1,4,2,6,6,7,
Lars2,4,2,6,6,7,
Lis,4,2,6,6,7,
Gupta,4,2,6,6,7,
Lars1,4,2,8,8,7,
Lars2,4,2,8,8,7,
Lis,4,2,8,8,7,
Gupta,4,2,8,8,7,
Lars1,4,3,10,10,7,
Lars2,4,3,10,10,7,
Lis,4,3,10,10,7,
Gupta,4,3,10,10,7,
Lars1,4,3,2,2,7,
Lars2,4,3,2,2,7,85.0
Lis,4,3,2,2,7,
Gupta,4,3,2,2,7,
Lars1,4,3,4,4,7,
Lars2,4,3,4,4,7,
Lis,4,3,4,4,7,
Gupta,4,3,4,4,7,
Lars1,4,3,6,6,7,
Lars2,4,3,6,6,7,
Lis,4,3,6,6,7,
Gupta,4,3,6,6,7,
Lars1,4,3,8,8,7,
Lars2,4,3,8,8,7,
Lis,4,3,8,8,7,
Gupta,4,3,8,8,7,
Lars1,4,40,10,10,7,
Lars2,4,40,10,10,7,
Lis,4,40,10,10,7,
Gupta,4,40,10,10,7,
Lars1,4,40,2,2,7,
Lars2,4,40,2,2,7,83.0
Lis,4,40,2,2,7,
Gupta,4,40,2,2,7,
Lars1,4,40,4,4,7,
Lars2,4,40,4,4,7,
Lis,4,40,4,4,7,
Gupta,4,40,4,4,7,
Lars1,4,40,6,6,7,
Lars2,4,40,6,6,7,
Lis,4,40,6,6,7,
Gupta,4,40,6,6,7,
Lars1,4,40,8,8,7,
Lars2,4,40,8,8,7,
Lis,4,40,8,8,7,
Gupta,4,40,8,8,7,
Lars1,4,4,10,10,7,
Lars2,4,4,10,10,7,
Lis,4,4,10,10,7,
Gupta,4,4,10,10,7,
Lars1,4,4,2,2,7,
Lars2,4,4,2,2,7,73.0
Lis,4,4,2,2,7,
Gupta,4,4,2,2,7,
Lars1,4,4,4,4,7,
Lars2,4,4,4,4,7,
Lis,4,4,4,4,7,
Gupta,4,4,4,4,7,
Lars1,4,4,6,6,7,
Lars2,4,4,6,6,7,
Lis,4,4,6,6,7,
Gupta,4,4,6,6,7,
Lars1,4,4,8,8,7,
Lars2,4,4,8,8,7,
Lis,4,4,8,8,7,
Gupta,4,4,8,8,7,
Lars1,4,500,10,10,7,
Lars2,4,500,10,10,7,
Lis,4,500,10,10,7,
Gupta,4,500,10,10,7,
Lars1,4,500,2,2,7,
Lars2,4,500,2,2,7,201.0
Lis,4,500,2,2,7,
Gupta,4,500,2,2,7,
Lars1,4,500,4,4,7,
Lars2,4,500,4,4,7,
Lis,4,500,4,4,7,
Gupta,4,500,4,4,7,
Lars1,4,500,6,6,7,
Lars2,4,500,6,6,7,
Lis,4,500,6,6,7,
Gupta,4,500,6,6,7,
Lars1,4,500,8,8,7,
Lars2,4,500,8,8,7,
Lis,4,500,8,8,7,
Gupta,4,500,8,8,7,
Lars1,4,5,10,10,7,
Lars2,4,5,10,10,7,
Lis,4,5,10,10,7,
Gupta,4,5,10,10,7,
Lars1,4,5,2,2,7,
Lars2,4,5,2,2,7,67.0
Lis,4,5,2,2,7,
Gupta,4,5,2,2,7,
Lars1,4,5,4,4,7,
Lars2,4,5,4,4,7,
Lis,4,5,4,4,7,
Gupta,4,5,4,4,7,
Lars1,4,5,6,6,7,
Lars2,4,5,6,6,7,
Lis,4,5,6,6,7,
Gupta,4,5,6,6,7,
Lars1,4,5,8,8,7,
Lars2,4,5,8,8,7,
Lis,4,5,8,8,7,
Gupta,4,5,8,8,7,
Lars1,4,60,10,10,7,
Lars2,4,60,10,10,7,
Lis,4,60,10,10,7,
Gupta,4,60,10,10,7,
Lars1,4,60,2,2,7,
Lars2,4,60,2,2,7,84.0
Lis,4,60,2,2,7,
Gupta,4,60,2,2,7,
Lars1,4,60,4,4,7,
Lars2,4,60,4,4,7,
Lis,4,60,4,4,7,
Gupta,4,60,4,4,7,
Lars1,4,60,6,6,7,
Lars2,4,60,6,6,7,
Lis,4,60,6,6,7,
Gupta,4,60,6,6,7,
Lars1,4,60,8,8,7,
Lars2,4,60,8,8,7,
Lis,4,60,8,8,7,
Gupta,4,60,8,8,7,
Lars1,4,6,10,10,7,
Lars2,4,6,10,10,7,
Lis,4,6,10,10,7,
Gupta,4,6,10,10,7,
Lars1,4,6,2,2,7,
Lars2,4,6,2,2,7,71.0
Lis,4,6,2,2,7,
Gupta,4,6,2,2,7,
Lars1,4,6,4,4,7,
Lars2,4,6,4,4,7,
Lis,4,6,4,4,7,
Gupta,4,6,4,4,7,
Lars1,4,6,6,6,7,
Lars2,4,6,6,6,7,
Lis,4,6,6,6,7,
Gupta,4,6,6,6,7,
Lars1,4,6,8,8,7,
Lars2,4,6,8,8,7,
Lis,4,6,8,8,7,
Gupta,4,6,8,8,7,
Lars1,4,7,10,10,7,
Lars2,4,7,10,10,7,
Lis,4,7,10,10,7,
Gupta,4,7,10,10,7,
Lars1,4,7,2,2,7,
Lars2,4,7,2,2,7,68.0
Lis,4,7,2,2,7,
Gupta,4,7,2,2,7,
Lars1,4,7,4,4,7,
Lars2,4,7,4,4,7,
Lis,4,7,4,4,7,
Gupta,4,7,4,4,7,
Lars1,4,7,6,6,7,
Lars2,4,7,6,6,7,
Lis,4,7,6,6,7,
Gupta,4,7,6,6,7,
Lars1,4,7,8,8,7,
Lars2,4,7,8,8,7,
Lis,4,7,8,8,7,
Gupta,4,7,8,8,7,
Lars1,4,80,10,10,7,
Lars2,4,80,10,10,7,
Lis,4,80,10,10,7,
Gupta,4,80,10,10,7,
Lars1,4,80,2,2,7,
Lars2,4,80,2,2,7,85.0
Lis,4,80,2,2,7,
Gupta,4,80,2,2,7,
Lars1,4,80,4,4,7,
Lars2,4,80,4,4,7,
Lis,4,80,4,4,7,
Gupta,4,80,4,4,7,
Lars1,4,80,6,6,7,
Lars2,4,80,6,6,7,
Lis,4,80,6,6,7,
Gupta,4,80,6,6,7,
Lars1,4,80,8,8,7,
Lars2,4,80,8,8,7,
Lis,4,80,8,8,7,
Gupta,4,80,8,8,7,
Lars1,4,8,10,10,7,
Lars2,4,8,10,10,7,
Lis,4,8,10,10,7,
Gupta,4,8,10,10,7,
Lars1,4,8,2,2,7,
Lars2,4,8,2,2,7,62.0
Lis,4,8,2,2,7,
Gupta,4,8,2,2,7,
Lars1,4,8,4,4,7,
Lars2,4,8,4,4,7,
Lis,4,8,4,4,7,
Gupta,4,8,4,4,7,
Lars1,4,8,6,6,7,
Lars2,4,8,6,6,7,
Lis,4,8,6,6,7,
Gupta,4,8,6,6,7,
Lars1,4,8,8,8,7,
Lars2,4,8,8,8,7,
Lis,4,8,8,8,7,
Gupta,4,8,8,8,7,
Lars1,4,9,10,10,7,
Lars2,4,9,10,10,7,
Lis,4,9,10,10,7,
Gupta,4,9,10,10,7,
Lars1,4,9,2,2,7,
Lars2,4,9,2,2,7,73.0
Lis,4,9,2,2,7,
Gupta,4,9,2,2,7,
Lars1,4,9,4,4,7,
Lars2,4,9,4,4,7,
Lis,4,9,4,4,7,
Gupta,4,9,4,4,7,
Lars1,4,9,6,6,7,
Lars2,4,9,6,6,7,
Lis,4,9,6,6,7,
Gupta,4,9,6,6,7,
Lars1,4,9,8,8,7,
Lars2,4,9,8,8,7,
Lis,4,9,8,8,7,
Gupta,4,9,8,8,7,
Lars1,500,1000,10,10,7,
Lars2,500,1000,10,10,7,
Lis,500,1000,10,10,7,
Gupta,500,1000,10,10,7,
Lars1,500,1000,2,2,7,
Lars2,500,1000,2,2,7,81.0
Lis,500,1000,2,2,7,
Gupta,500,1000,2,2,7,
Lars1,500,1000,4,4,7,
Lars2,500,1000,4,4,7,
Lis,500,1000,4,4,7,
Gupta,500,1000,4,4,7,
Lars1,500,1000,6,6,7,
Lars2,500,1000,6,6,7,
Lis,500,1000,6,6,7,
Gupta,500,1000,6,6,7,
Lars1,500,1000,8,8,7,
Lars2,500,1000,8,8,7,
Lis,500,1000,8,8,7,
Gupta,500,1000,8,8,7,
Lars1,500,100,10,10,7,
Lars2,500,100,10,10,7,
Lis,500,100,10,10,7,
Gupta,500,100,10,10,7,
Lars1,500,100,2,2,7,
Lars2,500,100,2,2,7,88.0
Lis,500,100,2,2,7,
Gupta,500,100,2,2,7,
Lars1,500,100,4,4,7,
Lars2,500,100,4,4,7,
Lis,500,100,4,4,7,
Gupta,500,100,4,4,7,
Lars1,500,100,6,6,7,
Lars2,500,100,6,6,7,
Lis,500,100,6,6,7,
Gupta,500,100,6,6,7,
Lars1,500,100,8,8,7,
Lars2,500,100,8,8,7,
Lis,500,100,8,8,7,
Gupta,500,100,8,8,7,
Lars1,500,10,10,10,7,
Lars2,500,10,10,10,7,
Lis,500,10,10,10,7,
Gupta,500,10,10,10,7,
Lars1,500,10,2,2,7,
Lars2,500,10,2,2,7,67.0
Lis,500,10,2,2,7,
Gupta,500,10,2,2,7,
Lars1,500,10,4,4,7,
Lars2,500,10,4,4,7,
Lis,500,10,4,4,7,
Gupta,500,10,4,4,7,
Lars1,500,10,6,6,7,
Lars2,500,10,6,6,7,
Lis,500,10,6,6,7,
Gupta,500,10,6,6,7,
Lars1,500,10,8,8,7,
Lars2,500,10,8,8,7,
Lis,500,10,8,8,7,
Gupta,500,10,8,8,7,
Lars1,500,1,10,10,7,
Lars2,500,1,10,10,7,
Lis,500,1,10,10,7,
Gupta,500,1,10,10,7,
Lars1,500,1,2,2,7,
Lars2,500,1,2,2,7,67.0
Lis,500,1,2,2,7,
Gupta,500,1,2,2,7,
Lars1,500,1,4,4,7,
Lars2,500,1,4,4,7,
Lis,500,1,4,4,7,
Gupta,500,1,4,4,7,
Lars1,500,1,6,6,7,
Lars2,500,1,6,6,7,
Lis,500,1,6,6,7,
Gupta,500,1,6,6,7,
Lars1,500,1,8,8,7,
Lars2,500,1,8,8,7,
Lis,500,1,8,8,7,
Gupta,500,1,8,8,7,
Lars1,500,20,10,10,7,
Lars2,500,20,10,10,7,
Lis,500,20,10,10,7,
Gupta,500,20,10,10,7,
Lars1,500,20,2,2,7,
Lars2,500,20,2,2,7,84.0
Lis,500,20,2,2,7,
Gupta,500,20,2,2,7,
Lars1,500,20,4,4,7,
Lars2,500,20,4,4,7,
Lis,500,20,4,4,7,
Gupta,500,20,4,4,7,
Lars1,500,20,6,6,7,
Lars2,500,20,6,6,7,
Lis,500,20,6,6,7,
Gupta,500,20,6,6,7,
Lars1,500,20,8,8,7,
Lars2,500,20,8,8,7,
Lis,500,20,8,8,7,
Gupta,500,20,8,8,7,
Lars1,500,2,10,10,7,
Lars2,500,2,10,10,7,
Lis,500,2,10,10,7,
Gupta,500,2,10,10,7,
Lars1,500,2,2,2,7,
Lars2,500,2,2,2,7,79.0
Lis,500,2,2,2,7,
Gupta,500,2,2,2,7,
Lars1,500,2,4,4,7,
Lars2,500,2,4,4,7,
Lis,500,2,4,4,7,
Gupta,500,2,4,4,7,
Lars1,500,2,6,6,7,
Lars2,500,2,6,6,7,
Lis,500,2,6,6,7,
Gupta,500,2,6,6,7,
Lars1,500,2,8,8,7,
Lars2,500,2,8,8,7,
Lis,500,2,8,8,7,
Gupta,500,2,8,8,7,
Lars1,500,3,10,10,7,
Lars2,500,3,10,10,7,
Lis,500,3,10,10,7,
Gupta,500,3,10,10,7,
Lars1,500,3,2,2,7,
Lars2,500,3,2,2,7,83.0
Lis,500,3,2,2,7,
Gupta,500,3,2,2,7,
Lars1,500,3,4,4,7,
Lars2,500,3,4,4,7,
Lis,500,3,4,4,7,
Gupta,500,3,4,4,7,
Lars1,500,3,6,6,7,
Lars2,500,3,6,6,7,
Lis,500,3,6,6,7,
Gupta,500,3,6,6,7,
Lars1,500,3,8,8,7,
Lars2,500,3,8,8,7,
Lis,500,3,8,8,7,
Gupta,500,3,8,8,7,
Lars1,500,40,10,10,7,
Lars2,500,40,10,10,7,
Lis,500,40,10,10,7,
Gupta,500,40,10,10,7,
Lars1,500,40,2,2,7,
Lars2,500,40,2,2,7,87.0
Lis,500,40,2,2,7,
Gupta,500,40,2,2,7,
Lars1,500,40,4,4,7,
Lars2,500,40,4,4,7,
Lis,500,40,4,4,7,
Gupta,500,40,4,4,7,
Lars1,500,40,6,6,7,
Lars2,500,40,6,6,7,
Lis,500,40,6,6,7,
Gupta,500,40,6,6,7,
Lars1,500,40,8,8,7,
Lars2,500,40,8,8,7,
Lis,500,40,8,8,7,
Gupta,500,40,8,8,7,
Lars1,500,4,10,10,7,
Lars2,500,4,10,10,7,
Lis,500,4,10,10,7,
Gupta,500,4,10,10,7,
Lars1,500,4,2,2,7,
Lars2,500,4,2,2,7,65.0
Lis,500,4,2,2,7,
Gupta,500,4,2,2,7,
Lars1,500,4,4,4,7,
Lars2,500,4,4,4,7,
Lis,500,4,4,4,7,
Gupta,500,4,4,4,7,
Lars1,500,4,6,6,7,
Lars2,500,4,6,6,7,
Lis,500,4,6,6,7,
Gupta,500,4,6,6,7,
Lars1,500,4,8,8,7,
Lars2,500,4,8,8,7,
Lis,500,4,8,8,7,
Gupta,500,4,8,8,7,
Lars1,500,500,10,10,7,
Lars2,500,500,10,10,7,
Lis,500,500,10,10,7,
Gupta,500,500,10,10,7,
Lars1,500,500,2,2,7,
Lars2,500,500,2,2,7,83.0
Lis,500,500,2,2,7,
Gupta,500,500,2,2,7,
Lars1,500,500,4,4,7,
Lars2,500,500,4,4,7,
Lis,500,500,4,4,7,
Gupta,500,500,4,4,7,
Lars1,500,500,6,6,7,
Lars2,500,500,6,6,7,
Lis,500,500,6,6,7,
Gupta,500,500,6,6,7,
Lars1,500,500,8,8,7,
Lars2,500,500,8,8,7,
Lis,500,500,8,8,7,
Gupta,500,500,8,8,7,
Lars1,500,5,10,10,7,
Lars2,500,5,10,10,7,
Lis,500,5,10,10,7,
Gupta,500,5,10,10,7,
Lars1,500,5,2,2,7,
Lars2,500,5,2,2,7,70.0
Lis,500,5,2,2,7,
Gupta,500,5,2,2,7,
Lars1,500,5,4,4,7,
Lars2,500,5,4,4,7,
Lis,500,5,4,4,7,
Gupta,500,5,4,4,7,
Lars1,500,5,6,6,7,
Lars2,500,5,6,6,7,
Lis,500,5,6,6,7,
Gupta,500,5,6,6,7,
Lars1,500,5,8,8,7,
Lars2,500,5,8,8,7,
Lis,500,5,8,8,7,
Gupta,500,5,8,8,7,
Lars1,500,60,10,10,7,
Lars2,500,60,10,10,7,
Lis,500,60,10,10,7,
Gupta,500,60,10,10,7,
Lars1,500,60,2,2,7,
Lars2,500,60,2,2,7,79.0
Lis,500,60,2,2,7,
Gupta,500,60,2,2,7,
Lars1,500,60,4,4,7,
Lars2,500,60,4,4,7,
Lis,500,60,4,4,7,
Gupta,500,60,4,4,7,
Lars1,500,60,6,6,7,
Lars2,500,60,6,6,7,
Lis,500,60,6,6,7,
Gupta,500,60,6,6,7,
Lars1,500,60,8,8,7,
Lars2,500,60,8,8,7,
Lis,500,60,8,8,7,
Gupta,500,60,8,8,7,
Lars1,500,6,10,10,7,
Lars2,500,6,10,10,7,
Lis,500,6,10,10,7,
Gupta,500,6,10,10,7,
Lars1,500,6,2,2,7,
Lars2,500,6,2,2,7,70.0
Lis,500,6,2,2,7,
Gupta,500,6,2,2,7,
Lars1,500,6,4,4,7,
Lars2,500,6,4,4,7,
Lis,500,6,4,4,7,
Gupta,500,6,4,4,7,
Lars1,500,6,6,6,7,
Lars2,500,6,6,6,7,
Lis,500,6,6,6,7,
Gupta,500,6,6,6,7,
Lars1,500,6,8,8,7,
Lars2,500,6,8,8,7,
Lis,500,6,8,8,7,
Gupta,500,6,8,8,7,
Lars1,500,7,10,10,7,
Lars2,500,7,10,10,7,
Lis,500,7,10,10,7,
Gupta,500,7,10,10,7,
Lars1,500,7,2,2,7,
Lars2,500,7,2,2,7,85.0
Lis,500,7,2,2,7,
Gupta,500,7,2,2,7,
Lars1,500,7,4,4,7,
Lars2,500,7,4,4,7,
Lis,500,7,4,4,7,
Gupta,500,7,4,4,7,
Lars1,500,7,6,6,7,
Lars2,500,7,6,6,7,
Lis,500,7,6,6,7,
Gupta,500,7,6,6,7,
Lars1,500,7,8,8,7,
Lars2,500,7,8,8,7,
Lis,500,7,8,8,7,
Gupta,500,7,8,8,7,
Lars1,500,80,10,10,7,
Lars2,500,80,10,10,7,
Lis,500,80,10,10,7,
Gupta,500,80,10,10,7,
Lars1,500,80,2,2,7,
Lars2,500,80,2,2,7,72.0
Lis,500,80,2,2,7,
Gupta,500,80,2,2,7,
Lars1,500,80,4,4,7,
Lars2,500,80,4,4,7,
Lis,500,80,4,4,7,
Gupta,500,80,4,4,7,
Lars1,500,80,6,6,7,
Lars2,500,80,6,6,7,
Lis,500,80,6,6,7,
Gupta,500,80,6,6,7,
Lars1,500,80,8,8,7,
Lars2,500,80,8,8,7,
Lis,500,80,8,8,7,
Gupta,500,80,8,8,7,
Lars1,500,8,10,10,7,
Lars2,500,8,10,10,7,
Lis,500,8,10,10,7,
Gupta,500,8,10,10,7,
Lars1,500,8,2,2,7,
Lars2,500,8,2,2,7,75.0
Lis,500,8,2,2,7,
Gupta,500,8,2,2,7,
Lars1,500,8,4,4,7,
Lars2,500,8,4,4,7,
Lis,500,8,4,4,7,
Gupta,500,8,4,4,7,
Lars1,500,8,6,6,7,
Lars2,500,8,6,6,7,
Lis,500,8,6,6,7,
Gupta,500,8,6,6,7,
Lars1,500,8,8,8,7,
Lars2,500,8,8,8,7,
Lis,500,8,8,8,7,
Gupta,500,8,8,8,7,
Lars1,500,9,10,10,7,
Lars2,500,9,10,10,7,
Lis,500,9,10,10,7,
Gupta,500,9,10,10,7,
Lars1,500,9,2,2,7,
Lars2,500,9,2,2,7,75.0
Lis,500,9,2,2,7,
Gupta,500,9,2,2,7,
Lars1,500,9,4,4,7,
Lars2,500,9,4,4,7,
Lis,500,9,4,4,7,
Gupta,500,9,4,4,7,
Lars1,500,9,6,6,7,
Lars2,500,9,6,6,7,
Lis,500,9,6,6,7,
Gupta,500,9,6,6,7,
Lars1,500,9,8,8,7,
Lars2,500,9,8,8,7,
Lis,500,9,8,8,7,
Gupta,500,9,8,8,7,
Lars1,5,1000,10,10,7,
Lars2,5,1000,10,10,7,
Lis,5,1000,10,10,7,
Gupta,5,1000,10,10,7,
Lars1,5,1000,2,2,7,
Lars2,5,1000,2,2,7,795.0
Lis,5,1000,2,2,7,
Gupta,5,1000,2,2,7,
Lars1,5,1000,4,4,7,
Lars2,5,1000,4,4,7,
Lis,5,1000,4,4,7,
Gupta,5,1000,4,4,7,
Lars1,5,1000,6,6,7,
Lars2,5,1000,6,6,7,
Lis,5,1000,6,6,7,
Gupta,5,1000,6,6,7,
Lars1,5,1000,8,8,7,
Lars2,5,1000,8,8,7,
Lis,5,1000,8,8,7,
Gupta,5,1000,8,8,7,
Lars1,5,100,10,10,7,
Lars2,5,100,10,10,7,
Lis,5,100,10,10,7,
Gupta,5,100,10,10,7,
Lars1,5,100,2,2,7,
Lars2,5,100,2,2,7,79.0
Lis,5,100,2,2,7,
Gupta,5,100,2,2,7,
Lars1,5,100,4,4,7,
Lars2,5,100,4,4,7,
Lis,5,100,4,4,7,
Gupta,5,100,4,4,7,
Lars1,5,100,6,6,7,
Lars2,5,100,6,6,7,
Lis,5,100,6,6,7,
Gupta,5,100,6,6,7,
Lars1,5,100,8,8,7,
Lars2,5,100,8,8,7,
Lis,5,100,8,8,7,
Gupta,5,100,8,8,7,
Lars1,5,10,10,10,7,
Lars2,5,10,10,10,7,
Lis,5,10,10,10,7,
Gupta,5,10,10,10,7,
Lars1,5,10,2,2,7,
Lars2,5,10,2,2,7,68.0
Lis,5,10,2,2,7,
Gupta,5,10,2,2,7,
Lars1,5,10,4,4,7,
Lars2,5,10,4,4,7,
Lis,5,10,4,4,7,
Gupta,5,10,4,4,7,
Lars1,5,10,6,6,7,
Lars2,5,10,6,6,7,
Lis,5,10,6,6,7,
Gupta,5,10,6,6,7,
Lars1,5,10,8,8,7,
Lars2,5,10,8,8,7,
Lis,5,10,8,8,7,
Gupta,5,10,8,8,7,
Lars1,5,1,10,10,7,
Lars2,5,1,10,10,7,
Lis,5,1,10,10,7,
Gupta,5,1,10,10,7,
Lars1,5,1,2,2,7,
Lars2,5,1,2,2,7,80.0
Lis,5,1,2,2,7,
Gupta,5,1,2,2,7,
Lars1,5,1,4,4,7,
Lars2,5,1,4,4,7,
Lis,5,1,4,4,7,
Gupta,5,1,4,4,7,
Lars1,5,1,6,6,7,
Lars2,5,1,6,6,7,
Lis,5,1,6,6,7,
Gupta,5,1,6,6,7,
Lars1,5,1,8,8,7,
Lars2,5,1,8,8,7,
Lis,5,1,8,8,7,
Gupta,5,1,8,8,7,
Lars1,5,20,10,10,7,
Lars2,5,20,10,10,7,
Lis,5,20,10,10,7,
Gupta,5,20,10,10,7,
Lars1,5,20,2,2,7,
Lars2,5,20,2,2,7,68.0
Lis,5,20,2,2,7,
Gupta,5,20,2,2,7,
Lars1,5,20,4,4,7,
Lars2,5,20,4,4,7,
Lis,5,20,4,4,7,
Gupta,5,20,4,4,7,
Lars1,5,20,6,6,7,
Lars2,5,20,6,6,7,
Lis,5,20,6,6,7,
Gupta,5,20,6,6,7,
Lars1,5,20,8,8,7,
Lars2,5,20,8,8,7,
Lis,5,20,8,8,7,
Gupta,5,20,8,8,7,
Lars1,5,2,10,10,7,
Lars2,5,2,10,10,7,
Lis,5,2,10,10,7,
Gupta,5,2,10,10,7,
Lars1,5,2,2,2,7,
Lars2,5,2,2,2,7,69.0
Lis,5,2,2,2,7,
Gupta,5,2,2,2,7,
Lars1,5,2,4,4,7,
Lars2,5,2,4,4,7,
Lis,5,2,4,4,7,
Gupta,5,2,4,4,7,
Lars1,5,2,6,6,7,
Lars2,5,2,6,6,7,
Lis,5,2,6,6,7,
Gupta,5,2,6,6,7,
Lars1,5,2,8,8,7,
Lars2,5,2,8,8,7,
Lis,5,2,8,8,7,
Gupta,5,2,8,8,7,
Lars1,5,3,10,10,7,
Lars2,5,3,10,10,7,
Lis,5,3,10,10,7,
Gupta,5,3,10,10,7,
Lars1,5,3,2,2,7,
Lars2,5,3,2,2,7,86.0
Lis,5,3,2,2,7,
Gupta,5,3,2,2,7,
Lars1,5,3,4,4,7,
Lars2,5,3,4,4,7,
Lis,5,3,4,4,7,
Gupta,5,3,4,4,7,
Lars1,5,3,6,6,7,
Lars2,5,3,6,6,7,
Lis,5,3,6,6,7,
Gupta,5,3,6,6,7,
Lars1,5,3,8,8,7,
Lars2,5,3,8,8,7,
Lis,5,3,8,8,7,
Gupta,5,3,8,8,7,
Lars1,5,40,10,10,7,
Lars2,5,40,10,10,7,
Lis,5,40,10,10,7,
Gupta,5,40,10,10,7,
Lars1,5,40,2,2,7,
Lars2,5,40,2,2,7,74.0
Lis,5,40,2,2,7,
Gupta,5,40,2,2,7,
Lars1,5,40,4,4,7,
Lars2,5,40,4,4,7,
Lis,5,40,4,4,7,
Gupta,5,40,4,4,7,
Lars1,5,40,6,6,7,
Lars2,5,40,6,6,7,
Lis,5,40,6,6,7,
Gupta,5,40,6,6,7,
Lars1,5,40,8,8,7,
Lars2,5,40,8,8,7,
Lis,5,40,8,8,7,
Gupta,5,40,8,8,7,
Lars1,5,4,10,10,7,
Lars2,5,4,10,10,7,
Lis,5,4,10,10,7,
Gupta,5,4,10,10,7,
Lars1,5,4,2,2,7,
Lars2,5,4,2,2,7,81.0
Lis,5,4,2,2,7,
Gupta,5,4,2,2,7,
Lars1,5,4,4,4,7,
Lars2,5,4,4,4,7,
Lis,5,4,4,4,7,
Gupta,5,4,4,4,7,
Lars1,5,4,6,6,7,
Lars2,5,4,6,6,7,
Lis,5,4,6,6,7,
Gupta,5,4,6,6,7,
Lars1,5,4,8,8,7,
Lars2,5,4,8,8,7,
Lis,5,4,8,8,7,
Gupta,5,4,8,8,7,
Lars1,5,500,10,10,7,
Lars2,5,500,10,10,7,
Lis,5,500,10,10,7,
Gupta,5,500,10,10,7,
Lars1,5,500,2,2,7,
Lars2,5,500,2,2,7,374.0
Lis,5,500,2,2,7,
Gupta,5,500,2,2,7,
Lars1,5,500,4,4,7,
Lars2,5,500,4,4,7,
Lis,5,500,4,4,7,
Gupta,5,500,4,4,7,
Lars1,5,500,6,6,7,
Lars2,5,500,6,6,7,
Lis,5,500,6,6,7,
Gupta,5,500,6,6,7,
Lars1,5,500,8,8,7,
Lars2,5,500,8,8,7,
Lis,5,500,8,8,7,
Gupta,5,500,8,8,7,
Lars1,5,5,10,10,7,
Lars2,5,5,10,10,7,
Lis,5,5,10,10,7,
Gupta,5,5,10,10,7,
Lars1,5,5,2,2,7,
Lars2,5,5,2,2,7,78.0
Lis,5,5,2,2,7,
Gupta,5,5,2,2,7,
Lars1,5,5,4,4,7,
Lars2,5,5,4,4,7,
Lis,5,5,4,4,7,
Gupta,5,5,4,4,7,
Lars1,5,5,6,6,7,
Lars2,5,5,6,6,7,
Lis,5,5,6,6,7,
Gupta,5,5,6,6,7,
Lars1,5,5,8,8,7,
Lars2,5,5,8,8,7,
Lis,5,5,8,8,7,
Gupta,5,5,8,8,7,
Lars1,5,60,10,10,7,
Lars2,5,60,10,10,7,
Lis,5,60,10,10,7,
Gupta,5,60,10,10,7,
Lars1,5,60,2,2,7,
Lars2,5,60,2,2,7,89.0
Lis,5,60,2,2,7,
Gupta,5,60,2,2,7,
Lars1,5,60,4,4,7,
Lars2,5,60,4,4,7,
Lis,5,60,4,4,7,
Gupta,5,60,4,4,7,
Lars1,5,60,6,6,7,
Lars2,5,60,6,6,7,
Lis,5,60,6,6,7,
Gupta,5,60,6,6,7,
Lars1,5,60,8,8,7,
Lars2,5,60,8,8,7,
Lis,5,60,8,8,7,
Gupta,5,60,8,8,7,
Lars1,5,6,10,10,7,
Lars2,5,6,10,10,7,
Lis,5,6,10,10,7,
Gupta,5,6,10,10,7,
Lars1,5,6,2,2,7,
Lars2,5,6,2,2,7,69.0
Lis,5,6,2,2,7,
Gupta,5,6,2,2,7,
Lars1,5,6,4,4,7,
Lars2,5,6,4,4,7,
Lis,5,6,4,4,7,
Gupta,5,6,4,4,7,
Lars1,5,6,6,6,7,
Lars2,5,6,6,6,7,
Lis,5,6,6,6,7,
Gupta,5,6,6,6,7,
Lars1,5,6,8,8,7,
Lars2,5,6,8,8,7,
Lis,5,6,8,8,7,
Gupta,5,6,8,8,7,
Lars1,5,7,10,10,7,
Lars2,5,7,10,10,7,
Lis,5,7,10,10,7,
Gupta,5,7,10,10,7,
Lars1,5,7,2,2,7,
Lars2,5,7,2,2,7,82.0
Lis,5,7,2,2,7,
Gupta,5,7,2,2,7,
Lars1,5,7,4,4,7,
Lars2,5,7,4,4,7,
Lis,5,7,4,4,7,
Gupta,5,7,4,4,7,
Lars1,5,7,6,6,7,
Lars2,5,7,6,6,7,
Lis,5,7,6,6,7,
Gupta,5,7,6,6,7,
Lars1,5,7,8,8,7,
Lars2,5,7,8,8,7,
Lis,5,7,8,8,7,
Gupta,5,7,8,8,7,
Lars1,5,80,10,10,7,
Lars2,5,80,10,10,7,
Lis,5,80,10,10,7,
Gupta,5,80,10,10,7,
Lars1,5,80,2,2,7,
Lars2,5,80,2,2,7,80.0
Lis,5,80,2,2,7,
Gupta,5,80,2,2,7,
Lars1,5,80,4,4,7,
Lars2,5,80,4,4,7,
Lis,5,80,4,4,7,
Gupta,5,80,4,4,7,
Lars1,5,80,6,6,7,
Lars2,5,80,6,6,7,
Lis,5,80,6,6,7,
Gupta,5,80,6,6,7,
Lars1,5,80,8,8,7,
Lars2,5,80,8,8,7,
Lis,5,80,8,8,7,
Gupta,5,80,8,8,7,
Lars1,5,8,10,10,7,
Lars2,5,8,10,10,7,
Lis,5,8,10,10,7,
Gupta,5,8,10,10,7,
Lars1,5,8,2,2,7,
Lars2,5,8,2,2,7,69.0
Lis,5,8,2,2,7,
Gupta,5,8,2,2,7,
Lars1,5,8,4,4,7,
Lars2,5,8,4,4,7,
Lis,5,8,4,4,7,
Gupta,5,8,4,4,7,
Lars1,5,8,6,6,7,
Lars2,5,8,6,6,7,
Lis,5,8,6,6,7,
Gupta,5,8,6,6,7,
Lars1,5,8,8,8,7,
Lars2,5,8,8,8,7,
Lis,5,8,8,8,7,
Gupta,5,8,8,8,7,
Lars1,5,9,10,10,7,
Lars2,5,9,10,10,7,
Lis,5,9,10,10,7,
Gupta,5,9,10,10,7,
Lars1,5,9,2,2,7,
Lars2,5,9,2,2,7,57.0
Lis,5,9,2,2,7,
Gupta,5,9,2,2,7,
Lars1,5,9,4,4,7,
Lars2,5,9,4,4,7,
Lis,5,9,4,4,7,
Gupta,5,9,4,4,7,
Lars1,5,9,6,6,7,
Lars2,5,9,6,6,7,
Lis,5,9,6,6,7,
Gupta,5,9,6,6,7,
Lars1,5,9,8,8,7,
Lars2,5,9,8,8,7,
Lis,5,9,8,8,7,
Gupta,5,9,8,8,7,
Lars1,60,1000,10,10,7,
Lars2,60,1000,10,10,7,
Lis,60,1000,10,10,7,
Gupta,60,1000,10,10,7,
Lars1,60,1000,2,2,7,
Lars2,60,1000,2,2,7,76.0
Lis,60,1000,2,2,7,
Gupta,60,1000,2,2,7,
Lars1,60,1000,4,4,7,
Lars2,60,1000,4,4,7,
Lis,60,1000,4,4,7,
Gupta,60,1000,4,4,7,
Lars1,60,1000,6,6,7,
Lars2,60,1000,6,6,7,
Lis,60,1000,6,6,7,
Gupta,60,1000,6,6,7,
Lars1,60,1000,8,8,7,
Lars2,60,1000,8,8,7,
Lis,60,1000,8,8,7,
Gupta,60,1000,8,8,7,
Lars1,60,100,10,10,7,
Lars2,60,100,10,10,7,
Lis,60,100,10,10,7,
Gupta,60,100,10,10,7,
Lars1,60,100,2,2,7,
Lars2,60,100,2,2,7,69.0
Lis,60,100,2,2,7,
Gupta,60,100,2,2,7,
Lars1,60,100,4,4,7,
Lars2,60,100,4,4,7,
Lis,60,100,4,4,7,
Gupta,60,100,4,4,7,
Lars1,60,100,6,6,7,
Lars2,60,100,6,6,7,
Lis,60,100,6,6,7,
Gupta,60,100,6,6,7,
Lars1,60,100,8,8,7,
Lars2,60,100,8,8,7,
Lis,60,100,8,8,7,
Gupta,60,100,8,8,7,
Lars1,60,10,10,10,7,
Lars2,60,10,10,10,7,
Lis,60,10,10,10,7,
Gupta,60,10,10,10,7,
Lars1,60,10,2,2,7,
Lars2,60,10,2,2,7,80.0
Lis,60,10,2,2,7,
Gupta,60,10,2,2,7,
Lars1,60,10,4,4,7,
Lars2,60,10,4,4,7,
Lis,60,10,4,4,7,
Gupta,60,10,4,4,7,
Lars1,60,10,6,6,7,
Lars2,60,10,6,6,7,
Lis,60,10,6,6,7,
Gupta,60,10,6,6,7,
Lars1,60,10,8,8,7,
Lars2,60,10,8,8,7,
Lis,60,10,8,8,7,
Gupta,60,10,8,8,7,
Lars1,60,1,10,10,7,
Lars2,60,1,10,10,7,
Lis,60,1,10,10,7,
Gupta,60,1,10,10,7,
Lars1,60,1,2,2,7,
Lars2,60,1,2,2,7,67.0
Lis,60,1,2,2,7,
Gupta,60,1,2,2,7,
Lars1,60,1,4,4,7,
Lars2,60,1,4,4,7,
Lis,60,1,4,4,7,
Gupta,60,1,4,4,7,
Lars1,60,1,6,6,7,
Lars2,60,1,6,6,7,
Lis,60,1,6,6,7,
Gupta,60,1,6,6,7,
Lars1,60,1,8,8,7,
Lars2,60,1,8,8,7,
Lis,60,1,8,8,7,
Gupta,60,1,8,8,7,
Lars1,60,20,10,10,7,
Lars2,60,20,10,10,7,
Lis,60,20,10,10,7,
Gupta,60,20,10,10,7,
Lars1,60,20,2,2,7,
Lars2,60,20,2,2,7,71.0
Lis,60,20,2,2,7,
Gupta,60,20,2,2,7,
Lars1,60,20,4,4,7,
Lars2,60,20,4,4,7,
Lis,60,20,4,4,7,
Gupta,60,20,4,4,7,
Lars1,60,20,6,6,7,
Lars2,60,20,6,6,7,
Lis,60,20,6,6,7,
Gupta,60,20,6,6,7,
Lars1,60,20,8,8,7,
Lars2,60,20,8,8,7,
Lis,60,20,8,8,7,
Gupta,60,20,8,8,7,
Lars1,60,2,10,10,7,
Lars2,60,2,10,10,7,
Lis,60,2,10,10,7,
Gupta,60,2,10,10,7,
Lars1,60,2,2,2,7,
Lars2,60,2,2,2,7,71.0
Lis,60,2,2,2,7,
Gupta,60,2,2,2,7,
Lars1,60,2,4,4,7,
Lars2,60,2,4,4,7,
Lis,60,2,4,4,7,
Gupta,60,2,4,4,7,
Lars1,60,2,6,6,7,
Lars2,60,2,6,6,7,
Lis,60,2,6,6,7,
Gupta,60,2,6,6,7,
Lars1,60,2,8,8,7,
Lars2,60,2,8,8,7,
Lis,60,2,8,8,7,
Gupta,60,2,8,8,7,
Lars1,60,3,10,10,7,
Lars2,60,3,10,10,7,
Lis,60,3,10,10,7,
Gupta,60,3,10,10,7,
Lars1,60,3,2,2,7,
Lars2,60,3,2,2,7,79.0
Lis,60,3,2,2,7,
Gupta,60,3,2,2,7,
Lars1,60,3,4,4,7,
Lars2,60,3,4,4,7,
Lis,60,3,4,4,7,
Gupta,60,3,4,4,7,
Lars1,60,3,6,6,7,
Lars2,60,3,6,6,7,
Lis,60,3,6,6,7,
Gupta,60,3,6,6,7,
Lars1,60,3,8,8,7,
Lars2,60,3,8,8,7,
Lis,60,3,8,8,7,
Gupta,60,3,8,8,7,
Lars1,60,40,10,10,7,
Lars2,60,40,10,10,7,
Lis,60,40,10,10,7,
Gupta,60,40,10,10,7,
Lars1,60,40,2,2,7,
Lars2,60,40,2,2,7,70.0
Lis,60,40,2,2,7,
Gupta,60,40,2,2,7,
Lars1,60,40,4,4,7,
Lars2,60,40,4,4,7,
Lis,60,40,4,4,7,
Gupta,60,40,4,4,7,
Lars1,60,40,6,6,7,
Lars2,60,40,6,6,7,
Lis,60,40,6,6,7,
Gupta,60,40,6,6,7,
Lars1,60,40,8,8,7,
Lars2,60,40,8,8,7,
Lis,60,40,8,8,7,
Gupta,60,40,8,8,7,
Lars1,60,4,10,10,7,
Lars2,60,4,10,10,7,
Lis,60,4,10,10,7,
Gupta,60,4,10,10,7,
Lars1,60,4,2,2,7,
Lars2,60,4,2,2,7,71.0
Lis,60,4,2,2,7,
Gupta,60,4,2,2,7,
Lars1,60,4,4,4,7,
Lars2,60,4,4,4,7,
Lis,60,4,4,4,7,
Gupta,60,4,4,4,7,
Lars1,60,4,6,6,7,
Lars2,60,4,6,6,7,
Lis,60,4,6,6,7,
Gupta,60,4,6,6,7,
Lars1,60,4,8,8,7,
Lars2,60,4,8,8,7,
Lis,60,4,8,8,7,
Gupta,60,4,8,8,7,
Lars1,60,500,10,10,7,
Lars2,60,500,10,10,7,
Lis,60,500,10,10,7,
Gupta,60,500,10,10,7,
Lars1,60,500,2,2,7,
Lars2,60,500,2,2,7,75.0
Lis,60,500,2,2,7,
Gupta,60,500,2,2,7,
Lars1,60,500,4,4,7,
Lars2,60,500,4,4,7,
Lis,60,500,4,4,7,
Gupta,60,500,4,4,7,
Lars1,60,500,6,6,7,
Lars2,60,500,6,6,7,
Lis,60,500,6,6,7,
Gupta,60,500,6,6,7,
Lars1,60,500,8,8,7,
Lars2,60,500,8,8,7,
Lis,60,500,8,8,7,
Gupta,60,500,8,8,7,
Lars1,60,5,10,10,7,
Lars2,60,5,10,10,7,
Lis,60,5,10,10,7,
Gupta,60,5,10,10,7,
Lars1,60,5,2,2,7,
Lars2,60,5,2,2,7,54.0
Lis,60,5,2,2,7,
Gupta,60,5,2,2,7,
Lars1,60,5,4,4,7,
Lars2,60,5,4,4,7,
Lis,60,5,4,4,7,
Gupta,60,5,4,4,7,
Lars1,60,5,6,6,7,
Lars2,60,5,6,6,7,
Lis,60,5,6,6,7,
Gupta,60,5,6,6,7,
Lars1,60,5,8,8,7,
Lars2,60,5,8,8,7,
Lis,60,5,8,8,7,
Gupta,60,5,8,8,7,
Lars1,60,60,10,10,7,
Lars2,60,60,10,10,7,
Lis,60,60,10,10,7,
Gupta,60,60,10,10,7,
Lars1,60,60,2,2,7,
Lars2,60,60,2,2,7,73.0
Lis,60,60,2,2,7,
Gupta,60,60,2,2,7,
Lars1,60,60,4,4,7,
Lars2,60,60,4,4,7,
Lis,60,60,4,4,7,
Gupta,60,60,4,4,7,
Lars1,60,60,6,6,7,
Lars2,60,60,6,6,7,
Lis,60,60,6,6,7,
Gupta,60,60,6,6,7,
Lars1,60,60,8,8,7,
Lars2,60,60,8,8,7,
Lis,60,60,8,8,7,
Gupta,60,60,8,8,7,
Lars1,60,6,10,10,7,
Lars2,60,6,10,10,7,
Lis,60,6,10,10,7,
Gupta,60,6,10,10,7,
Lars1,60,6,2,2,7,
Lars2,60,6,2,2,7,74.0
Lis,60,6,2,2,7,
Gupta,60,6,2,2,7,
Lars1,60,6,4,4,7,
Lars2,60,6,4,4,7,
Lis,60,6,4,4,7,
Gupta,60,6,4,4,7,
Lars1,60,6,6,6,7,
Lars2,60,6,6,6,7,
Lis,60,6,6,6,7,
Gupta,60,6,6,6,7,
Lars1,60,6,8,8,7,
Lars2,60,6,8,8,7,
Lis,60,6,8,8,7,
Gupta,60,6,8,8,7,
Lars1,60,7,10,10,7,
Lars2,60,7,10,10,7,
Lis,60,7,10,10,7,
Gupta,60,7,10,10,7,
Lars1,60,7,2,2,7,
Lars2,60,7,2,2,7,84.0
Lis,60,7,2,2,7,
Gupta,60,7,2,2,7,
Lars1,60,7,4,4,7,
Lars2,60,7,4,4,7,
Lis,60,7,4,4,7,
Gupta,60,7,4,4,7,
Lars1,60,7,6,6,7,
Lars2,60,7,6,6,7,
Lis,60,7,6,6,7,
Gupta,60,7,6,6,7,
Lars1,60,7,8,8,7,
Lars2,60,7,8,8,7,
Lis,60,7,8,8,7,
Gupta,60,7,8,8,7,
Lars1,60,80,10,10,7,
Lars2,60,80,10,10,7,
Lis,60,80,10,10,7,
Gupta,60,80,10,10,7,
Lars1,60,80,2,2,7,
Lars2,60,80,2,2,7,77.0
Lis,60,80,2,2,7,
Gupta,60,80,2,2,7,
Lars1,60,80,4,4,7,
Lars2,60,80,4,4,7,
Lis,60,80,4,4,7,
Gupta,60,80,4,4,7,
Lars1,60,80,6,6,7,
Lars2,60,80,6,6,7,
Lis,60,80,6,6,7,
Gupta,60,80,6,6,7,
Lars1,60,80,8,8,7,
Lars2,60,80,8,8,7,
Lis,60,80,8,8,7,
Gupta,60,80,8,8,7,
Lars1,60,8,10,10,7,
Lars2,60,8,10,10,7,
Lis,60,8,10,10,7,
Gupta,60,8,10,10,7,
Lars1,60,8,2,2,7,
Lars2,60,8,2,2,7,67.0
Lis,60,8,2,2,7,
Gupta,60,8,2,2,7,
Lars1,60,8,4,4,7,
Lars2,60,8,4,4,7,
Lis,60,8,4,4,7,
Gupta,60,8,4,4,7,
Lars1,60,8,6,6,7,
Lars2,60,8,6,6,7,
Lis,60,8,6,6,7,
Gupta,60,8,6,6,7,
Lars1,60,8,8,8,7,
Lars2,60,8,8,8,7,
Lis,60,8,8,8,7,
Gupta,60,8,8,8,7,
Lars1,60,9,10,10,7,
Lars2,60,9,10,10,7,
Lis,60,9,10,10,7,
Gupta,60,9,10,10,7,
Lars1,60,9,2,2,7,
Lars2,60,9,2,2,7,90.0
Lis,60,9,2,2,7,
Gupta,60,9,2,2,7,
Lars1,60,9,4,4,7,
Lars2,60,9,4,4,7,
Lis,60,9,4,4,7,
Gupta,60,9,4,4,7,
Lars1,60,9,6,6,7,
Lars2,60,9,6,6,7,
Lis,60,9,6,6,7,
Gupta,60,9,6,6,7,
Lars1,60,9,8,8,7,
Lars2,60,9,8,8,7,
Lis,60,9,8,8,7,
Gupta,60,9,8,8,7,
Lars1,6,1000,10,10,7,
Lars2,6,1000,10,10,7,
Lis,6,1000,10,10,7,
Gupta,6,1000,10,10,7,
Lars1,6,1000,2,2,7,
Lars2,6,1000,2,2,7,485.0
Lis,6,1000,2,2,7,
Gupta,6,1000,2,2,7,
Lars1,6,1000,4,4,7,
Lars2,6,1000,4,4,7,
Lis,6,1000,4,4,7,
Gupta,6,1000,4,4,7,
Lars1,6,1000,6,6,7,
Lars2,6,1000,6,6,7,
Lis,6,1000,6,6,7,
Gupta,6,1000,6,6,7,
Lars1,6,1000,8,8,7,
Lars2,6,1000,8,8,7,
Lis,6,1000,8,8,7,
Gupta,6,1000,8,8,7,
Lars1,6,100,10,10,7,
Lars2,6,100,10,10,7,
Lis,6,100,10,10,7,
Gupta,6,100,10,10,7,
Lars1,6,100,2,2,7,
Lars2,6,100,2,2,7,80.0
Lis,6,100,2,2,7,
Gupta,6,100,2,2,7,
Lars1,6,100,4,4,7,
Lars2,6,100,4,4,7,
Lis,6,100,4,4,7,
Gupta,6,100,4,4,7,
Lars1,6,100,6,6,7,
Lars2,6,100,6,6,7,
Lis,6,100,6,6,7,
Gupta,6,100,6,6,7,
Lars1,6,100,8,8,7,
Lars2,6,100,8,8,7,
Lis,6,100,8,8,7,
Gupta,6,100,8,8,7,
Lars1,6,10,10,10,7,
Lars2,6,10,10,10,7,
Lis,6,10,10,10,7,
Gupta,6,10,10,10,7,
Lars1,6,10,2,2,7,
Lars2,6,10,2,2,7,80.0
Lis,6,10,2,2,7,
Gupta,6,10,2,2,7,
Lars1,6,10,4,4,7,
Lars2,6,10,4,4,7,
Lis,6,10,4,4,7,
Gupta,6,10,4,4,7,
Lars1,6,10,6,6,7,
Lars2,6,10,6,6,7,
Lis,6,10,6,6,7,
Gupta,6,10,6,6,7,
Lars1,6,10,8,8,7,
Lars2,6,10,8,8,7,
Lis,6,10,8,8,7,
Gupta,6,10,8,8,7,
Lars1,6,1,10,10,7,
Lars2,6,1,10,10,7,
Lis,6,1,10,10,7,
Gupta,6,1,10,10,7,
Lars1,6,1,2,2,7,
Lars2,6,1,2,2,7,81.0
Lis,6,1,2,2,7,
Gupta,6,1,2,2,7,
Lars1,6,1,4,4,7,
Lars2,6,1,4,4,7,
Lis,6,1,4,4,7,
Gupta,6,1,4,4,7,
Lars1,6,1,6,6,7,
Lars2,6,1,6,6,7,
Lis,6,1,6,6,7,
Gupta,6,1,6,6,7,
Lars1,6,1,8,8,7,
Lars2,6,1,8,8,7,
Lis,6,1,8,8,7,
Gupta,6,1,8,8,7,
Lars1,6,20,10,10,7,
Lars2,6,20,10,10,7,
Lis,6,20,10,10,7,
Gupta,6,20,10,10,7,
Lars1,6,20,2,2,7,
Lars2,6,20,2,2,7,61.0
Lis,6,20,2,2,7,
Gupta,6,20,2,2,7,
Lars1,6,20,4,4,7,
Lars2,6,20,4,4,7,
Lis,6,20,4,4,7,
Gupta,6,20,4,4,7,
Lars1,6,20,6,6,7,
Lars2,6,20,6,6,7,
Lis,6,20,6,6,7,
Gupta,6,20,6,6,7,
Lars1,6,20,8,8,7,
Lars2,6,20,8,8,7,
Lis,6,20,8,8,7,
Gupta,6,20,8,8,7,
Lars1,6,2,10,10,7,
Lars2,6,2,10,10,7,
Lis,6,2,10,10,7,
Gupta,6,2,10,10,7,
Lars1,6,2,2,2,7,
Lars2,6,2,2,2,7,64.0
Lis,6,2,2,2,7,
Gupta,6,2,2,2,7,
Lars1,6,2,4,4,7,
Lars2,6,2,4,4,7,
Lis,6,2,4,4,7,
Gupta,6,2,4,4,7,
Lars1,6,2,6,6,7,
Lars2,6,2,6,6,7,
Lis,6,2,6,6,7,
Gupta,6,2,6,6,7,
Lars1,6,2,8,8,7,
Lars2,6,2,8,8,7,
Lis,6,2,8,8,7,
Gupta,6,2,8,8,7,
Lars1,6,3,10,10,7,
Lars2,6,3,10,10,7,
Lis,6,3,10,10,7,
Gupta,6,3,10,10,7,
Lars1,6,3,2,2,7,
Lars2,6,3,2,2,7,69.0
Lis,6,3,2,2,7,
Gupta,6,3,2,2,7,
Lars1,6,3,4,4,7,
Lars2,6,3,4,4,7,
Lis,6,3,4,4,7,
Gupta,6,3,4,4,7,
Lars1,6,3,6,6,7,
Lars2,6,3,6,6,7,
Lis,6,3,6,6,7,
Gupta,6,3,6,6,7,
Lars1,6,3,8,8,7,
Lars2,6,3,8,8,7,
Lis,6,3,8,8,7,
Gupta,6,3,8,8,7,
Lars1,6,40,10,10,7,
Lars2,6,40,10,10,7,
Lis,6,40,10,10,7,
Gupta,6,40,10,10,7,
Lars1,6,40,2,2,7,
Lars2,6,40,2,2,7,83.0
Lis,6,40,2,2,7,
Gupta,6,40,2,2,7,
Lars1,6,40,4,4,7,
Lars2,6,40,4,4,7,
Lis,6,40,4,4,7,
Gupta,6,40,4,4,7,
Lars1,6,40,6,6,7,
Lars2,6,40,6,6,7,
Lis,6,40,6,6,7,
Gupta,6,40,6,6,7,
Lars1,6,40,8,8,7,
Lars2,6,40,8,8,7,
Lis,6,40,8,8,7,
Gupta,6,40,8,8,7,
Lars1,6,4,10,10,7,
Lars2,6,4,10,10,7,
Lis,6,4,10,10,7,
Gupta,6,4,10,10,7,
Lars1,6,4,2,2,7,
Lars2,6,4,2,2,7,55.0
Lis,6,4,2,2,7,
Gupta,6,4,2,2,7,
Lars1,6,4,4,4,7,
Lars2,6,4,4,4,7,
Lis,6,4,4,4,7,
Gupta,6,4,4,4,7,
Lars1,6,4,6,6,7,
Lars2,6,4,6,6,7,
Lis,6,4,6,6,7,
Gupta,6,4,6,6,7,
Lars1,6,4,8,8,7,
Lars2,6,4,8,8,7,
Lis,6,4,8,8,7,
Gupta,6,4,8,8,7,
Lars1,6,500,10,10,7,
Lars2,6,500,10,10,7,
Lis,6,500,10,10,7,
Gupta,6,500,10,10,7,
Lars1,6,500,2,2,7,
Lars2,6,500,2,2,7,122.0
Lis,6,500,2,2,7,
Gupta,6,500,2,2,7,
Lars1,6,500,4,4,7,
Lars2,6,500,4,4,7,
Lis,6,500,4,4,7,
Gupta,6,500,4,4,7,
Lars1,6,500,6,6,7,
Lars2,6,500,6,6,7,
Lis,6,500,6,6,7,
Gupta,6,500,6,6,7,
Lars1,6,500,8,8,7,
Lars2,6,500,8,8,7,
Lis,6,500,8,8,7,
Gupta,6,500,8,8,7,
Lars1,6,5,10,10,7,
Lars2,6,5,10,10,7,
Lis,6,5,10,10,7,
Gupta,6,5,10,10,7,
Lars1,6,5,2,2,7,
Lars2,6,5,2,2,7,77.0
Lis,6,5,2,2,7,
Gupta,6,5,2,2,7,
Lars1,6,5,4,4,7,
Lars2,6,5,4,4,7,
Lis,6,5,4,4,7,
Gupta,6,5,4,4,7,
Lars1,6,5,6,6,7,
Lars2,6,5,6,6,7,
Lis,6,5,6,6,7,
Gupta,6,5,6,6,7,
Lars1,6,5,8,8,7,
Lars2,6,5,8,8,7,
Lis,6,5,8,8,7,
Gupta,6,5,8,8,7,
Lars1,6,60,10,10,7,
Lars2,6,60,10,10,7,
Lis,6,60,10,10,7,
Gupta,6,60,10,10,7,
Lars1,6,60,2,2,7,
Lars2,6,60,2,2,7,75.0
Lis,6,60,2,2,7,
Gupta,6,60,2,2,7,
Lars1,6,60,4,4,7,
Lars2,6,60,4,4,7,
Lis,6,60,4,4,7,
Gupta,6,60,4,4,7,
Lars1,6,60,6,6,7,
Lars2,6,60,6,6,7,
Lis,6,60,6,6,7,
Gupta,6,60,6,6,7,
Lars1,6,60,8,8,7,
Lars2,6,60,8,8,7,
Lis,6,60,8,8,7,
Gupta,6,60,8,8,7,
Lars1,6,6,10,10,7,
Lars2,6,6,10,10,7,
Lis,6,6,10,10,7,
Gupta,6,6,10,10,7,
Lars1,6,6,2,2,7,
Lars2,6,6,2,2,7,66.0
Lis,6,6,2,2,7,
Gupta,6,6,2,2,7,
Lars1,6,6,4,4,7,
Lars2,6,6,4,4,7,
Lis,6,6,4,4,7,
Gupta,6,6,4,4,7,
Lars1,6,6,6,6,7,
Lars2,6,6,6,6,7,
Lis,6,6,6,6,7,
Gupta,6,6,6,6,7,
Lars1,6,6,8,8,7,
Lars2,6,6,8,8,7,
Lis,6,6,8,8,7,
Gupta,6,6,8,8,7,
Lars1,6,7,10,10,7,
Lars2,6,7,10,10,7,
Lis,6,7,10,10,7,
Gupta,6,7,10,10,7,
Lars1,6,7,2,2,7,
Lars2,6,7,2,2,7,86.0
Lis,6,7,2,2,7,
Gupta,6,7,2,2,7,
Lars1,6,7,4,4,7,
Lars2,6,7,4,4,7,
Lis,6,7,4,4,7,
Gupta,6,7,4,4,7,
Lars1,6,7,6,6,7,
Lars2,6,7,6,6,7,
Lis,6,7,6,6,7,
Gupta,6,7,6,6,7,
Lars1,6,7,8,8,7,
Lars2,6,7,8,8,7,
Lis,6,7,8,8,7,
Gupta,6,7,8,8,7,
Lars1,6,80,10,10,7,
Lars2,6,80,10,10,7,
Lis,6,80,10,10,7,
Gupta,6,80,10,10,7,
Lars1,6,80,2,2,7,
Lars2,6,80,2,2,7,82.0
Lis,6,80,2,2,7,
Gupta,6,80,2,2,7,
Lars1,6,80,4,4,7,
Lars2,6,80,4,4,7,
Lis,6,80,4,4,7,
Gupta,6,80,4,4,7,
Lars1,6,80,6,6,7,
Lars2,6,80,6,6,7,
Lis,6,80,6,6,7,
Gupta,6,80,6,6,7,
Lars1,6,80,8,8,7,
Lars2,6,80,8,8,7,
Lis,6,80,8,8,7,
Gupta,6,80,8,8,7,
Lars1,6,8,10,10,7,
Lars2,6,8,10,10,7,
Lis,6,8,10,10,7,
Gupta,6,8,10,10,7,
Lars1,6,8,2,2,7,
Lars2,6,8,2,2,7,80.0
Lis,6,8,2,2,7,
Gupta,6,8,2,2,7,
Lars1,6,8,4,4,7,
Lars2,6,8,4,4,7,
Lis,6,8,4,4,7,
Gupta,6,8,4,4,7,
Lars1,6,8,6,6,7,
Lars2,6,8,6,6,7,
Lis,6,8,6,6,7,
Gupta,6,8,6,6,7,
Lars1,6,8,8,8,7,
Lars2,6,8,8,8,7,
Lis,6,8,8,8,7,
Gupta,6,8,8,8,7,
Lars1,6,9,10,10,7,
Lars2,6,9,10,10,7,
Lis,6,9,10,10,7,
Gupta,6,9,10,10,7,
Lars1,6,9,2,2,7,
Lars2,6,9,2,2,7,57.0
Lis,6,9,2,2,7,
Gupta,6,9,2,2,7,
Lars1,6,9,4,4,7,
Lars2,6,9,4,4,7,
Lis,6,9,4,4,7,
Gupta,6,9,4,4,7,
Lars1,6,9,6,6,7,
Lars2,6,9,6,6,7,
Lis,6,9,6,6,7,
Gupta,6,9,6,6,7,
Lars1,6,9,8,8,7,
Lars2,6,9,8,8,7,
Lis,6,9,8,8,7,
Gupta,6,9,8,8,7,
Lars1,1000,1000,10,10,8,
Lars2,1000,1000,10,10,8,
Lis,1000,1000,10,10,8,
Gupta,1000,1000,10,10,8,
Lars1,1000,1000,2,2,8,
Lars2,1000,1000,2,2,8,77.0
Lis,1000,1000,2,2,8,
Gupta,1000,1000,2,2,8,
Lars1,1000,1000,4,4,8,
Lars2,1000,1000,4,4,8,
Lis,1000,1000,4,4,8,
Gupta,1000,1000,4,4,8,
Lars1,1000,1000,6,6,8,
Lars2,1000,1000,6,6,8,
Lis,1000,1000,6,6,8,
Gupta,1000,1000,6,6,8,
Lars1,1000,1000,8,8,8,
Lars2,1000,1000,8,8,8,
Lis,1000,1000,8,8,8,
Gupta,1000,1000,8,8,8,
Lars1,1000,100,10,10,8,
Lars2,1000,100,10,10,8,
Lis,1000,100,10,10,8,
Gupta,1000,100,10,10,8,
Lars1,1000,100,2,2,8,
Lars2,1000,100,2,2,8,73.0
Lis,1000,100,2,2,8,
Gupta,1000,100,2,2,8,
Lars1,1000,100,4,4,8,
Lars2,1000,100,4,4,8,
Lis,1000,100,4,4,8,
Gupta,1000,100,4,4,8,
Lars1,1000,100,6,6,8,
Lars2,1000,100,6,6,8,
Lis,1000,100,6,6,8,
Gupta,1000,100,6,6,8,
Lars1,1000,100,8,8,8,
Lars2,1000,100,8,8,8,
Lis,1000,100,8,8,8,
Gupta,1000,100,8,8,8,
Lars1,1000,10,10,10,8,
Lars2,1000,10,10,10,8,
Lis,1000,10,10,10,8,
Gupta,1000,10,10,10,8,
Lars1,1000,10,2,2,8,
Lars2,1000,10,2,2,8,82.0
Lis,1000,10,2,2,8,
Gupta,1000,10,2,2,8,
Lars1,1000,10,4,4,8,
Lars2,1000,10,4,4,8,
Lis,1000,10,4,4,8,
Gupta,1000,10,4,4,8,
Lars1,1000,10,6,6,8,
Lars2,1000,10,6,6,8,
Lis,1000,10,6,6,8,
Gupta,1000,10,6,6,8,
Lars1,1000,10,8,8,8,
Lars2,1000,10,8,8,8,
Lis,1000,10,8,8,8,
Gupta,1000,10,8,8,8,
Lars1,1000,1,10,10,8,
Lars2,1000,1,10,10,8,
Lis,1000,1,10,10,8,
Gupta,1000,1,10,10,8,
Lars1,1000,1,2,2,8,
Lars2,1000,1,2,2,8,84.0
Lis,1000,1,2,2,8,
Gupta,1000,1,2,2,8,
Lars1,1000,1,4,4,8,
Lars2,1000,1,4,4,8,
Lis,1000,1,4,4,8,
Gupta,1000,1,4,4,8,
Lars1,1000,1,6,6,8,
Lars2,1000,1,6,6,8,
Lis,1000,1,6,6,8,
Gupta,1000,1,6,6,8,
Lars1,1000,1,8,8,8,
Lars2,1000,1,8,8,8,
Lis,1000,1,8,8,8,
Gupta,1000,1,8,8,8,
Lars1,1000,20,10,10,8,
Lars2,1000,20,10,10,8,
Lis,1000,20,10,10,8,
Gupta,1000,20,10,10,8,
Lars1,1000,20,2,2,8,
Lars2,1000,20,2,2,8,88.0
Lis,1000,20,2,2,8,
Gupta,1000,20,2,2,8,
Lars1,1000,20,4,4,8,
Lars2,1000,20,4,4,8,
Lis,1000,20,4,4,8,
Gupta,1000,20,4,4,8,
Lars1,1000,20,6,6,8,
Lars2,1000,20,6,6,8,
Lis,1000,20,6,6,8,
Gupta,1000,20,6,6,8,
Lars1,1000,20,8,8,8,
Lars2,1000,20,8,8,8,
Lis,1000,20,8,8,8,
Gupta,1000,20,8,8,8,
Lars1,1000,2,10,10,8,
Lars2,1000,2,10,10,8,
Lis,1000,2,10,10,8,
Gupta,1000,2,10,10,8,
Lars1,1000,2,2,2,8,
Lars2,1000,2,2,2,8,73.0
Lis,1000,2,2,2,8,
Gupta,1000,2,2,2,8,
Lars1,1000,2,4,4,8,
Lars2,1000,2,4,4,8,
Lis,1000,2,4,4,8,
Gupta,1000,2,4,4,8,
Lars1,1000,2,6,6,8,
Lars2,1000,2,6,6,8,
Lis,1000,2,6,6,8,
Gupta,1000,2,6,6,8,
Lars1,1000,2,8,8,8,
Lars2,1000,2,8,8,8,
Lis,1000,2,8,8,8,
Gupta,1000,2,8,8,8,
Lars1,1000,3,10,10,8,
Lars2,1000,3,10,10,8,
Lis,1000,3,10,10,8,
Gupta,1000,3,10,10,8,
Lars1,1000,3,2,2,8,
Lars2,1000,3,2,2,8,65.0
Lis,1000,3,2,2,8,
Gupta,1000,3,2,2,8,
Lars1,1000,3,4,4,8,
Lars2,1000,3,4,4,8,
Lis,1000,3,4,4,8,
Gupta,1000,3,4,4,8,
Lars1,1000,3,6,6,8,
Lars2,1000,3,6,6,8,
Lis,1000,3,6,6,8,
Gupta,1000,3,6,6,8,
Lars1,1000,3,8,8,8,
Lars2,1000,3,8,8,8,
Lis,1000,3,8,8,8,
Gupta,1000,3,8,8,8,
Lars1,1000,40,10,10,8,
Lars2,1000,40,10,10,8,
Lis,1000,40,10,10,8,
Gupta,1000,40,10,10,8,
Lars1,1000,40,2,2,8,
Lars2,1000,40,2,2,8,95.0
Lis,1000,40,2,2,8,
Gupta,1000,40,2,2,8,
Lars1,1000,40,4,4,8,
Lars2,1000,40,4,4,8,
Lis,1000,40,4,4,8,
Gupta,1000,40,4,4,8,
Lars1,1000,40,6,6,8,
Lars2,1000,40,6,6,8,
Lis,1000,40,6,6,8,
Gupta,1000,40,6,6,8,
Lars1,1000,40,8,8,8,
Lars2,1000,40,8,8,8,
Lis,1000,40,8,8,8,
Gupta,1000,40,8,8,8,
Lars1,1000,4,10,10,8,
Lars2,1000,4,10,10,8,
Lis,1000,4,10,10,8,
Gupta,1000,4,10,10,8,
Lars1,1000,4,2,2,8,
Lars2,1000,4,2,2,8,78.0
Lis,1000,4,2,2,8,
Gupta,1000,4,2,2,8,
Lars1,1000,4,4,4,8,
Lars2,1000,4,4,4,8,
Lis,1000,4,4,4,8,
Gupta,1000,4,4,4,8,
Lars1,1000,4,6,6,8,
Lars2,1000,4,6,6,8,
Lis,1000,4,6,6,8,
Gupta,1000,4,6,6,8,
Lars1,1000,4,8,8,8,
Lars2,1000,4,8,8,8,
Lis,1000,4,8,8,8,
Gupta,1000,4,8,8,8,
Lars1,1000,500,10,10,8,
Lars2,1000,500,10,10,8,
Lis,1000,500,10,10,8,
Gupta,1000,500,10,10,8,
Lars1,1000,500,2,2,8,
Lars2,1000,500,2,2,8,76.0
Lis,1000,500,2,2,8,
Gupta,1000,500,2,2,8,
Lars1,1000,500,4,4,8,
Lars2,1000,500,4,4,8,
Lis,1000,500,4,4,8,
Gupta,1000,500,4,4,8,
Lars1,1000,500,6,6,8,
Lars2,1000,500,6,6,8,
Lis,1000,500,6,6,8,
Gupta,1000,500,6,6,8,
Lars1,1000,500,8,8,8,
Lars2,1000,500,8,8,8,
Lis,1000,500,8,8,8,
Gupta,1000,500,8,8,8,
Lars1,1000,5,10,10,8,
Lars2,1000,5,10,10,8,
Lis,1000,5,10,10,8,
Gupta,1000,5,10,10,8,
Lars1,1000,5,2,2,8,
Lars2,1000,5,2,2,8,63.0
Lis,1000,5,2,2,8,
Gupta,1000,5,2,2,8,
Lars1,1000,5,4,4,8,
Lars2,1000,5,4,4,8,
Lis,1000,5,4,4,8,
Gupta,1000,5,4,4,8,
Lars1,1000,5,6,6,8,
Lars2,1000,5,6,6,8,
Lis,1000,5,6,6,8,
Gupta,1000,5,6,6,8,
Lars1,1000,5,8,8,8,
Lars2,1000,5,8,8,8,
Lis,1000,5,8,8,8,
Gupta,1000,5,8,8,8,
Lars1,1000,60,10,10,8,
Lars2,1000,60,10,10,8,
Lis,1000,60,10,10,8,
Gupta,1000,60,10,10,8,
Lars1,1000,60,2,2,8,
Lars2,1000,60,2,2,8,182.0
Lis,1000,60,2,2,8,
Gupta,1000,60,2,2,8,
Lars1,1000,60,4,4,8,
Lars2,1000,60,4,4,8,
Lis,1000,60,4,4,8,
Gupta,1000,60,4,4,8,
Lars1,1000,60,6,6,8,
Lars2,1000,60,6,6,8,
Lis,1000,60,6,6,8,
Gupta,1000,60,6,6,8,
Lars1,1000,60,8,8,8,
Lars2,1000,60,8,8,8,
Lis,1000,60,8,8,8,
Gupta,1000,60,8,8,8,
Lars1,1000,6,10,10,8,
Lars2,1000,6,10,10,8,
Lis,1000,6,10,10,8,
Gupta,1000,6,10,10,8,
Lars1,1000,6,2,2,8,
Lars2,1000,6,2,2,8,77.0
Lis,1000,6,2,2,8,
Gupta,1000,6,2,2,8,
Lars1,1000,6,4,4,8,
Lars2,1000,6,4,4,8,
Lis,1000,6,4,4,8,
Gupta,1000,6,4,4,8,
Lars1,1000,6,6,6,8,
Lars2,1000,6,6,6,8,
Lis,1000,6,6,6,8,
Gupta,1000,6,6,6,8,
Lars1,1000,6,8,8,8,
Lars2,1000,6,8,8,8,
Lis,1000,6,8,8,8,
Gupta,1000,6,8,8,8,
Lars1,1000,7,10,10,8,
Lars2,1000,7,10,10,8,
Lis,1000,7,10,10,8,
Gupta,1000,7,10,10,8,
Lars1,1000,7,2,2,8,
Lars2,1000,7,2,2,8,68.0
Lis,1000,7,2,2,8,
Gupta,1000,7,2,2,8,
Lars1,1000,7,4,4,8,
Lars2,1000,7,4,4,8,
Lis,1000,7,4,4,8,
Gupta,1000,7,4,4,8,
Lars1,1000,7,6,6,8,
Lars2,1000,7,6,6,8,
Lis,1000,7,6,6,8,
Gupta,1000,7,6,6,8,
Lars1,1000,7,8,8,8,
Lars2,1000,7,8,8,8,
Lis,1000,7,8,8,8,
Gupta,1000,7,8,8,8,
Lars1,1000,80,10,10,8,
Lars2,1000,80,10,10,8,
Lis,1000,80,10,10,8,
Gupta,1000,80,10,10,8,
Lars1,1000,80,2,2,8,
Lars2,1000,80,2,2,8,72.0
Lis,1000,80,2,2,8,
Gupta,1000,80,2,2,8,
Lars1,1000,80,4,4,8,
Lars2,1000,80,4,4,8,
Lis,1000,80,4,4,8,
Gupta,1000,80,4,4,8,
Lars1,1000,80,6,6,8,
Lars2,1000,80,6,6,8,
Lis,1000,80,6,6,8,
Gupta,1000,80,6,6,8,
Lars1,1000,80,8,8,8,
Lars2,1000,80,8,8,8,
Lis,1000,80,8,8,8,
Gupta,1000,80,8,8,8,
Lars1,1000,8,10,10,8,
Lars2,1000,8,10,10,8,
Lis,1000,8,10,10,8,
Gupta,1000,8,10,10,8,
Lars1,1000,8,2,2,8,
Lars2,1000,8,2,2,8,66.0
Lis,1000,8,2,2,8,
Gupta,1000,8,2,2,8,
Lars1,1000,8,4,4,8,
Lars2,1000,8,4,4,8,
Lis,1000,8,4,4,8,
Gupta,1000,8,4,4,8,
Lars1,1000,8,6,6,8,
Lars2,1000,8,6,6,8,
Lis,1000,8,6,6,8,
Gupta,1000,8,6,6,8,
Lars1,1000,8,8,8,8,
Lars2,1000,8,8,8,8,
Lis,1000,8,8,8,8,
Gupta,1000,8,8,8,8,
Lars1,1000,9,10,10,8,
Lars2,1000,9,10,10,8,
Lis,1000,9,10,10,8,
Gupta,1000,9,10,10,8,
Lars1,1000,9,2,2,8,
Lars2,1000,9,2,2,8,69.0
Lis,1000,9,2,2,8,
Gupta,1000,9,2,2,8,
Lars1,1000,9,4,4,8,
Lars2,1000,9,4,4,8,
Lis,1000,9,4,4,8,
Gupta,1000,9,4,4,8,
Lars1,1000,9,6,6,8,
Lars2,1000,9,6,6,8,
Lis,1000,9,6,6,8,
Gupta,1000,9,6,6,8,
Lars1,1000,9,8,8,8,
Lars2,1000,9,8,8,8,
Lis,1000,9,8,8,8,
Gupta,1000,9,8,8,8,
Lars1,100,1000,10,10,8,
Lars2,100,1000,10,10,8,
Lis,100,1000,10,10,8,
Gupta,100,1000,10,10,8,
Lars1,100,1000,2,2,8,
Lars2,100,1000,2,2,8,79.0
Lis,100,1000,2,2,8,
Gupta,100,1000,2,2,8,
Lars1,100,1000,4,4,8,
Lars2,100,1000,4,4,8,
Lis,100,1000,4,4,8,
Gupta,100,1000,4,4,8,
Lars1,100,1000,6,6,8,
Lars2,100,1000,6,6,8,
Lis,100,1000,6,6,8,
Gupta,100,1000,6,6,8,
Lars1,100,1000,8,8,8,
Lars2,100,1000,8,8,8,
Lis,100,1000,8,8,8,
Gupta,100,1000,8,8,8,
Lars1,100,100,10,10,8,
Lars2,100,100,10,10,8,
Lis,100,100,10,10,8,
Gupta,100,100,10,10,8,
Lars1,100,100,2,2,8,
Lars2,100,100,2,2,8,70.0
Lis,100,100,2,2,8,
Gupta,100,100,2,2,8,
Lars1,100,100,4,4,8,
Lars2,100,100,4,4,8,
Lis,100,100,4,4,8,
Gupta,100,100,4,4,8,
Lars1,100,100,6,6,8,
Lars2,100,100,6,6,8,
Lis,100,100,6,6,8,
Gupta,100,100,6,6,8,
Lars1,100,100,8,8,8,
Lars2,100,100,8,8,8,
Lis,100,100,8,8,8,
Gupta,100,100,8,8,8,
Lars1,100,10,10,10,8,
Lars2,100,10,10,10,8,
Lis,100,10,10,10,8,
Gupta,100,10,10,10,8,
Lars1,100,10,2,2,8,
Lars2,100,10,2,2,8,68.0
Lis,100,10,2,2,8,
Gupta,100,10,2,2,8,
Lars1,100,10,4,4,8,
Lars2,100,10,4,4,8,
Lis,100,10,4,4,8,
Gupta,100,10,4,4,8,
Lars1,100,10,6,6,8,
Lars2,100,10,6,6,8,
Lis,100,10,6,6,8,
Gupta,100,10,6,6,8,
Lars1,100,10,8,8,8,
Lars2,100,10,8,8,8,
Lis,100,10,8,8,8,
Gupta,100,10,8,8,8,
Lars1,100,1,10,10,8,
Lars2,100,1,10,10,8,
Lis,100,1,10,10,8,
Gupta,100,1,10,10,8,
Lars1,100,1,2,2,8,
Lars2,100,1,2,2,8,79.0
Lis,100,1,2,2,8,
Gupta,100,1,2,2,8,
Lars1,100,1,4,4,8,
Lars2,100,1,4,4,8,
Lis,100,1,4,4,8,
Gupta,100,1,4,4,8,
Lars1,100,1,6,6,8,
Lars2,100,1,6,6,8,
Lis,100,1,6,6,8,
Gupta,100,1,6,6,8,
Lars1,100,1,8,8,8,
Lars2,100,1,8,8,8,
Lis,100,1,8,8,8,
Gupta,100,1,8,8,8,
Lars1,100,20,10,10,8,
Lars2,100,20,10,10,8,
Lis,100,20,10,10,8,
Gupta,100,20,10,10,8,
Lars1,100,20,2,2,8,
Lars2,100,20,2,2,8,82.0
Lis,100,20,2,2,8,
Gupta,100,20,2,2,8,
Lars1,100,20,4,4,8,
Lars2,100,20,4,4,8,
Lis,100,20,4,4,8,
Gupta,100,20,4,4,8,
Lars1,100,20,6,6,8,
Lars2,100,20,6,6,8,
Lis,100,20,6,6,8,
Gupta,100,20,6,6,8,
Lars1,100,20,8,8,8,
Lars2,100,20,8,8,8,
Lis,100,20,8,8,8,
Gupta,100,20,8,8,8,
Lars1,100,2,10,10,8,
Lars2,100,2,10,10,8,
Lis,100,2,10,10,8,
Gupta,100,2,10,10,8,
Lars1,100,2,2,2,8,
Lars2,100,2,2,2,8,80.0
Lis,100,2,2,2,8,
Gupta,100,2,2,2,8,
Lars1,100,2,4,4,8,
Lars2,100,2,4,4,8,
Lis,100,2,4,4,8,
Gupta,100,2,4,4,8,
Lars1,100,2,6,6,8,
Lars2,100,2,6,6,8,
Lis,100,2,6,6,8,
Gupta,100,2,6,6,8,
Lars1,100,2,8,8,8,
Lars2,100,2,8,8,8,
Lis,100,2,8,8,8,
Gupta,100,2,8,8,8,
Lars1,100,3,10,10,8,
Lars2,100,3,10,10,8,
Lis,100,3,10,10,8,
Gupta,100,3,10,10,8,
Lars1,100,3,2,2,8,
Lars2,100,3,2,2,8,87.0
Lis,100,3,2,2,8,
Gupta,100,3,2,2,8,
Lars1,100,3,4,4,8,
Lars2,100,3,4,4,8,
Lis,100,3,4,4,8,
Gupta,100,3,4,4,8,
Lars1,100,3,6,6,8,
Lars2,100,3,6,6,8,
Lis,100,3,6,6,8,
Gupta,100,3,6,6,8,
Lars1,100,3,8,8,8,
Lars2,100,3,8,8,8,
Lis,100,3,8,8,8,
Gupta,100,3,8,8,8,
Lars1,100,40,10,10,8,
Lars2,100,40,10,10,8,
Lis,100,40,10,10,8,
Gupta,100,40,10,10,8,
Lars1,100,40,2,2,8,
Lars2,100,40,2,2,8,64.0
Lis,100,40,2,2,8,
Gupta,100,40,2,2,8,
Lars1,100,40,4,4,8,
Lars2,100,40,4,4,8,
Lis,100,40,4,4,8,
Gupta,100,40,4,4,8,
Lars1,100,40,6,6,8,
Lars2,100,40,6,6,8,
Lis,100,40,6,6,8,
Gupta,100,40,6,6,8,
Lars1,100,40,8,8,8,
Lars2,100,40,8,8,8,
Lis,100,40,8,8,8,
Gupta,100,40,8,8,8,
Lars1,100,4,10,10,8,
Lars2,100,4,10,10,8,
Lis,100,4,10,10,8,
Gupta,100,4,10,10,8,
Lars1,100,4,2,2,8,
Lars2,100,4,2,2,8,70.0
Lis,100,4,2,2,8,
Gupta,100,4,2,2,8,
Lars1,100,4,4,4,8,
Lars2,100,4,4,4,8,
Lis,100,4,4,4,8,
Gupta,100,4,4,4,8,
Lars1,100,4,6,6,8,
Lars2,100,4,6,6,8,
Lis,100,4,6,6,8,
Gupta,100,4,6,6,8,
Lars1,100,4,8,8,8,
Lars2,100,4,8,8,8,
Lis,100,4,8,8,8,
Gupta,100,4,8,8,8,
Lars1,100,500,10,10,8,
Lars2,100,500,10,10,8,
Lis,100,500,10,10,8,
Gupta,100,500,10,10,8,
Lars1,100,500,2,2,8,
Lars2,100,500,2,2,8,80.0
Lis,100,500,2,2,8,
Gupta,100,500,2,2,8,
Lars1,100,500,4,4,8,
Lars2,100,500,4,4,8,
Lis,100,500,4,4,8,
Gupta,100,500,4,4,8,
Lars1,100,500,6,6,8,
Lars2,100,500,6,6,8,
Lis,100,500,6,6,8,
Gupta,100,500,6,6,8,
Lars1,100,500,8,8,8,
Lars2,100,500,8,8,8,
Lis,100,500,8,8,8,
Gupta,100,500,8,8,8,
Lars1,100,5,10,10,8,
Lars2,100,5,10,10,8,
Lis,100,5,10,10,8,
Gupta,100,5,10,10,8,
Lars1,100,5,2,2,8,
Lars2,100,5,2,2,8,102.0
Lis,100,5,2,2,8,
Gupta,100,5,2,2,8,
Lars1,100,5,4,4,8,
Lars2,100,5,4,4,8,
Lis,100,5,4,4,8,
Gupta,100,5,4,4,8,
Lars1,100,5,6,6,8,
Lars2,100,5,6,6,8,
Lis,100,5,6,6,8,
Gupta,100,5,6,6,8,
Lars1,100,5,8,8,8,
Lars2,100,5,8,8,8,
Lis,100,5,8,8,8,
Gupta,100,5,8,8,8,
Lars1,100,60,10,10,8,
Lars2,100,60,10,10,8,
Lis,100,60,10,10,8,
Gupta,100,60,10,10,8,
Lars1,100,60,2,2,8,
Lars2,100,60,2,2,8,70.0
Lis,100,60,2,2,8,
Gupta,100,60,2,2,8,
Lars1,100,60,4,4,8,
Lars2,100,60,4,4,8,
Lis,100,60,4,4,8,
Gupta,100,60,4,4,8,
Lars1,100,60,6,6,8,
Lars2,100,60,6,6,8,
Lis,100,60,6,6,8,
Gupta,100,60,6,6,8,
Lars1,100,60,8,8,8,
Lars2,100,60,8,8,8,
Lis,100,60,8,8,8,
Gupta,100,60,8,8,8,
Lars1,100,6,10,10,8,
Lars2,100,6,10,10,8,
Lis,100,6,10,10,8,
Gupta,100,6,10,10,8,
Lars1,100,6,2,2,8,
Lars2,100,6,2,2,8,76.0
Lis,100,6,2,2,8,
Gupta,100,6,2,2,8,
Lars1,100,6,4,4,8,
Lars2,100,6,4,4,8,
Lis,100,6,4,4,8,
Gupta,100,6,4,4,8,
Lars1,100,6,6,6,8,
Lars2,100,6,6,6,8,
Lis,100,6,6,6,8,
Gupta,100,6,6,6,8,
Lars1,100,6,8,8,8,
Lars2,100,6,8,8,8,
Lis,100,6,8,8,8,
Gupta,100,6,8,8,8,
Lars1,100,7,10,10,8,
Lars2,100,7,10,10,8,
Lis,100,7,10,10,8,
Gupta,100,7,10,10,8,
Lars1,100,7,2,2,8,
Lars2,100,7,2,2,8,67.0
Lis,100,7,2,2,8,
Gupta,100,7,2,2,8,
Lars1,100,7,4,4,8,
Lars2,100,7,4,4,8,
Lis,100,7,4,4,8,
Gupta,100,7,4,4,8,
Lars1,100,7,6,6,8,
Lars2,100,7,6,6,8,
Lis,100,7,6,6,8,
Gupta,100,7,6,6,8,
Lars1,100,7,8,8,8,
Lars2,100,7,8,8,8,
Lis,100,7,8,8,8,
Gupta,100,7,8,8,8,
Lars1,100,80,10,10,8,
Lars2,100,80,10,10,8,
Lis,100,80,10,10,8,
Gupta,100,80,10,10,8,
Lars1,100,80,2,2,8,
Lars2,100,80,2,2,8,74.0
Lis,100,80,2,2,8,
Gupta,100,80,2,2,8,
Lars1,100,80,4,4,8,
Lars2,100,80,4,4,8,
Lis,100,80,4,4,8,
Gupta,100,80,4,4,8,
Lars1,100,80,6,6,8,
Lars2,100,80,6,6,8,
Lis,100,80,6,6,8,
Gupta,100,80,6,6,8,
Lars1,100,80,8,8,8,
Lars2,100,80,8,8,8,
Lis,100,80,8,8,8,
Gupta,100,80,8,8,8,
Lars1,100,8,10,10,8,
Lars2,100,8,10,10,8,
Lis,100,8,10,10,8,
Gupta,100,8,10,10,8,
Lars1,100,8,2,2,8,
Lars2,100,8,2,2,8,73.0
Lis,100,8,2,2,8,
Gupta,100,8,2,2,8,
Lars1,100,8,4,4,8,
Lars2,100,8,4,4,8,
Lis,100,8,4,4,8,
Gupta,100,8,4,4,8,
Lars1,100,8,6,6,8,
Lars2,100,8,6,6,8,
Lis,100,8,6,6,8,
Gupta,100,8,6,6,8,
Lars1,100,8,8,8,8,
Lars2,100,8,8,8,8,
Lis,100,8,8,8,8,
Gupta,100,8,8,8,8,
Lars1,100,9,10,10,8,
Lars2,100,9,10,10,8,
Lis,100,9,10,10,8,
Gupta,100,9,10,10,8,
Lars1,100,9,2,2,8,
Lars2,100,9,2,2,8,77.0
Lis,100,9,2,2,8,
Gupta,100,9,2,2,8,
Lars1,100,9,4,4,8,
Lars2,100,9,4,4,8,
Lis,100,9,4,4,8,
Gupta,100,9,4,4,8,
Lars1,100,9,6,6,8,
Lars2,100,9,6,6,8,
Lis,100,9,6,6,8,
Gupta,100,9,6,6,8,
Lars1,100,9,8,8,8,
Lars2,100,9,8,8,8,
Lis,100,9,8,8,8,
Gupta,100,9,8,8,8,
Lars1,10,1000,10,10,8,
Lars2,10,1000,10,10,8,
Lis,10,1000,10,10,8,
Gupta,10,1000,10,10,8,
Lars1,10,1000,2,2,8,
Lars2,10,1000,2,2,8,92.0
Lis,10,1000,2,2,8,
Gupta,10,1000,2,2,8,
Lars1,10,1000,4,4,8,
Lars2,10,1000,4,4,8,
Lis,10,1000,4,4,8,
Gupta,10,1000,4,4,8,
Lars1,10,1000,6,6,8,
Lars2,10,1000,6,6,8,
Lis,10,1000,6,6,8,
Gupta,10,1000,6,6,8,
Lars1,10,1000,8,8,8,
Lars2,10,1000,8,8,8,
Lis,10,1000,8,8,8,
Gupta,10,1000,8,8,8,
Lars1,10,100,10,10,8,
Lars2,10,100,10,10,8,
Lis,10,100,10,10,8,
Gupta,10,100,10,10,8,
Lars1,10,100,2,2,8,
Lars2,10,100,2,2,8,85.0
Lis,10,100,2,2,8,
Gupta,10,100,2,2,8,
Lars1,10,100,4,4,8,
Lars2,10,100,4,4,8,
Lis,10,100,4,4,8,
Gupta,10,100,4,4,8,
Lars1,10,100,6,6,8,
Lars2,10,100,6,6,8,
Lis,10,100,6,6,8,
Gupta,10,100,6,6,8,
Lars1,10,100,8,8,8,
Lars2,10,100,8,8,8,
Lis,10,100,8,8,8,
Gupta,10,100,8,8,8,
Lars1,10,10,10,10,8,
Lars2,10,10,10,10,8,
Lis,10,10,10,10,8,
Gupta,10,10,10,10,8,
Lars1,10,10,2,2,8,
Lars2,10,10,2,2,8,74.0
Lis,10,10,2,2,8,
Gupta,10,10,2,2,8,
Lars1,10,10,4,4,8,
Lars2,10,10,4,4,8,
Lis,10,10,4,4,8,
Gupta,10,10,4,4,8,
Lars1,10,10,6,6,8,
Lars2,10,10,6,6,8,
Lis,10,10,6,6,8,
Gupta,10,10,6,6,8,
Lars1,10,10,8,8,8,
Lars2,10,10,8,8,8,
Lis,10,10,8,8,8,
Gupta,10,10,8,8,8,
Lars1,10,1,10,10,8,
Lars2,10,1,10,10,8,
Lis,10,1,10,10,8,
Gupta,10,1,10,10,8,
Lars1,10,1,2,2,8,
Lars2,10,1,2,2,8,70.0
Lis,10,1,2,2,8,
Gupta,10,1,2,2,8,
Lars1,10,1,4,4,8,
Lars2,10,1,4,4,8,
Lis,10,1,4,4,8,
Gupta,10,1,4,4,8,
Lars1,10,1,6,6,8,
Lars2,10,1,6,6,8,
Lis,10,1,6,6,8,
Gupta,10,1,6,6,8,
Lars1,10,1,8,8,8,
Lars2,10,1,8,8,8,
Lis,10,1,8,8,8,
Gupta,10,1,8,8,8,
Lars1,10,20,10,10,8,
Lars2,10,20,10,10,8,
Lis,10,20,10,10,8,
Gupta,10,20,10,10,8,
Lars1,10,20,2,2,8,
Lars2,10,20,2,2,8,96.0
Lis,10,20,2,2,8,
Gupta,10,20,2,2,8,
Lars1,10,20,4,4,8,
Lars2,10,20,4,4,8,
Lis,10,20,4,4,8,
Gupta,10,20,4,4,8,
Lars1,10,20,6,6,8,
Lars2,10,20,6,6,8,
Lis,10,20,6,6,8,
Gupta,10,20,6,6,8,
Lars1,10,20,8,8,8,
Lars2,10,20,8,8,8,
Lis,10,20,8,8,8,
Gupta,10,20,8,8,8,
Lars1,10,2,10,10,8,
Lars2,10,2,10,10,8,
Lis,10,2,10,10,8,
Gupta,10,2,10,10,8,
Lars1,10,2,2,2,8,
Lars2,10,2,2,2,8,68.0
Lis,10,2,2,2,8,
Gupta,10,2,2,2,8,
Lars1,10,2,4,4,8,
Lars2,10,2,4,4,8,
Lis,10,2,4,4,8,
Gupta,10,2,4,4,8,
Lars1,10,2,6,6,8,
Lars2,10,2,6,6,8,
Lis,10,2,6,6,8,
Gupta,10,2,6,6,8,
Lars1,10,2,8,8,8,
Lars2,10,2,8,8,8,
Lis,10,2,8,8,8,
Gupta,10,2,8,8,8,
Lars1,10,3,10,10,8,
Lars2,10,3,10,10,8,
Lis,10,3,10,10,8,
Gupta,10,3,10,10,8,
Lars1,10,3,2,2,8,
Lars2,10,3,2,2,8,71.0
Lis,10,3,2,2,8,
Gupta,10,3,2,2,8,
Lars1,10,3,4,4,8,
Lars2,10,3,4,4,8,
Lis,10,3,4,4,8,
Gupta,10,3,4,4,8,
Lars1,10,3,6,6,8,
Lars2,10,3,6,6,8,
Lis,10,3,6,6,8,
Gupta,10,3,6,6,8,
Lars1,10,3,8,8,8,
Lars2,10,3,8,8,8,
Lis,10,3,8,8,8,
Gupta,10,3,8,8,8,
Lars1,10,40,10,10,8,
Lars2,10,40,10,10,8,
Lis,10,40,10,10,8,
Gupta,10,40,10,10,8,
Lars1,10,40,2,2,8,
Lars2,10,40,2,2,8,80.0
Lis,10,40,2,2,8,
Gupta,10,40,2,2,8,
Lars1,10,40,4,4,8,
Lars2,10,40,4,4,8,
Lis,10,40,4,4,8,
Gupta,10,40,4,4,8,
Lars1,10,40,6,6,8,
Lars2,10,40,6,6,8,
Lis,10,40,6,6,8,
Gupta,10,40,6,6,8,
Lars1,10,40,8,8,8,
Lars2,10,40,8,8,8,
Lis,10,40,8,8,8,
Gupta,10,40,8,8,8,
Lars1,10,4,10,10,8,
Lars2,10,4,10,10,8,
Lis,10,4,10,10,8,
Gupta,10,4,10,10,8,
Lars1,10,4,2,2,8,
Lars2,10,4,2,2,8,69.0
Lis,10,4,2,2,8,
Gupta,10,4,2,2,8,
Lars1,10,4,4,4,8,
Lars2,10,4,4,4,8,
Lis,10,4,4,4,8,
Gupta,10,4,4,4,8,
Lars1,10,4,6,6,8,
Lars2,10,4,6,6,8,
Lis,10,4,6,6,8,
Gupta,10,4,6,6,8,
Lars1,10,4,8,8,8,
Lars2,10,4,8,8,8,
Lis,10,4,8,8,8,
Gupta,10,4,8,8,8,
Lars1,10,500,10,10,8,
Lars2,10,500,10,10,8,
Lis,10,500,10,10,8,
Gupta,10,500,10,10,8,
Lars1,10,500,2,2,8,
Lars2,10,500,2,2,8,110.0
Lis,10,500,2,2,8,
Gupta,10,500,2,2,8,
Lars1,10,500,4,4,8,
Lars2,10,500,4,4,8,
Lis,10,500,4,4,8,
Gupta,10,500,4,4,8,
Lars1,10,500,6,6,8,
Lars2,10,500,6,6,8,
Lis,10,500,6,6,8,
Gupta,10,500,6,6,8,
Lars1,10,500,8,8,8,
Lars2,10,500,8,8,8,
Lis,10,500,8,8,8,
Gupta,10,500,8,8,8,
Lars1,10,5,10,10,8,
Lars2,10,5,10,10,8,
Lis,10,5,10,10,8,
Gupta,10,5,10,10,8,
Lars1,10,5,2,2,8,
Lars2,10,5,2,2,8,74.0
Lis,10,5,2,2,8,
Gupta,10,5,2,2,8,
Lars1,10,5,4,4,8,
Lars2,10,5,4,4,8,
Lis,10,5,4,4,8,
Gupta,10,5,4,4,8,
Lars1,10,5,6,6,8,
Lars2,10,5,6,6,8,
Lis,10,5,6,6,8,
Gupta,10,5,6,6,8,
Lars1,10,5,8,8,8,
Lars2,10,5,8,8,8,
Lis,10,5,8,8,8,
Gupta,10,5,8,8,8,
Lars1,10,60,10,10,8,
Lars2,10,60,10,10,8,
Lis,10,60,10,10,8,
Gupta,10,60,10,10,8,
Lars1,10,60,2,2,8,
Lars2,10,60,2,2,8,96.0
Lis,10,60,2,2,8,
Gupta,10,60,2,2,8,
Lars1,10,60,4,4,8,
Lars2,10,60,4,4,8,
Lis,10,60,4,4,8,
Gupta,10,60,4,4,8,
Lars1,10,60,6,6,8,
Lars2,10,60,6,6,8,
Lis,10,60,6,6,8,
Gupta,10,60,6,6,8,
Lars1,10,60,8,8,8,
Lars2,10,60,8,8,8,
Lis,10,60,8,8,8,
Gupta,10,60,8,8,8,
Lars1,10,6,10,10,8,
Lars2,10,6,10,10,8,
Lis,10,6,10,10,8,
Gupta,10,6,10,10,8,
Lars1,10,6,2,2,8,
Lars2,10,6,2,2,8,72.0
Lis,10,6,2,2,8,
Gupta,10,6,2,2,8,
Lars1,10,6,4,4,8,
Lars2,10,6,4,4,8,
Lis,10,6,4,4,8,
Gupta,10,6,4,4,8,
Lars1,10,6,6,6,8,
Lars2,10,6,6,6,8,
Lis,10,6,6,6,8,
Gupta,10,6,6,6,8,
Lars1,10,6,8,8,8,
Lars2,10,6,8,8,8,
Lis,10,6,8,8,8,
Gupta,10,6,8,8,8,
Lars1,10,7,10,10,8,
Lars2,10,7,10,10,8,
Lis,10,7,10,10,8,
Gupta,10,7,10,10,8,
Lars1,10,7,2,2,8,
Lars2,10,7,2,2,8,69.0
Lis,10,7,2,2,8,
Gupta,10,7,2,2,8,
Lars1,10,7,4,4,8,
Lars2,10,7,4,4,8,
Lis,10,7,4,4,8,
Gupta,10,7,4,4,8,
Lars1,10,7,6,6,8,
Lars2,10,7,6,6,8,
Lis,10,7,6,6,8,
Gupta,10,7,6,6,8,
Lars1,10,7,8,8,8,
Lars2,10,7,8,8,8,
Lis,10,7,8,8,8,
Gupta,10,7,8,8,8,
Lars1,10,80,10,10,8,
Lars2,10,80,10,10,8,
Lis,10,80,10,10,8,
Gupta,10,80,10,10,8,
Lars1,10,80,2,2,8,
Lars2,10,80,2,2,8,69.0
Lis,10,80,2,2,8,
Gupta,10,80,2,2,8,
Lars1,10,80,4,4,8,
Lars2,10,80,4,4,8,
Lis,10,80,4,4,8,
Gupta,10,80,4,4,8,
Lars1,10,80,6,6,8,
Lars2,10,80,6,6,8,
Lis,10,80,6,6,8,
Gupta,10,80,6,6,8,
Lars1,10,80,8,8,8,
Lars2,10,80,8,8,8,
Lis,10,80,8,8,8,
Gupta,10,80,8,8,8,
Lars1,10,8,10,10,8,
Lars2,10,8,10,10,8,
Lis,10,8,10,10,8,
Gupta,10,8,10,10,8,
Lars1,10,8,2,2,8,
Lars2,10,8,2,2,8,70.0
Lis,10,8,2,2,8,
Gupta,10,8,2,2,8,
Lars1,10,8,4,4,8,
Lars2,10,8,4,4,8,
Lis,10,8,4,4,8,
Gupta,10,8,4,4,8,
Lars1,10,8,6,6,8,
Lars2,10,8,6,6,8,
Lis,10,8,6,6,8,
Gupta,10,8,6,6,8,
Lars1,10,8,8,8,8,
Lars2,10,8,8,8,8,
Lis,10,8,8,8,8,
Gupta,10,8,8,8,8,
Lars1,10,9,10,10,8,
Lars2,10,9,10,10,8,
Lis,10,9,10,10,8,
Gupta,10,9,10,10,8,
Lars1,10,9,2,2,8,
Lars2,10,9,2,2,8,85.0
Lis,10,9,2,2,8,
Gupta,10,9,2,2,8,
Lars1,10,9,4,4,8,
Lars2,10,9,4,4,8,
Lis,10,9,4,4,8,
Gupta,10,9,4,4,8,
Lars1,10,9,6,6,8,
Lars2,10,9,6,6,8,
Lis,10,9,6,6,8,
Gupta,10,9,6,6,8,
Lars1,10,9,8,8,8,
Lars2,10,9,8,8,8,
Lis,10,9,8,8,8,
Gupta,10,9,8,8,8,
Lars1,1,1000,10,10,8,
Lars2,1,1000,10,10,8,
Lis,1,1000,10,10,8,
Gupta,1,1000,10,10,8,
Lars1,1,1000,2,2,8,
Lars2,1,1000,2,2,8,1133.0
Lis,1,1000,2,2,8,
Gupta,1,1000,2,2,8,
Lars1,1,1000,4,4,8,
Lars2,1,1000,4,4,8,
Lis,1,1000,4,4,8,
Gupta,1,1000,4,4,8,
Lars1,1,1000,6,6,8,
Lars2,1,1000,6,6,8,
Lis,1,1000,6,6,8,
Gupta,1,1000,6,6,8,
Lars1,1,1000,8,8,8,
Lars2,1,1000,8,8,8,
Lis,1,1000,8,8,8,
Gupta,1,1000,8,8,8,
Lars1,1,100,10,10,8,
Lars2,1,100,10,10,8,
Lis,1,100,10,10,8,
Gupta,1,100,10,10,8,
Lars1,1,100,2,2,8,
Lars2,1,100,2,2,8,150.0
Lis,1,100,2,2,8,
Gupta,1,100,2,2,8,
Lars1,1,100,4,4,8,
Lars2,1,100,4,4,8,
Lis,1,100,4,4,8,
Gupta,1,100,4,4,8,
Lars1,1,100,6,6,8,
Lars2,1,100,6,6,8,
Lis,1,100,6,6,8,
Gupta,1,100,6,6,8,
Lars1,1,100,8,8,8,
Lars2,1,100,8,8,8,
Lis,1,100,8,8,8,
Gupta,1,100,8,8,8,
Lars1,1,10,10,10,8,
Lars2,1,10,10,10,8,
Lis,1,10,10,10,8,
Gupta,1,10,10,10,8,
Lars1,1,10,2,2,8,
Lars2,1,10,2,2,8,74.0
Lis,1,10,2,2,8,
Gupta,1,10,2,2,8,
Lars1,1,10,4,4,8,
Lars2,1,10,4,4,8,
Lis,1,10,4,4,8,
Gupta,1,10,4,4,8,
Lars1,1,10,6,6,8,
Lars2,1,10,6,6,8,
Lis,1,10,6,6,8,
Gupta,1,10,6,6,8,
Lars1,1,10,8,8,8,
Lars2,1,10,8,8,8,
Lis,1,10,8,8,8,
Gupta,1,10,8,8,8,
Lars1,1,1,10,10,8,
Lars2,1,1,10,10,8,
Lis,1,1,10,10,8,
Gupta,1,1,10,10,8,
Lars1,1,1,2,2,8,
Lars2,1,1,2,2,8,65.0
Lis,1,1,2,2,8,
Gupta,1,1,2,2,8,
Lars1,1,1,4,4,8,
Lars2,1,1,4,4,8,
Lis,1,1,4,4,8,
Gupta,1,1,4,4,8,
Lars1,1,1,6,6,8,
Lars2,1,1,6,6,8,
Lis,1,1,6,6,8,
Gupta,1,1,6,6,8,
Lars1,1,1,8,8,8,
Lars2,1,1,8,8,8,
Lis,1,1,8,8,8,
Gupta,1,1,8,8,8,
Lars1,1,20,10,10,8,
Lars2,1,20,10,10,8,
Lis,1,20,10,10,8,
Gupta,1,20,10,10,8,
Lars1,1,20,2,2,8,
Lars2,1,20,2,2,8,79.0
Lis,1,20,2,2,8,
Gupta,1,20,2,2,8,
Lars1,1,20,4,4,8,
Lars2,1,20,4,4,8,
Lis,1,20,4,4,8,
Gupta,1,20,4,4,8,
Lars1,1,20,6,6,8,
Lars2,1,20,6,6,8,
Lis,1,20,6,6,8,
Gupta,1,20,6,6,8,
Lars1,1,20,8,8,8,
Lars2,1,20,8,8,8,
Lis,1,20,8,8,8,
Gupta,1,20,8,8,8,
Lars1,1,2,10,10,8,
Lars2,1,2,10,10,8,
Lis,1,2,10,10,8,
Gupta,1,2,10,10,8,
Lars1,1,2,2,2,8,
Lars2,1,2,2,2,8,79.0
Lis,1,2,2,2,8,
Gupta,1,2,2,2,8,
Lars1,1,2,4,4,8,
Lars2,1,2,4,4,8,
Lis,1,2,4,4,8,
Gupta,1,2,4,4,8,
Lars1,1,2,6,6,8,
Lars2,1,2,6,6,8,
Lis,1,2,6,6,8,
Gupta,1,2,6,6,8,
Lars1,1,2,8,8,8,
Lars2,1,2,8,8,8,
Lis,1,2,8,8,8,
Gupta,1,2,8,8,8,
Lars1,1,3,10,10,8,
Lars2,1,3,10,10,8,
Lis,1,3,10,10,8,
Gupta,1,3,10,10,8,
Lars1,1,3,2,2,8,
Lars2,1,3,2,2,8,63.0
Lis,1,3,2,2,8,
Gupta,1,3,2,2,8,
Lars1,1,3,4,4,8,
Lars2,1,3,4,4,8,
Lis,1,3,4,4,8,
Gupta,1,3,4,4,8,
Lars1,1,3,6,6,8,
Lars2,1,3,6,6,8,
Lis,1,3,6,6,8,
Gupta,1,3,6,6,8,
Lars1,1,3,8,8,8,
Lars2,1,3,8,8,8,
Lis,1,3,8,8,8,
Gupta,1,3,8,8,8,
Lars1,1,40,10,10,8,
Lars2,1,40,10,10,8,
Lis,1,40,10,10,8,
Gupta,1,40,10,10,8,
Lars1,1,40,2,2,8,
Lars2,1,40,2,2,8,117.0
Lis,1,40,2,2,8,
Gupta,1,40,2,2,8,
Lars1,1,40,4,4,8,
Lars2,1,40,4,4,8,
Lis,1,40,4,4,8,
Gupta,1,40,4,4,8,
Lars1,1,40,6,6,8,
Lars2,1,40,6,6,8,
Lis,1,40,6,6,8,
Gupta,1,40,6,6,8,
Lars1,1,40,8,8,8,
Lars2,1,40,8,8,8,
Lis,1,40,8,8,8,
Gupta,1,40,8,8,8,
Lars1,1,4,10,10,8,
Lars2,1,4,10,10,8,
Lis,1,4,10,10,8,
Gupta,1,4,10,10,8,
Lars1,1,4,2,2,8,
Lars2,1,4,2,2,8,71.0
Lis,1,4,2,2,8,
Gupta,1,4,2,2,8,
Lars1,1,4,4,4,8,
Lars2,1,4,4,4,8,
Lis,1,4,4,4,8,
Gupta,1,4,4,4,8,
Lars1,1,4,6,6,8,
Lars2,1,4,6,6,8,
Lis,1,4,6,6,8,
Gupta,1,4,6,6,8,
Lars1,1,4,8,8,8,
Lars2,1,4,8,8,8,
Lis,1,4,8,8,8,
Gupta,1,4,8,8,8,
Lars1,1,500,10,10,8,
Lars2,1,500,10,10,8,
Lis,1,500,10,10,8,
Gupta,1,500,10,10,8,
Lars1,1,500,2,2,8,
Lars2,1,500,2,2,8,689.0
Lis,1,500,2,2,8,
Gupta,1,500,2,2,8,
Lars1,1,500,4,4,8,
Lars2,1,500,4,4,8,
Lis,1,500,4,4,8,
Gupta,1,500,4,4,8,
Lars1,1,500,6,6,8,
Lars2,1,500,6,6,8,
Lis,1,500,6,6,8,
Gupta,1,500,6,6,8,
Lars1,1,500,8,8,8,
Lars2,1,500,8,8,8,
Lis,1,500,8,8,8,
Gupta,1,500,8,8,8,
Lars1,1,5,10,10,8,
Lars2,1,5,10,10,8,
Lis,1,5,10,10,8,
Gupta,1,5,10,10,8,
Lars1,1,5,2,2,8,
Lars2,1,5,2,2,8,83.0
Lis,1,5,2,2,8,
Gupta,1,5,2,2,8,
Lars1,1,5,4,4,8,
Lars2,1,5,4,4,8,
Lis,1,5,4,4,8,
Gupta,1,5,4,4,8,
Lars1,1,5,6,6,8,
Lars2,1,5,6,6,8,
Lis,1,5,6,6,8,
Gupta,1,5,6,6,8,
Lars1,1,5,8,8,8,
Lars2,1,5,8,8,8,
Lis,1,5,8,8,8,
Gupta,1,5,8,8,8,
Lars1,1,60,10,10,8,
Lars2,1,60,10,10,8,
Lis,1,60,10,10,8,
Gupta,1,60,10,10,8,
Lars1,1,60,2,2,8,
Lars2,1,60,2,2,8,147.0
Lis,1,60,2,2,8,
Gupta,1,60,2,2,8,
Lars1,1,60,4,4,8,
Lars2,1,60,4,4,8,
Lis,1,60,4,4,8,
Gupta,1,60,4,4,8,
Lars1,1,60,6,6,8,
Lars2,1,60,6,6,8,
Lis,1,60,6,6,8,
Gupta,1,60,6,6,8,
Lars1,1,60,8,8,8,
Lars2,1,60,8,8,8,
Lis,1,60,8,8,8,
Gupta,1,60,8,8,8,
Lars1,1,6,10,10,8,
Lars2,1,6,10,10,8,
Lis,1,6,10,10,8,
Gupta,1,6,10,10,8,
Lars1,1,6,2,2,8,
Lars2,1,6,2,2,8,79.0
Lis,1,6,2,2,8,
Gupta,1,6,2,2,8,
Lars1,1,6,4,4,8,
Lars2,1,6,4,4,8,
Lis,1,6,4,4,8,
Gupta,1,6,4,4,8,
Lars1,1,6,6,6,8,
Lars2,1,6,6,6,8,
Lis,1,6,6,6,8,
Gupta,1,6,6,6,8,
Lars1,1,6,8,8,8,
Lars2,1,6,8,8,8,
Lis,1,6,8,8,8,
Gupta,1,6,8,8,8,
Lars1,1,7,10,10,8,
Lars2,1,7,10,10,8,
Lis,1,7,10,10,8,
Gupta,1,7,10,10,8,
Lars1,1,7,2,2,8,
Lars2,1,7,2,2,8,69.0
Lis,1,7,2,2,8,
Gupta,1,7,2,2,8,
Lars1,1,7,4,4,8,
Lars2,1,7,4,4,8,
Lis,1,7,4,4,8,
Gupta,1,7,4,4,8,
Lars1,1,7,6,6,8,
Lars2,1,7,6,6,8,
Lis,1,7,6,6,8,
Gupta,1,7,6,6,8,
Lars1,1,7,8,8,8,
Lars2,1,7,8,8,8,
Lis,1,7,8,8,8,
Gupta,1,7,8,8,8,
Lars1,1,80,10,10,8,
Lars2,1,80,10,10,8,
Lis,1,80,10,10,8,
Gupta,1,80,10,10,8,
Lars1,1,80,2,2,8,
Lars2,1,80,2,2,8,102.0
Lis,1,80,2,2,8,
Gupta,1,80,2,2,8,
Lars1,1,80,4,4,8,
Lars2,1,80,4,4,8,
Lis,1,80,4,4,8,
Gupta,1,80,4,4,8,
Lars1,1,80,6,6,8,
Lars2,1,80,6,6,8,
Lis,1,80,6,6,8,
Gupta,1,80,6,6,8,
Lars1,1,80,8,8,8,
Lars2,1,80,8,8,8,
Lis,1,80,8,8,8,
Gupta,1,80,8,8,8,
Lars1,1,8,10,10,8,
Lars2,1,8,10,10,8,
Lis,1,8,10,10,8,
Gupta,1,8,10,10,8,
Lars1,1,8,2,2,8,
Lars2,1,8,2,2,8,74.0
Lis,1,8,2,2,8,
Gupta,1,8,2,2,8,
Lars1,1,8,4,4,8,
Lars2,1,8,4,4,8,
Lis,1,8,4,4,8,
Gupta,1,8,4,4,8,
Lars1,1,8,6,6,8,
Lars2,1,8,6,6,8,
Lis,1,8,6,6,8,
Gupta,1,8,6,6,8,
Lars1,1,8,8,8,8,
Lars2,1,8,8,8,8,
Lis,1,8,8,8,8,
Gupta,1,8,8,8,8,
Lars1,1,9,10,10,8,
Lars2,1,9,10,10,8,
Lis,1,9,10,10,8,
Gupta,1,9,10,10,8,
Lars1,1,9,2,2,8,
Lars2,1,9,2,2,8,79.0
Lis,1,9,2,2,8,
Gupta,1,9,2,2,8,
Lars1,1,9,4,4,8,
Lars2,1,9,4,4,8,
Lis,1,9,4,4,8,
Gupta,1,9,4,4,8,
Lars1,1,9,6,6,8,
Lars2,1,9,6,6,8,
Lis,1,9,6,6,8,
Gupta,1,9,6,6,8,
Lars1,1,9,8,8,8,
Lars2,1,9,8,8,8,
Lis,1,9,8,8,8,
Gupta,1,9,8,8,8,
Lars1,20,1000,10,10,8,
Lars2,20,1000,10,10,8,
Lis,20,1000,10,10,8,
Gupta,20,1000,10,10,8,
Lars1,20,1000,2,2,8,
Lars2,20,1000,2,2,8,105.0
Lis,20,1000,2,2,8,
Gupta,20,1000,2,2,8,
Lars1,20,1000,4,4,8,
Lars2,20,1000,4,4,8,
Lis,20,1000,4,4,8,
Gupta,20,1000,4,4,8,
Lars1,20,1000,6,6,8,
Lars2,20,1000,6,6,8,
Lis,20,1000,6,6,8,
Gupta,20,1000,6,6,8,
Lars1,20,1000,8,8,8,
Lars2,20,1000,8,8,8,
Lis,20,1000,8,8,8,
Gupta,20,1000,8,8,8,
Lars1,20,100,10,10,8,
Lars2,20,100,10,10,8,
Lis,20,100,10,10,8,
Gupta,20,100,10,10,8,
Lars1,20,100,2,2,8,
Lars2,20,100,2,2,8,80.0
Lis,20,100,2,2,8,
Gupta,20,100,2,2,8,
Lars1,20,100,4,4,8,
Lars2,20,100,4,4,8,
Lis,20,100,4,4,8,
Gupta,20,100,4,4,8,
Lars1,20,100,6,6,8,
Lars2,20,100,6,6,8,
Lis,20,100,6,6,8,
Gupta,20,100,6,6,8,
Lars1,20,100,8,8,8,
Lars2,20,100,8,8,8,
Lis,20,100,8,8,8,
Gupta,20,100,8,8,8,
Lars1,20,10,10,10,8,
Lars2,20,10,10,10,8,
Lis,20,10,10,10,8,
Gupta,20,10,10,10,8,
Lars1,20,10,2,2,8,
Lars2,20,10,2,2,8,69.0
Lis,20,10,2,2,8,
Gupta,20,10,2,2,8,
Lars1,20,10,4,4,8,
Lars2,20,10,4,4,8,
Lis,20,10,4,4,8,
Gupta,20,10,4,4,8,
Lars1,20,10,6,6,8,
Lars2,20,10,6,6,8,
Lis,20,10,6,6,8,
Gupta,20,10,6,6,8,
Lars1,20,10,8,8,8,
Lars2,20,10,8,8,8,
Lis,20,10,8,8,8,
Gupta,20,10,8,8,8,
Lars1,20,1,10,10,8,
Lars2,20,1,10,10,8,
Lis,20,1,10,10,8,
Gupta,20,1,10,10,8,
Lars1,20,1,2,2,8,
Lars2,20,1,2,2,8,71.0
Lis,20,1,2,2,8,
Gupta,20,1,2,2,8,
Lars1,20,1,4,4,8,
Lars2,20,1,4,4,8,
Lis,20,1,4,4,8,
Gupta,20,1,4,4,8,
Lars1,20,1,6,6,8,
Lars2,20,1,6,6,8,
Lis,20,1,6,6,8,
Gupta,20,1,6,6,8,
Lars1,20,1,8,8,8,
Lars2,20,1,8,8,8,
Lis,20,1,8,8,8,
Gupta,20,1,8,8,8,
Lars1,20,20,10,10,8,
Lars2,20,20,10,10,8,
Lis,20,20,10,10,8,
Gupta,20,20,10,10,8,
Lars1,20,20,2,2,8,
Lars2,20,20,2,2,8,88.0
Lis,20,20,2,2,8,
Gupta,20,20,2,2,8,
Lars1,20,20,4,4,8,
Lars2,20,20,4,4,8,
Lis,20,20,4,4,8,
Gupta,20,20,4,4,8,
Lars1,20,20,6,6,8,
Lars2,20,20,6,6,8,
Lis,20,20,6,6,8,
Gupta,20,20,6,6,8,
Lars1,20,20,8,8,8,
Lars2,20,20,8,8,8,
Lis,20,20,8,8,8,
Gupta,20,20,8,8,8,
Lars1,20,2,10,10,8,
Lars2,20,2,10,10,8,
Lis,20,2,10,10,8,
Gupta,20,2,10,10,8,
Lars1,20,2,2,2,8,
Lars2,20,2,2,2,8,86.0
Lis,20,2,2,2,8,
Gupta,20,2,2,2,8,
Lars1,20,2,4,4,8,
Lars2,20,2,4,4,8,
Lis,20,2,4,4,8,
Gupta,20,2,4,4,8,
Lars1,20,2,6,6,8,
Lars2,20,2,6,6,8,
Lis,20,2,6,6,8,
Gupta,20,2,6,6,8,
Lars1,20,2,8,8,8,
Lars2,20,2,8,8,8,
Lis,20,2,8,8,8,
Gupta,20,2,8,8,8,
Lars1,20,3,10,10,8,
Lars2,20,3,10,10,8,
Lis,20,3,10,10,8,
Gupta,20,3,10,10,8,
Lars1,20,3,2,2,8,
Lars2,20,3,2,2,8,72.0
Lis,20,3,2,2,8,
Gupta,20,3,2,2,8,
Lars1,20,3,4,4,8,
Lars2,20,3,4,4,8,
Lis,20,3,4,4,8,
Gupta,20,3,4,4,8,
Lars1,20,3,6,6,8,
Lars2,20,3,6,6,8,
Lis,20,3,6,6,8,
Gupta,20,3,6,6,8,
Lars1,20,3,8,8,8,
Lars2,20,3,8,8,8,
Lis,20,3,8,8,8,
Gupta,20,3,8,8,8,
Lars1,20,40,10,10,8,
Lars2,20,40,10,10,8,
Lis,20,40,10,10,8,
Gupta,20,40,10,10,8,
Lars1,20,40,2,2,8,
Lars2,20,40,2,2,8,73.0
Lis,20,40,2,2,8,
Gupta,20,40,2,2,8,
Lars1,20,40,4,4,8,
Lars2,20,40,4,4,8,
Lis,20,40,4,4,8,
Gupta,20,40,4,4,8,
Lars1,20,40,6,6,8,
Lars2,20,40,6,6,8,
Lis,20,40,6,6,8,
Gupta,20,40,6,6,8,
Lars1,20,40,8,8,8,
Lars2,20,40,8,8,8,
Lis,20,40,8,8,8,
Gupta,20,40,8,8,8,
Lars1,20,4,10,10,8,
Lars2,20,4,10,10,8,
Lis,20,4,10,10,8,
Gupta,20,4,10,10,8,
Lars1,20,4,2,2,8,
Lars2,20,4,2,2,8,66.0
Lis,20,4,2,2,8,
Gupta,20,4,2,2,8,
Lars1,20,4,4,4,8,
Lars2,20,4,4,4,8,
Lis,20,4,4,4,8,
Gupta,20,4,4,4,8,
Lars1,20,4,6,6,8,
Lars2,20,4,6,6,8,
Lis,20,4,6,6,8,
Gupta,20,4,6,6,8,
Lars1,20,4,8,8,8,
Lars2,20,4,8,8,8,
Lis,20,4,8,8,8,
Gupta,20,4,8,8,8,
Lars1,20,500,10,10,8,
Lars2,20,500,10,10,8,
Lis,20,500,10,10,8,
Gupta,20,500,10,10,8,
Lars1,20,500,2,2,8,
Lars2,20,500,2,2,8,86.0
Lis,20,500,2,2,8,
Gupta,20,500,2,2,8,
Lars1,20,500,4,4,8,
Lars2,20,500,4,4,8,
Lis,20,500,4,4,8,
Gupta,20,500,4,4,8,
Lars1,20,500,6,6,8,
Lars2,20,500,6,6,8,
Lis,20,500,6,6,8,
Gupta,20,500,6,6,8,
Lars1,20,500,8,8,8,
Lars2,20,500,8,8,8,
Lis,20,500,8,8,8,
Gupta,20,500,8,8,8,
Lars1,20,5,10,10,8,
Lars2,20,5,10,10,8,
Lis,20,5,10,10,8,
Gupta,20,5,10,10,8,
Lars1,20,5,2,2,8,
Lars2,20,5,2,2,8,74.0
Lis,20,5,2,2,8,
Gupta,20,5,2,2,8,
Lars1,20,5,4,4,8,
Lars2,20,5,4,4,8,
Lis,20,5,4,4,8,
Gupta,20,5,4,4,8,
Lars1,20,5,6,6,8,
Lars2,20,5,6,6,8,
Lis,20,5,6,6,8,
Gupta,20,5,6,6,8,
Lars1,20,5,8,8,8,
Lars2,20,5,8,8,8,
Lis,20,5,8,8,8,
Gupta,20,5,8,8,8,
Lars1,20,60,10,10,8,
Lars2,20,60,10,10,8,
Lis,20,60,10,10,8,
Gupta,20,60,10,10,8,
Lars1,20,60,2,2,8,
Lars2,20,60,2,2,8,81.0
Lis,20,60,2,2,8,
Gupta,20,60,2,2,8,
Lars1,20,60,4,4,8,
Lars2,20,60,4,4,8,
Lis,20,60,4,4,8,
Gupta,20,60,4,4,8,
Lars1,20,60,6,6,8,
Lars2,20,60,6,6,8,
Lis,20,60,6,6,8,
Gupta,20,60,6,6,8,
Lars1,20,60,8,8,8,
Lars2,20,60,8,8,8,
Lis,20,60,8,8,8,
Gupta,20,60,8,8,8,
Lars1,20,6,10,10,8,
Lars2,20,6,10,10,8,
Lis,20,6,10,10,8,
Gupta,20,6,10,10,8,
Lars1,20,6,2,2,8,
Lars2,20,6,2,2,8,62.0
Lis,20,6,2,2,8,
Gupta,20,6,2,2,8,
Lars1,20,6,4,4,8,
Lars2,20,6,4,4,8,
Lis,20,6,4,4,8,
Gupta,20,6,4,4,8,
Lars1,20,6,6,6,8,
Lars2,20,6,6,6,8,
Lis,20,6,6,6,8,
Gupta,20,6,6,6,8,
Lars1,20,6,8,8,8,
Lars2,20,6,8,8,8,
Lis,20,6,8,8,8,
Gupta,20,6,8,8,8,
Lars1,20,7,10,10,8,
Lars2,20,7,10,10,8,
Lis,20,7,10,10,8,
Gupta,20,7,10,10,8,
Lars1,20,7,2,2,8,
Lars2,20,7,2,2,8,70.0
Lis,20,7,2,2,8,
Gupta,20,7,2,2,8,
Lars1,20,7,4,4,8,
Lars2,20,7,4,4,8,
Lis,20,7,4,4,8,
Gupta,20,7,4,4,8,
Lars1,20,7,6,6,8,
Lars2,20,7,6,6,8,
Lis,20,7,6,6,8,
Gupta,20,7,6,6,8,
Lars1,20,7,8,8,8,
Lars2,20,7,8,8,8,
Lis,20,7,8,8,8,
Gupta,20,7,8,8,8,
Lars1,20,80,10,10,8,
Lars2,20,80,10,10,8,
Lis,20,80,10,10,8,
Gupta,20,80,10,10,8,
Lars1,20,80,2,2,8,
Lars2,20,80,2,2,8,69.0
Lis,20,80,2,2,8,
Gupta,20,80,2,2,8,
Lars1,20,80,4,4,8,
Lars2,20,80,4,4,8,
Lis,20,80,4,4,8,
Gupta,20,80,4,4,8,
Lars1,20,80,6,6,8,
Lars2,20,80,6,6,8,
Lis,20,80,6,6,8,
Gupta,20,80,6,6,8,
Lars1,20,80,8,8,8,
Lars2,20,80,8,8,8,
Lis,20,80,8,8,8,
Gupta,20,80,8,8,8,
Lars1,20,8,10,10,8,
Lars2,20,8,10,10,8,
Lis,20,8,10,10,8,
Gupta,20,8,10,10,8,
Lars1,20,8,2,2,8,
Lars2,20,8,2,2,8,58.0
Lis,20,8,2,2,8,
Gupta,20,8,2,2,8,
Lars1,20,8,4,4,8,
Lars2,20,8,4,4,8,
Lis,20,8,4,4,8,
Gupta,20,8,4,4,8,
Lars1,20,8,6,6,8,
Lars2,20,8,6,6,8,
Lis,20,8,6,6,8,
Gupta,20,8,6,6,8,
Lars1,20,8,8,8,8,
Lars2,20,8,8,8,8,
Lis,20,8,8,8,8,
Gupta,20,8,8,8,8,
Lars1,20,9,10,10,8,
Lars2,20,9,10,10,8,
Lis,20,9,10,10,8,
Gupta,20,9,10,10,8,
Lars1,20,9,2,2,8,
Lars2,20,9,2,2,8,65.0
Lis,20,9,2,2,8,
Gupta,20,9,2,2,8,
Lars1,20,9,4,4,8,
Lars2,20,9,4,4,8,
Lis,20,9,4,4,8,
Gupta,20,9,4,4,8,
Lars1,20,9,6,6,8,
Lars2,20,9,6,6,8,
Lis,20,9,6,6,8,
Gupta,20,9,6,6,8,
Lars1,20,9,8,8,8,
Lars2,20,9,8,8,8,
Lis,20,9,8,8,8,
Gupta,20,9,8,8,8,
Lars1,2,1000,10,10,8,
Lars2,2,1000,10,10,8,
Lis,2,1000,10,10,8,
Gupta,2,1000,10,10,8,
Lars1,2,1000,2,2,8,
Lars2,2,1000,2,2,8,1263.0
Lis,2,1000,2,2,8,
Gupta,2,1000,2,2,8,
Lars1,2,1000,4,4,8,
Lars2,2,1000,4,4,8,
Lis,2,1000,4,4,8,
Gupta,2,1000,4,4,8,
Lars1,2,1000,6,6,8,
Lars2,2,1000,6,6,8,
Lis,2,1000,6,6,8,
Gupta,2,1000,6,6,8,
Lars1,2,1000,8,8,8,
Lars2,2,1000,8,8,8,
Lis,2,1000,8,8,8,
Gupta,2,1000,8,8,8,
Lars1,2,100,10,10,8,
Lars2,2,100,10,10,8,
Lis,2,100,10,10,8,
Gupta,2,100,10,10,8,
Lars1,2,100,2,2,8,
Lars2,2,100,2,2,8,109.0
Lis,2,100,2,2,8,
Gupta,2,100,2,2,8,
Lars1,2,100,4,4,8,
Lars2,2,100,4,4,8,
Lis,2,100,4,4,8,
Gupta,2,100,4,4,8,
Lars1,2,100,6,6,8,
Lars2,2,100,6,6,8,
Lis,2,100,6,6,8,
Gupta,2,100,6,6,8,
Lars1,2,100,8,8,8,
Lars2,2,100,8,8,8,
Lis,2,100,8,8,8,
Gupta,2,100,8,8,8,
Lars1,2,10,10,10,8,
Lars2,2,10,10,10,8,
Lis,2,10,10,10,8,
Gupta,2,10,10,10,8,
Lars1,2,10,2,2,8,
Lars2,2,10,2,2,8,68.0
Lis,2,10,2,2,8,
Gupta,2,10,2,2,8,
Lars1,2,10,4,4,8,
Lars2,2,10,4,4,8,
Lis,2,10,4,4,8,
Gupta,2,10,4,4,8,
Lars1,2,10,6,6,8,
Lars2,2,10,6,6,8,
Lis,2,10,6,6,8,
Gupta,2,10,6,6,8,
Lars1,2,10,8,8,8,
Lars2,2,10,8,8,8,
Lis,2,10,8,8,8,
Gupta,2,10,8,8,8,
Lars1,2,1,10,10,8,
Lars2,2,1,10,10,8,
Lis,2,1,10,10,8,
Gupta,2,1,10,10,8,
Lars1,2,1,2,2,8,
Lars2,2,1,2,2,8,70.0
Lis,2,1,2,2,8,
Gupta,2,1,2,2,8,
Lars1,2,1,4,4,8,
Lars2,2,1,4,4,8,
Lis,2,1,4,4,8,
Gupta,2,1,4,4,8,
Lars1,2,1,6,6,8,
Lars2,2,1,6,6,8,
Lis,2,1,6,6,8,
Gupta,2,1,6,6,8,
Lars1,2,1,8,8,8,
Lars2,2,1,8,8,8,
Lis,2,1,8,8,8,
Gupta,2,1,8,8,8,
Lars1,2,20,10,10,8,
Lars2,2,20,10,10,8,
Lis,2,20,10,10,8,
Gupta,2,20,10,10,8,
Lars1,2,20,2,2,8,
Lars2,2,20,2,2,8,72.0
Lis,2,20,2,2,8,
Gupta,2,20,2,2,8,
Lars1,2,20,4,4,8,
Lars2,2,20,4,4,8,
Lis,2,20,4,4,8,
Gupta,2,20,4,4,8,
Lars1,2,20,6,6,8,
Lars2,2,20,6,6,8,
Lis,2,20,6,6,8,
Gupta,2,20,6,6,8,
Lars1,2,20,8,8,8,
Lars2,2,20,8,8,8,
Lis,2,20,8,8,8,
Gupta,2,20,8,8,8,
Lars1,2,2,10,10,8,
Lars2,2,2,10,10,8,
Lis,2,2,10,10,8,
Gupta,2,2,10,10,8,
Lars1,2,2,2,2,8,
Lars2,2,2,2,2,8,71.0
Lis,2,2,2,2,8,
Gupta,2,2,2,2,8,
Lars1,2,2,4,4,8,
Lars2,2,2,4,4,8,
Lis,2,2,4,4,8,
Gupta,2,2,4,4,8,
Lars1,2,2,6,6,8,
Lars2,2,2,6,6,8,
Lis,2,2,6,6,8,
Gupta,2,2,6,6,8,
Lars1,2,2,8,8,8,
Lars2,2,2,8,8,8,
Lis,2,2,8,8,8,
Gupta,2,2,8,8,8,
Lars1,2,3,10,10,8,
Lars2,2,3,10,10,8,
Lis,2,3,10,10,8,
Gupta,2,3,10,10,8,
Lars1,2,3,2,2,8,
Lars2,2,3,2,2,8,70.0
Lis,2,3,2,2,8,
Gupta,2,3,2,2,8,
Lars1,2,3,4,4,8,
Lars2,2,3,4,4,8,
Lis,2,3,4,4,8,
Gupta,2,3,4,4,8,
Lars1,2,3,6,6,8,
Lars2,2,3,6,6,8,
Lis,2,3,6,6,8,
Gupta,2,3,6,6,8,
Lars1,2,3,8,8,8,
Lars2,2,3,8,8,8,
Lis,2,3,8,8,8,
Gupta,2,3,8,8,8,
Lars1,2,40,10,10,8,
Lars2,2,40,10,10,8,
Lis,2,40,10,10,8,
Gupta,2,40,10,10,8,
Lars1,2,40,2,2,8,
Lars2,2,40,2,2,8,82.0
Lis,2,40,2,2,8,
Gupta,2,40,2,2,8,
Lars1,2,40,4,4,8,
Lars2,2,40,4,4,8,
Lis,2,40,4,4,8,
Gupta,2,40,4,4,8,
Lars1,2,40,6,6,8,
Lars2,2,40,6,6,8,
Lis,2,40,6,6,8,
Gupta,2,40,6,6,8,
Lars1,2,40,8,8,8,
Lars2,2,40,8,8,8,
Lis,2,40,8,8,8,
Gupta,2,40,8,8,8,
Lars1,2,4,10,10,8,
Lars2,2,4,10,10,8,
Lis,2,4,10,10,8,
Gupta,2,4,10,10,8,
Lars1,2,4,2,2,8,
Lars2,2,4,2,2,8,68.0
Lis,2,4,2,2,8,
Gupta,2,4,2,2,8,
Lars1,2,4,4,4,8,
Lars2,2,4,4,4,8,
Lis,2,4,4,4,8,
Gupta,2,4,4,4,8,
Lars1,2,4,6,6,8,
Lars2,2,4,6,6,8,
Lis,2,4,6,6,8,
Gupta,2,4,6,6,8,
Lars1,2,4,8,8,8,
Lars2,2,4,8,8,8,
Lis,2,4,8,8,8,
Gupta,2,4,8,8,8,
Lars1,2,500,10,10,8,
Lars2,2,500,10,10,8,
Lis,2,500,10,10,8,
Gupta,2,500,10,10,8,
Lars1,2,500,2,2,8,
Lars2,2,500,2,2,8,310.0
Lis,2,500,2,2,8,
Gupta,2,500,2,2,8,
Lars1,2,500,4,4,8,
Lars2,2,500,4,4,8,
Lis,2,500,4,4,8,
Gupta,2,500,4,4,8,
Lars1,2,500,6,6,8,
Lars2,2,500,6,6,8,
Lis,2,500,6,6,8,
Gupta,2,500,6,6,8,
Lars1,2,500,8,8,8,
Lars2,2,500,8,8,8,
Lis,2,500,8,8,8,
Gupta,2,500,8,8,8,
Lars1,2,5,10,10,8,
Lars2,2,5,10,10,8,
Lis,2,5,10,10,8,
Gupta,2,5,10,10,8,
Lars1,2,5,2,2,8,
Lars2,2,5,2,2,8,81.0
Lis,2,5,2,2,8,
Gupta,2,5,2,2,8,
Lars1,2,5,4,4,8,
Lars2,2,5,4,4,8,
Lis,2,5,4,4,8,
Gupta,2,5,4,4,8,
Lars1,2,5,6,6,8,
Lars2,2,5,6,6,8,
Lis,2,5,6,6,8,
Gupta,2,5,6,6,8,
Lars1,2,5,8,8,8,
Lars2,2,5,8,8,8,
Lis,2,5,8,8,8,
Gupta,2,5,8,8,8,
Lars1,2,60,10,10,8,
Lars2,2,60,10,10,8,
Lis,2,60,10,10,8,
Gupta,2,60,10,10,8,
Lars1,2,60,2,2,8,
Lars2,2,60,2,2,8,99.0
Lis,2,60,2,2,8,
Gupta,2,60,2,2,8,
Lars1,2,60,4,4,8,
Lars2,2,60,4,4,8,
Lis,2,60,4,4,8,
Gupta,2,60,4,4,8,
Lars1,2,60,6,6,8,
Lars2,2,60,6,6,8,
Lis,2,60,6,6,8,
Gupta,2,60,6,6,8,
Lars1,2,60,8,8,8,
Lars2,2,60,8,8,8,
Lis,2,60,8,8,8,
Gupta,2,60,8,8,8,
Lars1,2,6,10,10,8,
Lars2,2,6,10,10,8,
Lis,2,6,10,10,8,
Gupta,2,6,10,10,8,
Lars1,2,6,2,2,8,
Lars2,2,6,2,2,8,79.0
Lis,2,6,2,2,8,
Gupta,2,6,2,2,8,
Lars1,2,6,4,4,8,
Lars2,2,6,4,4,8,
Lis,2,6,4,4,8,
Gupta,2,6,4,4,8,
Lars1,2,6,6,6,8,
Lars2,2,6,6,6,8,
Lis,2,6,6,6,8,
Gupta,2,6,6,6,8,
Lars1,2,6,8,8,8,
Lars2,2,6,8,8,8,
Lis,2,6,8,8,8,
Gupta,2,6,8,8,8,
Lars1,2,7,10,10,8,
Lars2,2,7,10,10,8,
Lis,2,7,10,10,8,
Gupta,2,7,10,10,8,
Lars1,2,7,2,2,8,
Lars2,2,7,2,2,8,80.0
Lis,2,7,2,2,8,
Gupta,2,7,2,2,8,
Lars1,2,7,4,4,8,
Lars2,2,7,4,4,8,
Lis,2,7,4,4,8,
Gupta,2,7,4,4,8,
Lars1,2,7,6,6,8,
Lars2,2,7,6,6,8,
Lis,2,7,6,6,8,
Gupta,2,7,6,6,8,
Lars1,2,7,8,8,8,
Lars2,2,7,8,8,8,
Lis,2,7,8,8,8,
Gupta,2,7,8,8,8,
Lars1,2,80,10,10,8,
Lars2,2,80,10,10,8,
Lis,2,80,10,10,8,
Gupta,2,80,10,10,8,
Lars1,2,80,2,2,8,
Lars2,2,80,2,2,8,112.0
Lis,2,80,2,2,8,
Gupta,2,80,2,2,8,
Lars1,2,80,4,4,8,
Lars2,2,80,4,4,8,
Lis,2,80,4,4,8,
Gupta,2,80,4,4,8,
Lars1,2,80,6,6,8,
Lars2,2,80,6,6,8,
Lis,2,80,6,6,8,
Gupta,2,80,6,6,8,
Lars1,2,80,8,8,8,
Lars2,2,80,8,8,8,
Lis,2,80,8,8,8,
Gupta,2,80,8,8,8,
Lars1,2,8,10,10,8,
Lars2,2,8,10,10,8,
Lis,2,8,10,10,8,
Gupta,2,8,10,10,8,
Lars1,2,8,2,2,8,
Lars2,2,8,2,2,8,72.0
Lis,2,8,2,2,8,
Gupta,2,8,2,2,8,
Lars1,2,8,4,4,8,
Lars2,2,8,4,4,8,
Lis,2,8,4,4,8,
Gupta,2,8,4,4,8,
Lars1,2,8,6,6,8,
Lars2,2,8,6,6,8,
Lis,2,8,6,6,8,
Gupta,2,8,6,6,8,
Lars1,2,8,8,8,8,
Lars2,2,8,8,8,8,
Lis,2,8,8,8,8,
Gupta,2,8,8,8,8,
Lars1,2,9,10,10,8,
Lars2,2,9,10,10,8,
Lis,2,9,10,10,8,
Gupta,2,9,10,10,8,
Lars1,2,9,2,2,8,
Lars2,2,9,2,2,8,70.0
Lis,2,9,2,2,8,
Gupta,2,9,2,2,8,
Lars1,2,9,4,4,8,
Lars2,2,9,4,4,8,
Lis,2,9,4,4,8,
Gupta,2,9,4,4,8,
Lars1,2,9,6,6,8,
Lars2,2,9,6,6,8,
Lis,2,9,6,6,8,
Gupta,2,9,6,6,8,
Lars1,2,9,8,8,8,
Lars2,2,9,8,8,8,
Lis,2,9,8,8,8,
Gupta,2,9,8,8,8,
Lars1,3,1000,10,10,8,
Lars2,3,1000,10,10,8,
Lis,3,1000,10,10,8,
Gupta,3,1000,10,10,8,
Lars1,3,1000,2,2,8,
Lars2,3,1000,2,2,8,151.0
Lis,3,1000,2,2,8,
Gupta,3,1000,2,2,8,
Lars1,3,1000,4,4,8,
Lars2,3,1000,4,4,8,
Lis,3,1000,4,4,8,
Gupta,3,1000,4,4,8,
Lars1,3,1000,6,6,8,
Lars2,3,1000,6,6,8,
Lis,3,1000,6,6,8,
Gupta,3,1000,6,6,8,
Lars1,3,1000,8,8,8,
Lars2,3,1000,8,8,8,
Lis,3,1000,8,8,8,
Gupta,3,1000,8,8,8,
Lars1,3,100,10,10,8,
Lars2,3,100,10,10,8,
Lis,3,100,10,10,8,
Gupta,3,100,10,10,8,
Lars1,3,100,2,2,8,
Lars2,3,100,2,2,8,78.0
Lis,3,100,2,2,8,
Gupta,3,100,2,2,8,
Lars1,3,100,4,4,8,
Lars2,3,100,4,4,8,
Lis,3,100,4,4,8,
Gupta,3,100,4,4,8,
Lars1,3,100,6,6,8,
Lars2,3,100,6,6,8,
Lis,3,100,6,6,8,
Gupta,3,100,6,6,8,
Lars1,3,100,8,8,8,
Lars2,3,100,8,8,8,
Lis,3,100,8,8,8,
Gupta,3,100,8,8,8,
Lars1,3,10,10,10,8,
Lars2,3,10,10,10,8,
Lis,3,10,10,10,8,
Gupta,3,10,10,10,8,
Lars1,3,10,2,2,8,
Lars2,3,10,2,2,8,70.0
Lis,3,10,2,2,8,
Gupta,3,10,2,2,8,
Lars1,3,10,4,4,8,
Lars2,3,10,4,4,8,
Lis,3,10,4,4,8,
Gupta,3,10,4,4,8,
Lars1,3,10,6,6,8,
Lars2,3,10,6,6,8,
Lis,3,10,6,6,8,
Gupta,3,10,6,6,8,
Lars1,3,10,8,8,8,
Lars2,3,10,8,8,8,
Lis,3,10,8,8,8,
Gupta,3,10,8,8,8,
Lars1,3,1,10,10,8,
Lars2,3,1,10,10,8,
Lis,3,1,10,10,8,
Gupta,3,1,10,10,8,
Lars1,3,1,2,2,8,
Lars2,3,1,2,2,8,79.0
Lis,3,1,2,2,8,
Gupta,3,1,2,2,8,
Lars1,3,1,4,4,8,
Lars2,3,1,4,4,8,
Lis,3,1,4,4,8,
Gupta,3,1,4,4,8,
Lars1,3,1,6,6,8,
Lars2,3,1,6,6,8,
Lis,3,1,6,6,8,
Gupta,3,1,6,6,8,
Lars1,3,1,8,8,8,
Lars2,3,1,8,8,8,
Lis,3,1,8,8,8,
Gupta,3,1,8,8,8,
Lars1,3,20,10,10,8,
Lars2,3,20,10,10,8,
Lis,3,20,10,10,8,
Gupta,3,20,10,10,8,
Lars1,3,20,2,2,8,
Lars2,3,20,2,2,8,73.0
Lis,3,20,2,2,8,
Gupta,3,20,2,2,8,
Lars1,3,20,4,4,8,
Lars2,3,20,4,4,8,
Lis,3,20,4,4,8,
Gupta,3,20,4,4,8,
Lars1,3,20,6,6,8,
Lars2,3,20,6,6,8,
Lis,3,20,6,6,8,
Gupta,3,20,6,6,8,
Lars1,3,20,8,8,8,
Lars2,3,20,8,8,8,
Lis,3,20,8,8,8,
Gupta,3,20,8,8,8,
Lars1,3,2,10,10,8,
Lars2,3,2,10,10,8,
Lis,3,2,10,10,8,
Gupta,3,2,10,10,8,
Lars1,3,2,2,2,8,
Lars2,3,2,2,2,8,73.0
Lis,3,2,2,2,8,
Gupta,3,2,2,2,8,
Lars1,3,2,4,4,8,
Lars2,3,2,4,4,8,
Lis,3,2,4,4,8,
Gupta,3,2,4,4,8,
Lars1,3,2,6,6,8,
Lars2,3,2,6,6,8,
Lis,3,2,6,6,8,
Gupta,3,2,6,6,8,
Lars1,3,2,8,8,8,
Lars2,3,2,8,8,8,
Lis,3,2,8,8,8,
Gupta,3,2,8,8,8,
Lars1,3,3,10,10,8,
Lars2,3,3,10,10,8,
Lis,3,3,10,10,8,
Gupta,3,3,10,10,8,
Lars1,3,3,2,2,8,
Lars2,3,3,2,2,8,67.0
Lis,3,3,2,2,8,
Gupta,3,3,2,2,8,
Lars1,3,3,4,4,8,
Lars2,3,3,4,4,8,
Lis,3,3,4,4,8,
Gupta,3,3,4,4,8,
Lars1,3,3,6,6,8,
Lars2,3,3,6,6,8,
Lis,3,3,6,6,8,
Gupta,3,3,6,6,8,
Lars1,3,3,8,8,8,
Lars2,3,3,8,8,8,
Lis,3,3,8,8,8,
Gupta,3,3,8,8,8,
Lars1,3,40,10,10,8,
Lars2,3,40,10,10,8,
Lis,3,40,10,10,8,
Gupta,3,40,10,10,8,
Lars1,3,40,2,2,8,
Lars2,3,40,2,2,8,83.0
Lis,3,40,2,2,8,
Gupta,3,40,2,2,8,
Lars1,3,40,4,4,8,
Lars2,3,40,4,4,8,
Lis,3,40,4,4,8,
Gupta,3,40,4,4,8,
Lars1,3,40,6,6,8,
Lars2,3,40,6,6,8,
Lis,3,40,6,6,8,
Gupta,3,40,6,6,8,
Lars1,3,40,8,8,8,
Lars2,3,40,8,8,8,
Lis,3,40,8,8,8,
Gupta,3,40,8,8,8,
Lars1,3,4,10,10,8,
Lars2,3,4,10,10,8,
Lis,3,4,10,10,8,
Gupta,3,4,10,10,8,
Lars1,3,4,2,2,8,
Lars2,3,4,2,2,8,59.0
Lis,3,4,2,2,8,
Gupta,3,4,2,2,8,
Lars1,3,4,4,4,8,
Lars2,3,4,4,4,8,
Lis,3,4,4,4,8,
Gupta,3,4,4,4,8,
Lars1,3,4,6,6,8,
Lars2,3,4,6,6,8,
Lis,3,4,6,6,8,
Gupta,3,4,6,6,8,
Lars1,3,4,8,8,8,
Lars2,3,4,8,8,8,
Lis,3,4,8,8,8,
Gupta,3,4,8,8,8,
Lars1,3,500,10,10,8,
Lars2,3,500,10,10,8,
Lis,3,500,10,10,8,
Gupta,3,500,10,10,8,
Lars1,3,500,2,2,8,
Lars2,3,500,2,2,8,1103.0
Lis,3,500,2,2,8,
Gupta,3,500,2,2,8,
Lars1,3,500,4,4,8,
Lars2,3,500,4,4,8,
Lis,3,500,4,4,8,
Gupta,3,500,4,4,8,
Lars1,3,500,6,6,8,
Lars2,3,500,6,6,8,
Lis,3,500,6,6,8,
Gupta,3,500,6,6,8,
Lars1,3,500,8,8,8,
Lars2,3,500,8,8,8,
Lis,3,500,8,8,8,
Gupta,3,500,8,8,8,
Lars1,3,5,10,10,8,
Lars2,3,5,10,10,8,
Lis,3,5,10,10,8,
Gupta,3,5,10,10,8,
Lars1,3,5,2,2,8,
Lars2,3,5,2,2,8,78.0
Lis,3,5,2,2,8,
Gupta,3,5,2,2,8,
Lars1,3,5,4,4,8,
Lars2,3,5,4,4,8,
Lis,3,5,4,4,8,
Gupta,3,5,4,4,8,
Lars1,3,5,6,6,8,
Lars2,3,5,6,6,8,
Lis,3,5,6,6,8,
Gupta,3,5,6,6,8,
Lars1,3,5,8,8,8,
Lars2,3,5,8,8,8,
Lis,3,5,8,8,8,
Gupta,3,5,8,8,8,
Lars1,3,60,10,10,8,
Lars2,3,60,10,10,8,
Lis,3,60,10,10,8,
Gupta,3,60,10,10,8,
Lars1,3,60,2,2,8,
Lars2,3,60,2,2,8,82.0
Lis,3,60,2,2,8,
Gupta,3,60,2,2,8,
Lars1,3,60,4,4,8,
Lars2,3,60,4,4,8,
Lis,3,60,4,4,8,
Gupta,3,60,4,4,8,
Lars1,3,60,6,6,8,
Lars2,3,60,6,6,8,
Lis,3,60,6,6,8,
Gupta,3,60,6,6,8,
Lars1,3,60,8,8,8,
Lars2,3,60,8,8,8,
Lis,3,60,8,8,8,
Gupta,3,60,8,8,8,
Lars1,3,6,10,10,8,
Lars2,3,6,10,10,8,
Lis,3,6,10,10,8,
Gupta,3,6,10,10,8,
Lars1,3,6,2,2,8,
Lars2,3,6,2,2,8,69.0
Lis,3,6,2,2,8,
Gupta,3,6,2,2,8,
Lars1,3,6,4,4,8,
Lars2,3,6,4,4,8,
Lis,3,6,4,4,8,
Gupta,3,6,4,4,8,
Lars1,3,6,6,6,8,
Lars2,3,6,6,6,8,
Lis,3,6,6,6,8,
Gupta,3,6,6,6,8,
Lars1,3,6,8,8,8,
Lars2,3,6,8,8,8,
Lis,3,6,8,8,8,
Gupta,3,6,8,8,8,
Lars1,3,7,10,10,8,
Lars2,3,7,10,10,8,
Lis,3,7,10,10,8,
Gupta,3,7,10,10,8,
Lars1,3,7,2,2,8,
Lars2,3,7,2,2,8,75.0
Lis,3,7,2,2,8,
Gupta,3,7,2,2,8,
Lars1,3,7,4,4,8,
Lars2,3,7,4,4,8,
Lis,3,7,4,4,8,
Gupta,3,7,4,4,8,
Lars1,3,7,6,6,8,
Lars2,3,7,6,6,8,
Lis,3,7,6,6,8,
Gupta,3,7,6,6,8,
Lars1,3,7,8,8,8,
Lars2,3,7,8,8,8,
Lis,3,7,8,8,8,
Gupta,3,7,8,8,8,
Lars1,3,80,10,10,8,
Lars2,3,80,10,10,8,
Lis,3,80,10,10,8,
Gupta,3,80,10,10,8,
Lars1,3,80,2,2,8,
Lars2,3,80,2,2,8,76.0
Lis,3,80,2,2,8,
Gupta,3,80,2,2,8,
Lars1,3,80,4,4,8,
Lars2,3,80,4,4,8,
Lis,3,80,4,4,8,
Gupta,3,80,4,4,8,
Lars1,3,80,6,6,8,
Lars2,3,80,6,6,8,
Lis,3,80,6,6,8,
Gupta,3,80,6,6,8,
Lars1,3,80,8,8,8,
Lars2,3,80,8,8,8,
Lis,3,80,8,8,8,
Gupta,3,80,8,8,8,
Lars1,3,8,10,10,8,
Lars2,3,8,10,10,8,
Lis,3,8,10,10,8,
Gupta,3,8,10,10,8,
Lars1,3,8,2,2,8,
Lars2,3,8,2,2,8,75.0
Lis,3,8,2,2,8,
Gupta,3,8,2,2,8,
Lars1,3,8,4,4,8,
Lars2,3,8,4,4,8,
Lis,3,8,4,4,8,
Gupta,3,8,4,4,8,
Lars1,3,8,6,6,8,
Lars2,3,8,6,6,8,
Lis,3,8,6,6,8,
Gupta,3,8,6,6,8,
Lars1,3,8,8,8,8,
Lars2,3,8,8,8,8,
Lis,3,8,8,8,8,
Gupta,3,8,8,8,8,
Lars1,3,9,10,10,8,
Lars2,3,9,10,10,8,
Lis,3,9,10,10,8,
Gupta,3,9,10,10,8,
Lars1,3,9,2,2,8,
Lars2,3,9,2,2,8,68.0
Lis,3,9,2,2,8,
Gupta,3,9,2,2,8,
Lars1,3,9,4,4,8,
Lars2,3,9,4,4,8,
Lis,3,9,4,4,8,
Gupta,3,9,4,4,8,
Lars1,3,9,6,6,8,
Lars2,3,9,6,6,8,
Lis,3,9,6,6,8,
Gupta,3,9,6,6,8,
Lars1,3,9,8,8,8,
Lars2,3,9,8,8,8,
Lis,3,9,8,8,8,
Gupta,3,9,8,8,8,
Lars1,40,1000,10,10,8,
Lars2,40,1000,10,10,8,
Lis,40,1000,10,10,8,
Gupta,40,1000,10,10,8,
Lars1,40,1000,2,2,8,
Lars2,40,1000,2,2,8,94.0
Lis,40,1000,2,2,8,
Gupta,40,1000,2,2,8,
Lars1,40,1000,4,4,8,
Lars2,40,1000,4,4,8,
Lis,40,1000,4,4,8,
Gupta,40,1000,4,4,8,
Lars1,40,1000,6,6,8,
Lars2,40,1000,6,6,8,
Lis,40,1000,6,6,8,
Gupta,40,1000,6,6,8,
Lars1,40,1000,8,8,8,
Lars2,40,1000,8,8,8,
Lis,40,1000,8,8,8,
Gupta,40,1000,8,8,8,
Lars1,40,100,10,10,8,
Lars2,40,100,10,10,8,
Lis,40,100,10,10,8,
Gupta,40,100,10,10,8,
Lars1,40,100,2,2,8,
Lars2,40,100,2,2,8,69.0
Lis,40,100,2,2,8,
Gupta,40,100,2,2,8,
Lars1,40,100,4,4,8,
Lars2,40,100,4,4,8,
Lis,40,100,4,4,8,
Gupta,40,100,4,4,8,
Lars1,40,100,6,6,8,
Lars2,40,100,6,6,8,
Lis,40,100,6,6,8,
Gupta,40,100,6,6,8,
Lars1,40,100,8,8,8,
Lars2,40,100,8,8,8,
Lis,40,100,8,8,8,
Gupta,40,100,8,8,8,
Lars1,40,10,10,10,8,
Lars2,40,10,10,10,8,
Lis,40,10,10,10,8,
Gupta,40,10,10,10,8,
Lars1,40,10,2,2,8,
Lars2,40,10,2,2,8,86.0
Lis,40,10,2,2,8,
Gupta,40,10,2,2,8,
Lars1,40,10,4,4,8,
Lars2,40,10,4,4,8,
Lis,40,10,4,4,8,
Gupta,40,10,4,4,8,
Lars1,40,10,6,6,8,
Lars2,40,10,6,6,8,
Lis,40,10,6,6,8,
Gupta,40,10,6,6,8,
Lars1,40,10,8,8,8,
Lars2,40,10,8,8,8,
Lis,40,10,8,8,8,
Gupta,40,10,8,8,8,
Lars1,40,1,10,10,8,
Lars2,40,1,10,10,8,
Lis,40,1,10,10,8,
Gupta,40,1,10,10,8,
Lars1,40,1,2,2,8,
Lars2,40,1,2,2,8,76.0
Lis,40,1,2,2,8,
Gupta,40,1,2,2,8,
Lars1,40,1,4,4,8,
Lars2,40,1,4,4,8,
Lis,40,1,4,4,8,
Gupta,40,1,4,4,8,
Lars1,40,1,6,6,8,
Lars2,40,1,6,6,8,
Lis,40,1,6,6,8,
Gupta,40,1,6,6,8,
Lars1,40,1,8,8,8,
Lars2,40,1,8,8,8,
Lis,40,1,8,8,8,
Gupta,40,1,8,8,8,
Lars1,40,20,10,10,8,
Lars2,40,20,10,10,8,
Lis,40,20,10,10,8,
Gupta,40,20,10,10,8,
Lars1,40,20,2,2,8,
Lars2,40,20,2,2,8,82.0
Lis,40,20,2,2,8,
Gupta,40,20,2,2,8,
Lars1,40,20,4,4,8,
Lars2,40,20,4,4,8,
Lis,40,20,4,4,8,
Gupta,40,20,4,4,8,
Lars1,40,20,6,6,8,
Lars2,40,20,6,6,8,
Lis,40,20,6,6,8,
Gupta,40,20,6,6,8,
Lars1,40,20,8,8,8,
Lars2,40,20,8,8,8,
Lis,40,20,8,8,8,
Gupta,40,20,8,8,8,
Lars1,40,2,10,10,8,
Lars2,40,2,10,10,8,
Lis,40,2,10,10,8,
Gupta,40,2,10,10,8,
Lars1,40,2,2,2,8,
Lars2,40,2,2,2,8,68.0
Lis,40,2,2,2,8,
Gupta,40,2,2,2,8,
Lars1,40,2,4,4,8,
Lars2,40,2,4,4,8,
Lis,40,2,4,4,8,
Gupta,40,2,4,4,8,
Lars1,40,2,6,6,8,
Lars2,40,2,6,6,8,
Lis,40,2,6,6,8,
Gupta,40,2,6,6,8,
Lars1,40,2,8,8,8,
Lars2,40,2,8,8,8,
Lis,40,2,8,8,8,
Gupta,40,2,8,8,8,
Lars1,40,3,10,10,8,
Lars2,40,3,10,10,8,
Lis,40,3,10,10,8,
Gupta,40,3,10,10,8,
Lars1,40,3,2,2,8,
Lars2,40,3,2,2,8,74.0
Lis,40,3,2,2,8,
Gupta,40,3,2,2,8,
Lars1,40,3,4,4,8,
Lars2,40,3,4,4,8,
Lis,40,3,4,4,8,
Gupta,40,3,4,4,8,
Lars1,40,3,6,6,8,
Lars2,40,3,6,6,8,
Lis,40,3,6,6,8,
Gupta,40,3,6,6,8,
Lars1,40,3,8,8,8,
Lars2,40,3,8,8,8,
Lis,40,3,8,8,8,
Gupta,40,3,8,8,8,
Lars1,40,40,10,10,8,
Lars2,40,40,10,10,8,
Lis,40,40,10,10,8,
Gupta,40,40,10,10,8,
Lars1,40,40,2,2,8,
Lars2,40,40,2,2,8,68.0
Lis,40,40,2,2,8,
Gupta,40,40,2,2,8,
Lars1,40,40,4,4,8,
Lars2,40,40,4,4,8,
Lis,40,40,4,4,8,
Gupta,40,40,4,4,8,
Lars1,40,40,6,6,8,
Lars2,40,40,6,6,8,
Lis,40,40,6,6,8,
Gupta,40,40,6,6,8,
Lars1,40,40,8,8,8,
Lars2,40,40,8,8,8,
Lis,40,40,8,8,8,
Gupta,40,40,8,8,8,
Lars1,40,4,10,10,8,
Lars2,40,4,10,10,8,
Lis,40,4,10,10,8,
Gupta,40,4,10,10,8,
Lars1,40,4,2,2,8,
Lars2,40,4,2,2,8,69.0
Lis,40,4,2,2,8,
Gupta,40,4,2,2,8,
Lars1,40,4,4,4,8,
Lars2,40,4,4,4,8,
Lis,40,4,4,4,8,
Gupta,40,4,4,4,8,
Lars1,40,4,6,6,8,
Lars2,40,4,6,6,8,
Lis,40,4,6,6,8,
Gupta,40,4,6,6,8,
Lars1,40,4,8,8,8,
Lars2,40,4,8,8,8,
Lis,40,4,8,8,8,
Gupta,40,4,8,8,8,
Lars1,40,500,10,10,8,
Lars2,40,500,10,10,8,
Lis,40,500,10,10,8,
Gupta,40,500,10,10,8,
Lars1,40,500,2,2,8,
Lars2,40,500,2,2,8,70.0
Lis,40,500,2,2,8,
Gupta,40,500,2,2,8,
Lars1,40,500,4,4,8,
Lars2,40,500,4,4,8,
Lis,40,500,4,4,8,
Gupta,40,500,4,4,8,
Lars1,40,500,6,6,8,
Lars2,40,500,6,6,8,
Lis,40,500,6,6,8,
Gupta,40,500,6,6,8,
Lars1,40,500,8,8,8,
Lars2,40,500,8,8,8,
Lis,40,500,8,8,8,
Gupta,40,500,8,8,8,
Lars1,40,5,10,10,8,
Lars2,40,5,10,10,8,
Lis,40,5,10,10,8,
Gupta,40,5,10,10,8,
Lars1,40,5,2,2,8,
Lars2,40,5,2,2,8,68.0
Lis,40,5,2,2,8,
Gupta,40,5,2,2,8,
Lars1,40,5,4,4,8,
Lars2,40,5,4,4,8,
Lis,40,5,4,4,8,
Gupta,40,5,4,4,8,
Lars1,40,5,6,6,8,
Lars2,40,5,6,6,8,
Lis,40,5,6,6,8,
Gupta,40,5,6,6,8,
Lars1,40,5,8,8,8,
Lars2,40,5,8,8,8,
Lis,40,5,8,8,8,
Gupta,40,5,8,8,8,
Lars1,40,60,10,10,8,
Lars2,40,60,10,10,8,
Lis,40,60,10,10,8,
Gupta,40,60,10,10,8,
Lars1,40,60,2,2,8,
Lars2,40,60,2,2,8,89.0
Lis,40,60,2,2,8,
Gupta,40,60,2,2,8,
Lars1,40,60,4,4,8,
Lars2,40,60,4,4,8,
Lis,40,60,4,4,8,
Gupta,40,60,4,4,8,
Lars1,40,60,6,6,8,
Lars2,40,60,6,6,8,
Lis,40,60,6,6,8,
Gupta,40,60,6,6,8,
Lars1,40,60,8,8,8,
Lars2,40,60,8,8,8,
Lis,40,60,8,8,8,
Gupta,40,60,8,8,8,
Lars1,40,6,10,10,8,
Lars2,40,6,10,10,8,
Lis,40,6,10,10,8,
Gupta,40,6,10,10,8,
Lars1,40,6,2,2,8,
Lars2,40,6,2,2,8,82.0
Lis,40,6,2,2,8,
Gupta,40,6,2,2,8,
Lars1,40,6,4,4,8,
Lars2,40,6,4,4,8,
Lis,40,6,4,4,8,
Gupta,40,6,4,4,8,
Lars1,40,6,6,6,8,
Lars2,40,6,6,6,8,
Lis,40,6,6,6,8,
Gupta,40,6,6,6,8,
Lars1,40,6,8,8,8,
Lars2,40,6,8,8,8,
Lis,40,6,8,8,8,
Gupta,40,6,8,8,8,
Lars1,40,7,10,10,8,
Lars2,40,7,10,10,8,
Lis,40,7,10,10,8,
Gupta,40,7,10,10,8,
Lars1,40,7,2,2,8,
Lars2,40,7,2,2,8,67.0
Lis,40,7,2,2,8,
Gupta,40,7,2,2,8,
Lars1,40,7,4,4,8,
Lars2,40,7,4,4,8,
Lis,40,7,4,4,8,
Gupta,40,7,4,4,8,
Lars1,40,7,6,6,8,
Lars2,40,7,6,6,8,
Lis,40,7,6,6,8,
Gupta,40,7,6,6,8,
Lars1,40,7,8,8,8,
Lars2,40,7,8,8,8,
Lis,40,7,8,8,8,
Gupta,40,7,8,8,8,
Lars1,40,80,10,10,8,
Lars2,40,80,10,10,8,
Lis,40,80,10,10,8,
Gupta,40,80,10,10,8,
Lars1,40,80,2,2,8,
Lars2,40,80,2,2,8,68.0
Lis,40,80,2,2,8,
Gupta,40,80,2,2,8,
Lars1,40,80,4,4,8,
Lars2,40,80,4,4,8,
Lis,40,80,4,4,8,
Gupta,40,80,4,4,8,
Lars1,40,80,6,6,8,
Lars2,40,80,6,6,8,
Lis,40,80,6,6,8,
Gupta,40,80,6,6,8,
Lars1,40,80,8,8,8,
Lars2,40,80,8,8,8,
Lis,40,80,8,8,8,
Gupta,40,80,8,8,8,
Lars1,40,8,10,10,8,
Lars2,40,8,10,10,8,
Lis,40,8,10,10,8,
Gupta,40,8,10,10,8,
Lars1,40,8,2,2,8,
Lars2,40,8,2,2,8,84.0
Lis,40,8,2,2,8,
Gupta,40,8,2,2,8,
Lars1,40,8,4,4,8,
Lars2,40,8,4,4,8,
Lis,40,8,4,4,8,
Gupta,40,8,4,4,8,
Lars1,40,8,6,6,8,
Lars2,40,8,6,6,8,
Lis,40,8,6,6,8,
Gupta,40,8,6,6,8,
Lars1,40,8,8,8,8,
Lars2,40,8,8,8,8,
Lis,40,8,8,8,8,
Gupta,40,8,8,8,8,
Lars1,40,9,10,10,8,
Lars2,40,9,10,10,8,
Lis,40,9,10,10,8,
Gupta,40,9,10,10,8,
Lars1,40,9,2,2,8,
Lars2,40,9,2,2,8,80.0
Lis,40,9,2,2,8,
Gupta,40,9,2,2,8,
Lars1,40,9,4,4,8,
Lars2,40,9,4,4,8,
Lis,40,9,4,4,8,
Gupta,40,9,4,4,8,
Lars1,40,9,6,6,8,
Lars2,40,9,6,6,8,
Lis,40,9,6,6,8,
Gupta,40,9,6,6,8,
Lars1,40,9,8,8,8,
Lars2,40,9,8,8,8,
Lis,40,9,8,8,8,
Gupta,40,9,8,8,8,
Lars1,4,1000,10,10,8,
Lars2,4,1000,10,10,8,
Lis,4,1000,10,10,8,
Gupta,4,1000,10,10,8,
Lars1,4,1000,2,2,8,
Lars2,4,1000,2,2,8,221.0
Lis,4,1000,2,2,8,
Gupta,4,1000,2,2,8,
Lars1,4,1000,4,4,8,
Lars2,4,1000,4,4,8,
Lis,4,1000,4,4,8,
Gupta,4,1000,4,4,8,
Lars1,4,1000,6,6,8,
Lars2,4,1000,6,6,8,
Lis,4,1000,6,6,8,
Gupta,4,1000,6,6,8,
Lars1,4,1000,8,8,8,
Lars2,4,1000,8,8,8,
Lis,4,1000,8,8,8,
Gupta,4,1000,8,8,8,
Lars1,4,100,10,10,8,
Lars2,4,100,10,10,8,
Lis,4,100,10,10,8,
Gupta,4,100,10,10,8,
Lars1,4,100,2,2,8,
Lars2,4,100,2,2,8,91.0
Lis,4,100,2,2,8,
Gupta,4,100,2,2,8,
Lars1,4,100,4,4,8,
Lars2,4,100,4,4,8,
Lis,4,100,4,4,8,
Gupta,4,100,4,4,8,
Lars1,4,100,6,6,8,
Lars2,4,100,6,6,8,
Lis,4,100,6,6,8,
Gupta,4,100,6,6,8,
Lars1,4,100,8,8,8,
Lars2,4,100,8,8,8,
Lis,4,100,8,8,8,
Gupta,4,100,8,8,8,
Lars1,4,10,10,10,8,
Lars2,4,10,10,10,8,
Lis,4,10,10,10,8,
Gupta,4,10,10,10,8,
Lars1,4,10,2,2,8,
Lars2,4,10,2,2,8,82.0
Lis,4,10,2,2,8,
Gupta,4,10,2,2,8,
Lars1,4,10,4,4,8,
Lars2,4,10,4,4,8,
Lis,4,10,4,4,8,
Gupta,4,10,4,4,8,
Lars1,4,10,6,6,8,
Lars2,4,10,6,6,8,
Lis,4,10,6,6,8,
Gupta,4,10,6,6,8,
Lars1,4,10,8,8,8,
Lars2,4,10,8,8,8,
Lis,4,10,8,8,8,
Gupta,4,10,8,8,8,
Lars1,4,1,10,10,8,
Lars2,4,1,10,10,8,
Lis,4,1,10,10,8,
Gupta,4,1,10,10,8,
Lars1,4,1,2,2,8,41.0
Lars2,4,1,2,2,8,33.0
Lis,4,1,2,2,8,
Gupta,4,1,2,2,8,
Lars1,4,1,4,4,8,
Lars2,4,1,4,4,8,
Lis,4,1,4,4,8,
Gupta,4,1,4,4,8,
Lars1,4,1,6,6,8,
Lars2,4,1,6,6,8,
Lis,4,1,6,6,8,
Gupta,4,1,6,6,8,
Lars1,4,1,8,8,8,
Lars2,4,1,8,8,8,
Lis,4,1,8,8,8,
Gupta,4,1,8,8,8,
Lars1,4,20,10,10,8,
Lars2,4,20,10,10,8,
Lis,4,20,10,10,8,
Gupta,4,20,10,10,8,
Lars1,4,20,2,2,8,
Lars2,4,20,2,2,8,81.0
Lis,4,20,2,2,8,
Gupta,4,20,2,2,8,
Lars1,4,20,4,4,8,
Lars2,4,20,4,4,8,
Lis,4,20,4,4,8,
Gupta,4,20,4,4,8,
Lars1,4,20,6,6,8,
Lars2,4,20,6,6,8,
Lis,4,20,6,6,8,
Gupta,4,20,6,6,8,
Lars1,4,20,8,8,8,
Lars2,4,20,8,8,8,
Lis,4,20,8,8,8,
Gupta,4,20,8,8,8,
Lars1,4,2,10,10,8,
Lars2,4,2,10,10,8,
Lis,4,2,10,10,8,
Gupta,4,2,10,10,8,
Lars1,4,2,2,2,8,
Lars2,4,2,2,2,8,76.0
Lis,4,2,2,2,8,
Gupta,4,2,2,2,8,
Lars1,4,2,4,4,8,
Lars2,4,2,4,4,8,
Lis,4,2,4,4,8,
Gupta,4,2,4,4,8,
Lars1,4,2,6,6,8,
Lars2,4,2,6,6,8,
Lis,4,2,6,6,8,
Gupta,4,2,6,6,8,
Lars1,4,2,8,8,8,
Lars2,4,2,8,8,8,
Lis,4,2,8,8,8,
Gupta,4,2,8,8,8,
Lars1,4,3,10,10,8,
Lars2,4,3,10,10,8,
Lis,4,3,10,10,8,
Gupta,4,3,10,10,8,
Lars1,4,3,2,2,8,
Lars2,4,3,2,2,8,53.0
Lis,4,3,2,2,8,
Gupta,4,3,2,2,8,
Lars1,4,3,4,4,8,
Lars2,4,3,4,4,8,
Lis,4,3,4,4,8,
Gupta,4,3,4,4,8,
Lars1,4,3,6,6,8,
Lars2,4,3,6,6,8,
Lis,4,3,6,6,8,
Gupta,4,3,6,6,8,
Lars1,4,3,8,8,8,
Lars2,4,3,8,8,8,
Lis,4,3,8,8,8,
Gupta,4,3,8,8,8,
Lars1,4,40,10,10,8,
Lars2,4,40,10,10,8,
Lis,4,40,10,10,8,
Gupta,4,40,10,10,8,
Lars1,4,40,2,2,8,
Lars2,4,40,2,2,8,85.0
Lis,4,40,2,2,8,
Gupta,4,40,2,2,8,
Lars1,4,40,4,4,8,
Lars2,4,40,4,4,8,
Lis,4,40,4,4,8,
Gupta,4,40,4,4,8,
Lars1,4,40,6,6,8,
Lars2,4,40,6,6,8,
Lis,4,40,6,6,8,
Gupta,4,40,6,6,8,
Lars1,4,40,8,8,8,
Lars2,4,40,8,8,8,
Lis,4,40,8,8,8,
Gupta,4,40,8,8,8,
Lars1,4,4,10,10,8,
Lars2,4,4,10,10,8,
Lis,4,4,10,10,8,
Gupta,4,4,10,10,8,
Lars1,4,4,2,2,8,
Lars2,4,4,2,2,8,89.0
Lis,4,4,2,2,8,
Gupta,4,4,2,2,8,
Lars1,4,4,4,4,8,
Lars2,4,4,4,4,8,
Lis,4,4,4,4,8,
Gupta,4,4,4,4,8,
Lars1,4,4,6,6,8,
Lars2,4,4,6,6,8,
Lis,4,4,6,6,8,
Gupta,4,4,6,6,8,
Lars1,4,4,8,8,8,
Lars2,4,4,8,8,8,
Lis,4,4,8,8,8,
Gupta,4,4,8,8,8,
Lars1,4,500,10,10,8,
Lars2,4,500,10,10,8,
Lis,4,500,10,10,8,
Gupta,4,500,10,10,8,
Lars1,4,500,2,2,8,
Lars2,4,500,2,2,8,237.0
Lis,4,500,2,2,8,
Gupta,4,500,2,2,8,
Lars1,4,500,4,4,8,
Lars2,4,500,4,4,8,
Lis,4,500,4,4,8,
Gupta,4,500,4,4,8,
Lars1,4,500,6,6,8,
Lars2,4,500,6,6,8,
Lis,4,500,6,6,8,
Gupta,4,500,6,6,8,
Lars1,4,500,8,8,8,
Lars2,4,500,8,8,8,
Lis,4,500,8,8,8,
Gupta,4,500,8,8,8,
Lars1,4,5,10,10,8,
Lars2,4,5,10,10,8,
Lis,4,5,10,10,8,
Gupta,4,5,10,10,8,
Lars1,4,5,2,2,8,
Lars2,4,5,2,2,8,88.0
Lis,4,5,2,2,8,
Gupta,4,5,2,2,8,
Lars1,4,5,4,4,8,
Lars2,4,5,4,4,8,
Lis,4,5,4,4,8,
Gupta,4,5,4,4,8,
Lars1,4,5,6,6,8,
Lars2,4,5,6,6,8,
Lis,4,5,6,6,8,
Gupta,4,5,6,6,8,
Lars1,4,5,8,8,8,
Lars2,4,5,8,8,8,
Lis,4,5,8,8,8,
Gupta,4,5,8,8,8,
Lars1,4,60,10,10,8,
Lars2,4,60,10,10,8,
Lis,4,60,10,10,8,
Gupta,4,60,10,10,8,
Lars1,4,60,2,2,8,
Lars2,4,60,2,2,8,79.0
Lis,4,60,2,2,8,
Gupta,4,60,2,2,8,
Lars1,4,60,4,4,8,
Lars2,4,60,4,4,8,
Lis,4,60,4,4,8,
Gupta,4,60,4,4,8,
Lars1,4,60,6,6,8,
Lars2,4,60,6,6,8,
Lis,4,60,6,6,8,
Gupta,4,60,6,6,8,
Lars1,4,60,8,8,8,
Lars2,4,60,8,8,8,
Lis,4,60,8,8,8,
Gupta,4,60,8,8,8,
Lars1,4,6,10,10,8,
Lars2,4,6,10,10,8,
Lis,4,6,10,10,8,
Gupta,4,6,10,10,8,
Lars1,4,6,2,2,8,
Lars2,4,6,2,2,8,54.0
Lis,4,6,2,2,8,
Gupta,4,6,2,2,8,
Lars1,4,6,4,4,8,
Lars2,4,6,4,4,8,
Lis,4,6,4,4,8,
Gupta,4,6,4,4,8,
Lars1,4,6,6,6,8,
Lars2,4,6,6,6,8,
Lis,4,6,6,6,8,
Gupta,4,6,6,6,8,
Lars1,4,6,8,8,8,
Lars2,4,6,8,8,8,
Lis,4,6,8,8,8,
Gupta,4,6,8,8,8,
Lars1,4,7,10,10,8,
Lars2,4,7,10,10,8,
Lis,4,7,10,10,8,
Gupta,4,7,10,10,8,
Lars1,4,7,2,2,8,
Lars2,4,7,2,2,8,77.0
Lis,4,7,2,2,8,
Gupta,4,7,2,2,8,
Lars1,4,7,4,4,8,
Lars2,4,7,4,4,8,
Lis,4,7,4,4,8,
Gupta,4,7,4,4,8,
Lars1,4,7,6,6,8,
Lars2,4,7,6,6,8,
Lis,4,7,6,6,8,
Gupta,4,7,6,6,8,
Lars1,4,7,8,8,8,
Lars2,4,7,8,8,8,
Lis,4,7,8,8,8,
Gupta,4,7,8,8,8,
Lars1,4,80,10,10,8,
Lars2,4,80,10,10,8,
Lis,4,80,10,10,8,
Gupta,4,80,10,10,8,
Lars1,4,80,2,2,8,
Lars2,4,80,2,2,8,102.0
Lis,4,80,2,2,8,
Gupta,4,80,2,2,8,
Lars1,4,80,4,4,8,
Lars2,4,80,4,4,8,
Lis,4,80,4,4,8,
Gupta,4,80,4,4,8,
Lars1,4,80,6,6,8,
Lars2,4,80,6,6,8,
Lis,4,80,6,6,8,
Gupta,4,80,6,6,8,
Lars1,4,80,8,8,8,
Lars2,4,80,8,8,8,
Lis,4,80,8,8,8,
Gupta,4,80,8,8,8,
Lars1,4,8,10,10,8,
Lars2,4,8,10,10,8,
Lis,4,8,10,10,8,
Gupta,4,8,10,10,8,
Lars1,4,8,2,2,8,
Lars2,4,8,2,2,8,72.0
Lis,4,8,2,2,8,
Gupta,4,8,2,2,8,
Lars1,4,8,4,4,8,
Lars2,4,8,4,4,8,
Lis,4,8,4,4,8,
Gupta,4,8,4,4,8,
Lars1,4,8,6,6,8,
Lars2,4,8,6,6,8,
Lis,4,8,6,6,8,
Gupta,4,8,6,6,8,
Lars1,4,8,8,8,8,
Lars2,4,8,8,8,8,
Lis,4,8,8,8,8,
Gupta,4,8,8,8,8,
Lars1,4,9,10,10,8,
Lars2,4,9,10,10,8,
Lis,4,9,10,10,8,
Gupta,4,9,10,10,8,
Lars1,4,9,2,2,8,
Lars2,4,9,2,2,8,55.0
Lis,4,9,2,2,8,
Gupta,4,9,2,2,8,
Lars1,4,9,4,4,8,
Lars2,4,9,4,4,8,
Lis,4,9,4,4,8,
Gupta,4,9,4,4,8,
Lars1,4,9,6,6,8,
Lars2,4,9,6,6,8,
Lis,4,9,6,6,8,
Gupta,4,9,6,6,8,
Lars1,4,9,8,8,8,
Lars2,4,9,8,8,8,
Lis,4,9,8,8,8,
Gupta,4,9,8,8,8,
Lars1,500,1000,10,10,8,
Lars2,500,1000,10,10,8,
Lis,500,1000,10,10,8,
Gupta,500,1000,10,10,8,
Lars1,500,1000,2,2,8,
Lars2,500,1000,2,2,8,75.0
Lis,500,1000,2,2,8,
Gupta,500,1000,2,2,8,
Lars1,500,1000,4,4,8,
Lars2,500,1000,4,4,8,
Lis,500,1000,4,4,8,
Gupta,500,1000,4,4,8,
Lars1,500,1000,6,6,8,
Lars2,500,1000,6,6,8,
Lis,500,1000,6,6,8,
Gupta,500,1000,6,6,8,
Lars1,500,1000,8,8,8,
Lars2,500,1000,8,8,8,
Lis,500,1000,8,8,8,
Gupta,500,1000,8,8,8,
Lars1,500,100,10,10,8,
Lars2,500,100,10,10,8,
Lis,500,100,10,10,8,
Gupta,500,100,10,10,8,
Lars1,500,100,2,2,8,
Lars2,500,100,2,2,8,74.0
Lis,500,100,2,2,8,
Gupta,500,100,2,2,8,
Lars1,500,100,4,4,8,
Lars2,500,100,4,4,8,
Lis,500,100,4,4,8,
Gupta,500,100,4,4,8,
Lars1,500,100,6,6,8,
Lars2,500,100,6,6,8,
Lis,500,100,6,6,8,
Gupta,500,100,6,6,8,
Lars1,500,100,8,8,8,
Lars2,500,100,8,8,8,
Lis,500,100,8,8,8,
Gupta,500,100,8,8,8,
Lars1,500,10,10,10,8,
Lars2,500,10,10,10,8,
Lis,500,10,10,10,8,
Gupta,500,10,10,10,8,
Lars1,500,10,2,2,8,
Lars2,500,10,2,2,8,82.0
Lis,500,10,2,2,8,
Gupta,500,10,2,2,8,
Lars1,500,10,4,4,8,
Lars2,500,10,4,4,8,
Lis,500,10,4,4,8,
Gupta,500,10,4,4,8,
Lars1,500,10,6,6,8,
Lars2,500,10,6,6,8,
Lis,500,10,6,6,8,
Gupta,500,10,6,6,8,
Lars1,500,10,8,8,8,
Lars2,500,10,8,8,8,
Lis,500,10,8,8,8,
Gupta,500,10,8,8,8,
Lars1,500,1,10,10,8,
Lars2,500,1,10,10,8,
Lis,500,1,10,10,8,
Gupta,500,1,10,10,8,
Lars1,500,1,2,2,8,
Lars2,500,1,2,2,8,70.0
Lis,500,1,2,2,8,
Gupta,500,1,2,2,8,
Lars1,500,1,4,4,8,
Lars2,500,1,4,4,8,
Lis,500,1,4,4,8,
Gupta,500,1,4,4,8,
Lars1,500,1,6,6,8,
Lars2,500,1,6,6,8,
Lis,500,1,6,6,8,
Gupta,500,1,6,6,8,
Lars1,500,1,8,8,8,
Lars2,500,1,8,8,8,
Lis,500,1,8,8,8,
Gupta,500,1,8,8,8,
Lars1,500,20,10,10,8,
Lars2,500,20,10,10,8,
Lis,500,20,10,10,8,
Gupta,500,20,10,10,8,
Lars1,500,20,2,2,8,
Lars2,500,20,2,2,8,77.0
Lis,500,20,2,2,8,
Gupta,500,20,2,2,8,
Lars1,500,20,4,4,8,
Lars2,500,20,4,4,8,
Lis,500,20,4,4,8,
Gupta,500,20,4,4,8,
Lars1,500,20,6,6,8,
Lars2,500,20,6,6,8,
Lis,500,20,6,6,8,
Gupta,500,20,6,6,8,
Lars1,500,20,8,8,8,
Lars2,500,20,8,8,8,
Lis,500,20,8,8,8,
Gupta,500,20,8,8,8,
Lars1,500,2,10,10,8,
Lars2,500,2,10,10,8,
Lis,500,2,10,10,8,
Gupta,500,2,10,10,8,
Lars1,500,2,2,2,8,
Lars2,500,2,2,2,8,73.0
Lis,500,2,2,2,8,
Gupta,500,2,2,2,8,
Lars1,500,2,4,4,8,
Lars2,500,2,4,4,8,
Lis,500,2,4,4,8,
Gupta,500,2,4,4,8,
Lars1,500,2,6,6,8,
Lars2,500,2,6,6,8,
Lis,500,2,6,6,8,
Gupta,500,2,6,6,8,
Lars1,500,2,8,8,8,
Lars2,500,2,8,8,8,
Lis,500,2,8,8,8,
Gupta,500,2,8,8,8,
Lars1,500,3,10,10,8,
Lars2,500,3,10,10,8,
Lis,500,3,10,10,8,
Gupta,500,3,10,10,8,
Lars1,500,3,2,2,8,
Lars2,500,3,2,2,8,70.0
Lis,500,3,2,2,8,
Gupta,500,3,2,2,8,
Lars1,500,3,4,4,8,
Lars2,500,3,4,4,8,
Lis,500,3,4,4,8,
Gupta,500,3,4,4,8,
Lars1,500,3,6,6,8,
Lars2,500,3,6,6,8,
Lis,500,3,6,6,8,
Gupta,500,3,6,6,8,
Lars1,500,3,8,8,8,
Lars2,500,3,8,8,8,
Lis,500,3,8,8,8,
Gupta,500,3,8,8,8,
Lars1,500,40,10,10,8,
Lars2,500,40,10,10,8,
Lis,500,40,10,10,8,
Gupta,500,40,10,10,8,
Lars1,500,40,2,2,8,
Lars2,500,40,2,2,8,73.0
Lis,500,40,2,2,8,
Gupta,500,40,2,2,8,
Lars1,500,40,4,4,8,
Lars2,500,40,4,4,8,
Lis,500,40,4,4,8,
Gupta,500,40,4,4,8,
Lars1,500,40,6,6,8,
Lars2,500,40,6,6,8,
Lis,500,40,6,6,8,
Gupta,500,40,6,6,8,
Lars1,500,40,8,8,8,
Lars2,500,40,8,8,8,
Lis,500,40,8,8,8,
Gupta,500,40,8,8,8,
Lars1,500,4,10,10,8,
Lars2,500,4,10,10,8,
Lis,500,4,10,10,8,
Gupta,500,4,10,10,8,
Lars1,500,4,2,2,8,
Lars2,500,4,2,2,8,78.0
Lis,500,4,2,2,8,
Gupta,500,4,2,2,8,
Lars1,500,4,4,4,8,
Lars2,500,4,4,4,8,
Lis,500,4,4,4,8,
Gupta,500,4,4,4,8,
Lars1,500,4,6,6,8,
Lars2,500,4,6,6,8,
Lis,500,4,6,6,8,
Gupta,500,4,6,6,8,
Lars1,500,4,8,8,8,
Lars2,500,4,8,8,8,
Lis,500,4,8,8,8,
Gupta,500,4,8,8,8,
Lars1,500,500,10,10,8,
Lars2,500,500,10,10,8,
Lis,500,500,10,10,8,
Gupta,500,500,10,10,8,
Lars1,500,500,2,2,8,
Lars2,500,500,2,2,8,79.0
Lis,500,500,2,2,8,
Gupta,500,500,2,2,8,
Lars1,500,500,4,4,8,
Lars2,500,500,4,4,8,
Lis,500,500,4,4,8,
Gupta,500,500,4,4,8,
Lars1,500,500,6,6,8,
Lars2,500,500,6,6,8,
Lis,500,500,6,6,8,
Gupta,500,500,6,6,8,
Lars1,500,500,8,8,8,
Lars2,500,500,8,8,8,
Lis,500,500,8,8,8,
Gupta,500,500,8,8,8,
Lars1,500,5,10,10,8,
Lars2,500,5,10,10,8,
Lis,500,5,10,10,8,
Gupta,500,5,10,10,8,
Lars1,500,5,2,2,8,
Lars2,500,5,2,2,8,84.0
Lis,500,5,2,2,8,
Gupta,500,5,2,2,8,
Lars1,500,5,4,4,8,
Lars2,500,5,4,4,8,
Lis,500,5,4,4,8,
Gupta,500,5,4,4,8,
Lars1,500,5,6,6,8,
Lars2,500,5,6,6,8,
Lis,500,5,6,6,8,
Gupta,500,5,6,6,8,
Lars1,500,5,8,8,8,
Lars2,500,5,8,8,8,
Lis,500,5,8,8,8,
Gupta,500,5,8,8,8,
Lars1,500,60,10,10,8,
Lars2,500,60,10,10,8,
Lis,500,60,10,10,8,
Gupta,500,60,10,10,8,
Lars1,500,60,2,2,8,
Lars2,500,60,2,2,8,79.0
Lis,500,60,2,2,8,
Gupta,500,60,2,2,8,
Lars1,500,60,4,4,8,
Lars2,500,60,4,4,8,
Lis,500,60,4,4,8,
Gupta,500,60,4,4,8,
Lars1,500,60,6,6,8,
Lars2,500,60,6,6,8,
Lis,500,60,6,6,8,
Gupta,500,60,6,6,8,
Lars1,500,60,8,8,8,
Lars2,500,60,8,8,8,
Lis,500,60,8,8,8,
Gupta,500,60,8,8,8,
Lars1,500,6,10,10,8,
Lars2,500,6,10,10,8,
Lis,500,6,10,10,8,
Gupta,500,6,10,10,8,
Lars1,500,6,2,2,8,
Lars2,500,6,2,2,8,93.0
Lis,500,6,2,2,8,
Gupta,500,6,2,2,8,
Lars1,500,6,4,4,8,
Lars2,500,6,4,4,8,
Lis,500,6,4,4,8,
Gupta,500,6,4,4,8,
Lars1,500,6,6,6,8,
Lars2,500,6,6,6,8,
Lis,500,6,6,6,8,
Gupta,500,6,6,6,8,
Lars1,500,6,8,8,8,
Lars2,500,6,8,8,8,
Lis,500,6,8,8,8,
Gupta,500,6,8,8,8,
Lars1,500,7,10,10,8,
Lars2,500,7,10,10,8,
Lis,500,7,10,10,8,
Gupta,500,7,10,10,8,
Lars1,500,7,2,2,8,
Lars2,500,7,2,2,8,79.0
Lis,500,7,2,2,8,
Gupta,500,7,2,2,8,
Lars1,500,7,4,4,8,
Lars2,500,7,4,4,8,
Lis,500,7,4,4,8,
Gupta,500,7,4,4,8,
Lars1,500,7,6,6,8,
Lars2,500,7,6,6,8,
Lis,500,7,6,6,8,
Gupta,500,7,6,6,8,
Lars1,500,7,8,8,8,
Lars2,500,7,8,8,8,
Lis,500,7,8,8,8,
Gupta,500,7,8,8,8,
Lars1,500,80,10,10,8,
Lars2,500,80,10,10,8,
Lis,500,80,10,10,8,
Gupta,500,80,10,10,8,
Lars1,500,80,2,2,8,
Lars2,500,80,2,2,8,68.0
Lis,500,80,2,2,8,
Gupta,500,80,2,2,8,
Lars1,500,80,4,4,8,
Lars2,500,80,4,4,8,
Lis,500,80,4,4,8,
Gupta,500,80,4,4,8,
Lars1,500,80,6,6,8,
Lars2,500,80,6,6,8,
Lis,500,80,6,6,8,
Gupta,500,80,6,6,8,
Lars1,500,80,8,8,8,
Lars2,500,80,8,8,8,
Lis,500,80,8,8,8,
Gupta,500,80,8,8,8,
Lars1,500,8,10,10,8,
Lars2,500,8,10,10,8,
Lis,500,8,10,10,8,
Gupta,500,8,10,10,8,
Lars1,500,8,2,2,8,
Lars2,500,8,2,2,8,85.0
Lis,500,8,2,2,8,
Gupta,500,8,2,2,8,
Lars1,500,8,4,4,8,
Lars2,500,8,4,4,8,
Lis,500,8,4,4,8,
Gupta,500,8,4,4,8,
Lars1,500,8,6,6,8,
Lars2,500,8,6,6,8,
Lis,500,8,6,6,8,
Gupta,500,8,6,6,8,
Lars1,500,8,8,8,8,
Lars2,500,8,8,8,8,
Lis,500,8,8,8,8,
Gupta,500,8,8,8,8,
Lars1,500,9,10,10,8,
Lars2,500,9,10,10,8,
Lis,500,9,10,10,8,
Gupta,500,9,10,10,8,
Lars1,500,9,2,2,8,
Lars2,500,9,2,2,8,76.0
Lis,500,9,2,2,8,
Gupta,500,9,2,2,8,
Lars1,500,9,4,4,8,
Lars2,500,9,4,4,8,
Lis,500,9,4,4,8,
Gupta,500,9,4,4,8,
Lars1,500,9,6,6,8,
Lars2,500,9,6,6,8,
Lis,500,9,6,6,8,
Gupta,500,9,6,6,8,
Lars1,500,9,8,8,8,
Lars2,500,9,8,8,8,
Lis,500,9,8,8,8,
Gupta,500,9,8,8,8,
Lars1,5,1000,10,10,8,
Lars2,5,1000,10,10,8,
Lis,5,1000,10,10,8,
Gupta,5,1000,10,10,8,
Lars1,5,1000,2,2,8,
Lars2,5,1000,2,2,8,169.0
Lis,5,1000,2,2,8,
Gupta,5,1000,2,2,8,
Lars1,5,1000,4,4,8,
Lars2,5,1000,4,4,8,
Lis,5,1000,4,4,8,
Gupta,5,1000,4,4,8,
Lars1,5,1000,6,6,8,
Lars2,5,1000,6,6,8,
Lis,5,1000,6,6,8,
Gupta,5,1000,6,6,8,
Lars1,5,1000,8,8,8,
Lars2,5,1000,8,8,8,
Lis,5,1000,8,8,8,
Gupta,5,1000,8,8,8,
Lars1,5,100,10,10,8,
Lars2,5,100,10,10,8,
Lis,5,100,10,10,8,
Gupta,5,100,10,10,8,
Lars1,5,100,2,2,8,
Lars2,5,100,2,2,8,80.0
Lis,5,100,2,2,8,
Gupta,5,100,2,2,8,
Lars1,5,100,4,4,8,
Lars2,5,100,4,4,8,
Lis,5,100,4,4,8,
Gupta,5,100,4,4,8,
Lars1,5,100,6,6,8,
Lars2,5,100,6,6,8,
Lis,5,100,6,6,8,
Gupta,5,100,6,6,8,
Lars1,5,100,8,8,8,
Lars2,5,100,8,8,8,
Lis,5,100,8,8,8,
Gupta,5,100,8,8,8,
Lars1,5,10,10,10,8,
Lars2,5,10,10,10,8,
Lis,5,10,10,10,8,
Gupta,5,10,10,10,8,
Lars1,5,10,2,2,8,
Lars2,5,10,2,2,8,76.0
Lis,5,10,2,2,8,
Gupta,5,10,2,2,8,
Lars1,5,10,4,4,8,
Lars2,5,10,4,4,8,
Lis,5,10,4,4,8,
Gupta,5,10,4,4,8,
Lars1,5,10,6,6,8,
Lars2,5,10,6,6,8,
Lis,5,10,6,6,8,
Gupta,5,10,6,6,8,
Lars1,5,10,8,8,8,
Lars2,5,10,8,8,8,
Lis,5,10,8,8,8,
Gupta,5,10,8,8,8,
Lars1,5,1,10,10,8,
Lars2,5,1,10,10,8,
Lis,5,1,10,10,8,
Gupta,5,1,10,10,8,
Lars1,5,1,2,2,8,
Lars2,5,1,2,2,8,72.0
Lis,5,1,2,2,8,
Gupta,5,1,2,2,8,
Lars1,5,1,4,4,8,
Lars2,5,1,4,4,8,
Lis,5,1,4,4,8,
Gupta,5,1,4,4,8,
Lars1,5,1,6,6,8,
Lars2,5,1,6,6,8,
Lis,5,1,6,6,8,
Gupta,5,1,6,6,8,
Lars1,5,1,8,8,8,
Lars2,5,1,8,8,8,
Lis,5,1,8,8,8,
Gupta,5,1,8,8,8,
Lars1,5,20,10,10,8,
Lars2,5,20,10,10,8,
Lis,5,20,10,10,8,
Gupta,5,20,10,10,8,
Lars1,5,20,2,2,8,
Lars2,5,20,2,2,8,69.0
Lis,5,20,2,2,8,
Gupta,5,20,2,2,8,
Lars1,5,20,4,4,8,
Lars2,5,20,4,4,8,
Lis,5,20,4,4,8,
Gupta,5,20,4,4,8,
Lars1,5,20,6,6,8,
Lars2,5,20,6,6,8,
Lis,5,20,6,6,8,
Gupta,5,20,6,6,8,
Lars1,5,20,8,8,8,
Lars2,5,20,8,8,8,
Lis,5,20,8,8,8,
Gupta,5,20,8,8,8,
Lars1,5,2,10,10,8,
Lars2,5,2,10,10,8,
Lis,5,2,10,10,8,
Gupta,5,2,10,10,8,
Lars1,5,2,2,2,8,
Lars2,5,2,2,2,8,79.0
Lis,5,2,2,2,8,
Gupta,5,2,2,2,8,
Lars1,5,2,4,4,8,
Lars2,5,2,4,4,8,
Lis,5,2,4,4,8,
Gupta,5,2,4,4,8,
Lars1,5,2,6,6,8,
Lars2,5,2,6,6,8,
Lis,5,2,6,6,8,
Gupta,5,2,6,6,8,
Lars1,5,2,8,8,8,
Lars2,5,2,8,8,8,
Lis,5,2,8,8,8,
Gupta,5,2,8,8,8,
Lars1,5,3,10,10,8,
Lars2,5,3,10,10,8,
Lis,5,3,10,10,8,
Gupta,5,3,10,10,8,
Lars1,5,3,2,2,8,
Lars2,5,3,2,2,8,86.0
Lis,5,3,2,2,8,
Gupta,5,3,2,2,8,
Lars1,5,3,4,4,8,
Lars2,5,3,4,4,8,
Lis,5,3,4,4,8,
Gupta,5,3,4,4,8,
Lars1,5,3,6,6,8,
Lars2,5,3,6,6,8,
Lis,5,3,6,6,8,
Gupta,5,3,6,6,8,
Lars1,5,3,8,8,8,
Lars2,5,3,8,8,8,
Lis,5,3,8,8,8,
Gupta,5,3,8,8,8,
Lars1,5,40,10,10,8,
Lars2,5,40,10,10,8,
Lis,5,40,10,10,8,
Gupta,5,40,10,10,8,
Lars1,5,40,2,2,8,
Lars2,5,40,2,2,8,66.0
Lis,5,40,2,2,8,
Gupta,5,40,2,2,8,
Lars1,5,40,4,4,8,
Lars2,5,40,4,4,8,
Lis,5,40,4,4,8,
Gupta,5,40,4,4,8,
Lars1,5,40,6,6,8,
Lars2,5,40,6,6,8,
Lis,5,40,6,6,8,
Gupta,5,40,6,6,8,
Lars1,5,40,8,8,8,
Lars2,5,40,8,8,8,
Lis,5,40,8,8,8,
Gupta,5,40,8,8,8,
Lars1,5,4,10,10,8,
Lars2,5,4,10,10,8,
Lis,5,4,10,10,8,
Gupta,5,4,10,10,8,
Lars1,5,4,2,2,8,
Lars2,5,4,2,2,8,80.0
Lis,5,4,2,2,8,
Gupta,5,4,2,2,8,
Lars1,5,4,4,4,8,
Lars2,5,4,4,4,8,
Lis,5,4,4,4,8,
Gupta,5,4,4,4,8,
Lars1,5,4,6,6,8,
Lars2,5,4,6,6,8,
Lis,5,4,6,6,8,
Gupta,5,4,6,6,8,
Lars1,5,4,8,8,8,
Lars2,5,4,8,8,8,
Lis,5,4,8,8,8,
Gupta,5,4,8,8,8,
Lars1,5,500,10,10,8,
Lars2,5,500,10,10,8,
Lis,5,500,10,10,8,
Gupta,5,500,10,10,8,
Lars1,5,500,2,2,8,
Lars2,5,500,2,2,8,216.0
Lis,5,500,2,2,8,
Gupta,5,500,2,2,8,
Lars1,5,500,4,4,8,
Lars2,5,500,4,4,8,
Lis,5,500,4,4,8,
Gupta,5,500,4,4,8,
Lars1,5,500,6,6,8,
Lars2,5,500,6,6,8,
Lis,5,500,6,6,8,
Gupta,5,500,6,6,8,
Lars1,5,500,8,8,8,
Lars2,5,500,8,8,8,
Lis,5,500,8,8,8,
Gupta,5,500,8,8,8,
Lars1,5,5,10,10,8,
Lars2,5,5,10,10,8,
Lis,5,5,10,10,8,
Gupta,5,5,10,10,8,
Lars1,5,5,2,2,8,
Lars2,5,5,2,2,8,66.0
Lis,5,5,2,2,8,
Gupta,5,5,2,2,8,
Lars1,5,5,4,4,8,
Lars2,5,5,4,4,8,
Lis,5,5,4,4,8,
Gupta,5,5,4,4,8,
Lars1,5,5,6,6,8,
Lars2,5,5,6,6,8,
Lis,5,5,6,6,8,
Gupta,5,5,6,6,8,
Lars1,5,5,8,8,8,
Lars2,5,5,8,8,8,
Lis,5,5,8,8,8,
Gupta,5,5,8,8,8,
Lars1,5,60,10,10,8,
Lars2,5,60,10,10,8,
Lis,5,60,10,10,8,
Gupta,5,60,10,10,8,
Lars1,5,60,2,2,8,
Lars2,5,60,2,2,8,76.0
Lis,5,60,2,2,8,
Gupta,5,60,2,2,8,
Lars1,5,60,4,4,8,
Lars2,5,60,4,4,8,
Lis,5,60,4,4,8,
Gupta,5,60,4,4,8,
Lars1,5,60,6,6,8,
Lars2,5,60,6,6,8,
Lis,5,60,6,6,8,
Gupta,5,60,6,6,8,
Lars1,5,60,8,8,8,
Lars2,5,60,8,8,8,
Lis,5,60,8,8,8,
Gupta,5,60,8,8,8,
Lars1,5,6,10,10,8,
Lars2,5,6,10,10,8,
Lis,5,6,10,10,8,
Gupta,5,6,10,10,8,
Lars1,5,6,2,2,8,
Lars2,5,6,2,2,8,78.0
Lis,5,6,2,2,8,
Gupta,5,6,2,2,8,
Lars1,5,6,4,4,8,
Lars2,5,6,4,4,8,
Lis,5,6,4,4,8,
Gupta,5,6,4,4,8,
Lars1,5,6,6,6,8,
Lars2,5,6,6,6,8,
Lis,5,6,6,6,8,
Gupta,5,6,6,6,8,
Lars1,5,6,8,8,8,
Lars2,5,6,8,8,8,
Lis,5,6,8,8,8,
Gupta,5,6,8,8,8,
Lars1,5,7,10,10,8,
Lars2,5,7,10,10,8,
Lis,5,7,10,10,8,
Gupta,5,7,10,10,8,
Lars1,5,7,2,2,8,
Lars2,5,7,2,2,8,70.0
Lis,5,7,2,2,8,
Gupta,5,7,2,2,8,
Lars1,5,7,4,4,8,
Lars2,5,7,4,4,8,
Lis,5,7,4,4,8,
Gupta,5,7,4,4,8,
Lars1,5,7,6,6,8,
Lars2,5,7,6,6,8,
Lis,5,7,6,6,8,
Gupta,5,7,6,6,8,
Lars1,5,7,8,8,8,
Lars2,5,7,8,8,8,
Lis,5,7,8,8,8,
Gupta,5,7,8,8,8,
Lars1,5,80,10,10,8,
Lars2,5,80,10,10,8,
Lis,5,80,10,10,8,
Gupta,5,80,10,10,8,
Lars1,5,80,2,2,8,
Lars2,5,80,2,2,8,71.0
Lis,5,80,2,2,8,
Gupta,5,80,2,2,8,
Lars1,5,80,4,4,8,
Lars2,5,80,4,4,8,
Lis,5,80,4,4,8,
Gupta,5,80,4,4,8,
Lars1,5,80,6,6,8,
Lars2,5,80,6,6,8,
Lis,5,80,6,6,8,
Gupta,5,80,6,6,8,
Lars1,5,80,8,8,8,
Lars2,5,80,8,8,8,
Lis,5,80,8,8,8,
Gupta,5,80,8,8,8,
Lars1,5,8,10,10,8,
Lars2,5,8,10,10,8,
Lis,5,8,10,10,8,
Gupta,5,8,10,10,8,
Lars1,5,8,2,2,8,
Lars2,5,8,2,2,8,77.0
Lis,5,8,2,2,8,
Gupta,5,8,2,2,8,
Lars1,5,8,4,4,8,
Lars2,5,8,4,4,8,
Lis,5,8,4,4,8,
Gupta,5,8,4,4,8,
Lars1,5,8,6,6,8,
Lars2,5,8,6,6,8,
Lis,5,8,6,6,8,
Gupta,5,8,6,6,8,
Lars1,5,8,8,8,8,
Lars2,5,8,8,8,8,
Lis,5,8,8,8,8,
Gupta,5,8,8,8,8,
Lars1,5,9,10,10,8,
Lars2,5,9,10,10,8,
Lis,5,9,10,10,8,
Gupta,5,9,10,10,8,
Lars1,5,9,2,2,8,
Lars2,5,9,2,2,8,72.0
Lis,5,9,2,2,8,
Gupta,5,9,2,2,8,
Lars1,5,9,4,4,8,
Lars2,5,9,4,4,8,
Lis,5,9,4,4,8,
Gupta,5,9,4,4,8,
Lars1,5,9,6,6,8,
Lars2,5,9,6,6,8,
Lis,5,9,6,6,8,
Gupta,5,9,6,6,8,
Lars1,5,9,8,8,8,
Lars2,5,9,8,8,8,
Lis,5,9,8,8,8,
Gupta,5,9,8,8,8,
Lars1,60,1000,10,10,8,
Lars2,60,1000,10,10,8,
Lis,60,1000,10,10,8,
Gupta,60,1000,10,10,8,
Lars1,60,1000,2,2,8,
Lars2,60,1000,2,2,8,81.0
Lis,60,1000,2,2,8,
Gupta,60,1000,2,2,8,
Lars1,60,1000,4,4,8,
Lars2,60,1000,4,4,8,
Lis,60,1000,4,4,8,
Gupta,60,1000,4,4,8,
Lars1,60,1000,6,6,8,
Lars2,60,1000,6,6,8,
Lis,60,1000,6,6,8,
Gupta,60,1000,6,6,8,
Lars1,60,1000,8,8,8,
Lars2,60,1000,8,8,8,
Lis,60,1000,8,8,8,
Gupta,60,1000,8,8,8,
Lars1,60,100,10,10,8,
Lars2,60,100,10,10,8,
Lis,60,100,10,10,8,
Gupta,60,100,10,10,8,
Lars1,60,100,2,2,8,
Lars2,60,100,2,2,8,80.0
Lis,60,100,2,2,8,
Gupta,60,100,2,2,8,
Lars1,60,100,4,4,8,
Lars2,60,100,4,4,8,
Lis,60,100,4,4,8,
Gupta,60,100,4,4,8,
Lars1,60,100,6,6,8,
Lars2,60,100,6,6,8,
Lis,60,100,6,6,8,
Gupta,60,100,6,6,8,
Lars1,60,100,8,8,8,
Lars2,60,100,8,8,8,
Lis,60,100,8,8,8,
Gupta,60,100,8,8,8,
Lars1,60,10,10,10,8,
Lars2,60,10,10,10,8,
Lis,60,10,10,10,8,
Gupta,60,10,10,10,8,
Lars1,60,10,2,2,8,
Lars2,60,10,2,2,8,78.0
Lis,60,10,2,2,8,
Gupta,60,10,2,2,8,
Lars1,60,10,4,4,8,
Lars2,60,10,4,4,8,
Lis,60,10,4,4,8,
Gupta,60,10,4,4,8,
Lars1,60,10,6,6,8,
Lars2,60,10,6,6,8,
Lis,60,10,6,6,8,
Gupta,60,10,6,6,8,
Lars1,60,10,8,8,8,
Lars2,60,10,8,8,8,
Lis,60,10,8,8,8,
Gupta,60,10,8,8,8,
Lars1,60,1,10,10,8,
Lars2,60,1,10,10,8,
Lis,60,1,10,10,8,
Gupta,60,1,10,10,8,
Lars1,60,1,2,2,8,
Lars2,60,1,2,2,8,90.0
Lis,60,1,2,2,8,
Gupta,60,1,2,2,8,
Lars1,60,1,4,4,8,
Lars2,60,1,4,4,8,
Lis,60,1,4,4,8,
Gupta,60,1,4,4,8,
Lars1,60,1,6,6,8,
Lars2,60,1,6,6,8,
Lis,60,1,6,6,8,
Gupta,60,1,6,6,8,
Lars1,60,1,8,8,8,
Lars2,60,1,8,8,8,
Lis,60,1,8,8,8,
Gupta,60,1,8,8,8,
Lars1,60,20,10,10,8,
Lars2,60,20,10,10,8,
Lis,60,20,10,10,8,
Gupta,60,20,10,10,8,
Lars1,60,20,2,2,8,
Lars2,60,20,2,2,8,87.0
Lis,60,20,2,2,8,
Gupta,60,20,2,2,8,
Lars1,60,20,4,4,8,
Lars2,60,20,4,4,8,
Lis,60,20,4,4,8,
Gupta,60,20,4,4,8,
Lars1,60,20,6,6,8,
Lars2,60,20,6,6,8,
Lis,60,20,6,6,8,
Gupta,60,20,6,6,8,
Lars1,60,20,8,8,8,
Lars2,60,20,8,8,8,
Lis,60,20,8,8,8,
Gupta,60,20,8,8,8,
Lars1,60,2,10,10,8,
Lars2,60,2,10,10,8,
Lis,60,2,10,10,8,
Gupta,60,2,10,10,8,
Lars1,60,2,2,2,8,
Lars2,60,2,2,2,8,55.0
Lis,60,2,2,2,8,
Gupta,60,2,2,2,8,
Lars1,60,2,4,4,8,
Lars2,60,2,4,4,8,
Lis,60,2,4,4,8,
Gupta,60,2,4,4,8,
Lars1,60,2,6,6,8,
Lars2,60,2,6,6,8,
Lis,60,2,6,6,8,
Gupta,60,2,6,6,8,
Lars1,60,2,8,8,8,
Lars2,60,2,8,8,8,
Lis,60,2,8,8,8,
Gupta,60,2,8,8,8,
Lars1,60,3,10,10,8,
Lars2,60,3,10,10,8,
Lis,60,3,10,10,8,
Gupta,60,3,10,10,8,
Lars1,60,3,2,2,8,
Lars2,60,3,2,2,8,66.0
Lis,60,3,2,2,8,
Gupta,60,3,2,2,8,
Lars1,60,3,4,4,8,
Lars2,60,3,4,4,8,
Lis,60,3,4,4,8,
Gupta,60,3,4,4,8,
Lars1,60,3,6,6,8,
Lars2,60,3,6,6,8,
Lis,60,3,6,6,8,
Gupta,60,3,6,6,8,
Lars1,60,3,8,8,8,
Lars2,60,3,8,8,8,
Lis,60,3,8,8,8,
Gupta,60,3,8,8,8,
Lars1,60,40,10,10,8,
Lars2,60,40,10,10,8,
Lis,60,40,10,10,8,
Gupta,60,40,10,10,8,
Lars1,60,40,2,2,8,
Lars2,60,40,2,2,8,65.0
Lis,60,40,2,2,8,
Gupta,60,40,2,2,8,
Lars1,60,40,4,4,8,
Lars2,60,40,4,4,8,
Lis,60,40,4,4,8,
Gupta,60,40,4,4,8,
Lars1,60,40,6,6,8,
Lars2,60,40,6,6,8,
Lis,60,40,6,6,8,
Gupta,60,40,6,6,8,
Lars1,60,40,8,8,8,
Lars2,60,40,8,8,8,
Lis,60,40,8,8,8,
Gupta,60,40,8,8,8,
Lars1,60,4,10,10,8,
Lars2,60,4,10,10,8,
Lis,60,4,10,10,8,
Gupta,60,4,10,10,8,
Lars1,60,4,2,2,8,
Lars2,60,4,2,2,8,59.0
Lis,60,4,2,2,8,
Gupta,60,4,2,2,8,
Lars1,60,4,4,4,8,
Lars2,60,4,4,4,8,
Lis,60,4,4,4,8,
Gupta,60,4,4,4,8,
Lars1,60,4,6,6,8,
Lars2,60,4,6,6,8,
Lis,60,4,6,6,8,
Gupta,60,4,6,6,8,
Lars1,60,4,8,8,8,
Lars2,60,4,8,8,8,
Lis,60,4,8,8,8,
Gupta,60,4,8,8,8,
Lars1,60,500,10,10,8,
Lars2,60,500,10,10,8,
Lis,60,500,10,10,8,
Gupta,60,500,10,10,8,
Lars1,60,500,2,2,8,
Lars2,60,500,2,2,8,66.0
Lis,60,500,2,2,8,
Gupta,60,500,2,2,8,
Lars1,60,500,4,4,8,
Lars2,60,500,4,4,8,
Lis,60,500,4,4,8,
Gupta,60,500,4,4,8,
Lars1,60,500,6,6,8,
Lars2,60,500,6,6,8,
Lis,60,500,6,6,8,
Gupta,60,500,6,6,8,
Lars1,60,500,8,8,8,
Lars2,60,500,8,8,8,
Lis,60,500,8,8,8,
Gupta,60,500,8,8,8,
Lars1,60,5,10,10,8,
Lars2,60,5,10,10,8,
Lis,60,5,10,10,8,
Gupta,60,5,10,10,8,
Lars1,60,5,2,2,8,
Lars2,60,5,2,2,8,84.0
Lis,60,5,2,2,8,
Gupta,60,5,2,2,8,
Lars1,60,5,4,4,8,
Lars2,60,5,4,4,8,
Lis,60,5,4,4,8,
Gupta,60,5,4,4,8,
Lars1,60,5,6,6,8,
Lars2,60,5,6,6,8,
Lis,60,5,6,6,8,
Gupta,60,5,6,6,8,
Lars1,60,5,8,8,8,
Lars2,60,5,8,8,8,
Lis,60,5,8,8,8,
Gupta,60,5,8,8,8,
Lars1,60,60,10,10,8,
Lars2,60,60,10,10,8,
Lis,60,60,10,10,8,
Gupta,60,60,10,10,8,
Lars1,60,60,2,2,8,
Lars2,60,60,2,2,8,68.0
Lis,60,60,2,2,8,
Gupta,60,60,2,2,8,
Lars1,60,60,4,4,8,
Lars2,60,60,4,4,8,
Lis,60,60,4,4,8,
Gupta,60,60,4,4,8,
Lars1,60,60,6,6,8,
Lars2,60,60,6,6,8,
Lis,60,60,6,6,8,
Gupta,60,60,6,6,8,
Lars1,60,60,8,8,8,
Lars2,60,60,8,8,8,
Lis,60,60,8,8,8,
Gupta,60,60,8,8,8,
Lars1,60,6,10,10,8,
Lars2,60,6,10,10,8,
Lis,60,6,10,10,8,
Gupta,60,6,10,10,8,
Lars1,60,6,2,2,8,
Lars2,60,6,2,2,8,70.0
Lis,60,6,2,2,8,
Gupta,60,6,2,2,8,
Lars1,60,6,4,4,8,
Lars2,60,6,4,4,8,
Lis,60,6,4,4,8,
Gupta,60,6,4,4,8,
Lars1,60,6,6,6,8,
Lars2,60,6,6,6,8,
Lis,60,6,6,6,8,
Gupta,60,6,6,6,8,
Lars1,60,6,8,8,8,
Lars2,60,6,8,8,8,
Lis,60,6,8,8,8,
Gupta,60,6,8,8,8,
Lars1,60,7,10,10,8,
Lars2,60,7,10,10,8,
Lis,60,7,10,10,8,
Gupta,60,7,10,10,8,
Lars1,60,7,2,2,8,
Lars2,60,7,2,2,8,84.0
Lis,60,7,2,2,8,
Gupta,60,7,2,2,8,
Lars1,60,7,4,4,8,
Lars2,60,7,4,4,8,
Lis,60,7,4,4,8,
Gupta,60,7,4,4,8,
Lars1,60,7,6,6,8,
Lars2,60,7,6,6,8,
Lis,60,7,6,6,8,
Gupta,60,7,6,6,8,
Lars1,60,7,8,8,8,
Lars2,60,7,8,8,8,
Lis,60,7,8,8,8,
Gupta,60,7,8,8,8,
Lars1,60,80,10,10,8,
Lars2,60,80,10,10,8,
Lis,60,80,10,10,8,
Gupta,60,80,10,10,8,
Lars1,60,80,2,2,8,
Lars2,60,80,2,2,8,75.0
Lis,60,80,2,2,8,
Gupta,60,80,2,2,8,
Lars1,60,80,4,4,8,
Lars2,60,80,4,4,8,
Lis,60,80,4,4,8,
Gupta,60,80,4,4,8,
Lars1,60,80,6,6,8,
Lars2,60,80,6,6,8,
Lis,60,80,6,6,8,
Gupta,60,80,6,6,8,
Lars1,60,80,8,8,8,
Lars2,60,80,8,8,8,
Lis,60,80,8,8,8,
Gupta,60,80,8,8,8,
Lars1,60,8,10,10,8,
Lars2,60,8,10,10,8,
Lis,60,8,10,10,8,
Gupta,60,8,10,10,8,
Lars1,60,8,2,2,8,
Lars2,60,8,2,2,8,75.0
Lis,60,8,2,2,8,
Gupta,60,8,2,2,8,
Lars1,60,8,4,4,8,
Lars2,60,8,4,4,8,
Lis,60,8,4,4,8,
Gupta,60,8,4,4,8,
Lars1,60,8,6,6,8,
Lars2,60,8,6,6,8,
Lis,60,8,6,6,8,
Gupta,60,8,6,6,8,
Lars1,60,8,8,8,8,
Lars2,60,8,8,8,8,
Lis,60,8,8,8,8,
Gupta,60,8,8,8,8,
Lars1,60,9,10,10,8,
Lars2,60,9,10,10,8,
Lis,60,9,10,10,8,
Gupta,60,9,10,10,8,
Lars1,60,9,2,2,8,
Lars2,60,9,2,2,8,79.0
Lis,60,9,2,2,8,
Gupta,60,9,2,2,8,
Lars1,60,9,4,4,8,
Lars2,60,9,4,4,8,
Lis,60,9,4,4,8,
Gupta,60,9,4,4,8,
Lars1,60,9,6,6,8,
Lars2,60,9,6,6,8,
Lis,60,9,6,6,8,
Gupta,60,9,6,6,8,
Lars1,60,9,8,8,8,
Lars2,60,9,8,8,8,
Lis,60,9,8,8,8,
Gupta,60,9,8,8,8,
Lars1,6,1000,10,10,8,
Lars2,6,1000,10,10,8,
Lis,6,1000,10,10,8,
Gupta,6,1000,10,10,8,
Lars1,6,1000,2,2,8,
Lars2,6,1000,2,2,8,239.0
Lis,6,1000,2,2,8,
Gupta,6,1000,2,2,8,
Lars1,6,1000,4,4,8,
Lars2,6,1000,4,4,8,
Lis,6,1000,4,4,8,
Gupta,6,1000,4,4,8,
Lars1,6,1000,6,6,8,
Lars2,6,1000,6,6,8,
Lis,6,1000,6,6,8,
Gupta,6,1000,6,6,8,
Lars1,6,1000,8,8,8,
Lars2,6,1000,8,8,8,
Lis,6,1000,8,8,8,
Gupta,6,1000,8,8,8,
Lars1,6,100,10,10,8,
Lars2,6,100,10,10,8,
Lis,6,100,10,10,8,
Gupta,6,100,10,10,8,
Lars1,6,100,2,2,8,
Lars2,6,100,2,2,8,84.0
Lis,6,100,2,2,8,
Gupta,6,100,2,2,8,
Lars1,6,100,4,4,8,
Lars2,6,100,4,4,8,
Lis,6,100,4,4,8,
Gupta,6,100,4,4,8,
Lars1,6,100,6,6,8,
Lars2,6,100,6,6,8,
Lis,6,100,6,6,8,
Gupta,6,100,6,6,8,
Lars1,6,100,8,8,8,
Lars2,6,100,8,8,8,
Lis,6,100,8,8,8,
Gupta,6,100,8,8,8,
Lars1,6,10,10,10,8,
Lars2,6,10,10,10,8,
Lis,6,10,10,10,8,
Gupta,6,10,10,10,8,
Lars1,6,10,2,2,8,
Lars2,6,10,2,2,8,70.0
Lis,6,10,2,2,8,
Gupta,6,10,2,2,8,
Lars1,6,10,4,4,8,
Lars2,6,10,4,4,8,
Lis,6,10,4,4,8,
Gupta,6,10,4,4,8,
Lars1,6,10,6,6,8,
Lars2,6,10,6,6,8,
Lis,6,10,6,6,8,
Gupta,6,10,6,6,8,
Lars1,6,10,8,8,8,
Lars2,6,10,8,8,8,
Lis,6,10,8,8,8,
Gupta,6,10,8,8,8,
Lars1,6,1,10,10,8,
Lars2,6,1,10,10,8,
Lis,6,1,10,10,8,
Gupta,6,1,10,10,8,
Lars1,6,1,2,2,8,
Lars2,6,1,2,2,8,73.0
Lis,6,1,2,2,8,
Gupta,6,1,2,2,8,
Lars1,6,1,4,4,8,
Lars2,6,1,4,4,8,
Lis,6,1,4,4,8,
Gupta,6,1,4,4,8,
Lars1,6,1,6,6,8,
Lars2,6,1,6,6,8,
Lis,6,1,6,6,8,
Gupta,6,1,6,6,8,
Lars1,6,1,8,8,8,
Lars2,6,1,8,8,8,
Lis,6,1,8,8,8,
Gupta,6,1,8,8,8,
Lars1,6,20,10,10,8,
Lars2,6,20,10,10,8,
Lis,6,20,10,10,8,
Gupta,6,20,10,10,8,
Lars1,6,20,2,2,8,
Lars2,6,20,2,2,8,67.0
Lis,6,20,2,2,8,
Gupta,6,20,2,2,8,
Lars1,6,20,4,4,8,
Lars2,6,20,4,4,8,
Lis,6,20,4,4,8,
Gupta,6,20,4,4,8,
Lars1,6,20,6,6,8,
Lars2,6,20,6,6,8,
Lis,6,20,6,6,8,
Gupta,6,20,6,6,8,
Lars1,6,20,8,8,8,
Lars2,6,20,8,8,8,
Lis,6,20,8,8,8,
Gupta,6,20,8,8,8,
Lars1,6,2,10,10,8,
Lars2,6,2,10,10,8,
Lis,6,2,10,10,8,
Gupta,6,2,10,10,8,
Lars1,6,2,2,2,8,
Lars2,6,2,2,2,8,69.0
Lis,6,2,2,2,8,
Gupta,6,2,2,2,8,
Lars1,6,2,4,4,8,
Lars2,6,2,4,4,8,
Lis,6,2,4,4,8,
Gupta,6,2,4,4,8,
Lars1,6,2,6,6,8,
Lars2,6,2,6,6,8,
Lis,6,2,6,6,8,
Gupta,6,2,6,6,8,
Lars1,6,2,8,8,8,
Lars2,6,2,8,8,8,
Lis,6,2,8,8,8,
Gupta,6,2,8,8,8,
Lars1,6,3,10,10,8,
Lars2,6,3,10,10,8,
Lis,6,3,10,10,8,
Gupta,6,3,10,10,8,
Lars1,6,3,2,2,8,
Lars2,6,3,2,2,8,86.0
Lis,6,3,2,2,8,
Gupta,6,3,2,2,8,
Lars1,6,3,4,4,8,
Lars2,6,3,4,4,8,
Lis,6,3,4,4,8,
Gupta,6,3,4,4,8,
Lars1,6,3,6,6,8,
Lars2,6,3,6,6,8,
Lis,6,3,6,6,8,
Gupta,6,3,6,6,8,
Lars1,6,3,8,8,8,
Lars2,6,3,8,8,8,
Lis,6,3,8,8,8,
Gupta,6,3,8,8,8,
Lars1,6,40,10,10,8,
Lars2,6,40,10,10,8,
Lis,6,40,10,10,8,
Gupta,6,40,10,10,8,
Lars1,6,40,2,2,8,
Lars2,6,40,2,2,8,85.0
Lis,6,40,2,2,8,
Gupta,6,40,2,2,8,
Lars1,6,40,4,4,8,
Lars2,6,40,4,4,8,
Lis,6,40,4,4,8,
Gupta,6,40,4,4,8,
Lars1,6,40,6,6,8,
Lars2,6,40,6,6,8,
Lis,6,40,6,6,8,
Gupta,6,40,6,6,8,
Lars1,6,40,8,8,8,
Lars2,6,40,8,8,8,
Lis,6,40,8,8,8,
Gupta,6,40,8,8,8,
Lars1,6,4,10,10,8,
Lars2,6,4,10,10,8,
Lis,6,4,10,10,8,
Gupta,6,4,10,10,8,
Lars1,6,4,2,2,8,
Lars2,6,4,2,2,8,79.0
Lis,6,4,2,2,8,
Gupta,6,4,2,2,8,
Lars1,6,4,4,4,8,
Lars2,6,4,4,4,8,
Lis,6,4,4,4,8,
Gupta,6,4,4,4,8,
Lars1,6,4,6,6,8,
Lars2,6,4,6,6,8,
Lis,6,4,6,6,8,
Gupta,6,4,6,6,8,
Lars1,6,4,8,8,8,
Lars2,6,4,8,8,8,
Lis,6,4,8,8,8,
Gupta,6,4,8,8,8,
Lars1,6,500,10,10,8,
Lars2,6,500,10,10,8,
Lis,6,500,10,10,8,
Gupta,6,500,10,10,8,
Lars1,6,500,2,2,8,
Lars2,6,500,2,2,8,140.0
Lis,6,500,2,2,8,
Gupta,6,500,2,2,8,
Lars1,6,500,4,4,8,
Lars2,6,500,4,4,8,
Lis,6,500,4,4,8,
Gupta,6,500,4,4,8,
Lars1,6,500,6,6,8,
Lars2,6,500,6,6,8,
Lis,6,500,6,6,8,
Gupta,6,500,6,6,8,
Lars1,6,500,8,8,8,
Lars2,6,500,8,8,8,
Lis,6,500,8,8,8,
Gupta,6,500,8,8,8,
Lars1,6,5,10,10,8,
Lars2,6,5,10,10,8,
Lis,6,5,10,10,8,
Gupta,6,5,10,10,8,
Lars1,6,5,2,2,8,
Lars2,6,5,2,2,8,78.0
Lis,6,5,2,2,8,
Gupta,6,5,2,2,8,
Lars1,6,5,4,4,8,
Lars2,6,5,4,4,8,
Lis,6,5,4,4,8,
Gupta,6,5,4,4,8,
Lars1,6,5,6,6,8,
Lars2,6,5,6,6,8,
Lis,6,5,6,6,8,
Gupta,6,5,6,6,8,
Lars1,6,5,8,8,8,
Lars2,6,5,8,8,8,
Lis,6,5,8,8,8,
Gupta,6,5,8,8,8,
Lars1,6,60,10,10,8,
Lars2,6,60,10,10,8,
Lis,6,60,10,10,8,
Gupta,6,60,10,10,8,
Lars1,6,60,2,2,8,
Lars2,6,60,2,2,8,70.0
Lis,6,60,2,2,8,
Gupta,6,60,2,2,8,
Lars1,6,60,4,4,8,
Lars2,6,60,4,4,8,
Lis,6,60,4,4,8,
Gupta,6,60,4,4,8,
Lars1,6,60,6,6,8,
Lars2,6,60,6,6,8,
Lis,6,60,6,6,8,
Gupta,6,60,6,6,8,
Lars1,6,60,8,8,8,
Lars2,6,60,8,8,8,
Lis,6,60,8,8,8,
Gupta,6,60,8,8,8,
Lars1,6,6,10,10,8,
Lars2,6,6,10,10,8,
Lis,6,6,10,10,8,
Gupta,6,6,10,10,8,
Lars1,6,6,2,2,8,
Lars2,6,6,2,2,8,69.0
Lis,6,6,2,2,8,
Gupta,6,6,2,2,8,
Lars1,6,6,4,4,8,
Lars2,6,6,4,4,8,
Lis,6,6,4,4,8,
Gupta,6,6,4,4,8,
Lars1,6,6,6,6,8,
Lars2,6,6,6,6,8,
Lis,6,6,6,6,8,
Gupta,6,6,6,6,8,
Lars1,6,6,8,8,8,
Lars2,6,6,8,8,8,
Lis,6,6,8,8,8,
Gupta,6,6,8,8,8,
Lars1,6,7,10,10,8,
Lars2,6,7,10,10,8,
Lis,6,7,10,10,8,
Gupta,6,7,10,10,8,
Lars1,6,7,2,2,8,
Lars2,6,7,2,2,8,65.0
Lis,6,7,2,2,8,
Gupta,6,7,2,2,8,
Lars1,6,7,4,4,8,
Lars2,6,7,4,4,8,
Lis,6,7,4,4,8,
Gupta,6,7,4,4,8,
Lars1,6,7,6,6,8,
Lars2,6,7,6,6,8,
Lis,6,7,6,6,8,
Gupta,6,7,6,6,8,
Lars1,6,7,8,8,8,
Lars2,6,7,8,8,8,
Lis,6,7,8,8,8,
Gupta,6,7,8,8,8,
Lars1,6,80,10,10,8,
Lars2,6,80,10,10,8,
Lis,6,80,10,10,8,
Gupta,6,80,10,10,8,
Lars1,6,80,2,2,8,
Lars2,6,80,2,2,8,92.0
Lis,6,80,2,2,8,
Gupta,6,80,2,2,8,
Lars1,6,80,4,4,8,
Lars2,6,80,4,4,8,
Lis,6,80,4,4,8,
Gupta,6,80,4,4,8,
Lars1,6,80,6,6,8,
Lars2,6,80,6,6,8,
Lis,6,80,6,6,8,
Gupta,6,80,6,6,8,
Lars1,6,80,8,8,8,
Lars2,6,80,8,8,8,
Lis,6,80,8,8,8,
Gupta,6,80,8,8,8,
Lars1,6,8,10,10,8,
Lars2,6,8,10,10,8,
Lis,6,8,10,10,8,
Gupta,6,8,10,10,8,
Lars1,6,8,2,2,8,
Lars2,6,8,2,2,8,77.0
Lis,6,8,2,2,8,
Gupta,6,8,2,2,8,
Lars1,6,8,4,4,8,
Lars2,6,8,4,4,8,
Lis,6,8,4,4,8,
Gupta,6,8,4,4,8,
Lars1,6,8,6,6,8,
Lars2,6,8,6,6,8,
Lis,6,8,6,6,8,
Gupta,6,8,6,6,8,
Lars1,6,8,8,8,8,
Lars2,6,8,8,8,8,
Lis,6,8,8,8,8,
Gupta,6,8,8,8,8,
Lars1,6,9,10,10,8,
Lars2,6,9,10,10,8,
Lis,6,9,10,10,8,
Gupta,6,9,10,10,8,
Lars1,6,9,2,2,8,
Lars2,6,9,2,2,8,53.0
Lis,6,9,2,2,8,
Gupta,6,9,2,2,8,
Lars1,6,9,4,4,8,
Lars2,6,9,4,4,8,
Lis,6,9,4,4,8,
Gupta,6,9,4,4,8,
Lars1,6,9,6,6,8,
Lars2,6,9,6,6,8,
Lis,6,9,6,6,8,
Gupta,6,9,6,6,8,
Lars1,6,9,8,8,8,
Lars2,6,9,8,8,8,
Lis,6,9,8,8,8,
Gupta,6,9,8,8,8,
Lars1,1000,1000,10,10,9,
Lars2,1000,1000,10,10,9,
Lis,1000,1000,10,10,9,
Gupta,1000,1000,10,10,9,
Lars1,1000,1000,2,2,9,
Lars2,1000,1000,2,2,9,79.0
Lis,1000,1000,2,2,9,
Gupta,1000,1000,2,2,9,
Lars1,1000,1000,4,4,9,
Lars2,1000,1000,4,4,9,
Lis,1000,1000,4,4,9,
Gupta,1000,1000,4,4,9,
Lars1,1000,1000,6,6,9,
Lars2,1000,1000,6,6,9,
Lis,1000,1000,6,6,9,
Gupta,1000,1000,6,6,9,
Lars1,1000,1000,8,8,9,
Lars2,1000,1000,8,8,9,
Lis,1000,1000,8,8,9,
Gupta,1000,1000,8,8,9,
Lars1,1000,100,10,10,9,
Lars2,1000,100,10,10,9,
Lis,1000,100,10,10,9,
Gupta,1000,100,10,10,9,
Lars1,1000,100,2,2,9,
Lars2,1000,100,2,2,9,82.0
Lis,1000,100,2,2,9,
Gupta,1000,100,2,2,9,
Lars1,1000,100,4,4,9,
Lars2,1000,100,4,4,9,
Lis,1000,100,4,4,9,
Gupta,1000,100,4,4,9,
Lars1,1000,100,6,6,9,
Lars2,1000,100,6,6,9,
Lis,1000,100,6,6,9,
Gupta,1000,100,6,6,9,
Lars1,1000,100,8,8,9,
Lars2,1000,100,8,8,9,
Lis,1000,100,8,8,9,
Gupta,1000,100,8,8,9,
Lars1,1000,10,10,10,9,
Lars2,1000,10,10,10,9,
Lis,1000,10,10,10,9,
Gupta,1000,10,10,10,9,
Lars1,1000,10,2,2,9,
Lars2,1000,10,2,2,9,76.0
Lis,1000,10,2,2,9,
Gupta,1000,10,2,2,9,
Lars1,1000,10,4,4,9,
Lars2,1000,10,4,4,9,
Lis,1000,10,4,4,9,
Gupta,1000,10,4,4,9,
Lars1,1000,10,6,6,9,
Lars2,1000,10,6,6,9,
Lis,1000,10,6,6,9,
Gupta,1000,10,6,6,9,
Lars1,1000,10,8,8,9,
Lars2,1000,10,8,8,9,
Lis,1000,10,8,8,9,
Gupta,1000,10,8,8,9,
Lars1,1000,1,10,10,9,
Lars2,1000,1,10,10,9,
Lis,1000,1,10,10,9,
Gupta,1000,1,10,10,9,
Lars1,1000,1,2,2,9,
Lars2,1000,1,2,2,9,83.0
Lis,1000,1,2,2,9,
Gupta,1000,1,2,2,9,
Lars1,1000,1,4,4,9,
Lars2,1000,1,4,4,9,
Lis,1000,1,4,4,9,
Gupta,1000,1,4,4,9,
Lars1,1000,1,6,6,9,
Lars2,1000,1,6,6,9,
Lis,1000,1,6,6,9,
Gupta,1000,1,6,6,9,
Lars1,1000,1,8,8,9,
Lars2,1000,1,8,8,9,
Lis,1000,1,8,8,9,
Gupta,1000,1,8,8,9,
Lars1,1000,20,10,10,9,
Lars2,1000,20,10,10,9,
Lis,1000,20,10,10,9,
Gupta,1000,20,10,10,9,
Lars1,1000,20,2,2,9,
Lars2,1000,20,2,2,9,136.0
Lis,1000,20,2,2,9,
Gupta,1000,20,2,2,9,
Lars1,1000,20,4,4,9,
Lars2,1000,20,4,4,9,
Lis,1000,20,4,4,9,
Gupta,1000,20,4,4,9,
Lars1,1000,20,6,6,9,
Lars2,1000,20,6,6,9,
Lis,1000,20,6,6,9,
Gupta,1000,20,6,6,9,
Lars1,1000,20,8,8,9,
Lars2,1000,20,8,8,9,
Lis,1000,20,8,8,9,
Gupta,1000,20,8,8,9,
Lars1,1000,2,10,10,9,
Lars2,1000,2,10,10,9,
Lis,1000,2,10,10,9,
Gupta,1000,2,10,10,9,
Lars1,1000,2,2,2,9,
Lars2,1000,2,2,2,9,138.0
Lis,1000,2,2,2,9,
Gupta,1000,2,2,2,9,
Lars1,1000,2,4,4,9,
Lars2,1000,2,4,4,9,
Lis,1000,2,4,4,9,
Gupta,1000,2,4,4,9,
Lars1,1000,2,6,6,9,
Lars2,1000,2,6,6,9,
Lis,1000,2,6,6,9,
Gupta,1000,2,6,6,9,
Lars1,1000,2,8,8,9,
Lars2,1000,2,8,8,9,
Lis,1000,2,8,8,9,
Gupta,1000,2,8,8,9,
Lars1,1000,3,10,10,9,
Lars2,1000,3,10,10,9,
Lis,1000,3,10,10,9,
Gupta,1000,3,10,10,9,
Lars1,1000,3,2,2,9,
Lars2,1000,3,2,2,9,77.0
Lis,1000,3,2,2,9,
Gupta,1000,3,2,2,9,
Lars1,1000,3,4,4,9,
Lars2,1000,3,4,4,9,
Lis,1000,3,4,4,9,
Gupta,1000,3,4,4,9,
Lars1,1000,3,6,6,9,
Lars2,1000,3,6,6,9,
Lis,1000,3,6,6,9,
Gupta,1000,3,6,6,9,
Lars1,1000,3,8,8,9,
Lars2,1000,3,8,8,9,
Lis,1000,3,8,8,9,
Gupta,1000,3,8,8,9,
Lars1,1000,40,10,10,9,
Lars2,1000,40,10,10,9,
Lis,1000,40,10,10,9,
Gupta,1000,40,10,10,9,
Lars1,1000,40,2,2,9,
Lars2,1000,40,2,2,9,85.0
Lis,1000,40,2,2,9,
Gupta,1000,40,2,2,9,
Lars1,1000,40,4,4,9,
Lars2,1000,40,4,4,9,
Lis,1000,40,4,4,9,
Gupta,1000,40,4,4,9,
Lars1,1000,40,6,6,9,
Lars2,1000,40,6,6,9,
Lis,1000,40,6,6,9,
Gupta,1000,40,6,6,9,
Lars1,1000,40,8,8,9,
Lars2,1000,40,8,8,9,
Lis,1000,40,8,8,9,
Gupta,1000,40,8,8,9,
Lars1,1000,4,10,10,9,
Lars2,1000,4,10,10,9,
Lis,1000,4,10,10,9,
Gupta,1000,4,10,10,9,
Lars1,1000,4,2,2,9,
Lars2,1000,4,2,2,9,87.0
Lis,1000,4,2,2,9,
Gupta,1000,4,2,2,9,
Lars1,1000,4,4,4,9,
Lars2,1000,4,4,4,9,
Lis,1000,4,4,4,9,
Gupta,1000,4,4,4,9,
Lars1,1000,4,6,6,9,
Lars2,1000,4,6,6,9,
Lis,1000,4,6,6,9,
Gupta,1000,4,6,6,9,
Lars1,1000,4,8,8,9,
Lars2,1000,4,8,8,9,
Lis,1000,4,8,8,9,
Gupta,1000,4,8,8,9,
Lars1,1000,500,10,10,9,
Lars2,1000,500,10,10,9,
Lis,1000,500,10,10,9,
Gupta,1000,500,10,10,9,
Lars1,1000,500,2,2,9,
Lars2,1000,500,2,2,9,82.0
Lis,1000,500,2,2,9,
Gupta,1000,500,2,2,9,
Lars1,1000,500,4,4,9,
Lars2,1000,500,4,4,9,
Lis,1000,500,4,4,9,
Gupta,1000,500,4,4,9,
Lars1,1000,500,6,6,9,
Lars2,1000,500,6,6,9,
Lis,1000,500,6,6,9,
Gupta,1000,500,6,6,9,
Lars1,1000,500,8,8,9,
Lars2,1000,500,8,8,9,
Lis,1000,500,8,8,9,
Gupta,1000,500,8,8,9,
Lars1,1000,5,10,10,9,
Lars2,1000,5,10,10,9,
Lis,1000,5,10,10,9,
Gupta,1000,5,10,10,9,
Lars1,1000,5,2,2,9,
Lars2,1000,5,2,2,9,55.0
Lis,1000,5,2,2,9,
Gupta,1000,5,2,2,9,
Lars1,1000,5,4,4,9,
Lars2,1000,5,4,4,9,
Lis,1000,5,4,4,9,
Gupta,1000,5,4,4,9,
Lars1,1000,5,6,6,9,
Lars2,1000,5,6,6,9,
Lis,1000,5,6,6,9,
Gupta,1000,5,6,6,9,
Lars1,1000,5,8,8,9,
Lars2,1000,5,8,8,9,
Lis,1000,5,8,8,9,
Gupta,1000,5,8,8,9,
Lars1,1000,60,10,10,9,
Lars2,1000,60,10,10,9,
Lis,1000,60,10,10,9,
Gupta,1000,60,10,10,9,
Lars1,1000,60,2,2,9,
Lars2,1000,60,2,2,9,68.0
Lis,1000,60,2,2,9,
Gupta,1000,60,2,2,9,
Lars1,1000,60,4,4,9,
Lars2,1000,60,4,4,9,
Lis,1000,60,4,4,9,
Gupta,1000,60,4,4,9,
Lars1,1000,60,6,6,9,
Lars2,1000,60,6,6,9,
Lis,1000,60,6,6,9,
Gupta,1000,60,6,6,9,
Lars1,1000,60,8,8,9,
Lars2,1000,60,8,8,9,
Lis,1000,60,8,8,9,
Gupta,1000,60,8,8,9,
Lars1,1000,6,10,10,9,
Lars2,1000,6,10,10,9,
Lis,1000,6,10,10,9,
Gupta,1000,6,10,10,9,
Lars1,1000,6,2,2,9,
Lars2,1000,6,2,2,9,70.0
Lis,1000,6,2,2,9,
Gupta,1000,6,2,2,9,
Lars1,1000,6,4,4,9,
Lars2,1000,6,4,4,9,
Lis,1000,6,4,4,9,
Gupta,1000,6,4,4,9,
Lars1,1000,6,6,6,9,
Lars2,1000,6,6,6,9,
Lis,1000,6,6,6,9,
Gupta,1000,6,6,6,9,
Lars1,1000,6,8,8,9,
Lars2,1000,6,8,8,9,
Lis,1000,6,8,8,9,
Gupta,1000,6,8,8,9,
Lars1,1000,7,10,10,9,
Lars2,1000,7,10,10,9,
Lis,1000,7,10,10,9,
Gupta,1000,7,10,10,9,
Lars1,1000,7,2,2,9,
Lars2,1000,7,2,2,9,75.0
Lis,1000,7,2,2,9,
Gupta,1000,7,2,2,9,
Lars1,1000,7,4,4,9,
Lars2,1000,7,4,4,9,
Lis,1000,7,4,4,9,
Gupta,1000,7,4,4,9,
Lars1,1000,7,6,6,9,
Lars2,1000,7,6,6,9,
Lis,1000,7,6,6,9,
Gupta,1000,7,6,6,9,
Lars1,1000,7,8,8,9,
Lars2,1000,7,8,8,9,
Lis,1000,7,8,8,9,
Gupta,1000,7,8,8,9,
Lars1,1000,80,10,10,9,
Lars2,1000,80,10,10,9,
Lis,1000,80,10,10,9,
Gupta,1000,80,10,10,9,
Lars1,1000,80,2,2,9,
Lars2,1000,80,2,2,9,102.0
Lis,1000,80,2,2,9,
Gupta,1000,80,2,2,9,
Lars1,1000,80,4,4,9,
Lars2,1000,80,4,4,9,
Lis,1000,80,4,4,9,
Gupta,1000,80,4,4,9,
Lars1,1000,80,6,6,9,
Lars2,1000,80,6,6,9,
Lis,1000,80,6,6,9,
Gupta,1000,80,6,6,9,
Lars1,1000,80,8,8,9,
Lars2,1000,80,8,8,9,
Lis,1000,80,8,8,9,
Gupta,1000,80,8,8,9,
Lars1,1000,8,10,10,9,
Lars2,1000,8,10,10,9,
Lis,1000,8,10,10,9,
Gupta,1000,8,10,10,9,
Lars1,1000,8,2,2,9,
Lars2,1000,8,2,2,9,62.0
Lis,1000,8,2,2,9,
Gupta,1000,8,2,2,9,
Lars1,1000,8,4,4,9,
Lars2,1000,8,4,4,9,
Lis,1000,8,4,4,9,
Gupta,1000,8,4,4,9,
Lars1,1000,8,6,6,9,
Lars2,1000,8,6,6,9,
Lis,1000,8,6,6,9,
Gupta,1000,8,6,6,9,
Lars1,1000,8,8,8,9,
Lars2,1000,8,8,8,9,
Lis,1000,8,8,8,9,
Gupta,1000,8,8,8,9,
Lars1,1000,9,10,10,9,
Lars2,1000,9,10,10,9,
Lis,1000,9,10,10,9,
Gupta,1000,9,10,10,9,
Lars1,1000,9,2,2,9,
Lars2,1000,9,2,2,9,248.0
Lis,1000,9,2,2,9,
Gupta,1000,9,2,2,9,
Lars1,1000,9,4,4,9,
Lars2,1000,9,4,4,9,
Lis,1000,9,4,4,9,
Gupta,1000,9,4,4,9,
Lars1,1000,9,6,6,9,
Lars2,1000,9,6,6,9,
Lis,1000,9,6,6,9,
Gupta,1000,9,6,6,9,
Lars1,1000,9,8,8,9,
Lars2,1000,9,8,8,9,
Lis,1000,9,8,8,9,
Gupta,1000,9,8,8,9,
Lars1,100,1000,10,10,9,
Lars2,100,1000,10,10,9,
Lis,100,1000,10,10,9,
Gupta,100,1000,10,10,9,
Lars1,100,1000,2,2,9,
Lars2,100,1000,2,2,9,253.0
Lis,100,1000,2,2,9,
Gupta,100,1000,2,2,9,
Lars1,100,1000,4,4,9,
Lars2,100,1000,4,4,9,
Lis,100,1000,4,4,9,
Gupta,100,1000,4,4,9,
Lars1,100,1000,6,6,9,
Lars2,100,1000,6,6,9,
Lis,100,1000,6,6,9,
Gupta,100,1000,6,6,9,
Lars1,100,1000,8,8,9,
Lars2,100,1000,8,8,9,
Lis,100,1000,8,8,9,
Gupta,100,1000,8,8,9,
Lars1,100,100,10,10,9,
Lars2,100,100,10,10,9,
Lis,100,100,10,10,9,
Gupta,100,100,10,10,9,
Lars1,100,100,2,2,9,
Lars2,100,100,2,2,9,56.0
Lis,100,100,2,2,9,
Gupta,100,100,2,2,9,
Lars1,100,100,4,4,9,
Lars2,100,100,4,4,9,
Lis,100,100,4,4,9,
Gupta,100,100,4,4,9,
Lars1,100,100,6,6,9,
Lars2,100,100,6,6,9,
Lis,100,100,6,6,9,
Gupta,100,100,6,6,9,
Lars1,100,100,8,8,9,
Lars2,100,100,8,8,9,
Lis,100,100,8,8,9,
Gupta,100,100,8,8,9,
Lars1,100,10,10,10,9,
Lars2,100,10,10,10,9,
Lis,100,10,10,10,9,
Gupta,100,10,10,10,9,
Lars1,100,10,2,2,9,
Lars2,100,10,2,2,9,69.0
Lis,100,10,2,2,9,
Gupta,100,10,2,2,9,
Lars1,100,10,4,4,9,
Lars2,100,10,4,4,9,
Lis,100,10,4,4,9,
Gupta,100,10,4,4,9,
Lars1,100,10,6,6,9,
Lars2,100,10,6,6,9,
Lis,100,10,6,6,9,
Gupta,100,10,6,6,9,
Lars1,100,10,8,8,9,
Lars2,100,10,8,8,9,
Lis,100,10,8,8,9,
Gupta,100,10,8,8,9,
Lars1,100,1,10,10,9,
Lars2,100,1,10,10,9,
Lis,100,1,10,10,9,
Gupta,100,1,10,10,9,
Lars1,100,1,2,2,9,
Lars2,100,1,2,2,9,81.0
Lis,100,1,2,2,9,
Gupta,100,1,2,2,9,
Lars1,100,1,4,4,9,
Lars2,100,1,4,4,9,
Lis,100,1,4,4,9,
Gupta,100,1,4,4,9,
Lars1,100,1,6,6,9,
Lars2,100,1,6,6,9,
Lis,100,1,6,6,9,
Gupta,100,1,6,6,9,
Lars1,100,1,8,8,9,
Lars2,100,1,8,8,9,
Lis,100,1,8,8,9,
Gupta,100,1,8,8,9,
Lars1,100,20,10,10,9,
Lars2,100,20,10,10,9,
Lis,100,20,10,10,9,
Gupta,100,20,10,10,9,
Lars1,100,20,2,2,9,
Lars2,100,20,2,2,9,74.0
Lis,100,20,2,2,9,
Gupta,100,20,2,2,9,
Lars1,100,20,4,4,9,
Lars2,100,20,4,4,9,
Lis,100,20,4,4,9,
Gupta,100,20,4,4,9,
Lars1,100,20,6,6,9,
Lars2,100,20,6,6,9,
Lis,100,20,6,6,9,
Gupta,100,20,6,6,9,
Lars1,100,20,8,8,9,
Lars2,100,20,8,8,9,
Lis,100,20,8,8,9,
Gupta,100,20,8,8,9,
Lars1,100,2,10,10,9,
Lars2,100,2,10,10,9,
Lis,100,2,10,10,9,
Gupta,100,2,10,10,9,
Lars1,100,2,2,2,9,
Lars2,100,2,2,2,9,77.0
Lis,100,2,2,2,9,
Gupta,100,2,2,2,9,
Lars1,100,2,4,4,9,
Lars2,100,2,4,4,9,
Lis,100,2,4,4,9,
Gupta,100,2,4,4,9,
Lars1,100,2,6,6,9,
Lars2,100,2,6,6,9,
Lis,100,2,6,6,9,
Gupta,100,2,6,6,9,
Lars1,100,2,8,8,9,
Lars2,100,2,8,8,9,
Lis,100,2,8,8,9,
Gupta,100,2,8,8,9,
Lars1,100,3,10,10,9,
Lars2,100,3,10,10,9,
Lis,100,3,10,10,9,
Gupta,100,3,10,10,9,
Lars1,100,3,2,2,9,
Lars2,100,3,2,2,9,79.0
Lis,100,3,2,2,9,
Gupta,100,3,2,2,9,
Lars1,100,3,4,4,9,
Lars2,100,3,4,4,9,
Lis,100,3,4,4,9,
Gupta,100,3,4,4,9,
Lars1,100,3,6,6,9,
Lars2,100,3,6,6,9,
Lis,100,3,6,6,9,
Gupta,100,3,6,6,9,
Lars1,100,3,8,8,9,
Lars2,100,3,8,8,9,
Lis,100,3,8,8,9,
Gupta,100,3,8,8,9,
Lars1,100,40,10,10,9,
Lars2,100,40,10,10,9,
Lis,100,40,10,10,9,
Gupta,100,40,10,10,9,
Lars1,100,40,2,2,9,
Lars2,100,40,2,2,9,81.0
Lis,100,40,2,2,9,
Gupta,100,40,2,2,9,
Lars1,100,40,4,4,9,
Lars2,100,40,4,4,9,
Lis,100,40,4,4,9,
Gupta,100,40,4,4,9,
Lars1,100,40,6,6,9,
Lars2,100,40,6,6,9,
Lis,100,40,6,6,9,
Gupta,100,40,6,6,9,
Lars1,100,40,8,8,9,
Lars2,100,40,8,8,9,
Lis,100,40,8,8,9,
Gupta,100,40,8,8,9,
Lars1,100,4,10,10,9,
Lars2,100,4,10,10,9,
Lis,100,4,10,10,9,
Gupta,100,4,10,10,9,
Lars1,100,4,2,2,9,
Lars2,100,4,2,2,9,82.0
Lis,100,4,2,2,9,
Gupta,100,4,2,2,9,
Lars1,100,4,4,4,9,
Lars2,100,4,4,4,9,
Lis,100,4,4,4,9,
Gupta,100,4,4,4,9,
Lars1,100,4,6,6,9,
Lars2,100,4,6,6,9,
Lis,100,4,6,6,9,
Gupta,100,4,6,6,9,
Lars1,100,4,8,8,9,
Lars2,100,4,8,8,9,
Lis,100,4,8,8,9,
Gupta,100,4,8,8,9,
Lars1,100,500,10,10,9,
Lars2,100,500,10,10,9,
Lis,100,500,10,10,9,
Gupta,100,500,10,10,9,
Lars1,100,500,2,2,9,
Lars2,100,500,2,2,9,78.0
Lis,100,500,2,2,9,
Gupta,100,500,2,2,9,
Lars1,100,500,4,4,9,
Lars2,100,500,4,4,9,
Lis,100,500,4,4,9,
Gupta,100,500,4,4,9,
Lars1,100,500,6,6,9,
Lars2,100,500,6,6,9,
Lis,100,500,6,6,9,
Gupta,100,500,6,6,9,
Lars1,100,500,8,8,9,
Lars2,100,500,8,8,9,
Lis,100,500,8,8,9,
Gupta,100,500,8,8,9,
Lars1,100,5,10,10,9,
Lars2,100,5,10,10,9,
Lis,100,5,10,10,9,
Gupta,100,5,10,10,9,
Lars1,100,5,2,2,9,
Lars2,100,5,2,2,9,81.0
Lis,100,5,2,2,9,
Gupta,100,5,2,2,9,
Lars1,100,5,4,4,9,
Lars2,100,5,4,4,9,
Lis,100,5,4,4,9,
Gupta,100,5,4,4,9,
Lars1,100,5,6,6,9,
Lars2,100,5,6,6,9,
Lis,100,5,6,6,9,
Gupta,100,5,6,6,9,
Lars1,100,5,8,8,9,
Lars2,100,5,8,8,9,
Lis,100,5,8,8,9,
Gupta,100,5,8,8,9,
Lars1,100,60,10,10,9,
Lars2,100,60,10,10,9,
Lis,100,60,10,10,9,
Gupta,100,60,10,10,9,
Lars1,100,60,2,2,9,
Lars2,100,60,2,2,9,90.0
Lis,100,60,2,2,9,
Gupta,100,60,2,2,9,
Lars1,100,60,4,4,9,
Lars2,100,60,4,4,9,
Lis,100,60,4,4,9,
Gupta,100,60,4,4,9,
Lars1,100,60,6,6,9,
Lars2,100,60,6,6,9,
Lis,100,60,6,6,9,
Gupta,100,60,6,6,9,
Lars1,100,60,8,8,9,
Lars2,100,60,8,8,9,
Lis,100,60,8,8,9,
Gupta,100,60,8,8,9,
Lars1,100,6,10,10,9,
Lars2,100,6,10,10,9,
Lis,100,6,10,10,9,
Gupta,100,6,10,10,9,
Lars1,100,6,2,2,9,
Lars2,100,6,2,2,9,80.0
Lis,100,6,2,2,9,
Gupta,100,6,2,2,9,
Lars1,100,6,4,4,9,
Lars2,100,6,4,4,9,
Lis,100,6,4,4,9,
Gupta,100,6,4,4,9,
Lars1,100,6,6,6,9,
Lars2,100,6,6,6,9,
Lis,100,6,6,6,9,
Gupta,100,6,6,6,9,
Lars1,100,6,8,8,9,
Lars2,100,6,8,8,9,
Lis,100,6,8,8,9,
Gupta,100,6,8,8,9,
Lars1,100,7,10,10,9,
Lars2,100,7,10,10,9,
Lis,100,7,10,10,9,
Gupta,100,7,10,10,9,
Lars1,100,7,2,2,9,
Lars2,100,7,2,2,9,82.0
Lis,100,7,2,2,9,
Gupta,100,7,2,2,9,
Lars1,100,7,4,4,9,
Lars2,100,7,4,4,9,
Lis,100,7,4,4,9,
Gupta,100,7,4,4,9,
Lars1,100,7,6,6,9,
Lars2,100,7,6,6,9,
Lis,100,7,6,6,9,
Gupta,100,7,6,6,9,
Lars1,100,7,8,8,9,
Lars2,100,7,8,8,9,
Lis,100,7,8,8,9,
Gupta,100,7,8,8,9,
Lars1,100,80,10,10,9,
Lars2,100,80,10,10,9,
Lis,100,80,10,10,9,
Gupta,100,80,10,10,9,
Lars1,100,80,2,2,9,
Lars2,100,80,2,2,9,91.0
Lis,100,80,2,2,9,
Gupta,100,80,2,2,9,
Lars1,100,80,4,4,9,
Lars2,100,80,4,4,9,
Lis,100,80,4,4,9,
Gupta,100,80,4,4,9,
Lars1,100,80,6,6,9,
Lars2,100,80,6,6,9,
Lis,100,80,6,6,9,
Gupta,100,80,6,6,9,
Lars1,100,80,8,8,9,
Lars2,100,80,8,8,9,
Lis,100,80,8,8,9,
Gupta,100,80,8,8,9,
Lars1,100,8,10,10,9,
Lars2,100,8,10,10,9,
Lis,100,8,10,10,9,
Gupta,100,8,10,10,9,
Lars1,100,8,2,2,9,
Lars2,100,8,2,2,9,76.0
Lis,100,8,2,2,9,
Gupta,100,8,2,2,9,
Lars1,100,8,4,4,9,
Lars2,100,8,4,4,9,
Lis,100,8,4,4,9,
Gupta,100,8,4,4,9,
Lars1,100,8,6,6,9,
Lars2,100,8,6,6,9,
Lis,100,8,6,6,9,
Gupta,100,8,6,6,9,
Lars1,100,8,8,8,9,
Lars2,100,8,8,8,9,
Lis,100,8,8,8,9,
Gupta,100,8,8,8,9,
Lars1,100,9,10,10,9,
Lars2,100,9,10,10,9,
Lis,100,9,10,10,9,
Gupta,100,9,10,10,9,
Lars1,100,9,2,2,9,
Lars2,100,9,2,2,9,73.0
Lis,100,9,2,2,9,
Gupta,100,9,2,2,9,
Lars1,100,9,4,4,9,
Lars2,100,9,4,4,9,
Lis,100,9,4,4,9,
Gupta,100,9,4,4,9,
Lars1,100,9,6,6,9,
Lars2,100,9,6,6,9,
Lis,100,9,6,6,9,
Gupta,100,9,6,6,9,
Lars1,100,9,8,8,9,
Lars2,100,9,8,8,9,
Lis,100,9,8,8,9,
Gupta,100,9,8,8,9,
Lars1,10,1000,10,10,9,
Lars2,10,1000,10,10,9,
Lis,10,1000,10,10,9,
Gupta,10,1000,10,10,9,
Lars1,10,1000,2,2,9,
Lars2,10,1000,2,2,9,487.0
Lis,10,1000,2,2,9,
Gupta,10,1000,2,2,9,
Lars1,10,1000,4,4,9,
Lars2,10,1000,4,4,9,
Lis,10,1000,4,4,9,
Gupta,10,1000,4,4,9,
Lars1,10,1000,6,6,9,
Lars2,10,1000,6,6,9,
Lis,10,1000,6,6,9,
Gupta,10,1000,6,6,9,
Lars1,10,1000,8,8,9,
Lars2,10,1000,8,8,9,
Lis,10,1000,8,8,9,
Gupta,10,1000,8,8,9,
Lars1,10,100,10,10,9,
Lars2,10,100,10,10,9,
Lis,10,100,10,10,9,
Gupta,10,100,10,10,9,
Lars1,10,100,2,2,9,
Lars2,10,100,2,2,9,84.0
Lis,10,100,2,2,9,
Gupta,10,100,2,2,9,
Lars1,10,100,4,4,9,
Lars2,10,100,4,4,9,
Lis,10,100,4,4,9,
Gupta,10,100,4,4,9,
Lars1,10,100,6,6,9,
Lars2,10,100,6,6,9,
Lis,10,100,6,6,9,
Gupta,10,100,6,6,9,
Lars1,10,100,8,8,9,
Lars2,10,100,8,8,9,
Lis,10,100,8,8,9,
Gupta,10,100,8,8,9,
Lars1,10,10,10,10,9,
Lars2,10,10,10,10,9,
Lis,10,10,10,10,9,
Gupta,10,10,10,10,9,
Lars1,10,10,2,2,9,
Lars2,10,10,2,2,9,63.0
Lis,10,10,2,2,9,
Gupta,10,10,2,2,9,
Lars1,10,10,4,4,9,
Lars2,10,10,4,4,9,
Lis,10,10,4,4,9,
Gupta,10,10,4,4,9,
Lars1,10,10,6,6,9,
Lars2,10,10,6,6,9,
Lis,10,10,6,6,9,
Gupta,10,10,6,6,9,
Lars1,10,10,8,8,9,
Lars2,10,10,8,8,9,
Lis,10,10,8,8,9,
Gupta,10,10,8,8,9,
Lars1,10,1,10,10,9,
Lars2,10,1,10,10,9,
Lis,10,1,10,10,9,
Gupta,10,1,10,10,9,
Lars1,10,1,2,2,9,
Lars2,10,1,2,2,9,87.0
Lis,10,1,2,2,9,
Gupta,10,1,2,2,9,
Lars1,10,1,4,4,9,
Lars2,10,1,4,4,9,
Lis,10,1,4,4,9,
Gupta,10,1,4,4,9,
Lars1,10,1,6,6,9,
Lars2,10,1,6,6,9,
Lis,10,1,6,6,9,
Gupta,10,1,6,6,9,
Lars1,10,1,8,8,9,
Lars2,10,1,8,8,9,
Lis,10,1,8,8,9,
Gupta,10,1,8,8,9,
Lars1,10,20,10,10,9,
Lars2,10,20,10,10,9,
Lis,10,20,10,10,9,
Gupta,10,20,10,10,9,
Lars1,10,20,2,2,9,
Lars2,10,20,2,2,9,64.0
Lis,10,20,2,2,9,
Gupta,10,20,2,2,9,
Lars1,10,20,4,4,9,
Lars2,10,20,4,4,9,
Lis,10,20,4,4,9,
Gupta,10,20,4,4,9,
Lars1,10,20,6,6,9,
Lars2,10,20,6,6,9,
Lis,10,20,6,6,9,
Gupta,10,20,6,6,9,
Lars1,10,20,8,8,9,
Lars2,10,20,8,8,9,
Lis,10,20,8,8,9,
Gupta,10,20,8,8,9,
Lars1,10,2,10,10,9,
Lars2,10,2,10,10,9,
Lis,10,2,10,10,9,
Gupta,10,2,10,10,9,
Lars1,10,2,2,2,9,
Lars2,10,2,2,2,9,69.0
Lis,10,2,2,2,9,
Gupta,10,2,2,2,9,
Lars1,10,2,4,4,9,
Lars2,10,2,4,4,9,
Lis,10,2,4,4,9,
Gupta,10,2,4,4,9,
Lars1,10,2,6,6,9,
Lars2,10,2,6,6,9,
Lis,10,2,6,6,9,
Gupta,10,2,6,6,9,
Lars1,10,2,8,8,9,
Lars2,10,2,8,8,9,
Lis,10,2,8,8,9,
Gupta,10,2,8,8,9,
Lars1,10,3,10,10,9,
Lars2,10,3,10,10,9,
Lis,10,3,10,10,9,
Gupta,10,3,10,10,9,
Lars1,10,3,2,2,9,
Lars2,10,3,2,2,9,81.0
Lis,10,3,2,2,9,
Gupta,10,3,2,2,9,
Lars1,10,3,4,4,9,
Lars2,10,3,4,4,9,
Lis,10,3,4,4,9,
Gupta,10,3,4,4,9,
Lars1,10,3,6,6,9,
Lars2,10,3,6,6,9,
Lis,10,3,6,6,9,
Gupta,10,3,6,6,9,
Lars1,10,3,8,8,9,
Lars2,10,3,8,8,9,
Lis,10,3,8,8,9,
Gupta,10,3,8,8,9,
Lars1,10,40,10,10,9,
Lars2,10,40,10,10,9,
Lis,10,40,10,10,9,
Gupta,10,40,10,10,9,
Lars1,10,40,2,2,9,
Lars2,10,40,2,2,9,75.0
Lis,10,40,2,2,9,
Gupta,10,40,2,2,9,
Lars1,10,40,4,4,9,
Lars2,10,40,4,4,9,
Lis,10,40,4,4,9,
Gupta,10,40,4,4,9,
Lars1,10,40,6,6,9,
Lars2,10,40,6,6,9,
Lis,10,40,6,6,9,
Gupta,10,40,6,6,9,
Lars1,10,40,8,8,9,
Lars2,10,40,8,8,9,
Lis,10,40,8,8,9,
Gupta,10,40,8,8,9,
Lars1,10,4,10,10,9,
Lars2,10,4,10,10,9,
Lis,10,4,10,10,9,
Gupta,10,4,10,10,9,
Lars1,10,4,2,2,9,
Lars2,10,4,2,2,9,76.0
Lis,10,4,2,2,9,
Gupta,10,4,2,2,9,
Lars1,10,4,4,4,9,
Lars2,10,4,4,4,9,
Lis,10,4,4,4,9,
Gupta,10,4,4,4,9,
Lars1,10,4,6,6,9,
Lars2,10,4,6,6,9,
Lis,10,4,6,6,9,
Gupta,10,4,6,6,9,
Lars1,10,4,8,8,9,
Lars2,10,4,8,8,9,
Lis,10,4,8,8,9,
Gupta,10,4,8,8,9,
Lars1,10,500,10,10,9,
Lars2,10,500,10,10,9,
Lis,10,500,10,10,9,
Gupta,10,500,10,10,9,
Lars1,10,500,2,2,9,
Lars2,10,500,2,2,9,102.0
Lis,10,500,2,2,9,
Gupta,10,500,2,2,9,
Lars1,10,500,4,4,9,
Lars2,10,500,4,4,9,
Lis,10,500,4,4,9,
Gupta,10,500,4,4,9,
Lars1,10,500,6,6,9,
Lars2,10,500,6,6,9,
Lis,10,500,6,6,9,
Gupta,10,500,6,6,9,
Lars1,10,500,8,8,9,
Lars2,10,500,8,8,9,
Lis,10,500,8,8,9,
Gupta,10,500,8,8,9,
Lars1,10,5,10,10,9,
Lars2,10,5,10,10,9,
Lis,10,5,10,10,9,
Gupta,10,5,10,10,9,
Lars1,10,5,2,2,9,
Lars2,10,5,2,2,9,84.0
Lis,10,5,2,2,9,
Gupta,10,5,2,2,9,
Lars1,10,5,4,4,9,
Lars2,10,5,4,4,9,
Lis,10,5,4,4,9,
Gupta,10,5,4,4,9,
Lars1,10,5,6,6,9,
Lars2,10,5,6,6,9,
Lis,10,5,6,6,9,
Gupta,10,5,6,6,9,
Lars1,10,5,8,8,9,
Lars2,10,5,8,8,9,
Lis,10,5,8,8,9,
Gupta,10,5,8,8,9,
Lars1,10,60,10,10,9,
Lars2,10,60,10,10,9,
Lis,10,60,10,10,9,
Gupta,10,60,10,10,9,
Lars1,10,60,2,2,9,
Lars2,10,60,2,2,9,80.0
Lis,10,60,2,2,9,
Gupta,10,60,2,2,9,
Lars1,10,60,4,4,9,
Lars2,10,60,4,4,9,
Lis,10,60,4,4,9,
Gupta,10,60,4,4,9,
Lars1,10,60,6,6,9,
Lars2,10,60,6,6,9,
Lis,10,60,6,6,9,
Gupta,10,60,6,6,9,
Lars1,10,60,8,8,9,
Lars2,10,60,8,8,9,
Lis,10,60,8,8,9,
Gupta,10,60,8,8,9,
Lars1,10,6,10,10,9,
Lars2,10,6,10,10,9,
Lis,10,6,10,10,9,
Gupta,10,6,10,10,9,
Lars1,10,6,2,2,9,
Lars2,10,6,2,2,9,71.0
Lis,10,6,2,2,9,
Gupta,10,6,2,2,9,
Lars1,10,6,4,4,9,
Lars2,10,6,4,4,9,
Lis,10,6,4,4,9,
Gupta,10,6,4,4,9,
Lars1,10,6,6,6,9,
Lars2,10,6,6,6,9,
Lis,10,6,6,6,9,
Gupta,10,6,6,6,9,
Lars1,10,6,8,8,9,
Lars2,10,6,8,8,9,
Lis,10,6,8,8,9,
Gupta,10,6,8,8,9,
Lars1,10,7,10,10,9,
Lars2,10,7,10,10,9,
Lis,10,7,10,10,9,
Gupta,10,7,10,10,9,
Lars1,10,7,2,2,9,
Lars2,10,7,2,2,9,76.0
Lis,10,7,2,2,9,
Gupta,10,7,2,2,9,
Lars1,10,7,4,4,9,
Lars2,10,7,4,4,9,
Lis,10,7,4,4,9,
Gupta,10,7,4,4,9,
Lars1,10,7,6,6,9,
Lars2,10,7,6,6,9,
Lis,10,7,6,6,9,
Gupta,10,7,6,6,9,
Lars1,10,7,8,8,9,
Lars2,10,7,8,8,9,
Lis,10,7,8,8,9,
Gupta,10,7,8,8,9,
Lars1,10,80,10,10,9,
Lars2,10,80,10,10,9,
Lis,10,80,10,10,9,
Gupta,10,80,10,10,9,
Lars1,10,80,2,2,9,
Lars2,10,80,2,2,9,72.0
Lis,10,80,2,2,9,
Gupta,10,80,2,2,9,
Lars1,10,80,4,4,9,
Lars2,10,80,4,4,9,
Lis,10,80,4,4,9,
Gupta,10,80,4,4,9,
Lars1,10,80,6,6,9,
Lars2,10,80,6,6,9,
Lis,10,80,6,6,9,
Gupta,10,80,6,6,9,
Lars1,10,80,8,8,9,
Lars2,10,80,8,8,9,
Lis,10,80,8,8,9,
Gupta,10,80,8,8,9,
Lars1,10,8,10,10,9,
Lars2,10,8,10,10,9,
Lis,10,8,10,10,9,
Gupta,10,8,10,10,9,
Lars1,10,8,2,2,9,
Lars2,10,8,2,2,9,77.0
Lis,10,8,2,2,9,
Gupta,10,8,2,2,9,
Lars1,10,8,4,4,9,
Lars2,10,8,4,4,9,
Lis,10,8,4,4,9,
Gupta,10,8,4,4,9,
Lars1,10,8,6,6,9,
Lars2,10,8,6,6,9,
Lis,10,8,6,6,9,
Gupta,10,8,6,6,9,
Lars1,10,8,8,8,9,
Lars2,10,8,8,8,9,
Lis,10,8,8,8,9,
Gupta,10,8,8,8,9,
Lars1,10,9,10,10,9,
Lars2,10,9,10,10,9,
Lis,10,9,10,10,9,
Gupta,10,9,10,10,9,
Lars1,10,9,2,2,9,
Lars2,10,9,2,2,9,72.0
Lis,10,9,2,2,9,
Gupta,10,9,2,2,9,
Lars1,10,9,4,4,9,
Lars2,10,9,4,4,9,
Lis,10,9,4,4,9,
Gupta,10,9,4,4,9,
Lars1,10,9,6,6,9,
Lars2,10,9,6,6,9,
Lis,10,9,6,6,9,
Gupta,10,9,6,6,9,
Lars1,10,9,8,8,9,
Lars2,10,9,8,8,9,
Lis,10,9,8,8,9,
Gupta,10,9,8,8,9,
Lars1,1,1000,10,10,9,
Lars2,1,1000,10,10,9,
Lis,1,1000,10,10,9,
Gupta,1,1000,10,10,9,
Lars1,1,1000,2,2,9,
Lars2,1,1000,2,2,9,156.0
Lis,1,1000,2,2,9,
Gupta,1,1000,2,2,9,
Lars1,1,1000,4,4,9,
Lars2,1,1000,4,4,9,
Lis,1,1000,4,4,9,
Gupta,1,1000,4,4,9,
Lars1,1,1000,6,6,9,
Lars2,1,1000,6,6,9,
Lis,1,1000,6,6,9,
Gupta,1,1000,6,6,9,
Lars1,1,1000,8,8,9,
Lars2,1,1000,8,8,9,
Lis,1,1000,8,8,9,
Gupta,1,1000,8,8,9,
Lars1,1,100,10,10,9,
Lars2,1,100,10,10,9,
Lis,1,100,10,10,9,
Gupta,1,100,10,10,9,
Lars1,1,100,2,2,9,
Lars2,1,100,2,2,9,81.0
Lis,1,100,2,2,9,
Gupta,1,100,2,2,9,
Lars1,1,100,4,4,9,
Lars2,1,100,4,4,9,
Lis,1,100,4,4,9,
Gupta,1,100,4,4,9,
Lars1,1,100,6,6,9,
Lars2,1,100,6,6,9,
Lis,1,100,6,6,9,
Gupta,1,100,6,6,9,
Lars1,1,100,8,8,9,
Lars2,1,100,8,8,9,
Lis,1,100,8,8,9,
Gupta,1,100,8,8,9,
Lars1,1,10,10,10,9,
Lars2,1,10,10,10,9,
Lis,1,10,10,10,9,
Gupta,1,10,10,10,9,
Lars1,1,10,2,2,9,
Lars2,1,10,2,2,9,86.0
Lis,1,10,2,2,9,
Gupta,1,10,2,2,9,
Lars1,1,10,4,4,9,
Lars2,1,10,4,4,9,
Lis,1,10,4,4,9,
Gupta,1,10,4,4,9,
Lars1,1,10,6,6,9,
Lars2,1,10,6,6,9,
Lis,1,10,6,6,9,
Gupta,1,10,6,6,9,
Lars1,1,10,8,8,9,
Lars2,1,10,8,8,9,
Lis,1,10,8,8,9,
Gupta,1,10,8,8,9,
Lars1,1,1,10,10,9,
Lars2,1,1,10,10,9,
Lis,1,1,10,10,9,
Gupta,1,1,10,10,9,
Lars1,1,1,2,2,9,
Lars2,1,1,2,2,9,84.0
Lis,1,1,2,2,9,
Gupta,1,1,2,2,9,
Lars1,1,1,4,4,9,
Lars2,1,1,4,4,9,
Lis,1,1,4,4,9,
Gupta,1,1,4,4,9,
Lars1,1,1,6,6,9,
Lars2,1,1,6,6,9,
Lis,1,1,6,6,9,
Gupta,1,1,6,6,9,
Lars1,1,1,8,8,9,
Lars2,1,1,8,8,9,
Lis,1,1,8,8,9,
Gupta,1,1,8,8,9,
Lars1,1,20,10,10,9,
Lars2,1,20,10,10,9,
Lis,1,20,10,10,9,
Gupta,1,20,10,10,9,
Lars1,1,20,2,2,9,
Lars2,1,20,2,2,9,72.0
Lis,1,20,2,2,9,
Gupta,1,20,2,2,9,
Lars1,1,20,4,4,9,
Lars2,1,20,4,4,9,
Lis,1,20,4,4,9,
Gupta,1,20,4,4,9,
Lars1,1,20,6,6,9,
Lars2,1,20,6,6,9,
Lis,1,20,6,6,9,
Gupta,1,20,6,6,9,
Lars1,1,20,8,8,9,
Lars2,1,20,8,8,9,
Lis,1,20,8,8,9,
Gupta,1,20,8,8,9,
Lars1,1,2,10,10,9,
Lars2,1,2,10,10,9,
Lis,1,2,10,10,9,
Gupta,1,2,10,10,9,
Lars1,1,2,2,2,9,
Lars2,1,2,2,2,9,75.0
Lis,1,2,2,2,9,
Gupta,1,2,2,2,9,
Lars1,1,2,4,4,9,
Lars2,1,2,4,4,9,
Lis,1,2,4,4,9,
Gupta,1,2,4,4,9,
Lars1,1,2,6,6,9,
Lars2,1,2,6,6,9,
Lis,1,2,6,6,9,
Gupta,1,2,6,6,9,
Lars1,1,2,8,8,9,
Lars2,1,2,8,8,9,
Lis,1,2,8,8,9,
Gupta,1,2,8,8,9,
Lars1,1,3,10,10,9,
Lars2,1,3,10,10,9,
Lis,1,3,10,10,9,
Gupta,1,3,10,10,9,
Lars1,1,3,2,2,9,
Lars2,1,3,2,2,9,70.0
Lis,1,3,2,2,9,
Gupta,1,3,2,2,9,
Lars1,1,3,4,4,9,
Lars2,1,3,4,4,9,
Lis,1,3,4,4,9,
Gupta,1,3,4,4,9,
Lars1,1,3,6,6,9,
Lars2,1,3,6,6,9,
Lis,1,3,6,6,9,
Gupta,1,3,6,6,9,
Lars1,1,3,8,8,9,
Lars2,1,3,8,8,9,
Lis,1,3,8,8,9,
Gupta,1,3,8,8,9,
Lars1,1,40,10,10,9,
Lars2,1,40,10,10,9,
Lis,1,40,10,10,9,
Gupta,1,40,10,10,9,
Lars1,1,40,2,2,9,
Lars2,1,40,2,2,9,98.0
Lis,1,40,2,2,9,
Gupta,1,40,2,2,9,
Lars1,1,40,4,4,9,
Lars2,1,40,4,4,9,
Lis,1,40,4,4,9,
Gupta,1,40,4,4,9,
Lars1,1,40,6,6,9,
Lars2,1,40,6,6,9,
Lis,1,40,6,6,9,
Gupta,1,40,6,6,9,
Lars1,1,40,8,8,9,
Lars2,1,40,8,8,9,
Lis,1,40,8,8,9,
Gupta,1,40,8,8,9,
Lars1,1,4,10,10,9,
Lars2,1,4,10,10,9,
Lis,1,4,10,10,9,
Gupta,1,4,10,10,9,
Lars1,1,4,2,2,9,
Lars2,1,4,2,2,9,90.0
Lis,1,4,2,2,9,
Gupta,1,4,2,2,9,
Lars1,1,4,4,4,9,
Lars2,1,4,4,4,9,
Lis,1,4,4,4,9,
Gupta,1,4,4,4,9,
Lars1,1,4,6,6,9,
Lars2,1,4,6,6,9,
Lis,1,4,6,6,9,
Gupta,1,4,6,6,9,
Lars1,1,4,8,8,9,
Lars2,1,4,8,8,9,
Lis,1,4,8,8,9,
Gupta,1,4,8,8,9,
Lars1,1,500,10,10,9,
Lars2,1,500,10,10,9,
Lis,1,500,10,10,9,
Gupta,1,500,10,10,9,
Lars1,1,500,2,2,9,
Lars2,1,500,2,2,9,497.0
Lis,1,500,2,2,9,
Gupta,1,500,2,2,9,
Lars1,1,500,4,4,9,
Lars2,1,500,4,4,9,
Lis,1,500,4,4,9,
Gupta,1,500,4,4,9,
Lars1,1,500,6,6,9,
Lars2,1,500,6,6,9,
Lis,1,500,6,6,9,
Gupta,1,500,6,6,9,
Lars1,1,500,8,8,9,
Lars2,1,500,8,8,9,
Lis,1,500,8,8,9,
Gupta,1,500,8,8,9,
Lars1,1,5,10,10,9,
Lars2,1,5,10,10,9,
Lis,1,5,10,10,9,
Gupta,1,5,10,10,9,
Lars1,1,5,2,2,9,
Lars2,1,5,2,2,9,81.0
Lis,1,5,2,2,9,
Gupta,1,5,2,2,9,
Lars1,1,5,4,4,9,
Lars2,1,5,4,4,9,
Lis,1,5,4,4,9,
Gupta,1,5,4,4,9,
Lars1,1,5,6,6,9,
Lars2,1,5,6,6,9,
Lis,1,5,6,6,9,
Gupta,1,5,6,6,9,
Lars1,1,5,8,8,9,
Lars2,1,5,8,8,9,
Lis,1,5,8,8,9,
Gupta,1,5,8,8,9,
Lars1,1,60,10,10,9,
Lars2,1,60,10,10,9,
Lis,1,60,10,10,9,
Gupta,1,60,10,10,9,
Lars1,1,60,2,2,9,
Lars2,1,60,2,2,9,86.0
Lis,1,60,2,2,9,
Gupta,1,60,2,2,9,
Lars1,1,60,4,4,9,
Lars2,1,60,4,4,9,
Lis,1,60,4,4,9,
Gupta,1,60,4,4,9,
Lars1,1,60,6,6,9,
Lars2,1,60,6,6,9,
Lis,1,60,6,6,9,
Gupta,1,60,6,6,9,
Lars1,1,60,8,8,9,
Lars2,1,60,8,8,9,
Lis,1,60,8,8,9,
Gupta,1,60,8,8,9,
Lars1,1,6,10,10,9,
Lars2,1,6,10,10,9,
Lis,1,6,10,10,9,
Gupta,1,6,10,10,9,
Lars1,1,6,2,2,9,
Lars2,1,6,2,2,9,68.0
Lis,1,6,2,2,9,
Gupta,1,6,2,2,9,
Lars1,1,6,4,4,9,
Lars2,1,6,4,4,9,
Lis,1,6,4,4,9,
Gupta,1,6,4,4,9,
Lars1,1,6,6,6,9,
Lars2,1,6,6,6,9,
Lis,1,6,6,6,9,
Gupta,1,6,6,6,9,
Lars1,1,6,8,8,9,
Lars2,1,6,8,8,9,
Lis,1,6,8,8,9,
Gupta,1,6,8,8,9,
Lars1,1,7,10,10,9,
Lars2,1,7,10,10,9,
Lis,1,7,10,10,9,
Gupta,1,7,10,10,9,
Lars1,1,7,2,2,9,
Lars2,1,7,2,2,9,75.0
Lis,1,7,2,2,9,
Gupta,1,7,2,2,9,
Lars1,1,7,4,4,9,
Lars2,1,7,4,4,9,
Lis,1,7,4,4,9,
Gupta,1,7,4,4,9,
Lars1,1,7,6,6,9,
Lars2,1,7,6,6,9,
Lis,1,7,6,6,9,
Gupta,1,7,6,6,9,
Lars1,1,7,8,8,9,
Lars2,1,7,8,8,9,
Lis,1,7,8,8,9,
Gupta,1,7,8,8,9,
Lars1,1,80,10,10,9,
Lars2,1,80,10,10,9,
Lis,1,80,10,10,9,
Gupta,1,80,10,10,9,
Lars1,1,80,2,2,9,
Lars2,1,80,2,2,9,107.0
Lis,1,80,2,2,9,
Gupta,1,80,2,2,9,
Lars1,1,80,4,4,9,
Lars2,1,80,4,4,9,
Lis,1,80,4,4,9,
Gupta,1,80,4,4,9,
Lars1,1,80,6,6,9,
Lars2,1,80,6,6,9,
Lis,1,80,6,6,9,
Gupta,1,80,6,6,9,
Lars1,1,80,8,8,9,
Lars2,1,80,8,8,9,
Lis,1,80,8,8,9,
Gupta,1,80,8,8,9,
Lars1,1,8,10,10,9,
Lars2,1,8,10,10,9,
Lis,1,8,10,10,9,
Gupta,1,8,10,10,9,
Lars1,1,8,2,2,9,
Lars2,1,8,2,2,9,77.0
Lis,1,8,2,2,9,
Gupta,1,8,2,2,9,
Lars1,1,8,4,4,9,
Lars2,1,8,4,4,9,
Lis,1,8,4,4,9,
Gupta,1,8,4,4,9,
Lars1,1,8,6,6,9,
Lars2,1,8,6,6,9,
Lis,1,8,6,6,9,
Gupta,1,8,6,6,9,
Lars1,1,8,8,8,9,
Lars2,1,8,8,8,9,
Lis,1,8,8,8,9,
Gupta,1,8,8,8,9,
Lars1,1,9,10,10,9,
Lars2,1,9,10,10,9,
Lis,1,9,10,10,9,
Gupta,1,9,10,10,9,
Lars1,1,9,2,2,9,
Lars2,1,9,2,2,9,87.0
Lis,1,9,2,2,9,
Gupta,1,9,2,2,9,
Lars1,1,9,4,4,9,
Lars2,1,9,4,4,9,
Lis,1,9,4,4,9,
Gupta,1,9,4,4,9,
Lars1,1,9,6,6,9,
Lars2,1,9,6,6,9,
Lis,1,9,6,6,9,
Gupta,1,9,6,6,9,
Lars1,1,9,8,8,9,
Lars2,1,9,8,8,9,
Lis,1,9,8,8,9,
Gupta,1,9,8,8,9,
Lars1,20,1000,10,10,9,
Lars2,20,1000,10,10,9,
Lis,20,1000,10,10,9,
Gupta,20,1000,10,10,9,
Lars1,20,1000,2,2,9,
Lars2,20,1000,2,2,9,103.0
Lis,20,1000,2,2,9,
Gupta,20,1000,2,2,9,
Lars1,20,1000,4,4,9,
Lars2,20,1000,4,4,9,
Lis,20,1000,4,4,9,
Gupta,20,1000,4,4,9,
Lars1,20,1000,6,6,9,
Lars2,20,1000,6,6,9,
Lis,20,1000,6,6,9,
Gupta,20,1000,6,6,9,
Lars1,20,1000,8,8,9,
Lars2,20,1000,8,8,9,
Lis,20,1000,8,8,9,
Gupta,20,1000,8,8,9,
Lars1,20,100,10,10,9,
Lars2,20,100,10,10,9,
Lis,20,100,10,10,9,
Gupta,20,100,10,10,9,
Lars1,20,100,2,2,9,
Lars2,20,100,2,2,9,78.0
Lis,20,100,2,2,9,
Gupta,20,100,2,2,9,
Lars1,20,100,4,4,9,
Lars2,20,100,4,4,9,
Lis,20,100,4,4,9,
Gupta,20,100,4,4,9,
Lars1,20,100,6,6,9,
Lars2,20,100,6,6,9,
Lis,20,100,6,6,9,
Gupta,20,100,6,6,9,
Lars1,20,100,8,8,9,
Lars2,20,100,8,8,9,
Lis,20,100,8,8,9,
Gupta,20,100,8,8,9,
Lars1,20,10,10,10,9,
Lars2,20,10,10,10,9,
Lis,20,10,10,10,9,
Gupta,20,10,10,10,9,
Lars1,20,10,2,2,9,
Lars2,20,10,2,2,9,75.0
Lis,20,10,2,2,9,
Gupta,20,10,2,2,9,
Lars1,20,10,4,4,9,
Lars2,20,10,4,4,9,
Lis,20,10,4,4,9,
Gupta,20,10,4,4,9,
Lars1,20,10,6,6,9,
Lars2,20,10,6,6,9,
Lis,20,10,6,6,9,
Gupta,20,10,6,6,9,
Lars1,20,10,8,8,9,
Lars2,20,10,8,8,9,
Lis,20,10,8,8,9,
Gupta,20,10,8,8,9,
Lars1,20,1,10,10,9,
Lars2,20,1,10,10,9,
Lis,20,1,10,10,9,
Gupta,20,1,10,10,9,
Lars1,20,1,2,2,9,
Lars2,20,1,2,2,9,90.0
Lis,20,1,2,2,9,
Gupta,20,1,2,2,9,
Lars1,20,1,4,4,9,
Lars2,20,1,4,4,9,
Lis,20,1,4,4,9,
Gupta,20,1,4,4,9,
Lars1,20,1,6,6,9,
Lars2,20,1,6,6,9,
Lis,20,1,6,6,9,
Gupta,20,1,6,6,9,
Lars1,20,1,8,8,9,
Lars2,20,1,8,8,9,
Lis,20,1,8,8,9,
Gupta,20,1,8,8,9,
Lars1,20,20,10,10,9,
Lars2,20,20,10,10,9,
Lis,20,20,10,10,9,
Gupta,20,20,10,10,9,
Lars1,20,20,2,2,9,
Lars2,20,20,2,2,9,75.0
Lis,20,20,2,2,9,
Gupta,20,20,2,2,9,
Lars1,20,20,4,4,9,
Lars2,20,20,4,4,9,
Lis,20,20,4,4,9,
Gupta,20,20,4,4,9,
Lars1,20,20,6,6,9,
Lars2,20,20,6,6,9,
Lis,20,20,6,6,9,
Gupta,20,20,6,6,9,
Lars1,20,20,8,8,9,
Lars2,20,20,8,8,9,
Lis,20,20,8,8,9,
Gupta,20,20,8,8,9,
Lars1,20,2,10,10,9,
Lars2,20,2,10,10,9,
Lis,20,2,10,10,9,
Gupta,20,2,10,10,9,
Lars1,20,2,2,2,9,
Lars2,20,2,2,2,9,88.0
Lis,20,2,2,2,9,
Gupta,20,2,2,2,9,
Lars1,20,2,4,4,9,
Lars2,20,2,4,4,9,
Lis,20,2,4,4,9,
Gupta,20,2,4,4,9,
Lars1,20,2,6,6,9,
Lars2,20,2,6,6,9,
Lis,20,2,6,6,9,
Gupta,20,2,6,6,9,
Lars1,20,2,8,8,9,
Lars2,20,2,8,8,9,
Lis,20,2,8,8,9,
Gupta,20,2,8,8,9,
Lars1,20,3,10,10,9,
Lars2,20,3,10,10,9,
Lis,20,3,10,10,9,
Gupta,20,3,10,10,9,
Lars1,20,3,2,2,9,
Lars2,20,3,2,2,9,95.0
Lis,20,3,2,2,9,
Gupta,20,3,2,2,9,
Lars1,20,3,4,4,9,
Lars2,20,3,4,4,9,
Lis,20,3,4,4,9,
Gupta,20,3,4,4,9,
Lars1,20,3,6,6,9,
Lars2,20,3,6,6,9,
Lis,20,3,6,6,9,
Gupta,20,3,6,6,9,
Lars1,20,3,8,8,9,
Lars2,20,3,8,8,9,
Lis,20,3,8,8,9,
Gupta,20,3,8,8,9,
Lars1,20,40,10,10,9,
Lars2,20,40,10,10,9,
Lis,20,40,10,10,9,
Gupta,20,40,10,10,9,
Lars1,20,40,2,2,9,
Lars2,20,40,2,2,9,83.0
Lis,20,40,2,2,9,
Gupta,20,40,2,2,9,
Lars1,20,40,4,4,9,
Lars2,20,40,4,4,9,
Lis,20,40,4,4,9,
Gupta,20,40,4,4,9,
Lars1,20,40,6,6,9,
Lars2,20,40,6,6,9,
Lis,20,40,6,6,9,
Gupta,20,40,6,6,9,
Lars1,20,40,8,8,9,
Lars2,20,40,8,8,9,
Lis,20,40,8,8,9,
Gupta,20,40,8,8,9,
Lars1,20,4,10,10,9,
Lars2,20,4,10,10,9,
Lis,20,4,10,10,9,
Gupta,20,4,10,10,9,
Lars1,20,4,2,2,9,
Lars2,20,4,2,2,9,75.0
Lis,20,4,2,2,9,
Gupta,20,4,2,2,9,
Lars1,20,4,4,4,9,
Lars2,20,4,4,4,9,
Lis,20,4,4,4,9,
Gupta,20,4,4,4,9,
Lars1,20,4,6,6,9,
Lars2,20,4,6,6,9,
Lis,20,4,6,6,9,
Gupta,20,4,6,6,9,
Lars1,20,4,8,8,9,
Lars2,20,4,8,8,9,
Lis,20,4,8,8,9,
Gupta,20,4,8,8,9,
Lars1,20,500,10,10,9,
Lars2,20,500,10,10,9,
Lis,20,500,10,10,9,
Gupta,20,500,10,10,9,
Lars1,20,500,2,2,9,
Lars2,20,500,2,2,9,81.0
Lis,20,500,2,2,9,
Gupta,20,500,2,2,9,
Lars1,20,500,4,4,9,
Lars2,20,500,4,4,9,
Lis,20,500,4,4,9,
Gupta,20,500,4,4,9,
Lars1,20,500,6,6,9,
Lars2,20,500,6,6,9,
Lis,20,500,6,6,9,
Gupta,20,500,6,6,9,
Lars1,20,500,8,8,9,
Lars2,20,500,8,8,9,
Lis,20,500,8,8,9,
Gupta,20,500,8,8,9,
Lars1,20,5,10,10,9,
Lars2,20,5,10,10,9,
Lis,20,5,10,10,9,
Gupta,20,5,10,10,9,
Lars1,20,5,2,2,9,
Lars2,20,5,2,2,9,75.0
Lis,20,5,2,2,9,
Gupta,20,5,2,2,9,
Lars1,20,5,4,4,9,
Lars2,20,5,4,4,9,
Lis,20,5,4,4,9,
Gupta,20,5,4,4,9,
Lars1,20,5,6,6,9,
Lars2,20,5,6,6,9,
Lis,20,5,6,6,9,
Gupta,20,5,6,6,9,
Lars1,20,5,8,8,9,
Lars2,20,5,8,8,9,
Lis,20,5,8,8,9,
Gupta,20,5,8,8,9,
Lars1,20,60,10,10,9,
Lars2,20,60,10,10,9,
Lis,20,60,10,10,9,
Gupta,20,60,10,10,9,
Lars1,20,60,2,2,9,
Lars2,20,60,2,2,9,83.0
Lis,20,60,2,2,9,
Gupta,20,60,2,2,9,
Lars1,20,60,4,4,9,
Lars2,20,60,4,4,9,
Lis,20,60,4,4,9,
Gupta,20,60,4,4,9,
Lars1,20,60,6,6,9,
Lars2,20,60,6,6,9,
Lis,20,60,6,6,9,
Gupta,20,60,6,6,9,
Lars1,20,60,8,8,9,
Lars2,20,60,8,8,9,
Lis,20,60,8,8,9,
Gupta,20,60,8,8,9,
Lars1,20,6,10,10,9,
Lars2,20,6,10,10,9,
Lis,20,6,10,10,9,
Gupta,20,6,10,10,9,
Lars1,20,6,2,2,9,
Lars2,20,6,2,2,9,69.0
Lis,20,6,2,2,9,
Gupta,20,6,2,2,9,
Lars1,20,6,4,4,9,
Lars2,20,6,4,4,9,
Lis,20,6,4,4,9,
Gupta,20,6,4,4,9,
Lars1,20,6,6,6,9,
Lars2,20,6,6,6,9,
Lis,20,6,6,6,9,
Gupta,20,6,6,6,9,
Lars1,20,6,8,8,9,
Lars2,20,6,8,8,9,
Lis,20,6,8,8,9,
Gupta,20,6,8,8,9,
Lars1,20,7,10,10,9,
Lars2,20,7,10,10,9,
Lis,20,7,10,10,9,
Gupta,20,7,10,10,9,
Lars1,20,7,2,2,9,
Lars2,20,7,2,2,9,87.0
Lis,20,7,2,2,9,
Gupta,20,7,2,2,9,
Lars1,20,7,4,4,9,
Lars2,20,7,4,4,9,
Lis,20,7,4,4,9,
Gupta,20,7,4,4,9,
Lars1,20,7,6,6,9,
Lars2,20,7,6,6,9,
Lis,20,7,6,6,9,
Gupta,20,7,6,6,9,
Lars1,20,7,8,8,9,
Lars2,20,7,8,8,9,
Lis,20,7,8,8,9,
Gupta,20,7,8,8,9,
Lars1,20,80,10,10,9,
Lars2,20,80,10,10,9,
Lis,20,80,10,10,9,
Gupta,20,80,10,10,9,
Lars1,20,80,2,2,9,
Lars2,20,80,2,2,9,69.0
Lis,20,80,2,2,9,
Gupta,20,80,2,2,9,
Lars1,20,80,4,4,9,
Lars2,20,80,4,4,9,
Lis,20,80,4,4,9,
Gupta,20,80,4,4,9,
Lars1,20,80,6,6,9,
Lars2,20,80,6,6,9,
Lis,20,80,6,6,9,
Gupta,20,80,6,6,9,
Lars1,20,80,8,8,9,
Lars2,20,80,8,8,9,
Lis,20,80,8,8,9,
Gupta,20,80,8,8,9,
Lars1,20,8,10,10,9,
Lars2,20,8,10,10,9,
Lis,20,8,10,10,9,
Gupta,20,8,10,10,9,
Lars1,20,8,2,2,9,
Lars2,20,8,2,2,9,81.0
Lis,20,8,2,2,9,
Gupta,20,8,2,2,9,
Lars1,20,8,4,4,9,
Lars2,20,8,4,4,9,
Lis,20,8,4,4,9,
Gupta,20,8,4,4,9,
Lars1,20,8,6,6,9,
Lars2,20,8,6,6,9,
Lis,20,8,6,6,9,
Gupta,20,8,6,6,9,
Lars1,20,8,8,8,9,
Lars2,20,8,8,8,9,
Lis,20,8,8,8,9,
Gupta,20,8,8,8,9,
Lars1,20,9,10,10,9,
Lars2,20,9,10,10,9,
Lis,20,9,10,10,9,
Gupta,20,9,10,10,9,
Lars1,20,9,2,2,9,
Lars2,20,9,2,2,9,85.0
Lis,20,9,2,2,9,
Gupta,20,9,2,2,9,
Lars1,20,9,4,4,9,
Lars2,20,9,4,4,9,
Lis,20,9,4,4,9,
Gupta,20,9,4,4,9,
Lars1,20,9,6,6,9,
Lars2,20,9,6,6,9,
Lis,20,9,6,6,9,
Gupta,20,9,6,6,9,
Lars1,20,9,8,8,9,
Lars2,20,9,8,8,9,
Lis,20,9,8,8,9,
Gupta,20,9,8,8,9,
Lars1,2,1000,10,10,9,
Lars2,2,1000,10,10,9,
Lis,2,1000,10,10,9,
Gupta,2,1000,10,10,9,
Lars1,2,1000,2,2,9,
Lars2,2,1000,2,2,9,1564.0
Lis,2,1000,2,2,9,
Gupta,2,1000,2,2,9,
Lars1,2,1000,4,4,9,
Lars2,2,1000,4,4,9,
Lis,2,1000,4,4,9,
Gupta,2,1000,4,4,9,
Lars1,2,1000,6,6,9,
Lars2,2,1000,6,6,9,
Lis,2,1000,6,6,9,
Gupta,2,1000,6,6,9,
Lars1,2,1000,8,8,9,
Lars2,2,1000,8,8,9,
Lis,2,1000,8,8,9,
Gupta,2,1000,8,8,9,
Lars1,2,100,10,10,9,
Lars2,2,100,10,10,9,
Lis,2,100,10,10,9,
Gupta,2,100,10,10,9,
Lars1,2,100,2,2,9,
Lars2,2,100,2,2,9,77.0
Lis,2,100,2,2,9,
Gupta,2,100,2,2,9,
Lars1,2,100,4,4,9,
Lars2,2,100,4,4,9,
Lis,2,100,4,4,9,
Gupta,2,100,4,4,9,
Lars1,2,100,6,6,9,
Lars2,2,100,6,6,9,
Lis,2,100,6,6,9,
Gupta,2,100,6,6,9,
Lars1,2,100,8,8,9,
Lars2,2,100,8,8,9,
Lis,2,100,8,8,9,
Gupta,2,100,8,8,9,
Lars1,2,10,10,10,9,
Lars2,2,10,10,10,9,
Lis,2,10,10,10,9,
Gupta,2,10,10,10,9,
Lars1,2,10,2,2,9,
Lars2,2,10,2,2,9,76.0
Lis,2,10,2,2,9,
Gupta,2,10,2,2,9,
Lars1,2,10,4,4,9,
Lars2,2,10,4,4,9,
Lis,2,10,4,4,9,
Gupta,2,10,4,4,9,
Lars1,2,10,6,6,9,
Lars2,2,10,6,6,9,
Lis,2,10,6,6,9,
Gupta,2,10,6,6,9,
Lars1,2,10,8,8,9,
Lars2,2,10,8,8,9,
Lis,2,10,8,8,9,
Gupta,2,10,8,8,9,
Lars1,2,1,10,10,9,
Lars2,2,1,10,10,9,
Lis,2,1,10,10,9,
Gupta,2,1,10,10,9,
Lars1,2,1,2,2,9,
Lars2,2,1,2,2,9,79.0
Lis,2,1,2,2,9,
Gupta,2,1,2,2,9,
Lars1,2,1,4,4,9,
Lars2,2,1,4,4,9,
Lis,2,1,4,4,9,
Gupta,2,1,4,4,9,
Lars1,2,1,6,6,9,
Lars2,2,1,6,6,9,
Lis,2,1,6,6,9,
Gupta,2,1,6,6,9,
Lars1,2,1,8,8,9,
Lars2,2,1,8,8,9,
Lis,2,1,8,8,9,
Gupta,2,1,8,8,9,
Lars1,2,20,10,10,9,
Lars2,2,20,10,10,9,
Lis,2,20,10,10,9,
Gupta,2,20,10,10,9,
Lars1,2,20,2,2,9,
Lars2,2,20,2,2,9,75.0
Lis,2,20,2,2,9,
Gupta,2,20,2,2,9,
Lars1,2,20,4,4,9,
Lars2,2,20,4,4,9,
Lis,2,20,4,4,9,
Gupta,2,20,4,4,9,
Lars1,2,20,6,6,9,
Lars2,2,20,6,6,9,
Lis,2,20,6,6,9,
Gupta,2,20,6,6,9,
Lars1,2,20,8,8,9,
Lars2,2,20,8,8,9,
Lis,2,20,8,8,9,
Gupta,2,20,8,8,9,
Lars1,2,2,10,10,9,
Lars2,2,2,10,10,9,
Lis,2,2,10,10,9,
Gupta,2,2,10,10,9,
Lars1,2,2,2,2,9,
Lars2,2,2,2,2,9,66.0
Lis,2,2,2,2,9,
Gupta,2,2,2,2,9,
Lars1,2,2,4,4,9,
Lars2,2,2,4,4,9,
Lis,2,2,4,4,9,
Gupta,2,2,4,4,9,
Lars1,2,2,6,6,9,
Lars2,2,2,6,6,9,
Lis,2,2,6,6,9,
Gupta,2,2,6,6,9,
Lars1,2,2,8,8,9,
Lars2,2,2,8,8,9,
Lis,2,2,8,8,9,
Gupta,2,2,8,8,9,
Lars1,2,3,10,10,9,
Lars2,2,3,10,10,9,
Lis,2,3,10,10,9,
Gupta,2,3,10,10,9,
Lars1,2,3,2,2,9,
Lars2,2,3,2,2,9,56.0
Lis,2,3,2,2,9,
Gupta,2,3,2,2,9,
Lars1,2,3,4,4,9,
Lars2,2,3,4,4,9,
Lis,2,3,4,4,9,
Gupta,2,3,4,4,9,
Lars1,2,3,6,6,9,
Lars2,2,3,6,6,9,
Lis,2,3,6,6,9,
Gupta,2,3,6,6,9,
Lars1,2,3,8,8,9,
Lars2,2,3,8,8,9,
Lis,2,3,8,8,9,
Gupta,2,3,8,8,9,
Lars1,2,40,10,10,9,
Lars2,2,40,10,10,9,
Lis,2,40,10,10,9,
Gupta,2,40,10,10,9,
Lars1,2,40,2,2,9,
Lars2,2,40,2,2,9,70.0
Lis,2,40,2,2,9,
Gupta,2,40,2,2,9,
Lars1,2,40,4,4,9,
Lars2,2,40,4,4,9,
Lis,2,40,4,4,9,
Gupta,2,40,4,4,9,
Lars1,2,40,6,6,9,
Lars2,2,40,6,6,9,
Lis,2,40,6,6,9,
Gupta,2,40,6,6,9,
Lars1,2,40,8,8,9,
Lars2,2,40,8,8,9,
Lis,2,40,8,8,9,
Gupta,2,40,8,8,9,
Lars1,2,4,10,10,9,
Lars2,2,4,10,10,9,
Lis,2,4,10,10,9,
Gupta,2,4,10,10,9,
Lars1,2,4,2,2,9,
Lars2,2,4,2,2,9,74.0
Lis,2,4,2,2,9,
Gupta,2,4,2,2,9,
Lars1,2,4,4,4,9,
Lars2,2,4,4,4,9,
Lis,2,4,4,4,9,
Gupta,2,4,4,4,9,
Lars1,2,4,6,6,9,
Lars2,2,4,6,6,9,
Lis,2,4,6,6,9,
Gupta,2,4,6,6,9,
Lars1,2,4,8,8,9,
Lars2,2,4,8,8,9,
Lis,2,4,8,8,9,
Gupta,2,4,8,8,9,
Lars1,2,500,10,10,9,
Lars2,2,500,10,10,9,
Lis,2,500,10,10,9,
Gupta,2,500,10,10,9,
Lars1,2,500,2,2,9,
Lars2,2,500,2,2,9,571.0
Lis,2,500,2,2,9,
Gupta,2,500,2,2,9,
Lars1,2,500,4,4,9,
Lars2,2,500,4,4,9,
Lis,2,500,4,4,9,
Gupta,2,500,4,4,9,
Lars1,2,500,6,6,9,
Lars2,2,500,6,6,9,
Lis,2,500,6,6,9,
Gupta,2,500,6,6,9,
Lars1,2,500,8,8,9,
Lars2,2,500,8,8,9,
Lis,2,500,8,8,9,
Gupta,2,500,8,8,9,
Lars1,2,5,10,10,9,
Lars2,2,5,10,10,9,
Lis,2,5,10,10,9,
Gupta,2,5,10,10,9,
Lars1,2,5,2,2,9,
Lars2,2,5,2,2,9,68.0
Lis,2,5,2,2,9,
Gupta,2,5,2,2,9,
Lars1,2,5,4,4,9,
Lars2,2,5,4,4,9,
Lis,2,5,4,4,9,
Gupta,2,5,4,4,9,
Lars1,2,5,6,6,9,
Lars2,2,5,6,6,9,
Lis,2,5,6,6,9,
Gupta,2,5,6,6,9,
Lars1,2,5,8,8,9,
Lars2,2,5,8,8,9,
Lis,2,5,8,8,9,
Gupta,2,5,8,8,9,
Lars1,2,60,10,10,9,
Lars2,2,60,10,10,9,
Lis,2,60,10,10,9,
Gupta,2,60,10,10,9,
Lars1,2,60,2,2,9,
Lars2,2,60,2,2,9,78.0
Lis,2,60,2,2,9,
Gupta,2,60,2,2,9,
Lars1,2,60,4,4,9,
Lars2,2,60,4,4,9,
Lis,2,60,4,4,9,
Gupta,2,60,4,4,9,
Lars1,2,60,6,6,9,
Lars2,2,60,6,6,9,
Lis,2,60,6,6,9,
Gupta,2,60,6,6,9,
Lars1,2,60,8,8,9,
Lars2,2,60,8,8,9,
Lis,2,60,8,8,9,
Gupta,2,60,8,8,9,
Lars1,2,6,10,10,9,
Lars2,2,6,10,10,9,
Lis,2,6,10,10,9,
Gupta,2,6,10,10,9,
Lars1,2,6,2,2,9,
Lars2,2,6,2,2,9,68.0
Lis,2,6,2,2,9,
Gupta,2,6,2,2,9,
Lars1,2,6,4,4,9,
Lars2,2,6,4,4,9,
Lis,2,6,4,4,9,
Gupta,2,6,4,4,9,
Lars1,2,6,6,6,9,
Lars2,2,6,6,6,9,
Lis,2,6,6,6,9,
Gupta,2,6,6,6,9,
Lars1,2,6,8,8,9,
Lars2,2,6,8,8,9,
Lis,2,6,8,8,9,
Gupta,2,6,8,8,9,
Lars1,2,7,10,10,9,
Lars2,2,7,10,10,9,
Lis,2,7,10,10,9,
Gupta,2,7,10,10,9,
Lars1,2,7,2,2,9,
Lars2,2,7,2,2,9,73.0
Lis,2,7,2,2,9,
Gupta,2,7,2,2,9,
Lars1,2,7,4,4,9,
Lars2,2,7,4,4,9,
Lis,2,7,4,4,9,
Gupta,2,7,4,4,9,
Lars1,2,7,6,6,9,
Lars2,2,7,6,6,9,
Lis,2,7,6,6,9,
Gupta,2,7,6,6,9,
Lars1,2,7,8,8,9,
Lars2,2,7,8,8,9,
Lis,2,7,8,8,9,
Gupta,2,7,8,8,9,
Lars1,2,80,10,10,9,
Lars2,2,80,10,10,9,
Lis,2,80,10,10,9,
Gupta,2,80,10,10,9,
Lars1,2,80,2,2,9,
Lars2,2,80,2,2,9,102.0
Lis,2,80,2,2,9,
Gupta,2,80,2,2,9,
Lars1,2,80,4,4,9,
Lars2,2,80,4,4,9,
Lis,2,80,4,4,9,
Gupta,2,80,4,4,9,
Lars1,2,80,6,6,9,
Lars2,2,80,6,6,9,
Lis,2,80,6,6,9,
Gupta,2,80,6,6,9,
Lars1,2,80,8,8,9,
Lars2,2,80,8,8,9,
Lis,2,80,8,8,9,
Gupta,2,80,8,8,9,
Lars1,2,8,10,10,9,
Lars2,2,8,10,10,9,
Lis,2,8,10,10,9,
Gupta,2,8,10,10,9,
Lars1,2,8,2,2,9,
Lars2,2,8,2,2,9,85.0
Lis,2,8,2,2,9,
Gupta,2,8,2,2,9,
Lars1,2,8,4,4,9,
Lars2,2,8,4,4,9,
Lis,2,8,4,4,9,
Gupta,2,8,4,4,9,
Lars1,2,8,6,6,9,
Lars2,2,8,6,6,9,
Lis,2,8,6,6,9,
Gupta,2,8,6,6,9,
Lars1,2,8,8,8,9,
Lars2,2,8,8,8,9,
Lis,2,8,8,8,9,
Gupta,2,8,8,8,9,
Lars1,2,9,10,10,9,
Lars2,2,9,10,10,9,
Lis,2,9,10,10,9,
Gupta,2,9,10,10,9,
Lars1,2,9,2,2,9,
Lars2,2,9,2,2,9,79.0
Lis,2,9,2,2,9,
Gupta,2,9,2,2,9,
Lars1,2,9,4,4,9,
Lars2,2,9,4,4,9,
Lis,2,9,4,4,9,
Gupta,2,9,4,4,9,
Lars1,2,9,6,6,9,
Lars2,2,9,6,6,9,
Lis,2,9,6,6,9,
Gupta,2,9,6,6,9,
Lars1,2,9,8,8,9,
Lars2,2,9,8,8,9,
Lis,2,9,8,8,9,
Gupta,2,9,8,8,9,
Lars1,3,1000,10,10,9,
Lars2,3,1000,10,10,9,
Lis,3,1000,10,10,9,
Gupta,3,1000,10,10,9,
Lars1,3,1000,2,2,9,
Lars2,3,1000,2,2,9,1437.0
Lis,3,1000,2,2,9,
Gupta,3,1000,2,2,9,
Lars1,3,1000,4,4,9,
Lars2,3,1000,4,4,9,
Lis,3,1000,4,4,9,
Gupta,3,1000,4,4,9,
Lars1,3,1000,6,6,9,
Lars2,3,1000,6,6,9,
Lis,3,1000,6,6,9,
Gupta,3,1000,6,6,9,
Lars1,3,1000,8,8,9,
Lars2,3,1000,8,8,9,
Lis,3,1000,8,8,9,
Gupta,3,1000,8,8,9,
Lars1,3,100,10,10,9,
Lars2,3,100,10,10,9,
Lis,3,100,10,10,9,
Gupta,3,100,10,10,9,
Lars1,3,100,2,2,9,
Lars2,3,100,2,2,9,83.0
Lis,3,100,2,2,9,
Gupta,3,100,2,2,9,
Lars1,3,100,4,4,9,
Lars2,3,100,4,4,9,
Lis,3,100,4,4,9,
Gupta,3,100,4,4,9,
Lars1,3,100,6,6,9,
Lars2,3,100,6,6,9,
Lis,3,100,6,6,9,
Gupta,3,100,6,6,9,
Lars1,3,100,8,8,9,
Lars2,3,100,8,8,9,
Lis,3,100,8,8,9,
Gupta,3,100,8,8,9,
Lars1,3,10,10,10,9,
Lars2,3,10,10,10,9,
Lis,3,10,10,10,9,
Gupta,3,10,10,10,9,
Lars1,3,10,2,2,9,
Lars2,3,10,2,2,9,78.0
Lis,3,10,2,2,9,
Gupta,3,10,2,2,9,
Lars1,3,10,4,4,9,
Lars2,3,10,4,4,9,
Lis,3,10,4,4,9,
Gupta,3,10,4,4,9,
Lars1,3,10,6,6,9,
Lars2,3,10,6,6,9,
Lis,3,10,6,6,9,
Gupta,3,10,6,6,9,
Lars1,3,10,8,8,9,
Lars2,3,10,8,8,9,
Lis,3,10,8,8,9,
Gupta,3,10,8,8,9,
Lars1,3,1,10,10,9,
Lars2,3,1,10,10,9,
Lis,3,1,10,10,9,
Gupta,3,1,10,10,9,
Lars1,3,1,2,2,9,
Lars2,3,1,2,2,9,72.0
Lis,3,1,2,2,9,
Gupta,3,1,2,2,9,
Lars1,3,1,4,4,9,
Lars2,3,1,4,4,9,
Lis,3,1,4,4,9,
Gupta,3,1,4,4,9,
Lars1,3,1,6,6,9,
Lars2,3,1,6,6,9,
Lis,3,1,6,6,9,
Gupta,3,1,6,6,9,
Lars1,3,1,8,8,9,
Lars2,3,1,8,8,9,
Lis,3,1,8,8,9,
Gupta,3,1,8,8,9,
Lars1,3,20,10,10,9,
Lars2,3,20,10,10,9,
Lis,3,20,10,10,9,
Gupta,3,20,10,10,9,
Lars1,3,20,2,2,9,
Lars2,3,20,2,2,9,70.0
Lis,3,20,2,2,9,
Gupta,3,20,2,2,9,
Lars1,3,20,4,4,9,
Lars2,3,20,4,4,9,
Lis,3,20,4,4,9,
Gupta,3,20,4,4,9,
Lars1,3,20,6,6,9,
Lars2,3,20,6,6,9,
Lis,3,20,6,6,9,
Gupta,3,20,6,6,9,
Lars1,3,20,8,8,9,
Lars2,3,20,8,8,9,
Lis,3,20,8,8,9,
Gupta,3,20,8,8,9,
Lars1,3,2,10,10,9,
Lars2,3,2,10,10,9,
Lis,3,2,10,10,9,
Gupta,3,2,10,10,9,
Lars1,3,2,2,2,9,
Lars2,3,2,2,2,9,74.0
Lis,3,2,2,2,9,
Gupta,3,2,2,2,9,
Lars1,3,2,4,4,9,
Lars2,3,2,4,4,9,
Lis,3,2,4,4,9,
Gupta,3,2,4,4,9,
Lars1,3,2,6,6,9,
Lars2,3,2,6,6,9,
Lis,3,2,6,6,9,
Gupta,3,2,6,6,9,
Lars1,3,2,8,8,9,
Lars2,3,2,8,8,9,
Lis,3,2,8,8,9,
Gupta,3,2,8,8,9,
Lars1,3,3,10,10,9,
Lars2,3,3,10,10,9,
Lis,3,3,10,10,9,
Gupta,3,3,10,10,9,
Lars1,3,3,2,2,9,
Lars2,3,3,2,2,9,76.0
Lis,3,3,2,2,9,
Gupta,3,3,2,2,9,
Lars1,3,3,4,4,9,
Lars2,3,3,4,4,9,
Lis,3,3,4,4,9,
Gupta,3,3,4,4,9,
Lars1,3,3,6,6,9,
Lars2,3,3,6,6,9,
Lis,3,3,6,6,9,
Gupta,3,3,6,6,9,
Lars1,3,3,8,8,9,
Lars2,3,3,8,8,9,
Lis,3,3,8,8,9,
Gupta,3,3,8,8,9,
Lars1,3,40,10,10,9,
Lars2,3,40,10,10,9,
Lis,3,40,10,10,9,
Gupta,3,40,10,10,9,
Lars1,3,40,2,2,9,
Lars2,3,40,2,2,9,74.0
Lis,3,40,2,2,9,
Gupta,3,40,2,2,9,
Lars1,3,40,4,4,9,
Lars2,3,40,4,4,9,
Lis,3,40,4,4,9,
Gupta,3,40,4,4,9,
Lars1,3,40,6,6,9,
Lars2,3,40,6,6,9,
Lis,3,40,6,6,9,
Gupta,3,40,6,6,9,
Lars1,3,40,8,8,9,
Lars2,3,40,8,8,9,
Lis,3,40,8,8,9,
Gupta,3,40,8,8,9,
Lars1,3,4,10,10,9,
Lars2,3,4,10,10,9,
Lis,3,4,10,10,9,
Gupta,3,4,10,10,9,
Lars1,3,4,2,2,9,
Lars2,3,4,2,2,9,73.0
Lis,3,4,2,2,9,
Gupta,3,4,2,2,9,
Lars1,3,4,4,4,9,
Lars2,3,4,4,4,9,
Lis,3,4,4,4,9,
Gupta,3,4,4,4,9,
Lars1,3,4,6,6,9,
Lars2,3,4,6,6,9,
Lis,3,4,6,6,9,
Gupta,3,4,6,6,9,
Lars1,3,4,8,8,9,
Lars2,3,4,8,8,9,
Lis,3,4,8,8,9,
Gupta,3,4,8,8,9,
Lars1,3,500,10,10,9,
Lars2,3,500,10,10,9,
Lis,3,500,10,10,9,
Gupta,3,500,10,10,9,
Lars1,3,500,2,2,9,
Lars2,3,500,2,2,9,1116.0
Lis,3,500,2,2,9,
Gupta,3,500,2,2,9,
Lars1,3,500,4,4,9,
Lars2,3,500,4,4,9,
Lis,3,500,4,4,9,
Gupta,3,500,4,4,9,
Lars1,3,500,6,6,9,
Lars2,3,500,6,6,9,
Lis,3,500,6,6,9,
Gupta,3,500,6,6,9,
Lars1,3,500,8,8,9,
Lars2,3,500,8,8,9,
Lis,3,500,8,8,9,
Gupta,3,500,8,8,9,
Lars1,3,5,10,10,9,
Lars2,3,5,10,10,9,
Lis,3,5,10,10,9,
Gupta,3,5,10,10,9,
Lars1,3,5,2,2,9,
Lars2,3,5,2,2,9,80.0
Lis,3,5,2,2,9,
Gupta,3,5,2,2,9,
Lars1,3,5,4,4,9,
Lars2,3,5,4,4,9,
Lis,3,5,4,4,9,
Gupta,3,5,4,4,9,
Lars1,3,5,6,6,9,
Lars2,3,5,6,6,9,
Lis,3,5,6,6,9,
Gupta,3,5,6,6,9,
Lars1,3,5,8,8,9,
Lars2,3,5,8,8,9,
Lis,3,5,8,8,9,
Gupta,3,5,8,8,9,
Lars1,3,60,10,10,9,
Lars2,3,60,10,10,9,
Lis,3,60,10,10,9,
Gupta,3,60,10,10,9,
Lars1,3,60,2,2,9,
Lars2,3,60,2,2,9,89.0
Lis,3,60,2,2,9,
Gupta,3,60,2,2,9,
Lars1,3,60,4,4,9,
Lars2,3,60,4,4,9,
Lis,3,60,4,4,9,
Gupta,3,60,4,4,9,
Lars1,3,60,6,6,9,
Lars2,3,60,6,6,9,
Lis,3,60,6,6,9,
Gupta,3,60,6,6,9,
Lars1,3,60,8,8,9,
Lars2,3,60,8,8,9,
Lis,3,60,8,8,9,
Gupta,3,60,8,8,9,
Lars1,3,6,10,10,9,
Lars2,3,6,10,10,9,
Lis,3,6,10,10,9,
Gupta,3,6,10,10,9,
Lars1,3,6,2,2,9,
Lars2,3,6,2,2,9,74.0
Lis,3,6,2,2,9,
Gupta,3,6,2,2,9,
Lars1,3,6,4,4,9,
Lars2,3,6,4,4,9,
Lis,3,6,4,4,9,
Gupta,3,6,4,4,9,
Lars1,3,6,6,6,9,
Lars2,3,6,6,6,9,
Lis,3,6,6,6,9,
Gupta,3,6,6,6,9,
Lars1,3,6,8,8,9,
Lars2,3,6,8,8,9,
Lis,3,6,8,8,9,
Gupta,3,6,8,8,9,
Lars1,3,7,10,10,9,
Lars2,3,7,10,10,9,
Lis,3,7,10,10,9,
Gupta,3,7,10,10,9,
Lars1,3,7,2,2,9,
Lars2,3,7,2,2,9,78.0
Lis,3,7,2,2,9,
Gupta,3,7,2,2,9,
Lars1,3,7,4,4,9,
Lars2,3,7,4,4,9,
Lis,3,7,4,4,9,
Gupta,3,7,4,4,9,
Lars1,3,7,6,6,9,
Lars2,3,7,6,6,9,
Lis,3,7,6,6,9,
Gupta,3,7,6,6,9,
Lars1,3,7,8,8,9,
Lars2,3,7,8,8,9,
Lis,3,7,8,8,9,
Gupta,3,7,8,8,9,
Lars1,3,80,10,10,9,
Lars2,3,80,10,10,9,
Lis,3,80,10,10,9,
Gupta,3,80,10,10,9,
Lars1,3,80,2,2,9,
Lars2,3,80,2,2,9,87.0
Lis,3,80,2,2,9,
Gupta,3,80,2,2,9,
Lars1,3,80,4,4,9,
Lars2,3,80,4,4,9,
Lis,3,80,4,4,9,
Gupta,3,80,4,4,9,
Lars1,3,80,6,6,9,
Lars2,3,80,6,6,9,
Lis,3,80,6,6,9,
Gupta,3,80,6,6,9,
Lars1,3,80,8,8,9,
Lars2,3,80,8,8,9,
Lis,3,80,8,8,9,
Gupta,3,80,8,8,9,
Lars1,3,8,10,10,9,
Lars2,3,8,10,10,9,
Lis,3,8,10,10,9,
Gupta,3,8,10,10,9,
Lars1,3,8,2,2,9,
Lars2,3,8,2,2,9,76.0
Lis,3,8,2,2,9,
Gupta,3,8,2,2,9,
Lars1,3,8,4,4,9,
Lars2,3,8,4,4,9,
Lis,3,8,4,4,9,
Gupta,3,8,4,4,9,
Lars1,3,8,6,6,9,
Lars2,3,8,6,6,9,
Lis,3,8,6,6,9,
Gupta,3,8,6,6,9,
Lars1,3,8,8,8,9,
Lars2,3,8,8,8,9,
Lis,3,8,8,8,9,
Gupta,3,8,8,8,9,
Lars1,3,9,10,10,9,
Lars2,3,9,10,10,9,
Lis,3,9,10,10,9,
Gupta,3,9,10,10,9,
Lars1,3,9,2,2,9,
Lars2,3,9,2,2,9,72.0
Lis,3,9,2,2,9,
Gupta,3,9,2,2,9,
Lars1,3,9,4,4,9,
Lars2,3,9,4,4,9,
Lis,3,9,4,4,9,
Gupta,3,9,4,4,9,
Lars1,3,9,6,6,9,
Lars2,3,9,6,6,9,
Lis,3,9,6,6,9,
Gupta,3,9,6,6,9,
Lars1,3,9,8,8,9,
Lars2,3,9,8,8,9,
Lis,3,9,8,8,9,
Gupta,3,9,8,8,9,
Lars1,40,1000,10,10,9,
Lars2,40,1000,10,10,9,
Lis,40,1000,10,10,9,
Gupta,40,1000,10,10,9,
Lars1,40,1000,2,2,9,
Lars2,40,1000,2,2,9,83.0
Lis,40,1000,2,2,9,
Gupta,40,1000,2,2,9,
Lars1,40,1000,4,4,9,
Lars2,40,1000,4,4,9,
Lis,40,1000,4,4,9,
Gupta,40,1000,4,4,9,
Lars1,40,1000,6,6,9,
Lars2,40,1000,6,6,9,
Lis,40,1000,6,6,9,
Gupta,40,1000,6,6,9,
Lars1,40,1000,8,8,9,
Lars2,40,1000,8,8,9,
Lis,40,1000,8,8,9,
Gupta,40,1000,8,8,9,
Lars1,40,100,10,10,9,
Lars2,40,100,10,10,9,
Lis,40,100,10,10,9,
Gupta,40,100,10,10,9,
Lars1,40,100,2,2,9,
Lars2,40,100,2,2,9,70.0
Lis,40,100,2,2,9,
Gupta,40,100,2,2,9,
Lars1,40,100,4,4,9,
Lars2,40,100,4,4,9,
Lis,40,100,4,4,9,
Gupta,40,100,4,4,9,
Lars1,40,100,6,6,9,
Lars2,40,100,6,6,9,
Lis,40,100,6,6,9,
Gupta,40,100,6,6,9,
Lars1,40,100,8,8,9,
Lars2,40,100,8,8,9,
Lis,40,100,8,8,9,
Gupta,40,100,8,8,9,
Lars1,40,10,10,10,9,
Lars2,40,10,10,10,9,
Lis,40,10,10,10,9,
Gupta,40,10,10,10,9,
Lars1,40,10,2,2,9,
Lars2,40,10,2,2,9,77.0
Lis,40,10,2,2,9,
Gupta,40,10,2,2,9,
Lars1,40,10,4,4,9,
Lars2,40,10,4,4,9,
Lis,40,10,4,4,9,
Gupta,40,10,4,4,9,
Lars1,40,10,6,6,9,
Lars2,40,10,6,6,9,
Lis,40,10,6,6,9,
Gupta,40,10,6,6,9,
Lars1,40,10,8,8,9,
Lars2,40,10,8,8,9,
Lis,40,10,8,8,9,
Gupta,40,10,8,8,9,
Lars1,40,1,10,10,9,
Lars2,40,1,10,10,9,
Lis,40,1,10,10,9,
Gupta,40,1,10,10,9,
Lars1,40,1,2,2,9,
Lars2,40,1,2,2,9,84.0
Lis,40,1,2,2,9,
Gupta,40,1,2,2,9,88.0
Lars1,40,1,4,4,9,
Lars2,40,1,4,4,9,
Lis,40,1,4,4,9,
Gupta,40,1,4,4,9,
Lars1,40,1,6,6,9,
Lars2,40,1,6,6,9,
Lis,40,1,6,6,9,
Gupta,40,1,6,6,9,
Lars1,40,1,8,8,9,
Lars2,40,1,8,8,9,
Lis,40,1,8,8,9,
Gupta,40,1,8,8,9,
Lars1,40,20,10,10,9,
Lars2,40,20,10,10,9,
Lis,40,20,10,10,9,
Gupta,40,20,10,10,9,
Lars1,40,20,2,2,9,
Lars2,40,20,2,2,9,74.0
Lis,40,20,2,2,9,
Gupta,40,20,2,2,9,
Lars1,40,20,4,4,9,
Lars2,40,20,4,4,9,
Lis,40,20,4,4,9,
Gupta,40,20,4,4,9,
Lars1,40,20,6,6,9,
Lars2,40,20,6,6,9,
Lis,40,20,6,6,9,
Gupta,40,20,6,6,9,
Lars1,40,20,8,8,9,
Lars2,40,20,8,8,9,
Lis,40,20,8,8,9,
Gupta,40,20,8,8,9,
Lars1,40,2,10,10,9,
Lars2,40,2,10,10,9,
Lis,40,2,10,10,9,
Gupta,40,2,10,10,9,
Lars1,40,2,2,2,9,
Lars2,40,2,2,2,9,74.0
Lis,40,2,2,2,9,
Gupta,40,2,2,2,9,
Lars1,40,2,4,4,9,
Lars2,40,2,4,4,9,
Lis,40,2,4,4,9,
Gupta,40,2,4,4,9,
Lars1,40,2,6,6,9,
Lars2,40,2,6,6,9,
Lis,40,2,6,6,9,
Gupta,40,2,6,6,9,
Lars1,40,2,8,8,9,
Lars2,40,2,8,8,9,
Lis,40,2,8,8,9,
Gupta,40,2,8,8,9,
Lars1,40,3,10,10,9,
Lars2,40,3,10,10,9,
Lis,40,3,10,10,9,
Gupta,40,3,10,10,9,
Lars1,40,3,2,2,9,
Lars2,40,3,2,2,9,69.0
Lis,40,3,2,2,9,
Gupta,40,3,2,2,9,
Lars1,40,3,4,4,9,
Lars2,40,3,4,4,9,
Lis,40,3,4,4,9,
Gupta,40,3,4,4,9,
Lars1,40,3,6,6,9,
Lars2,40,3,6,6,9,
Lis,40,3,6,6,9,
Gupta,40,3,6,6,9,
Lars1,40,3,8,8,9,
Lars2,40,3,8,8,9,
Lis,40,3,8,8,9,
Gupta,40,3,8,8,9,
Lars1,40,40,10,10,9,
Lars2,40,40,10,10,9,
Lis,40,40,10,10,9,
Gupta,40,40,10,10,9,
Lars1,40,40,2,2,9,
Lars2,40,40,2,2,9,73.0
Lis,40,40,2,2,9,
Gupta,40,40,2,2,9,
Lars1,40,40,4,4,9,
Lars2,40,40,4,4,9,
Lis,40,40,4,4,9,
Gupta,40,40,4,4,9,
Lars1,40,40,6,6,9,
Lars2,40,40,6,6,9,
Lis,40,40,6,6,9,
Gupta,40,40,6,6,9,
Lars1,40,40,8,8,9,
Lars2,40,40,8,8,9,
Lis,40,40,8,8,9,
Gupta,40,40,8,8,9,
Lars1,40,4,10,10,9,
Lars2,40,4,10,10,9,
Lis,40,4,10,10,9,
Gupta,40,4,10,10,9,
Lars1,40,4,2,2,9,
Lars2,40,4,2,2,9,79.0
Lis,40,4,2,2,9,
Gupta,40,4,2,2,9,
Lars1,40,4,4,4,9,
Lars2,40,4,4,4,9,
Lis,40,4,4,4,9,
Gupta,40,4,4,4,9,
Lars1,40,4,6,6,9,
Lars2,40,4,6,6,9,
Lis,40,4,6,6,9,
Gupta,40,4,6,6,9,
Lars1,40,4,8,8,9,
Lars2,40,4,8,8,9,
Lis,40,4,8,8,9,
Gupta,40,4,8,8,9,
Lars1,40,500,10,10,9,
Lars2,40,500,10,10,9,
Lis,40,500,10,10,9,
Gupta,40,500,10,10,9,
Lars1,40,500,2,2,9,
Lars2,40,500,2,2,9,87.0
Lis,40,500,2,2,9,
Gupta,40,500,2,2,9,
Lars1,40,500,4,4,9,
Lars2,40,500,4,4,9,
Lis,40,500,4,4,9,
Gupta,40,500,4,4,9,
Lars1,40,500,6,6,9,
Lars2,40,500,6,6,9,
Lis,40,500,6,6,9,
Gupta,40,500,6,6,9,
Lars1,40,500,8,8,9,
Lars2,40,500,8,8,9,
Lis,40,500,8,8,9,
Gupta,40,500,8,8,9,
Lars1,40,5,10,10,9,
Lars2,40,5,10,10,9,
Lis,40,5,10,10,9,
Gupta,40,5,10,10,9,
Lars1,40,5,2,2,9,
Lars2,40,5,2,2,9,79.0
Lis,40,5,2,2,9,
Gupta,40,5,2,2,9,
Lars1,40,5,4,4,9,
Lars2,40,5,4,4,9,
Lis,40,5,4,4,9,
Gupta,40,5,4,4,9,
Lars1,40,5,6,6,9,
Lars2,40,5,6,6,9,
Lis,40,5,6,6,9,
Gupta,40,5,6,6,9,
Lars1,40,5,8,8,9,
Lars2,40,5,8,8,9,
Lis,40,5,8,8,9,
Gupta,40,5,8,8,9,
Lars1,40,60,10,10,9,
Lars2,40,60,10,10,9,
Lis,40,60,10,10,9,
Gupta,40,60,10,10,9,
Lars1,40,60,2,2,9,
Lars2,40,60,2,2,9,91.0
Lis,40,60,2,2,9,
Gupta,40,60,2,2,9,
Lars1,40,60,4,4,9,
Lars2,40,60,4,4,9,
Lis,40,60,4,4,9,
Gupta,40,60,4,4,9,
Lars1,40,60,6,6,9,
Lars2,40,60,6,6,9,
Lis,40,60,6,6,9,
Gupta,40,60,6,6,9,
Lars1,40,60,8,8,9,
Lars2,40,60,8,8,9,
Lis,40,60,8,8,9,
Gupta,40,60,8,8,9,
Lars1,40,6,10,10,9,
Lars2,40,6,10,10,9,
Lis,40,6,10,10,9,
Gupta,40,6,10,10,9,
Lars1,40,6,2,2,9,
Lars2,40,6,2,2,9,77.0
Lis,40,6,2,2,9,
Gupta,40,6,2,2,9,
Lars1,40,6,4,4,9,
Lars2,40,6,4,4,9,
Lis,40,6,4,4,9,
Gupta,40,6,4,4,9,
Lars1,40,6,6,6,9,
Lars2,40,6,6,6,9,
Lis,40,6,6,6,9,
Gupta,40,6,6,6,9,
Lars1,40,6,8,8,9,
Lars2,40,6,8,8,9,
Lis,40,6,8,8,9,
Gupta,40,6,8,8,9,
Lars1,40,7,10,10,9,
Lars2,40,7,10,10,9,
Lis,40,7,10,10,9,
Gupta,40,7,10,10,9,
Lars1,40,7,2,2,9,
Lars2,40,7,2,2,9,71.0
Lis,40,7,2,2,9,
Gupta,40,7,2,2,9,
Lars1,40,7,4,4,9,
Lars2,40,7,4,4,9,
Lis,40,7,4,4,9,
Gupta,40,7,4,4,9,
Lars1,40,7,6,6,9,
Lars2,40,7,6,6,9,
Lis,40,7,6,6,9,
Gupta,40,7,6,6,9,
Lars1,40,7,8,8,9,
Lars2,40,7,8,8,9,
Lis,40,7,8,8,9,
Gupta,40,7,8,8,9,
Lars1,40,80,10,10,9,
Lars2,40,80,10,10,9,
Lis,40,80,10,10,9,
Gupta,40,80,10,10,9,
Lars1,40,80,2,2,9,
Lars2,40,80,2,2,9,84.0
Lis,40,80,2,2,9,
Gupta,40,80,2,2,9,
Lars1,40,80,4,4,9,
Lars2,40,80,4,4,9,
Lis,40,80,4,4,9,
Gupta,40,80,4,4,9,
Lars1,40,80,6,6,9,
Lars2,40,80,6,6,9,
Lis,40,80,6,6,9,
Gupta,40,80,6,6,9,
Lars1,40,80,8,8,9,
Lars2,40,80,8,8,9,
Lis,40,80,8,8,9,
Gupta,40,80,8,8,9,
Lars1,40,8,10,10,9,
Lars2,40,8,10,10,9,
Lis,40,8,10,10,9,
Gupta,40,8,10,10,9,
Lars1,40,8,2,2,9,
Lars2,40,8,2,2,9,71.0
Lis,40,8,2,2,9,
Gupta,40,8,2,2,9,
Lars1,40,8,4,4,9,
Lars2,40,8,4,4,9,
Lis,40,8,4,4,9,
Gupta,40,8,4,4,9,
Lars1,40,8,6,6,9,
Lars2,40,8,6,6,9,
Lis,40,8,6,6,9,
Gupta,40,8,6,6,9,
Lars1,40,8,8,8,9,
Lars2,40,8,8,8,9,
Lis,40,8,8,8,9,
Gupta,40,8,8,8,9,
Lars1,40,9,10,10,9,
Lars2,40,9,10,10,9,
Lis,40,9,10,10,9,
Gupta,40,9,10,10,9,
Lars1,40,9,2,2,9,
Lars2,40,9,2,2,9,85.0
Lis,40,9,2,2,9,
Gupta,40,9,2,2,9,
Lars1,40,9,4,4,9,
Lars2,40,9,4,4,9,
Lis,40,9,4,4,9,
Gupta,40,9,4,4,9,
Lars1,40,9,6,6,9,
Lars2,40,9,6,6,9,
Lis,40,9,6,6,9,
Gupta,40,9,6,6,9,
Lars1,40,9,8,8,9,
Lars2,40,9,8,8,9,
Lis,40,9,8,8,9,
Gupta,40,9,8,8,9,
Lars1,4,1000,10,10,9,
Lars2,4,1000,10,10,9,
Lis,4,1000,10,10,9,
Gupta,4,1000,10,10,9,
Lars1,4,1000,2,2,9,
Lars2,4,1000,2,2,9,649.0
Lis,4,1000,2,2,9,
Gupta,4,1000,2,2,9,
Lars1,4,1000,4,4,9,
Lars2,4,1000,4,4,9,
Lis,4,1000,4,4,9,
Gupta,4,1000,4,4,9,
Lars1,4,1000,6,6,9,
Lars2,4,1000,6,6,9,
Lis,4,1000,6,6,9,
Gupta,4,1000,6,6,9,
Lars1,4,1000,8,8,9,
Lars2,4,1000,8,8,9,
Lis,4,1000,8,8,9,
Gupta,4,1000,8,8,9,
Lars1,4,100,10,10,9,
Lars2,4,100,10,10,9,
Lis,4,100,10,10,9,
Gupta,4,100,10,10,9,
Lars1,4,100,2,2,9,
Lars2,4,100,2,2,9,86.0
Lis,4,100,2,2,9,
Gupta,4,100,2,2,9,
Lars1,4,100,4,4,9,
Lars2,4,100,4,4,9,
Lis,4,100,4,4,9,
Gupta,4,100,4,4,9,
Lars1,4,100,6,6,9,
Lars2,4,100,6,6,9,
Lis,4,100,6,6,9,
Gupta,4,100,6,6,9,
Lars1,4,100,8,8,9,
Lars2,4,100,8,8,9,
Lis,4,100,8,8,9,
Gupta,4,100,8,8,9,
Lars1,4,10,10,10,9,
Lars2,4,10,10,10,9,
Lis,4,10,10,10,9,
Gupta,4,10,10,10,9,
Lars1,4,10,2,2,9,
Lars2,4,10,2,2,9,86.0
Lis,4,10,2,2,9,
Gupta,4,10,2,2,9,
Lars1,4,10,4,4,9,
Lars2,4,10,4,4,9,
Lis,4,10,4,4,9,
Gupta,4,10,4,4,9,
Lars1,4,10,6,6,9,
Lars2,4,10,6,6,9,
Lis,4,10,6,6,9,
Gupta,4,10,6,6,9,
Lars1,4,10,8,8,9,
Lars2,4,10,8,8,9,
Lis,4,10,8,8,9,
Gupta,4,10,8,8,9,
Lars1,4,1,10,10,9,
Lars2,4,1,10,10,9,
Lis,4,1,10,10,9,
Gupta,4,1,10,10,9,
Lars1,4,1,2,2,9,
Lars2,4,1,2,2,9,94.0
Lis,4,1,2,2,9,
Gupta,4,1,2,2,9,
Lars1,4,1,4,4,9,
Lars2,4,1,4,4,9,
Lis,4,1,4,4,9,
Gupta,4,1,4,4,9,
Lars1,4,1,6,6,9,
Lars2,4,1,6,6,9,
Lis,4,1,6,6,9,
Gupta,4,1,6,6,9,
Lars1,4,1,8,8,9,
Lars2,4,1,8,8,9,
Lis,4,1,8,8,9,
Gupta,4,1,8,8,9,
Lars1,4,20,10,10,9,
Lars2,4,20,10,10,9,
Lis,4,20,10,10,9,
Gupta,4,20,10,10,9,
Lars1,4,20,2,2,9,
Lars2,4,20,2,2,9,66.0
Lis,4,20,2,2,9,
Gupta,4,20,2,2,9,
Lars1,4,20,4,4,9,
Lars2,4,20,4,4,9,
Lis,4,20,4,4,9,
Gupta,4,20,4,4,9,
Lars1,4,20,6,6,9,
Lars2,4,20,6,6,9,
Lis,4,20,6,6,9,
Gupta,4,20,6,6,9,
Lars1,4,20,8,8,9,
Lars2,4,20,8,8,9,
Lis,4,20,8,8,9,
Gupta,4,20,8,8,9,
Lars1,4,2,10,10,9,
Lars2,4,2,10,10,9,
Lis,4,2,10,10,9,
Gupta,4,2,10,10,9,
Lars1,4,2,2,2,9,
Lars2,4,2,2,2,9,77.0
Lis,4,2,2,2,9,
Gupta,4,2,2,2,9,
Lars1,4,2,4,4,9,
Lars2,4,2,4,4,9,
Lis,4,2,4,4,9,
Gupta,4,2,4,4,9,
Lars1,4,2,6,6,9,
Lars2,4,2,6,6,9,
Lis,4,2,6,6,9,
Gupta,4,2,6,6,9,
Lars1,4,2,8,8,9,
Lars2,4,2,8,8,9,
Lis,4,2,8,8,9,
Gupta,4,2,8,8,9,
Lars1,4,3,10,10,9,
Lars2,4,3,10,10,9,
Lis,4,3,10,10,9,
Gupta,4,3,10,10,9,
Lars1,4,3,2,2,9,
Lars2,4,3,2,2,9,77.0
Lis,4,3,2,2,9,
Gupta,4,3,2,2,9,
Lars1,4,3,4,4,9,
Lars2,4,3,4,4,9,
Lis,4,3,4,4,9,
Gupta,4,3,4,4,9,
Lars1,4,3,6,6,9,
Lars2,4,3,6,6,9,
Lis,4,3,6,6,9,
Gupta,4,3,6,6,9,
Lars1,4,3,8,8,9,
Lars2,4,3,8,8,9,
Lis,4,3,8,8,9,
Gupta,4,3,8,8,9,
Lars1,4,40,10,10,9,
Lars2,4,40,10,10,9,
Lis,4,40,10,10,9,
Gupta,4,40,10,10,9,
Lars1,4,40,2,2,9,
Lars2,4,40,2,2,9,89.0
Lis,4,40,2,2,9,
Gupta,4,40,2,2,9,
Lars1,4,40,4,4,9,
Lars2,4,40,4,4,9,
Lis,4,40,4,4,9,
Gupta,4,40,4,4,9,
Lars1,4,40,6,6,9,
Lars2,4,40,6,6,9,
Lis,4,40,6,6,9,
Gupta,4,40,6,6,9,
Lars1,4,40,8,8,9,
Lars2,4,40,8,8,9,
Lis,4,40,8,8,9,
Gupta,4,40,8,8,9,
Lars1,4,4,10,10,9,
Lars2,4,4,10,10,9,
Lis,4,4,10,10,9,
Gupta,4,4,10,10,9,
Lars1,4,4,2,2,9,
Lars2,4,4,2,2,9,74.0
Lis,4,4,2,2,9,
Gupta,4,4,2,2,9,
Lars1,4,4,4,4,9,
Lars2,4,4,4,4,9,
Lis,4,4,4,4,9,
Gupta,4,4,4,4,9,
Lars1,4,4,6,6,9,
Lars2,4,4,6,6,9,
Lis,4,4,6,6,9,
Gupta,4,4,6,6,9,
Lars1,4,4,8,8,9,
Lars2,4,4,8,8,9,
Lis,4,4,8,8,9,
Gupta,4,4,8,8,9,
Lars1,4,500,10,10,9,
Lars2,4,500,10,10,9,
Lis,4,500,10,10,9,
Gupta,4,500,10,10,9,
Lars1,4,500,2,2,9,
Lars2,4,500,2,2,9,205.0
Lis,4,500,2,2,9,
Gupta,4,500,2,2,9,
Lars1,4,500,4,4,9,
Lars2,4,500,4,4,9,
Lis,4,500,4,4,9,
Gupta,4,500,4,4,9,
Lars1,4,500,6,6,9,
Lars2,4,500,6,6,9,
Lis,4,500,6,6,9,
Gupta,4,500,6,6,9,
Lars1,4,500,8,8,9,
Lars2,4,500,8,8,9,
Lis,4,500,8,8,9,
Gupta,4,500,8,8,9,
Lars1,4,5,10,10,9,
Lars2,4,5,10,10,9,
Lis,4,5,10,10,9,
Gupta,4,5,10,10,9,
Lars1,4,5,2,2,9,
Lars2,4,5,2,2,9,72.0
Lis,4,5,2,2,9,
Gupta,4,5,2,2,9,
Lars1,4,5,4,4,9,
Lars2,4,5,4,4,9,
Lis,4,5,4,4,9,
Gupta,4,5,4,4,9,
Lars1,4,5,6,6,9,
Lars2,4,5,6,6,9,
Lis,4,5,6,6,9,
Gupta,4,5,6,6,9,
Lars1,4,5,8,8,9,
Lars2,4,5,8,8,9,
Lis,4,5,8,8,9,
Gupta,4,5,8,8,9,
Lars1,4,60,10,10,9,
Lars2,4,60,10,10,9,
Lis,4,60,10,10,9,
Gupta,4,60,10,10,9,
Lars1,4,60,2,2,9,
Lars2,4,60,2,2,9,91.0
Lis,4,60,2,2,9,
Gupta,4,60,2,2,9,
Lars1,4,60,4,4,9,
Lars2,4,60,4,4,9,
Lis,4,60,4,4,9,
Gupta,4,60,4,4,9,
Lars1,4,60,6,6,9,
Lars2,4,60,6,6,9,
Lis,4,60,6,6,9,
Gupta,4,60,6,6,9,
Lars1,4,60,8,8,9,
Lars2,4,60,8,8,9,
Lis,4,60,8,8,9,
Gupta,4,60,8,8,9,
Lars1,4,6,10,10,9,
Lars2,4,6,10,10,9,
Lis,4,6,10,10,9,
Gupta,4,6,10,10,9,
Lars1,4,6,2,2,9,
Lars2,4,6,2,2,9,85.0
Lis,4,6,2,2,9,
Gupta,4,6,2,2,9,
Lars1,4,6,4,4,9,
Lars2,4,6,4,4,9,
Lis,4,6,4,4,9,
Gupta,4,6,4,4,9,
Lars1,4,6,6,6,9,
Lars2,4,6,6,6,9,
Lis,4,6,6,6,9,
Gupta,4,6,6,6,9,
Lars1,4,6,8,8,9,
Lars2,4,6,8,8,9,
Lis,4,6,8,8,9,
Gupta,4,6,8,8,9,
Lars1,4,7,10,10,9,
Lars2,4,7,10,10,9,
Lis,4,7,10,10,9,
Gupta,4,7,10,10,9,
Lars1,4,7,2,2,9,
Lars2,4,7,2,2,9,74.0
Lis,4,7,2,2,9,
Gupta,4,7,2,2,9,
Lars1,4,7,4,4,9,
Lars2,4,7,4,4,9,
Lis,4,7,4,4,9,
Gupta,4,7,4,4,9,
Lars1,4,7,6,6,9,
Lars2,4,7,6,6,9,
Lis,4,7,6,6,9,
Gupta,4,7,6,6,9,
Lars1,4,7,8,8,9,
Lars2,4,7,8,8,9,
Lis,4,7,8,8,9,
Gupta,4,7,8,8,9,
Lars1,4,80,10,10,9,
Lars2,4,80,10,10,9,
Lis,4,80,10,10,9,
Gupta,4,80,10,10,9,
Lars1,4,80,2,2,9,
Lars2,4,80,2,2,9,88.0
Lis,4,80,2,2,9,
Gupta,4,80,2,2,9,
Lars1,4,80,4,4,9,
Lars2,4,80,4,4,9,
Lis,4,80,4,4,9,
Gupta,4,80,4,4,9,
Lars1,4,80,6,6,9,
Lars2,4,80,6,6,9,
Lis,4,80,6,6,9,
Gupta,4,80,6,6,9,
Lars1,4,80,8,8,9,
Lars2,4,80,8,8,9,
Lis,4,80,8,8,9,
Gupta,4,80,8,8,9,
Lars1,4,8,10,10,9,
Lars2,4,8,10,10,9,
Lis,4,8,10,10,9,
Gupta,4,8,10,10,9,
Lars1,4,8,2,2,9,
Lars2,4,8,2,2,9,73.0
Lis,4,8,2,2,9,
Gupta,4,8,2,2,9,
Lars1,4,8,4,4,9,
Lars2,4,8,4,4,9,
Lis,4,8,4,4,9,
Gupta,4,8,4,4,9,
Lars1,4,8,6,6,9,
Lars2,4,8,6,6,9,
Lis,4,8,6,6,9,
Gupta,4,8,6,6,9,
Lars1,4,8,8,8,9,
Lars2,4,8,8,8,9,
Lis,4,8,8,8,9,
Gupta,4,8,8,8,9,
Lars1,4,9,10,10,9,
Lars2,4,9,10,10,9,
Lis,4,9,10,10,9,
Gupta,4,9,10,10,9,
Lars1,4,9,2,2,9,
Lars2,4,9,2,2,9,66.0
Lis,4,9,2,2,9,
Gupta,4,9,2,2,9,
Lars1,4,9,4,4,9,
Lars2,4,9,4,4,9,
Lis,4,9,4,4,9,
Gupta,4,9,4,4,9,
Lars1,4,9,6,6,9,
Lars2,4,9,6,6,9,
Lis,4,9,6,6,9,
Gupta,4,9,6,6,9,
Lars1,4,9,8,8,9,
Lars2,4,9,8,8,9,
Lis,4,9,8,8,9,
Gupta,4,9,8,8,9,
Lars1,500,1000,10,10,9,
Lars2,500,1000,10,10,9,
Lis,500,1000,10,10,9,
Gupta,500,1000,10,10,9,
Lars1,500,1000,2,2,9,
Lars2,500,1000,2,2,9,101.0
Lis,500,1000,2,2,9,
Gupta,500,1000,2,2,9,
Lars1,500,1000,4,4,9,
Lars2,500,1000,4,4,9,
Lis,500,1000,4,4,9,
Gupta,500,1000,4,4,9,
Lars1,500,1000,6,6,9,
Lars2,500,1000,6,6,9,
Lis,500,1000,6,6,9,
Gupta,500,1000,6,6,9,
Lars1,500,1000,8,8,9,
Lars2,500,1000,8,8,9,
Lis,500,1000,8,8,9,
Gupta,500,1000,8,8,9,
Lars1,500,100,10,10,9,
Lars2,500,100,10,10,9,
Lis,500,100,10,10,9,
Gupta,500,100,10,10,9,
Lars1,500,100,2,2,9,
Lars2,500,100,2,2,9,62.0
Lis,500,100,2,2,9,
Gupta,500,100,2,2,9,
Lars1,500,100,4,4,9,
Lars2,500,100,4,4,9,
Lis,500,100,4,4,9,
Gupta,500,100,4,4,9,
Lars1,500,100,6,6,9,
Lars2,500,100,6,6,9,
Lis,500,100,6,6,9,
Gupta,500,100,6,6,9,
Lars1,500,100,8,8,9,
Lars2,500,100,8,8,9,
Lis,500,100,8,8,9,
Gupta,500,100,8,8,9,
Lars1,500,10,10,10,9,
Lars2,500,10,10,10,9,
Lis,500,10,10,10,9,
Gupta,500,10,10,10,9,
Lars1,500,10,2,2,9,
Lars2,500,10,2,2,9,85.0
Lis,500,10,2,2,9,
Gupta,500,10,2,2,9,
Lars1,500,10,4,4,9,
Lars2,500,10,4,4,9,
Lis,500,10,4,4,9,
Gupta,500,10,4,4,9,
Lars1,500,10,6,6,9,
Lars2,500,10,6,6,9,
Lis,500,10,6,6,9,
Gupta,500,10,6,6,9,
Lars1,500,10,8,8,9,
Lars2,500,10,8,8,9,
Lis,500,10,8,8,9,
Gupta,500,10,8,8,9,
Lars1,500,1,10,10,9,
Lars2,500,1,10,10,9,
Lis,500,1,10,10,9,
Gupta,500,1,10,10,9,
Lars1,500,1,2,2,9,
Lars2,500,1,2,2,9,72.0
Lis,500,1,2,2,9,
Gupta,500,1,2,2,9,
Lars1,500,1,4,4,9,
Lars2,500,1,4,4,9,
Lis,500,1,4,4,9,
Gupta,500,1,4,4,9,
Lars1,500,1,6,6,9,
Lars2,500,1,6,6,9,
Lis,500,1,6,6,9,
Gupta,500,1,6,6,9,
Lars1,500,1,8,8,9,
Lars2,500,1,8,8,9,
Lis,500,1,8,8,9,
Gupta,500,1,8,8,9,
Lars1,500,20,10,10,9,
Lars2,500,20,10,10,9,
Lis,500,20,10,10,9,
Gupta,500,20,10,10,9,
Lars1,500,20,2,2,9,
Lars2,500,20,2,2,9,93.0
Lis,500,20,2,2,9,
Gupta,500,20,2,2,9,
Lars1,500,20,4,4,9,
Lars2,500,20,4,4,9,
Lis,500,20,4,4,9,
Gupta,500,20,4,4,9,
Lars1,500,20,6,6,9,
Lars2,500,20,6,6,9,
Lis,500,20,6,6,9,
Gupta,500,20,6,6,9,
Lars1,500,20,8,8,9,
Lars2,500,20,8,8,9,
Lis,500,20,8,8,9,
Gupta,500,20,8,8,9,
Lars1,500,2,10,10,9,
Lars2,500,2,10,10,9,
Lis,500,2,10,10,9,
Gupta,500,2,10,10,9,
Lars1,500,2,2,2,9,
Lars2,500,2,2,2,9,86.0
Lis,500,2,2,2,9,
Gupta,500,2,2,2,9,
Lars1,500,2,4,4,9,
Lars2,500,2,4,4,9,
Lis,500,2,4,4,9,
Gupta,500,2,4,4,9,
Lars1,500,2,6,6,9,
Lars2,500,2,6,6,9,
Lis,500,2,6,6,9,
Gupta,500,2,6,6,9,
Lars1,500,2,8,8,9,
Lars2,500,2,8,8,9,
Lis,500,2,8,8,9,
Gupta,500,2,8,8,9,
Lars1,500,3,10,10,9,
Lars2,500,3,10,10,9,
Lis,500,3,10,10,9,
Gupta,500,3,10,10,9,
Lars1,500,3,2,2,9,
Lars2,500,3,2,2,9,81.0
Lis,500,3,2,2,9,
Gupta,500,3,2,2,9,
Lars1,500,3,4,4,9,
Lars2,500,3,4,4,9,
Lis,500,3,4,4,9,
Gupta,500,3,4,4,9,
Lars1,500,3,6,6,9,
Lars2,500,3,6,6,9,
Lis,500,3,6,6,9,
Gupta,500,3,6,6,9,
Lars1,500,3,8,8,9,
Lars2,500,3,8,8,9,
Lis,500,3,8,8,9,
Gupta,500,3,8,8,9,
Lars1,500,40,10,10,9,
Lars2,500,40,10,10,9,
Lis,500,40,10,10,9,
Gupta,500,40,10,10,9,
Lars1,500,40,2,2,9,
Lars2,500,40,2,2,9,84.0
Lis,500,40,2,2,9,
Gupta,500,40,2,2,9,
Lars1,500,40,4,4,9,
Lars2,500,40,4,4,9,
Lis,500,40,4,4,9,
Gupta,500,40,4,4,9,
Lars1,500,40,6,6,9,
Lars2,500,40,6,6,9,
Lis,500,40,6,6,9,
Gupta,500,40,6,6,9,
Lars1,500,40,8,8,9,
Lars2,500,40,8,8,9,
Lis,500,40,8,8,9,
Gupta,500,40,8,8,9,
Lars1,500,4,10,10,9,
Lars2,500,4,10,10,9,
Lis,500,4,10,10,9,
Gupta,500,4,10,10,9,
Lars1,500,4,2,2,9,
Lars2,500,4,2,2,9,79.0
Lis,500,4,2,2,9,
Gupta,500,4,2,2,9,
Lars1,500,4,4,4,9,
Lars2,500,4,4,4,9,
Lis,500,4,4,4,9,
Gupta,500,4,4,4,9,
Lars1,500,4,6,6,9,
Lars2,500,4,6,6,9,
Lis,500,4,6,6,9,
Gupta,500,4,6,6,9,
Lars1,500,4,8,8,9,
Lars2,500,4,8,8,9,
Lis,500,4,8,8,9,
Gupta,500,4,8,8,9,
Lars1,500,500,10,10,9,
Lars2,500,500,10,10,9,
Lis,500,500,10,10,9,
Gupta,500,500,10,10,9,
Lars1,500,500,2,2,9,
Lars2,500,500,2,2,9,84.0
Lis,500,500,2,2,9,
Gupta,500,500,2,2,9,
Lars1,500,500,4,4,9,
Lars2,500,500,4,4,9,
Lis,500,500,4,4,9,
Gupta,500,500,4,4,9,
Lars1,500,500,6,6,9,
Lars2,500,500,6,6,9,
Lis,500,500,6,6,9,
Gupta,500,500,6,6,9,
Lars1,500,500,8,8,9,
Lars2,500,500,8,8,9,
Lis,500,500,8,8,9,
Gupta,500,500,8,8,9,
Lars1,500,5,10,10,9,
Lars2,500,5,10,10,9,
Lis,500,5,10,10,9,
Gupta,500,5,10,10,9,
Lars1,500,5,2,2,9,
Lars2,500,5,2,2,9,81.0
Lis,500,5,2,2,9,
Gupta,500,5,2,2,9,
Lars1,500,5,4,4,9,
Lars2,500,5,4,4,9,
Lis,500,5,4,4,9,
Gupta,500,5,4,4,9,
Lars1,500,5,6,6,9,
Lars2,500,5,6,6,9,
Lis,500,5,6,6,9,
Gupta,500,5,6,6,9,
Lars1,500,5,8,8,9,
Lars2,500,5,8,8,9,
Lis,500,5,8,8,9,
Gupta,500,5,8,8,9,
Lars1,500,60,10,10,9,
Lars2,500,60,10,10,9,
Lis,500,60,10,10,9,
Gupta,500,60,10,10,9,
Lars1,500,60,2,2,9,
Lars2,500,60,2,2,9,73.0
Lis,500,60,2,2,9,
Gupta,500,60,2,2,9,
Lars1,500,60,4,4,9,
Lars2,500,60,4,4,9,
Lis,500,60,4,4,9,
Gupta,500,60,4,4,9,
Lars1,500,60,6,6,9,
Lars2,500,60,6,6,9,
Lis,500,60,6,6,9,
Gupta,500,60,6,6,9,
Lars1,500,60,8,8,9,
Lars2,500,60,8,8,9,
Lis,500,60,8,8,9,
Gupta,500,60,8,8,9,
Lars1,500,6,10,10,9,
Lars2,500,6,10,10,9,
Lis,500,6,10,10,9,
Gupta,500,6,10,10,9,
Lars1,500,6,2,2,9,
Lars2,500,6,2,2,9,75.0
Lis,500,6,2,2,9,
Gupta,500,6,2,2,9,
Lars1,500,6,4,4,9,
Lars2,500,6,4,4,9,
Lis,500,6,4,4,9,
Gupta,500,6,4,4,9,
Lars1,500,6,6,6,9,
Lars2,500,6,6,6,9,
Lis,500,6,6,6,9,
Gupta,500,6,6,6,9,
Lars1,500,6,8,8,9,
Lars2,500,6,8,8,9,
Lis,500,6,8,8,9,
Gupta,500,6,8,8,9,
Lars1,500,7,10,10,9,
Lars2,500,7,10,10,9,
Lis,500,7,10,10,9,
Gupta,500,7,10,10,9,
Lars1,500,7,2,2,9,
Lars2,500,7,2,2,9,83.0
Lis,500,7,2,2,9,
Gupta,500,7,2,2,9,
Lars1,500,7,4,4,9,
Lars2,500,7,4,4,9,
Lis,500,7,4,4,9,
Gupta,500,7,4,4,9,
Lars1,500,7,6,6,9,
Lars2,500,7,6,6,9,
Lis,500,7,6,6,9,
Gupta,500,7,6,6,9,
Lars1,500,7,8,8,9,
Lars2,500,7,8,8,9,
Lis,500,7,8,8,9,
Gupta,500,7,8,8,9,
Lars1,500,80,10,10,9,
Lars2,500,80,10,10,9,
Lis,500,80,10,10,9,
Gupta,500,80,10,10,9,
Lars1,500,80,2,2,9,
Lars2,500,80,2,2,9,54.0
Lis,500,80,2,2,9,
Gupta,500,80,2,2,9,
Lars1,500,80,4,4,9,
Lars2,500,80,4,4,9,
Lis,500,80,4,4,9,
Gupta,500,80,4,4,9,
Lars1,500,80,6,6,9,
Lars2,500,80,6,6,9,
Lis,500,80,6,6,9,
Gupta,500,80,6,6,9,
Lars1,500,80,8,8,9,
Lars2,500,80,8,8,9,
Lis,500,80,8,8,9,
Gupta,500,80,8,8,9,
Lars1,500,8,10,10,9,
Lars2,500,8,10,10,9,
Lis,500,8,10,10,9,
Gupta,500,8,10,10,9,
Lars1,500,8,2,2,9,
Lars2,500,8,2,2,9,81.0
Lis,500,8,2,2,9,
Gupta,500,8,2,2,9,
Lars1,500,8,4,4,9,
Lars2,500,8,4,4,9,
Lis,500,8,4,4,9,
Gupta,500,8,4,4,9,
Lars1,500,8,6,6,9,
Lars2,500,8,6,6,9,
Lis,500,8,6,6,9,
Gupta,500,8,6,6,9,
Lars1,500,8,8,8,9,
Lars2,500,8,8,8,9,
Lis,500,8,8,8,9,
Gupta,500,8,8,8,9,
Lars1,500,9,10,10,9,
Lars2,500,9,10,10,9,
Lis,500,9,10,10,9,
Gupta,500,9,10,10,9,
Lars1,500,9,2,2,9,
Lars2,500,9,2,2,9,92.0
Lis,500,9,2,2,9,
Gupta,500,9,2,2,9,
Lars1,500,9,4,4,9,
Lars2,500,9,4,4,9,
Lis,500,9,4,4,9,
Gupta,500,9,4,4,9,
Lars1,500,9,6,6,9,
Lars2,500,9,6,6,9,
Lis,500,9,6,6,9,
Gupta,500,9,6,6,9,
Lars1,500,9,8,8,9,
Lars2,500,9,8,8,9,
Lis,500,9,8,8,9,
Gupta,500,9,8,8,9,
Lars1,5,1000,10,10,9,
Lars2,5,1000,10,10,9,
Lis,5,1000,10,10,9,
Gupta,5,1000,10,10,9,
Lars1,5,1000,2,2,9,
Lars2,5,1000,2,2,9,228.0
Lis,5,1000,2,2,9,
Gupta,5,1000,2,2,9,
Lars1,5,1000,4,4,9,
Lars2,5,1000,4,4,9,
Lis,5,1000,4,4,9,
Gupta,5,1000,4,4,9,
Lars1,5,1000,6,6,9,
Lars2,5,1000,6,6,9,
Lis,5,1000,6,6,9,
Gupta,5,1000,6,6,9,
Lars1,5,1000,8,8,9,
Lars2,5,1000,8,8,9,
Lis,5,1000,8,8,9,
Gupta,5,1000,8,8,9,
Lars1,5,100,10,10,9,
Lars2,5,100,10,10,9,
Lis,5,100,10,10,9,
Gupta,5,100,10,10,9,
Lars1,5,100,2,2,9,
Lars2,5,100,2,2,9,78.0
Lis,5,100,2,2,9,
Gupta,5,100,2,2,9,
Lars1,5,100,4,4,9,
Lars2,5,100,4,4,9,
Lis,5,100,4,4,9,
Gupta,5,100,4,4,9,
Lars1,5,100,6,6,9,
Lars2,5,100,6,6,9,
Lis,5,100,6,6,9,
Gupta,5,100,6,6,9,
Lars1,5,100,8,8,9,
Lars2,5,100,8,8,9,
Lis,5,100,8,8,9,
Gupta,5,100,8,8,9,
Lars1,5,10,10,10,9,
Lars2,5,10,10,10,9,
Lis,5,10,10,10,9,
Gupta,5,10,10,10,9,
Lars1,5,10,2,2,9,
Lars2,5,10,2,2,9,84.0
Lis,5,10,2,2,9,
Gupta,5,10,2,2,9,
Lars1,5,10,4,4,9,
Lars2,5,10,4,4,9,
Lis,5,10,4,4,9,
Gupta,5,10,4,4,9,
Lars1,5,10,6,6,9,
Lars2,5,10,6,6,9,
Lis,5,10,6,6,9,
Gupta,5,10,6,6,9,
Lars1,5,10,8,8,9,
Lars2,5,10,8,8,9,
Lis,5,10,8,8,9,
Gupta,5,10,8,8,9,
Lars1,5,1,10,10,9,
Lars2,5,1,10,10,9,
Lis,5,1,10,10,9,
Gupta,5,1,10,10,9,
Lars1,5,1,2,2,9,
Lars2,5,1,2,2,9,89.0
Lis,5,1,2,2,9,
Gupta,5,1,2,2,9,
Lars1,5,1,4,4,9,
Lars2,5,1,4,4,9,
Lis,5,1,4,4,9,
Gupta,5,1,4,4,9,
Lars1,5,1,6,6,9,
Lars2,5,1,6,6,9,
Lis,5,1,6,6,9,
Gupta,5,1,6,6,9,
Lars1,5,1,8,8,9,
Lars2,5,1,8,8,9,
Lis,5,1,8,8,9,
Gupta,5,1,8,8,9,
Lars1,5,20,10,10,9,
Lars2,5,20,10,10,9,
Lis,5,20,10,10,9,
Gupta,5,20,10,10,9,
Lars1,5,20,2,2,9,
Lars2,5,20,2,2,9,81.0
Lis,5,20,2,2,9,
Gupta,5,20,2,2,9,
Lars1,5,20,4,4,9,
Lars2,5,20,4,4,9,
Lis,5,20,4,4,9,
Gupta,5,20,4,4,9,
Lars1,5,20,6,6,9,
Lars2,5,20,6,6,9,
Lis,5,20,6,6,9,
Gupta,5,20,6,6,9,
Lars1,5,20,8,8,9,
Lars2,5,20,8,8,9,
Lis,5,20,8,8,9,
Gupta,5,20,8,8,9,
Lars1,5,2,10,10,9,
Lars2,5,2,10,10,9,
Lis,5,2,10,10,9,
Gupta,5,2,10,10,9,
Lars1,5,2,2,2,9,
Lars2,5,2,2,2,9,75.0
Lis,5,2,2,2,9,
Gupta,5,2,2,2,9,
Lars1,5,2,4,4,9,
Lars2,5,2,4,4,9,
Lis,5,2,4,4,9,
Gupta,5,2,4,4,9,
Lars1,5,2,6,6,9,
Lars2,5,2,6,6,9,
Lis,5,2,6,6,9,
Gupta,5,2,6,6,9,
Lars1,5,2,8,8,9,
Lars2,5,2,8,8,9,
Lis,5,2,8,8,9,
Gupta,5,2,8,8,9,
Lars1,5,3,10,10,9,
Lars2,5,3,10,10,9,
Lis,5,3,10,10,9,
Gupta,5,3,10,10,9,
Lars1,5,3,2,2,9,
Lars2,5,3,2,2,9,81.0
Lis,5,3,2,2,9,
Gupta,5,3,2,2,9,
Lars1,5,3,4,4,9,
Lars2,5,3,4,4,9,
Lis,5,3,4,4,9,
Gupta,5,3,4,4,9,
Lars1,5,3,6,6,9,
Lars2,5,3,6,6,9,
Lis,5,3,6,6,9,
Gupta,5,3,6,6,9,
Lars1,5,3,8,8,9,
Lars2,5,3,8,8,9,
Lis,5,3,8,8,9,
Gupta,5,3,8,8,9,
Lars1,5,40,10,10,9,
Lars2,5,40,10,10,9,
Lis,5,40,10,10,9,
Gupta,5,40,10,10,9,
Lars1,5,40,2,2,9,
Lars2,5,40,2,2,9,72.0
Lis,5,40,2,2,9,
Gupta,5,40,2,2,9,
Lars1,5,40,4,4,9,
Lars2,5,40,4,4,9,
Lis,5,40,4,4,9,
Gupta,5,40,4,4,9,
Lars1,5,40,6,6,9,
Lars2,5,40,6,6,9,
Lis,5,40,6,6,9,
Gupta,5,40,6,6,9,
Lars1,5,40,8,8,9,
Lars2,5,40,8,8,9,
Lis,5,40,8,8,9,
Gupta,5,40,8,8,9,
Lars1,5,4,10,10,9,
Lars2,5,4,10,10,9,
Lis,5,4,10,10,9,
Gupta,5,4,10,10,9,
Lars1,5,4,2,2,9,
Lars2,5,4,2,2,9,86.0
Lis,5,4,2,2,9,
Gupta,5,4,2,2,9,
Lars1,5,4,4,4,9,
Lars2,5,4,4,4,9,
Lis,5,4,4,4,9,
Gupta,5,4,4,4,9,
Lars1,5,4,6,6,9,
Lars2,5,4,6,6,9,
Lis,5,4,6,6,9,
Gupta,5,4,6,6,9,
Lars1,5,4,8,8,9,
Lars2,5,4,8,8,9,
Lis,5,4,8,8,9,
Gupta,5,4,8,8,9,
Lars1,5,500,10,10,9,
Lars2,5,500,10,10,9,
Lis,5,500,10,10,9,
Gupta,5,500,10,10,9,
Lars1,5,500,2,2,9,
Lars2,5,500,2,2,9,161.0
Lis,5,500,2,2,9,
Gupta,5,500,2,2,9,
Lars1,5,500,4,4,9,
Lars2,5,500,4,4,9,
Lis,5,500,4,4,9,
Gupta,5,500,4,4,9,
Lars1,5,500,6,6,9,
Lars2,5,500,6,6,9,
Lis,5,500,6,6,9,
Gupta,5,500,6,6,9,
Lars1,5,500,8,8,9,
Lars2,5,500,8,8,9,
Lis,5,500,8,8,9,
Gupta,5,500,8,8,9,
Lars1,5,5,10,10,9,
Lars2,5,5,10,10,9,
Lis,5,5,10,10,9,
Gupta,5,5,10,10,9,
Lars1,5,5,2,2,9,
Lars2,5,5,2,2,9,86.0
Lis,5,5,2,2,9,
Gupta,5,5,2,2,9,
Lars1,5,5,4,4,9,
Lars2,5,5,4,4,9,
Lis,5,5,4,4,9,
Gupta,5,5,4,4,9,
Lars1,5,5,6,6,9,
Lars2,5,5,6,6,9,
Lis,5,5,6,6,9,
Gupta,5,5,6,6,9,
Lars1,5,5,8,8,9,
Lars2,5,5,8,8,9,
Lis,5,5,8,8,9,
Gupta,5,5,8,8,9,
Lars1,5,60,10,10,9,
Lars2,5,60,10,10,9,
Lis,5,60,10,10,9,
Gupta,5,60,10,10,9,
Lars1,5,60,2,2,9,
Lars2,5,60,2,2,9,81.0
Lis,5,60,2,2,9,
Gupta,5,60,2,2,9,
Lars1,5,60,4,4,9,
Lars2,5,60,4,4,9,
Lis,5,60,4,4,9,
Gupta,5,60,4,4,9,
Lars1,5,60,6,6,9,
Lars2,5,60,6,6,9,
Lis,5,60,6,6,9,
Gupta,5,60,6,6,9,
Lars1,5,60,8,8,9,
Lars2,5,60,8,8,9,
Lis,5,60,8,8,9,
Gupta,5,60,8,8,9,
Lars1,5,6,10,10,9,
Lars2,5,6,10,10,9,
Lis,5,6,10,10,9,
Gupta,5,6,10,10,9,
Lars1,5,6,2,2,9,
Lars2,5,6,2,2,9,76.0
Lis,5,6,2,2,9,
Gupta,5,6,2,2,9,
Lars1,5,6,4,4,9,
Lars2,5,6,4,4,9,
Lis,5,6,4,4,9,
Gupta,5,6,4,4,9,
Lars1,5,6,6,6,9,
Lars2,5,6,6,6,9,
Lis,5,6,6,6,9,
Gupta,5,6,6,6,9,
Lars1,5,6,8,8,9,
Lars2,5,6,8,8,9,
Lis,5,6,8,8,9,
Gupta,5,6,8,8,9,
Lars1,5,7,10,10,9,
Lars2,5,7,10,10,9,
Lis,5,7,10,10,9,
Gupta,5,7,10,10,9,
Lars1,5,7,2,2,9,
Lars2,5,7,2,2,9,73.0
Lis,5,7,2,2,9,
Gupta,5,7,2,2,9,
Lars1,5,7,4,4,9,
Lars2,5,7,4,4,9,
Lis,5,7,4,4,9,
Gupta,5,7,4,4,9,
Lars1,5,7,6,6,9,
Lars2,5,7,6,6,9,
Lis,5,7,6,6,9,
Gupta,5,7,6,6,9,
Lars1,5,7,8,8,9,
Lars2,5,7,8,8,9,
Lis,5,7,8,8,9,
Gupta,5,7,8,8,9,
Lars1,5,80,10,10,9,
Lars2,5,80,10,10,9,
Lis,5,80,10,10,9,
Gupta,5,80,10,10,9,
Lars1,5,80,2,2,9,
Lars2,5,80,2,2,9,69.0
Lis,5,80,2,2,9,
Gupta,5,80,2,2,9,
Lars1,5,80,4,4,9,
Lars2,5,80,4,4,9,
Lis,5,80,4,4,9,
Gupta,5,80,4,4,9,
Lars1,5,80,6,6,9,
Lars2,5,80,6,6,9,
Lis,5,80,6,6,9,
Gupta,5,80,6,6,9,
Lars1,5,80,8,8,9,
Lars2,5,80,8,8,9,
Lis,5,80,8,8,9,
Gupta,5,80,8,8,9,
Lars1,5,8,10,10,9,
Lars2,5,8,10,10,9,
Lis,5,8,10,10,9,
Gupta,5,8,10,10,9,
Lars1,5,8,2,2,9,
Lars2,5,8,2,2,9,77.0
Lis,5,8,2,2,9,
Gupta,5,8,2,2,9,
Lars1,5,8,4,4,9,
Lars2,5,8,4,4,9,
Lis,5,8,4,4,9,
Gupta,5,8,4,4,9,
Lars1,5,8,6,6,9,
Lars2,5,8,6,6,9,
Lis,5,8,6,6,9,
Gupta,5,8,6,6,9,
Lars1,5,8,8,8,9,
Lars2,5,8,8,8,9,
Lis,5,8,8,8,9,
Gupta,5,8,8,8,9,
Lars1,5,9,10,10,9,
Lars2,5,9,10,10,9,
Lis,5,9,10,10,9,
Gupta,5,9,10,10,9,
Lars1,5,9,2,2,9,
Lars2,5,9,2,2,9,78.0
Lis,5,9,2,2,9,
Gupta,5,9,2,2,9,
Lars1,5,9,4,4,9,
Lars2,5,9,4,4,9,
Lis,5,9,4,4,9,
Gupta,5,9,4,4,9,
Lars1,5,9,6,6,9,
Lars2,5,9,6,6,9,
Lis,5,9,6,6,9,
Gupta,5,9,6,6,9,
Lars1,5,9,8,8,9,
Lars2,5,9,8,8,9,
Lis,5,9,8,8,9,
Gupta,5,9,8,8,9,
Lars1,60,1000,10,10,9,
Lars2,60,1000,10,10,9,
Lis,60,1000,10,10,9,
Gupta,60,1000,10,10,9,
Lars1,60,1000,2,2,9,
Lars2,60,1000,2,2,9,90.0
Lis,60,1000,2,2,9,
Gupta,60,1000,2,2,9,
Lars1,60,1000,4,4,9,
Lars2,60,1000,4,4,9,
Lis,60,1000,4,4,9,
Gupta,60,1000,4,4,9,
Lars1,60,1000,6,6,9,
Lars2,60,1000,6,6,9,
Lis,60,1000,6,6,9,
Gupta,60,1000,6,6,9,
Lars1,60,1000,8,8,9,
Lars2,60,1000,8,8,9,
Lis,60,1000,8,8,9,
Gupta,60,1000,8,8,9,
Lars1,60,100,10,10,9,
Lars2,60,100,10,10,9,
Lis,60,100,10,10,9,
Gupta,60,100,10,10,9,
Lars1,60,100,2,2,9,
Lars2,60,100,2,2,9,69.0
Lis,60,100,2,2,9,
Gupta,60,100,2,2,9,
Lars1,60,100,4,4,9,
Lars2,60,100,4,4,9,
Lis,60,100,4,4,9,
Gupta,60,100,4,4,9,
Lars1,60,100,6,6,9,
Lars2,60,100,6,6,9,
Lis,60,100,6,6,9,
Gupta,60,100,6,6,9,
Lars1,60,100,8,8,9,
Lars2,60,100,8,8,9,
Lis,60,100,8,8,9,
Gupta,60,100,8,8,9,
Lars1,60,10,10,10,9,
Lars2,60,10,10,10,9,
Lis,60,10,10,10,9,
Gupta,60,10,10,10,9,
Lars1,60,10,2,2,9,
Lars2,60,10,2,2,9,75.0
Lis,60,10,2,2,9,
Gupta,60,10,2,2,9,
Lars1,60,10,4,4,9,
Lars2,60,10,4,4,9,
Lis,60,10,4,4,9,
Gupta,60,10,4,4,9,
Lars1,60,10,6,6,9,
Lars2,60,10,6,6,9,
Lis,60,10,6,6,9,
Gupta,60,10,6,6,9,
Lars1,60,10,8,8,9,
Lars2,60,10,8,8,9,
Lis,60,10,8,8,9,
Gupta,60,10,8,8,9,
Lars1,60,1,10,10,9,
Lars2,60,1,10,10,9,
Lis,60,1,10,10,9,
Gupta,60,1,10,10,9,
Lars1,60,1,2,2,9,
Lars2,60,1,2,2,9,62.0
Lis,60,1,2,2,9,
Gupta,60,1,2,2,9,
Lars1,60,1,4,4,9,
Lars2,60,1,4,4,9,
Lis,60,1,4,4,9,
Gupta,60,1,4,4,9,
Lars1,60,1,6,6,9,
Lars2,60,1,6,6,9,
Lis,60,1,6,6,9,
Gupta,60,1,6,6,9,
Lars1,60,1,8,8,9,
Lars2,60,1,8,8,9,
Lis,60,1,8,8,9,
Gupta,60,1,8,8,9,
Lars1,60,20,10,10,9,
Lars2,60,20,10,10,9,
Lis,60,20,10,10,9,
Gupta,60,20,10,10,9,
Lars1,60,20,2,2,9,
Lars2,60,20,2,2,9,63.0
Lis,60,20,2,2,9,
Gupta,60,20,2,2,9,
Lars1,60,20,4,4,9,
Lars2,60,20,4,4,9,
Lis,60,20,4,4,9,
Gupta,60,20,4,4,9,
Lars1,60,20,6,6,9,
Lars2,60,20,6,6,9,
Lis,60,20,6,6,9,
Gupta,60,20,6,6,9,
Lars1,60,20,8,8,9,
Lars2,60,20,8,8,9,
Lis,60,20,8,8,9,
Gupta,60,20,8,8,9,
Lars1,60,2,10,10,9,
Lars2,60,2,10,10,9,
Lis,60,2,10,10,9,
Gupta,60,2,10,10,9,
Lars1,60,2,2,2,9,
Lars2,60,2,2,2,9,78.0
Lis,60,2,2,2,9,
Gupta,60,2,2,2,9,
Lars1,60,2,4,4,9,
Lars2,60,2,4,4,9,
Lis,60,2,4,4,9,
Gupta,60,2,4,4,9,
Lars1,60,2,6,6,9,
Lars2,60,2,6,6,9,
Lis,60,2,6,6,9,
Gupta,60,2,6,6,9,
Lars1,60,2,8,8,9,
Lars2,60,2,8,8,9,
Lis,60,2,8,8,9,
Gupta,60,2,8,8,9,
Lars1,60,3,10,10,9,
Lars2,60,3,10,10,9,
Lis,60,3,10,10,9,
Gupta,60,3,10,10,9,
Lars1,60,3,2,2,9,
Lars2,60,3,2,2,9,66.0
Lis,60,3,2,2,9,
Gupta,60,3,2,2,9,
Lars1,60,3,4,4,9,
Lars2,60,3,4,4,9,
Lis,60,3,4,4,9,
Gupta,60,3,4,4,9,
Lars1,60,3,6,6,9,
Lars2,60,3,6,6,9,
Lis,60,3,6,6,9,
Gupta,60,3,6,6,9,
Lars1,60,3,8,8,9,
Lars2,60,3,8,8,9,
Lis,60,3,8,8,9,
Gupta,60,3,8,8,9,
Lars1,60,40,10,10,9,
Lars2,60,40,10,10,9,
Lis,60,40,10,10,9,
Gupta,60,40,10,10,9,
Lars1,60,40,2,2,9,
Lars2,60,40,2,2,9,82.0
Lis,60,40,2,2,9,
Gupta,60,40,2,2,9,
Lars1,60,40,4,4,9,
Lars2,60,40,4,4,9,
Lis,60,40,4,4,9,
Gupta,60,40,4,4,9,
Lars1,60,40,6,6,9,
Lars2,60,40,6,6,9,
Lis,60,40,6,6,9,
Gupta,60,40,6,6,9,
Lars1,60,40,8,8,9,
Lars2,60,40,8,8,9,
Lis,60,40,8,8,9,
Gupta,60,40,8,8,9,
Lars1,60,4,10,10,9,
Lars2,60,4,10,10,9,
Lis,60,4,10,10,9,
Gupta,60,4,10,10,9,
Lars1,60,4,2,2,9,
Lars2,60,4,2,2,9,72.0
Lis,60,4,2,2,9,
Gupta,60,4,2,2,9,
Lars1,60,4,4,4,9,
Lars2,60,4,4,4,9,
Lis,60,4,4,4,9,
Gupta,60,4,4,4,9,
Lars1,60,4,6,6,9,
Lars2,60,4,6,6,9,
Lis,60,4,6,6,9,
Gupta,60,4,6,6,9,
Lars1,60,4,8,8,9,
Lars2,60,4,8,8,9,
Lis,60,4,8,8,9,
Gupta,60,4,8,8,9,
Lars1,60,500,10,10,9,
Lars2,60,500,10,10,9,
Lis,60,500,10,10,9,
Gupta,60,500,10,10,9,
Lars1,60,500,2,2,9,
Lars2,60,500,2,2,9,88.0
Lis,60,500,2,2,9,
Gupta,60,500,2,2,9,
Lars1,60,500,4,4,9,
Lars2,60,500,4,4,9,
Lis,60,500,4,4,9,
Gupta,60,500,4,4,9,
Lars1,60,500,6,6,9,
Lars2,60,500,6,6,9,
Lis,60,500,6,6,9,
Gupta,60,500,6,6,9,
Lars1,60,500,8,8,9,
Lars2,60,500,8,8,9,
Lis,60,500,8,8,9,
Gupta,60,500,8,8,9,
Lars1,60,5,10,10,9,
Lars2,60,5,10,10,9,
Lis,60,5,10,10,9,
Gupta,60,5,10,10,9,
Lars1,60,5,2,2,9,
Lars2,60,5,2,2,9,86.0
Lis,60,5,2,2,9,
Gupta,60,5,2,2,9,
Lars1,60,5,4,4,9,
Lars2,60,5,4,4,9,
Lis,60,5,4,4,9,
Gupta,60,5,4,4,9,
Lars1,60,5,6,6,9,
Lars2,60,5,6,6,9,
Lis,60,5,6,6,9,
Gupta,60,5,6,6,9,
Lars1,60,5,8,8,9,
Lars2,60,5,8,8,9,
Lis,60,5,8,8,9,
Gupta,60,5,8,8,9,
Lars1,60,60,10,10,9,
Lars2,60,60,10,10,9,
Lis,60,60,10,10,9,
Gupta,60,60,10,10,9,
Lars1,60,60,2,2,9,
Lars2,60,60,2,2,9,91.0
Lis,60,60,2,2,9,
Gupta,60,60,2,2,9,
Lars1,60,60,4,4,9,
Lars2,60,60,4,4,9,
Lis,60,60,4,4,9,
Gupta,60,60,4,4,9,
Lars1,60,60,6,6,9,
Lars2,60,60,6,6,9,
Lis,60,60,6,6,9,
Gupta,60,60,6,6,9,
Lars1,60,60,8,8,9,
Lars2,60,60,8,8,9,
Lis,60,60,8,8,9,
Gupta,60,60,8,8,9,
Lars1,60,6,10,10,9,
Lars2,60,6,10,10,9,
Lis,60,6,10,10,9,
Gupta,60,6,10,10,9,
Lars1,60,6,2,2,9,
Lars2,60,6,2,2,9,79.0
Lis,60,6,2,2,9,
Gupta,60,6,2,2,9,
Lars1,60,6,4,4,9,
Lars2,60,6,4,4,9,
Lis,60,6,4,4,9,
Gupta,60,6,4,4,9,
Lars1,60,6,6,6,9,
Lars2,60,6,6,6,9,
Lis,60,6,6,6,9,
Gupta,60,6,6,6,9,
Lars1,60,6,8,8,9,
Lars2,60,6,8,8,9,
Lis,60,6,8,8,9,
Gupta,60,6,8,8,9,
Lars1,60,7,10,10,9,
Lars2,60,7,10,10,9,
Lis,60,7,10,10,9,
Gupta,60,7,10,10,9,
Lars1,60,7,2,2,9,
Lars2,60,7,2,2,9,82.0
Lis,60,7,2,2,9,
Gupta,60,7,2,2,9,
Lars1,60,7,4,4,9,
Lars2,60,7,4,4,9,
Lis,60,7,4,4,9,
Gupta,60,7,4,4,9,
Lars1,60,7,6,6,9,
Lars2,60,7,6,6,9,
Lis,60,7,6,6,9,
Gupta,60,7,6,6,9,
Lars1,60,7,8,8,9,
Lars2,60,7,8,8,9,
Lis,60,7,8,8,9,
Gupta,60,7,8,8,9,
Lars1,60,80,10,10,9,
Lars2,60,80,10,10,9,
Lis,60,80,10,10,9,
Gupta,60,80,10,10,9,
Lars1,60,80,2,2,9,
Lars2,60,80,2,2,9,79.0
Lis,60,80,2,2,9,
Gupta,60,80,2,2,9,
Lars1,60,80,4,4,9,
Lars2,60,80,4,4,9,
Lis,60,80,4,4,9,
Gupta,60,80,4,4,9,
Lars1,60,80,6,6,9,
Lars2,60,80,6,6,9,
Lis,60,80,6,6,9,
Gupta,60,80,6,6,9,
Lars1,60,80,8,8,9,
Lars2,60,80,8,8,9,
Lis,60,80,8,8,9,
Gupta,60,80,8,8,9,
Lars1,60,8,10,10,9,
Lars2,60,8,10,10,9,
Lis,60,8,10,10,9,
Gupta,60,8,10,10,9,
Lars1,60,8,2,2,9,
Lars2,60,8,2,2,9,77.0
Lis,60,8,2,2,9,
Gupta,60,8,2,2,9,
Lars1,60,8,4,4,9,
Lars2,60,8,4,4,9,
Lis,60,8,4,4,9,
Gupta,60,8,4,4,9,
Lars1,60,8,6,6,9,
Lars2,60,8,6,6,9,
Lis,60,8,6,6,9,
Gupta,60,8,6,6,9,
Lars1,60,8,8,8,9,
Lars2,60,8,8,8,9,
Lis,60,8,8,8,9,
Gupta,60,8,8,8,9,
Lars1,60,9,10,10,9,
Lars2,60,9,10,10,9,
Lis,60,9,10,10,9,
Gupta,60,9,10,10,9,
Lars1,60,9,2,2,9,
Lars2,60,9,2,2,9,67.0
Lis,60,9,2,2,9,
Gupta,60,9,2,2,9,
Lars1,60,9,4,4,9,
Lars2,60,9,4,4,9,
Lis,60,9,4,4,9,
Gupta,60,9,4,4,9,
Lars1,60,9,6,6,9,
Lars2,60,9,6,6,9,
Lis,60,9,6,6,9,
Gupta,60,9,6,6,9,
Lars1,60,9,8,8,9,
Lars2,60,9,8,8,9,
Lis,60,9,8,8,9,
Gupta,60,9,8,8,9,
Lars1,6,1000,10,10,9,
Lars2,6,1000,10,10,9,
Lis,6,1000,10,10,9,
Gupta,6,1000,10,10,9,
Lars1,6,1000,2,2,9,
Lars2,6,1000,2,2,9,99.0
Lis,6,1000,2,2,9,
Gupta,6,1000,2,2,9,
Lars1,6,1000,4,4,9,
Lars2,6,1000,4,4,9,
Lis,6,1000,4,4,9,
Gupta,6,1000,4,4,9,
Lars1,6,1000,6,6,9,
Lars2,6,1000,6,6,9,
Lis,6,1000,6,6,9,
Gupta,6,1000,6,6,9,
Lars1,6,1000,8,8,9,
Lars2,6,1000,8,8,9,
Lis,6,1000,8,8,9,
Gupta,6,1000,8,8,9,
Lars1,6,100,10,10,9,
Lars2,6,100,10,10,9,
Lis,6,100,10,10,9,
Gupta,6,100,10,10,9,
Lars1,6,100,2,2,9,
Lars2,6,100,2,2,9,81.0
Lis,6,100,2,2,9,
Gupta,6,100,2,2,9,
Lars1,6,100,4,4,9,
Lars2,6,100,4,4,9,
Lis,6,100,4,4,9,
Gupta,6,100,4,4,9,
Lars1,6,100,6,6,9,
Lars2,6,100,6,6,9,
Lis,6,100,6,6,9,
Gupta,6,100,6,6,9,
Lars1,6,100,8,8,9,
Lars2,6,100,8,8,9,
Lis,6,100,8,8,9,
Gupta,6,100,8,8,9,
Lars1,6,10,10,10,9,
Lars2,6,10,10,10,9,
Lis,6,10,10,10,9,
Gupta,6,10,10,10,9,
Lars1,6,10,2,2,9,
Lars2,6,10,2,2,9,79.0
Lis,6,10,2,2,9,
Gupta,6,10,2,2,9,
Lars1,6,10,4,4,9,
Lars2,6,10,4,4,9,
Lis,6,10,4,4,9,
Gupta,6,10,4,4,9,
Lars1,6,10,6,6,9,
Lars2,6,10,6,6,9,
Lis,6,10,6,6,9,
Gupta,6,10,6,6,9,
Lars1,6,10,8,8,9,
Lars2,6,10,8,8,9,
Lis,6,10,8,8,9,
Gupta,6,10,8,8,9,
Lars1,6,1,10,10,9,
Lars2,6,1,10,10,9,
Lis,6,1,10,10,9,
Gupta,6,1,10,10,9,
Lars1,6,1,2,2,9,
Lars2,6,1,2,2,9,68.0
Lis,6,1,2,2,9,
Gupta,6,1,2,2,9,
Lars1,6,1,4,4,9,
Lars2,6,1,4,4,9,
Lis,6,1,4,4,9,
Gupta,6,1,4,4,9,
Lars1,6,1,6,6,9,
Lars2,6,1,6,6,9,
Lis,6,1,6,6,9,
Gupta,6,1,6,6,9,
Lars1,6,1,8,8,9,
Lars2,6,1,8,8,9,
Lis,6,1,8,8,9,
Gupta,6,1,8,8,9,
Lars1,6,20,10,10,9,
Lars2,6,20,10,10,9,
Lis,6,20,10,10,9,
Gupta,6,20,10,10,9,
Lars1,6,20,2,2,9,
Lars2,6,20,2,2,9,71.0
Lis,6,20,2,2,9,
Gupta,6,20,2,2,9,
Lars1,6,20,4,4,9,
Lars2,6,20,4,4,9,
Lis,6,20,4,4,9,
Gupta,6,20,4,4,9,
Lars1,6,20,6,6,9,
Lars2,6,20,6,6,9,
Lis,6,20,6,6,9,
Gupta,6,20,6,6,9,
Lars1,6,20,8,8,9,
Lars2,6,20,8,8,9,
Lis,6,20,8,8,9,
Gupta,6,20,8,8,9,
Lars1,6,2,10,10,9,
Lars2,6,2,10,10,9,
Lis,6,2,10,10,9,
Gupta,6,2,10,10,9,
Lars1,6,2,2,2,9,
Lars2,6,2,2,2,9,79.0
Lis,6,2,2,2,9,
Gupta,6,2,2,2,9,
Lars1,6,2,4,4,9,
Lars2,6,2,4,4,9,
Lis,6,2,4,4,9,
Gupta,6,2,4,4,9,
Lars1,6,2,6,6,9,
Lars2,6,2,6,6,9,
Lis,6,2,6,6,9,
Gupta,6,2,6,6,9,
Lars1,6,2,8,8,9,
Lars2,6,2,8,8,9,
Lis,6,2,8,8,9,
Gupta,6,2,8,8,9,
Lars1,6,3,10,10,9,
Lars2,6,3,10,10,9,
Lis,6,3,10,10,9,
Gupta,6,3,10,10,9,
Lars1,6,3,2,2,9,
Lars2,6,3,2,2,9,76.0
Lis,6,3,2,2,9,
Gupta,6,3,2,2,9,
Lars1,6,3,4,4,9,
Lars2,6,3,4,4,9,
Lis,6,3,4,4,9,
Gupta,6,3,4,4,9,
Lars1,6,3,6,6,9,
Lars2,6,3,6,6,9,
Lis,6,3,6,6,9,
Gupta,6,3,6,6,9,
Lars1,6,3,8,8,9,
Lars2,6,3,8,8,9,
Lis,6,3,8,8,9,
Gupta,6,3,8,8,9,
Lars1,6,40,10,10,9,
Lars2,6,40,10,10,9,
Lis,6,40,10,10,9,
Gupta,6,40,10,10,9,
Lars1,6,40,2,2,9,
Lars2,6,40,2,2,9,85.0
Lis,6,40,2,2,9,
Gupta,6,40,2,2,9,
Lars1,6,40,4,4,9,
Lars2,6,40,4,4,9,
Lis,6,40,4,4,9,
Gupta,6,40,4,4,9,
Lars1,6,40,6,6,9,
Lars2,6,40,6,6,9,
Lis,6,40,6,6,9,
Gupta,6,40,6,6,9,
Lars1,6,40,8,8,9,
Lars2,6,40,8,8,9,
Lis,6,40,8,8,9,
Gupta,6,40,8,8,9,
Lars1,6,4,10,10,9,
Lars2,6,4,10,10,9,
Lis,6,4,10,10,9,
Gupta,6,4,10,10,9,
Lars1,6,4,2,2,9,
Lars2,6,4,2,2,9,54.0
Lis,6,4,2,2,9,
Gupta,6,4,2,2,9,
Lars1,6,4,4,4,9,
Lars2,6,4,4,4,9,
Lis,6,4,4,4,9,
Gupta,6,4,4,4,9,
Lars1,6,4,6,6,9,
Lars2,6,4,6,6,9,
Lis,6,4,6,6,9,
Gupta,6,4,6,6,9,
Lars1,6,4,8,8,9,
Lars2,6,4,8,8,9,
Lis,6,4,8,8,9,
Gupta,6,4,8,8,9,
Lars1,6,500,10,10,9,
Lars2,6,500,10,10,9,
Lis,6,500,10,10,9,
Gupta,6,500,10,10,9,
Lars1,6,500,2,2,9,
Lars2,6,500,2,2,9,97.0
Lis,6,500,2,2,9,
Gupta,6,500,2,2,9,
Lars1,6,500,4,4,9,
Lars2,6,500,4,4,9,
Lis,6,500,4,4,9,
Gupta,6,500,4,4,9,
Lars1,6,500,6,6,9,
Lars2,6,500,6,6,9,
Lis,6,500,6,6,9,
Gupta,6,500,6,6,9,
Lars1,6,500,8,8,9,
Lars2,6,500,8,8,9,
Lis,6,500,8,8,9,
Gupta,6,500,8,8,9,
Lars1,6,5,10,10,9,
Lars2,6,5,10,10,9,
Lis,6,5,10,10,9,
Gupta,6,5,10,10,9,
Lars1,6,5,2,2,9,
Lars2,6,5,2,2,9,82.0
Lis,6,5,2,2,9,
Gupta,6,5,2,2,9,
Lars1,6,5,4,4,9,
Lars2,6,5,4,4,9,
Lis,6,5,4,4,9,
Gupta,6,5,4,4,9,
Lars1,6,5,6,6,9,
Lars2,6,5,6,6,9,
Lis,6,5,6,6,9,
Gupta,6,5,6,6,9,
Lars1,6,5,8,8,9,
Lars2,6,5,8,8,9,
Lis,6,5,8,8,9,
Gupta,6,5,8,8,9,
Lars1,6,60,10,10,9,
Lars2,6,60,10,10,9,
Lis,6,60,10,10,9,
Gupta,6,60,10,10,9,
Lars1,6,60,2,2,9,
Lars2,6,60,2,2,9,78.0
Lis,6,60,2,2,9,
Gupta,6,60,2,2,9,
Lars1,6,60,4,4,9,
Lars2,6,60,4,4,9,
Lis,6,60,4,4,9,
Gupta,6,60,4,4,9,
Lars1,6,60,6,6,9,
Lars2,6,60,6,6,9,
Lis,6,60,6,6,9,
Gupta,6,60,6,6,9,
Lars1,6,60,8,8,9,
Lars2,6,60,8,8,9,
Lis,6,60,8,8,9,
Gupta,6,60,8,8,9,
Lars1,6,6,10,10,9,
Lars2,6,6,10,10,9,
Lis,6,6,10,10,9,
Gupta,6,6,10,10,9,
Lars1,6,6,2,2,9,
Lars2,6,6,2,2,9,80.0
Lis,6,6,2,2,9,
Gupta,6,6,2,2,9,
Lars1,6,6,4,4,9,
Lars2,6,6,4,4,9,
Lis,6,6,4,4,9,
Gupta,6,6,4,4,9,
Lars1,6,6,6,6,9,
Lars2,6,6,6,6,9,
Lis,6,6,6,6,9,
Gupta,6,6,6,6,9,
Lars1,6,6,8,8,9,
Lars2,6,6,8,8,9,
Lis,6,6,8,8,9,
Gupta,6,6,8,8,9,
Lars1,6,7,10,10,9,
Lars2,6,7,10,10,9,
Lis,6,7,10,10,9,
Gupta,6,7,10,10,9,
Lars1,6,7,2,2,9,
Lars2,6,7,2,2,9,69.0
Lis,6,7,2,2,9,
Gupta,6,7,2,2,9,
Lars1,6,7,4,4,9,
Lars2,6,7,4,4,9,
Lis,6,7,4,4,9,
Gupta,6,7,4,4,9,
Lars1,6,7,6,6,9,
Lars2,6,7,6,6,9,
Lis,6,7,6,6,9,
Gupta,6,7,6,6,9,
Lars1,6,7,8,8,9,
Lars2,6,7,8,8,9,
Lis,6,7,8,8,9,
Gupta,6,7,8,8,9,
Lars1,6,80,10,10,9,
Lars2,6,80,10,10,9,
Lis,6,80,10,10,9,
Gupta,6,80,10,10,9,
Lars1,6,80,2,2,9,
Lars2,6,80,2,2,9,83.0
Lis,6,80,2,2,9,
Gupta,6,80,2,2,9,
Lars1,6,80,4,4,9,
Lars2,6,80,4,4,9,
Lis,6,80,4,4,9,
Gupta,6,80,4,4,9,
Lars1,6,80,6,6,9,
Lars2,6,80,6,6,9,
Lis,6,80,6,6,9,
Gupta,6,80,6,6,9,
Lars1,6,80,8,8,9,
Lars2,6,80,8,8,9,
Lis,6,80,8,8,9,
Gupta,6,80,8,8,9,
Lars1,6,8,10,10,9,
Lars2,6,8,10,10,9,
Lis,6,8,10,10,9,
Gupta,6,8,10,10,9,
Lars1,6,8,2,2,9,
Lars2,6,8,2,2,9,67.0
Lis,6,8,2,2,9,
Gupta,6,8,2,2,9,
Lars1,6,8,4,4,9,
Lars2,6,8,4,4,9,
Lis,6,8,4,4,9,
Gupta,6,8,4,4,9,
Lars1,6,8,6,6,9,
Lars2,6,8,6,6,9,
Lis,6,8,6,6,9,
Gupta,6,8,6,6,9,
Lars1,6,8,8,8,9,
Lars2,6,8,8,8,9,
Lis,6,8,8,8,9,
Gupta,6,8,8,8,9,
Lars1,6,9,10,10,9,
Lars2,6,9,10,10,9,
Lis,6,9,10,10,9,
Gupta,6,9,10,10,9,
Lars1,6,9,2,2,9,
Lars2,6,9,2,2,9,84.0
Lis,6,9,2,2,9,
Gupta,6,9,2,2,9,
Lars1,6,9,4,4,9,
Lars2,6,9,4,4,9,
Lis,6,9,4,4,9,
Gupta,6,9,4,4,9,
Lars1,6,9,6,6,9,
Lars2,6,9,6,6,9,
Lis,6,9,6,6,9,
Gupta,6,9,6,6,9,
Lars1,6,9,8,8,9,
Lars2,6,9,8,8,9,
Lis,6,9,8,8,9,
Gupta,6,9,8,8,9,
